@ Generated with Luvdis v0.9.0
.syntax unified
.text
@ Begin embedded Luvdis macros
	.macro arm_func_start name
	.align 2, 0
	.global \name
	.arm
	.type \name, %function
	.endm

	.macro arm_func_end name
	.size \name, .-\name
	.endm

	.macro thumb_func_start name
	.align 2, 0
	.global \name
	.thumb
	.thumb_func
	.type \name, %function
	.endm

	.macro non_word_aligned_thumb_func_start name
	.global \name
	.thumb
	.thumb_func
	.type \name, %function
	.endm

	.macro thumb_func_end name
	.size \name, .-\name
	.endm
@ End embedded Luvdis macros
	.global _080004B8
_080004B8:
	.byte 0x00, 0xA2, 0x10, 0x47, 0x90, 0x21, 0x83, 0xE0, 0x00, 0x00, 0x83, 0xE2, 0x1E, 0xFF, 0x2F, 0xE1
	.global _080004C8
_080004C8:
	.byte 0x1A, 0x48, 0x00, 0x68, 0x1A, 0x4A, 0x03, 0x68, 0x9A, 0x42, 0x00, 0xD0, 0x70, 0x47, 0x01, 0x33
	.byte 0x03, 0x60, 0xF0, 0xB5, 0x41, 0x46, 0x4A, 0x46, 0x53, 0x46, 0x5C, 0x46, 0x1F, 0xB4, 0x86, 0xB0
	.byte 0x01, 0x7B, 0x00, 0x29, 0x05, 0xD0, 0x14, 0x4A, 0x12, 0x78, 0xA0, 0x2A, 0x00, 0xD2, 0xE4, 0x32
	.byte 0x89, 0x18, 0x05, 0x91, 0x03, 0x6A, 0x00, 0x2B, 0x03, 0xD0, 0x40, 0x6A, 0x00, 0xF0, 0xF1, 0xF9
	.byte 0x06, 0x98, 0x83, 0x6A, 0x00, 0xF0, 0xED, 0xF9, 0x06, 0x98, 0x03, 0x69, 0x98, 0x46, 0x0B, 0x4D
	.byte 0x2D, 0x18, 0x04, 0x79, 0x67, 0x1E, 0x04, 0xD9, 0xC1, 0x7A, 0xC9, 0x1B, 0x42, 0x46, 0x4A, 0x43
	.byte 0xAD, 0x18, 0x02, 0x95, 0x06, 0x4E, 0x03, 0x4B, 0x18, 0x47, 0x00, 0x00, 0xF0, 0x7F, 0x00, 0x03
	.byte 0x53, 0x6D, 0x73, 0x68, 0x01, 0x70, 0x00, 0x03, 0x06, 0x00, 0x00, 0x04, 0x50, 0x03, 0x00, 0x00
	.byte 0x30, 0x06, 0x00, 0x00, 0x43, 0x79, 0x00, 0x2B, 0x2C, 0xD0, 0x01, 0xA1, 0x08, 0x47, 0x00, 0x00
	.byte 0x02, 0x00, 0x54, 0xE3, 0x35, 0x7E, 0x80, 0x02, 0x08, 0x70, 0x85, 0x10, 0x08, 0x40, 0xA0, 0xE1
	.byte 0xD6, 0x00, 0x95, 0xE1, 0xD0, 0x10, 0xD5, 0xE1, 0x01, 0x00, 0x80, 0xE0, 0xD6, 0x10, 0x97, 0xE1
	.byte 0x01, 0x00, 0x80, 0xE0, 0xD1, 0x10, 0xD7, 0xE0, 0x01, 0x00, 0x80, 0xE0, 0x90, 0x03, 0x01, 0xE0
	.byte 0xC1, 0x04, 0xA0, 0xE1, 0x80, 0x00, 0x10, 0xE3, 0x01, 0x00, 0x80, 0x12, 0x06, 0x00, 0xC5, 0xE7
	.byte 0x01, 0x00, 0xC5, 0xE4, 0x01, 0x40, 0x54, 0xE2, 0xF0, 0xFF, 0xFF, 0xCA, 0x2F, 0x00, 0x8F, 0xE2
	.byte 0x10, 0xFF, 0x2F, 0xE1, 0x00, 0x20, 0x41, 0x46, 0x76, 0x19, 0xC9, 0x08, 0x01, 0xD3, 0x01, 0xC5
	.byte 0x01, 0xC6, 0x49, 0x08, 0x03, 0xD3, 0x01, 0xC5, 0x01, 0xC6, 0x01, 0xC5, 0x01, 0xC6, 0x01, 0xC5
	.byte 0x01, 0xC6, 0x01, 0xC5, 0x01, 0xC6, 0x01, 0xC5, 0x01, 0xC6, 0x01, 0xC5, 0x01, 0xC6, 0x01, 0x39
	.byte 0xF5, 0xDC, 0x06, 0x9C, 0xA0, 0x69, 0x84, 0x46, 0xA0, 0x79, 0x50, 0x34, 0x01, 0x90, 0x63, 0x6A
	.byte 0x05, 0x98, 0x00, 0x28, 0x0A, 0xD0, 0x04, 0x49, 0x09, 0x78, 0xA0, 0x29, 0x00, 0xD2, 0xE4, 0x31
	.byte 0x81, 0x42, 0x03, 0xD3, 0x6B, 0xE1, 0x00, 0x00, 0x06, 0x00, 0x00, 0x04, 0x26, 0x78, 0xC7, 0x20
	.byte 0x30, 0x42, 0x00, 0xD1, 0x5E, 0xE1, 0x80, 0x20, 0x30, 0x42, 0x14, 0xD0, 0x40, 0x20, 0x30, 0x42
	.byte 0x19, 0xD1, 0x03, 0x26, 0x26, 0x70, 0x18, 0x1C, 0x10, 0x30, 0xA0, 0x62, 0xD8, 0x68, 0xA0, 0x61
	.byte 0x00, 0x25, 0x65, 0x72, 0xE5, 0x61, 0xDA, 0x78, 0xC0, 0x20, 0x10, 0x42, 0x2F, 0xD0, 0x10, 0x20
	.byte 0x06, 0x43, 0x26, 0x70, 0x2B, 0xE0, 0x65, 0x7A, 0x04, 0x20, 0x30, 0x42, 0x06, 0xD0, 0x60, 0x7B
	.byte 0x01, 0x38, 0x60, 0x73, 0x2A, 0xD8, 0x00, 0x20, 0x20, 0x70, 0x3B, 0xE1, 0x40, 0x20, 0x30, 0x42
	.byte 0x0C, 0xD0, 0xE0, 0x79, 0x45, 0x43, 0x2D, 0x0A, 0x20, 0x7B, 0x85, 0x42, 0x1E, 0xD8, 0x25, 0x7B
	.byte 0x00, 0x2D, 0xF0, 0xD0, 0x04, 0x20, 0x06, 0x43, 0x26, 0x70, 0x17, 0xE0, 0x03, 0x22, 0x32, 0x40
	.byte 0x02, 0x2A, 0x0A, 0xD1, 0x60, 0x79, 0x45, 0x43, 0x2D, 0x0A, 0xA0, 0x79, 0x85, 0x42, 0x0D, 0xD8
	.byte 0x05, 0x1C, 0xEC, 0xD0, 0x01, 0x3E, 0x26, 0x70, 0x08, 0xE0, 0x03, 0x2A, 0x06, 0xD1, 0x20, 0x79
	.byte 0x2D, 0x18, 0xFF, 0x2D, 0x02, 0xD3, 0xFF, 0x25, 0x01, 0x3E, 0x26, 0x70, 0x65, 0x72, 0x06, 0x98
	.byte 0xC0, 0x79, 0x01, 0x30, 0x68, 0x43, 0x05, 0x09, 0xA0, 0x78, 0x68, 0x43, 0x00, 0x0A, 0xA0, 0x72
	.byte 0xE0, 0x78, 0x68, 0x43, 0x00, 0x0A, 0xE0, 0x72, 0x10, 0x20, 0x30, 0x40, 0x04, 0x90, 0x07, 0xD0
	.byte 0x18, 0x1C, 0x10, 0x30, 0x99, 0x68, 0x40, 0x18, 0x03, 0x90, 0xD8, 0x68, 0x40, 0x1A, 0x04, 0x90
	.byte 0x02, 0x9D, 0xA2, 0x69, 0xA3, 0x6A, 0x01, 0xA0, 0x00, 0x47, 0x00, 0x00, 0x00, 0x80, 0x8D, 0xE5
	.byte 0x0A, 0xA0, 0xD4, 0xE5, 0x0B, 0xB0, 0xD4, 0xE5, 0x0A, 0xA8, 0xA0, 0xE1, 0x0B, 0xB8, 0xA0, 0xE1
	.byte 0x01, 0x00, 0xD4, 0xE5, 0x08, 0x00, 0x10, 0xE3, 0x47, 0x00, 0x00, 0x0A, 0x04, 0x00, 0x52, 0xE3
	.byte 0x19, 0x00, 0x00, 0xDA, 0x08, 0x20, 0x52, 0xE0, 0x00, 0xE0, 0xA0, 0xC3, 0x05, 0x00, 0x00, 0xCA
	.byte 0x08, 0xE0, 0xA0, 0xE1, 0x08, 0x20, 0x82, 0xE0, 0x04, 0x80, 0x42, 0xE2, 0x08, 0xE0, 0x4E, 0xE0
	.byte 0x03, 0x20, 0x12, 0xE2, 0x04, 0x20, 0xA0, 0x03, 0x00, 0x60, 0x95, 0xE5, 0x30, 0x76, 0x95, 0xE5
	.byte 0xD1, 0x00, 0xD3, 0xE0, 0x9A, 0x00, 0x01, 0xE0, 0xFF, 0x18, 0xC1, 0xE3, 0x66, 0x64, 0x81, 0xE0
	.byte 0x9B, 0x00, 0x01, 0xE0, 0xFF, 0x18, 0xC1, 0xE3, 0x67, 0x74, 0x81, 0xE0, 0x01, 0x51, 0x95, 0xE2
	.byte 0xF6, 0xFF, 0xFF, 0x3A, 0x30, 0x76, 0x85, 0xE5, 0x04, 0x60, 0x85, 0xE4, 0x04, 0x80, 0x58, 0xE2
	.byte 0xF0, 0xFF, 0xFF, 0xCA, 0x0E, 0x80, 0x98, 0xE0, 0x50, 0x00, 0x00, 0x0A, 0x00, 0x60, 0x95, 0xE5
	.byte 0x30, 0x76, 0x95, 0xE5, 0xD1, 0x00, 0xD3, 0xE0, 0x9A, 0x00, 0x01, 0xE0, 0xFF, 0x18, 0xC1, 0xE3
	.byte 0x66, 0x64, 0x81, 0xE0, 0x9B, 0x00, 0x01, 0xE0, 0xFF, 0x18, 0xC1, 0xE3, 0x67, 0x74, 0x81, 0xE0
	.byte 0x01, 0x20, 0x52, 0xE2, 0x12, 0x00, 0x00, 0x0A, 0x01, 0x51, 0x95, 0xE2, 0xF4, 0xFF, 0xFF, 0x3A
	.byte 0x30, 0x76, 0x85, 0xE5, 0x04, 0x60, 0x85, 0xE4, 0x04, 0x80, 0x58, 0xE2, 0xD2, 0xFF, 0xFF, 0xCA
	.byte 0x3E, 0x00, 0x00, 0xEA, 0x18, 0x00, 0x9D, 0xE5, 0x00, 0x00, 0x50, 0xE3, 0x05, 0x00, 0x00, 0x0A
	.byte 0x14, 0x30, 0x9D, 0xE5, 0x00, 0x90, 0x62, 0xE2, 0x02, 0x20, 0x90, 0xE0, 0x2B, 0x00, 0x00, 0xCA
	.byte 0x00, 0x90, 0x49, 0xE0, 0xFB, 0xFF, 0xFF, 0xEA, 0x10, 0x10, 0xBD, 0xE8, 0x00, 0x20, 0xA0, 0xE3
	.byte 0x03, 0x00, 0x00, 0xEA, 0x10, 0x20, 0x9D, 0xE5, 0x00, 0x00, 0x52, 0xE3, 0x0C, 0x30, 0x9D, 0x15
	.byte 0xE8, 0xFF, 0xFF, 0x1A, 0x00, 0x20, 0xC4, 0xE5, 0x25, 0x0F, 0xA0, 0xE1, 0x03, 0x51, 0xC5, 0xE3
	.byte 0x03, 0x00, 0x60, 0xE2, 0x80, 0x01, 0xA0, 0xE1, 0x76, 0x60, 0xA0, 0xE1, 0x77, 0x70, 0xA0, 0xE1
	.byte 0x30, 0x76, 0x85, 0xE5, 0x04, 0x60, 0x85, 0xE4, 0x26, 0x00, 0x00, 0xEA, 0x10, 0x10, 0x2D, 0xE9
	.byte 0x1C, 0xE0, 0x94, 0xE5, 0x20, 0x10, 0x94, 0xE5, 0x9C, 0x01, 0x04, 0xE0, 0xD0, 0x00, 0xD3, 0xE1
	.byte 0xD1, 0x10, 0xF3, 0xE1, 0x00, 0x10, 0x41, 0xE0, 0x00, 0x60, 0x95, 0xE5, 0x30, 0x76, 0x95, 0xE5
	.byte 0x9E, 0x01, 0x09, 0xE0, 0xC9, 0x9B, 0x80, 0xE0, 0x9A, 0x09, 0x0C, 0xE0, 0xFF, 0xC8, 0xCC, 0xE3
	.byte 0x66, 0x64, 0x8C, 0xE0, 0x9B, 0x09, 0x0C, 0xE0, 0xFF, 0xC8, 0xCC, 0xE3, 0x67, 0x74, 0x8C, 0xE0
	.byte 0x04, 0xE0, 0x8E, 0xE0, 0xAE, 0x9B, 0xB0, 0xE1, 0x07, 0x00, 0x00, 0x0A, 0xFE, 0xE5, 0xCE, 0xE3
	.byte 0x09, 0x20, 0x52, 0xE0, 0xCE, 0xFF, 0xFF, 0xDA, 0x01, 0x90, 0x59, 0xE2, 0x01, 0x00, 0x80, 0x00
	.byte 0xD9, 0x00, 0xB3, 0x11, 0xD1, 0x10, 0xF3, 0xE1, 0x00, 0x10, 0x41, 0xE0, 0x01, 0x51, 0x95, 0xE2
	.byte 0xEA, 0xFF, 0xFF, 0x3A, 0x30, 0x76, 0x85, 0xE5, 0x04, 0x60, 0x85, 0xE4, 0x04, 0x80, 0x58, 0xE2
	.byte 0xE4, 0xFF, 0xFF, 0xCA, 0x01, 0x30, 0x43, 0xE2, 0x10, 0x10, 0xBD, 0xE8, 0x1C, 0xE0, 0x84, 0xE5
	.byte 0x18, 0x20, 0x84, 0xE5, 0x28, 0x30, 0x84, 0xE5, 0x00, 0x80, 0x9D, 0xE5, 0x01, 0x00, 0x8F, 0xE2
	.byte 0x10, 0xFF, 0x2F, 0xE1, 0x01, 0x98, 0x01, 0x38, 0x01, 0xDD, 0x40, 0x34, 0x86, 0xE6, 0x06, 0x98
	.byte 0x04, 0x4B, 0x03, 0x60, 0x07, 0xB0, 0xFF, 0xBC, 0x80, 0x46, 0x89, 0x46, 0x92, 0x46, 0x9B, 0x46
	.byte 0x08, 0xBC, 0x18, 0x47, 0x53, 0x6D, 0x73, 0x68, 0xA4, 0x46, 0x00, 0x21, 0x00, 0x22, 0x00, 0x23
	.byte 0x00, 0x24, 0x1E, 0xC0, 0x1E, 0xC0, 0x1E, 0xC0, 0x1E, 0xC0, 0x64, 0x46, 0x70, 0x47, 0x00, 0x00
	.byte 0xC3, 0x6A, 0x00, 0x2B, 0x0B, 0xD0, 0x41, 0x6B, 0x02, 0x6B, 0x00, 0x2A, 0x01, 0xD0, 0x51, 0x63
	.byte 0x00, 0xE0, 0x19, 0x62, 0x00, 0x29, 0x00, 0xD0, 0x0A, 0x63, 0x00, 0x21, 0xC1, 0x62, 0x70, 0x47
	.byte 0x30, 0xB5, 0x0D, 0x1C, 0x2C, 0x6A, 0x00, 0x2C, 0x0C, 0xD0, 0x21, 0x78, 0xC7, 0x20, 0x08, 0x42
	.byte 0x02, 0xD0, 0x40, 0x20, 0x01, 0x43, 0x21, 0x70, 0x20, 0x1C, 0xFF, 0xF7, 0xE1, 0xFF, 0x64, 0x6B
	.byte 0x00, 0x2C, 0xF2, 0xD1, 0x00, 0x20, 0x28, 0x70, 0x30, 0xBC, 0x01, 0xBC, 0x00, 0x47, 0x00, 0x00
	thumb_func_start sub_08000958
sub_08000958:
	mov r12, lr
	movs r1, #0x24
	ldr r2, _08000988 @ =0x0801CF88
	.global _0800095E
_0800095E:
	ldr r3, [r2, #0x00]
	bl sub_08000972
	stm r0!, {r3}
	adds r2, #0x04
	subs r1, #0x01
	bgt _0800095E
	bx r12
	.byte 0x00, 0x00, 0x13, 0x78
	non_word_aligned_thumb_func_start sub_08000972
sub_08000972:
	push {r0}
	lsrs r0, r2, #0x19
	bne _08000984
	ldr r0, _08000988 @ =0x0801CF88
	cmp r2, r0
	bcc _08000982
	lsrs r0, r2, #0x0E
	beq _08000984
	.global _08000982
_08000982:
	movs r3, #0x00
	.global _08000984
_08000984:
	pop {r0}
	bx lr
	.global _08000988
_08000988: .4byte 0x0801CF88
	.byte 0x0A, 0x6C, 0x53, 0x1C, 0x0B, 0x64, 0x13, 0x78, 0xED, 0xE7, 0x00, 0x00, 0x00, 0xB5, 0x0A, 0x6C
	.byte 0xD0, 0x78, 0x00, 0x02, 0x93, 0x78, 0x18, 0x43, 0x00, 0x02, 0x53, 0x78, 0x18, 0x43, 0x00, 0x02
	.byte 0xFF, 0xF7, 0xE0, 0xFF, 0x18, 0x43, 0x08, 0x64, 0x01, 0xBC, 0x00, 0x47, 0x8A, 0x78, 0x03, 0x2A
	.byte 0x08, 0xD2, 0x92, 0x00, 0x8B, 0x18, 0x0A, 0x6C, 0x04, 0x32, 0x5A, 0x64, 0x8A, 0x78, 0x01, 0x32
	.byte 0x8A, 0x70, 0xE3, 0xE7, 0xAA, 0xE7, 0x00, 0x00, 0x8A, 0x78, 0x00, 0x2A, 0x05, 0xD0, 0x01, 0x3A
	.byte 0x8A, 0x70, 0x92, 0x00, 0x8B, 0x18, 0x5A, 0x6C, 0x0A, 0x64, 0x70, 0x47, 0x00, 0xB5, 0x0A, 0x6C
	.byte 0x13, 0x78, 0x00, 0x2B, 0x02, 0xD1, 0x01, 0x32, 0x0A, 0x64, 0xD0, 0xE7, 0xCB, 0x78, 0x01, 0x33
	.byte 0xCB, 0x70, 0x9C, 0x46, 0xFF, 0xF7, 0xC4, 0xFF, 0x9C, 0x45, 0x00, 0xD2, 0xC7, 0xE7, 0x00, 0x23
	.byte 0xCB, 0x70, 0x05, 0x32, 0x0A, 0x64, 0x01, 0xBC, 0x00, 0x47, 0x00, 0x00, 0xF4, 0x46, 0xFF, 0xF7
	.byte 0xB7, 0xFF, 0x4B, 0x77, 0x60, 0x47, 0x00, 0x00, 0xF4, 0x46, 0xFF, 0xF7, 0xB1, 0xFF, 0x5B, 0x00
	.byte 0x83, 0x83, 0xC2, 0x8B, 0x53, 0x43, 0x1B, 0x0A, 0x03, 0x84, 0x60, 0x47, 0xF4, 0x46, 0xFF, 0xF7
	.byte 0xA7, 0xFF, 0x8B, 0x72, 0x0B, 0x78, 0x0C, 0x22, 0x13, 0x43, 0x0B, 0x70, 0x60, 0x47, 0x00, 0x00
	.byte 0xF4, 0x46, 0x0A, 0x6C, 0x13, 0x78, 0x01, 0x32, 0x0A, 0x64, 0x5A, 0x00, 0xD2, 0x18, 0x92, 0x00
	.byte 0x03, 0x6B, 0xD2, 0x18, 0x13, 0x68, 0xFF, 0xF7, 0x86, 0xFF, 0x4B, 0x62, 0x53, 0x68, 0xFF, 0xF7
	.byte 0x82, 0xFF, 0x8B, 0x62, 0x93, 0x68, 0xFF, 0xF7, 0x7E, 0xFF, 0xCB, 0x62, 0x60, 0x47, 0x00, 0x00
	.byte 0xF4, 0x46, 0xFF, 0xF7, 0x85, 0xFF, 0x8B, 0x74, 0x0B, 0x78, 0x03, 0x22, 0x13, 0x43, 0x0B, 0x70
	.byte 0x60, 0x47, 0x00, 0x00, 0xF4, 0x46, 0xFF, 0xF7, 0x7B, 0xFF, 0x40, 0x3B, 0x0B, 0x75, 0x0B, 0x78
	.byte 0x03, 0x22, 0x13, 0x43, 0x0B, 0x70, 0x60, 0x47, 0xF4, 0x46, 0xFF, 0xF7, 0x71, 0xFF, 0x40, 0x3B
	.byte 0x8B, 0x73, 0x0B, 0x78, 0x0C, 0x22, 0x13, 0x43, 0x0B, 0x70, 0x60, 0x47, 0xF4, 0x46, 0xFF, 0xF7
	.byte 0x67, 0xFF, 0xCB, 0x73, 0x0B, 0x78, 0x0C, 0x22, 0x13, 0x43, 0x0B, 0x70, 0x60, 0x47, 0x00, 0x00
	.byte 0xF4, 0x46, 0xFF, 0xF7, 0x5D, 0xFF, 0xCB, 0x76, 0x60, 0x47, 0x00, 0x00, 0xF4, 0x46, 0xFF, 0xF7
	.byte 0x57, 0xFF, 0x08, 0x7E, 0x98, 0x42, 0x04, 0xD0, 0x0B, 0x76, 0x0B, 0x78, 0x0F, 0x22, 0x13, 0x43
	.byte 0x0B, 0x70, 0x60, 0x47, 0xF4, 0x46, 0xFF, 0xF7, 0x4B, 0xFF, 0x40, 0x3B, 0x0B, 0x73, 0x0B, 0x78
	.byte 0x0C, 0x22, 0x13, 0x43, 0x0B, 0x70, 0x60, 0x47, 0xF4, 0x46, 0x0A, 0x6C, 0x13, 0x78, 0x01, 0x32
	.byte 0x02, 0x48, 0xC0, 0x18, 0xFF, 0xF7, 0x3D, 0xFF, 0x03, 0x70, 0x60, 0x47, 0x60, 0x00, 0x00, 0x04
	.byte 0xA8, 0x48, 0x00, 0x68, 0xA8, 0x4A, 0x03, 0x68, 0x9B, 0x1A, 0x01, 0x2B, 0x18, 0xD8, 0x01, 0x79
	.byte 0x01, 0x39, 0x01, 0x71, 0x14, 0xDC, 0xC1, 0x7A, 0x01, 0x71, 0x0A, 0x4A, 0x91, 0x68, 0xC9, 0x01
	.byte 0x01, 0xD3, 0x09, 0x49, 0x91, 0x60, 0x51, 0x69, 0xC9, 0x01, 0x01, 0xD3, 0x06, 0x49, 0x51, 0x61
	.byte 0x04, 0x21, 0x09, 0x02, 0x51, 0x81, 0xD1, 0x82, 0xB6, 0x21, 0x09, 0x02, 0x51, 0x81, 0xD1, 0x82
	.byte 0x70, 0x47, 0x00, 0x00, 0xBC, 0x00, 0x00, 0x04, 0x04, 0x00, 0x40, 0x84, 0x96, 0x4A, 0x43, 0x6B
	.byte 0x9A, 0x42, 0x00, 0xD0, 0x70, 0x47, 0x01, 0x33, 0x43, 0x63, 0x01, 0xB5, 0x83, 0x6B, 0x00, 0x2B
	.byte 0x02, 0xD0, 0xC0, 0x6B, 0x00, 0xF0, 0x1A, 0xF9, 0x01, 0xBC, 0xF0, 0xB4, 0x44, 0x46, 0x4D, 0x46
	.byte 0x56, 0x46, 0x5F, 0x46, 0xF0, 0xB4, 0x07, 0x1C, 0x78, 0x68, 0x00, 0x28, 0x00, 0xDA, 0x05, 0xE1
	.byte 0x88, 0x48, 0x00, 0x68, 0x80, 0x46, 0x38, 0x1C, 0x00, 0xF0, 0x26, 0xFF, 0x78, 0x8C, 0x39, 0x8C
	.byte 0x40, 0x18, 0xA3, 0xE0, 0x3E, 0x7A, 0xFD, 0x6A, 0x01, 0x23, 0x00, 0x24, 0x28, 0x78, 0x80, 0x21
	.byte 0x01, 0x42, 0x00, 0xD1, 0x88, 0xE0, 0x9A, 0x46, 0x1C, 0x43, 0xA3, 0x46, 0x2C, 0x6A, 0x00, 0x2C
	.byte 0x13, 0xD0, 0x21, 0x78, 0xC7, 0x20, 0x08, 0x42, 0x09, 0xD0, 0x20, 0x7C, 0x00, 0x28, 0x09, 0xD0
	.byte 0x01, 0x38, 0x20, 0x74, 0x06, 0xD1, 0x40, 0x20, 0x01, 0x43, 0x21, 0x70, 0x02, 0xE0, 0x20, 0x1C
	.byte 0x00, 0xF0, 0x98, 0xFC, 0x64, 0x6B, 0x00, 0x2C, 0xEB, 0xD1, 0x2B, 0x78, 0x40, 0x20, 0x18, 0x42
	.byte 0x3A, 0xD0, 0x28, 0x1C, 0x00, 0xF0, 0x98, 0xFC, 0x80, 0x20, 0x28, 0x70, 0x02, 0x20, 0xE8, 0x73
	.byte 0x40, 0x20, 0xE8, 0x74, 0x16, 0x20, 0x68, 0x76, 0x01, 0x20, 0xA9, 0x1D, 0x88, 0x77, 0x2B, 0xE0
	.byte 0x2A, 0x6C, 0x11, 0x78, 0x80, 0x29, 0x01, 0xD2, 0xE9, 0x79, 0x04, 0xE0, 0x01, 0x32, 0x2A, 0x64
	.byte 0xBD, 0x29, 0x00, 0xD3, 0xE9, 0x71, 0xCF, 0x29, 0x08, 0xD3, 0x40, 0x46, 0x83, 0x6B, 0x08, 0x1C
	.byte 0xCF, 0x38, 0x39, 0x1C, 0x2A, 0x1C, 0x00, 0xF0, 0xB9, 0xF8, 0x15, 0xE0, 0xB0, 0x29, 0x0E, 0xD9
	.byte 0x08, 0x1C, 0xB1, 0x38, 0xB8, 0x72, 0x43, 0x46, 0x5B, 0x6B, 0x80, 0x00, 0x1B, 0x58, 0x38, 0x1C
	.byte 0x29, 0x1C, 0x00, 0xF0, 0xAB, 0xF8, 0x28, 0x78, 0x00, 0x28, 0x33, 0xD0, 0x04, 0xE0, 0x54, 0x48
	.byte 0x80, 0x39, 0x09, 0x18, 0x08, 0x78, 0x68, 0x70, 0x68, 0x78, 0x00, 0x28, 0xD0, 0xD0, 0x01, 0x38
	.byte 0x68, 0x70, 0x69, 0x7E, 0x00, 0x29, 0x25, 0xD0, 0xE8, 0x7D, 0x00, 0x28, 0x22, 0xD0, 0x28, 0x7F
	.byte 0x00, 0x28, 0x02, 0xD0, 0x01, 0x38, 0x28, 0x77, 0x1C, 0xE0, 0xA8, 0x7E, 0x40, 0x18, 0xA8, 0x76
	.byte 0x01, 0x1C, 0x40, 0x38, 0x00, 0x06, 0x02, 0xD5, 0x0A, 0x06, 0x12, 0x16, 0x01, 0xE0, 0x80, 0x20
	.byte 0x42, 0x1A, 0xE8, 0x7D, 0x50, 0x43, 0x82, 0x11, 0xA8, 0x7D, 0x50, 0x40, 0x00, 0x06, 0x09, 0xD0
	.byte 0xAA, 0x75, 0x28, 0x78, 0x29, 0x7E, 0x00, 0x29, 0x01, 0xD1, 0x0C, 0x21, 0x00, 0xE0, 0x03, 0x21
	.byte 0x08, 0x43, 0x28, 0x70, 0x53, 0x46, 0x5C, 0x46, 0x01, 0x3E, 0x03, 0xDD, 0x50, 0x20, 0x2D, 0x18
	.byte 0x5B, 0x00, 0x6B, 0xE7, 0xF8, 0x68, 0x01, 0x30, 0xF8, 0x60, 0x00, 0x2C, 0x03, 0xD1, 0x80, 0x20
	.byte 0x00, 0x06, 0x78, 0x60, 0x5A, 0xE0, 0x7C, 0x60, 0x78, 0x8C, 0x96, 0x38, 0x78, 0x84, 0x96, 0x28
	.byte 0x00, 0xD3, 0x57, 0xE7, 0x3A, 0x7A, 0xFD, 0x6A, 0x28, 0x78, 0x80, 0x21, 0x01, 0x42, 0x48, 0xD0
	.byte 0x0F, 0x21, 0x01, 0x42, 0x45, 0xD0, 0x91, 0x46, 0x38, 0x1C, 0x29, 0x1C, 0x00, 0xF0, 0xAC, 0xFE
	.byte 0x2C, 0x6A, 0x00, 0x2C, 0x38, 0xD0, 0x21, 0x78, 0xC7, 0x20, 0x08, 0x42, 0x03, 0xD1, 0x20, 0x1C
	.byte 0x00, 0xF0, 0xF8, 0xFB, 0x2D, 0xE0, 0x60, 0x78, 0x07, 0x26, 0x06, 0x40, 0x2B, 0x78, 0x03, 0x20
	.byte 0x18, 0x42, 0x07, 0xD0, 0x00, 0xF0, 0x64, 0xF8, 0x00, 0x2E, 0x03, 0xD0, 0x60, 0x7F, 0x01, 0x21
	.byte 0x08, 0x43, 0x60, 0x77, 0x2B, 0x78, 0x0C, 0x20, 0x18, 0x42, 0x1A, 0xD0, 0x21, 0x7A, 0x08, 0x20
	.byte 0x28, 0x56, 0x0A, 0x18, 0x00, 0xD5, 0x00, 0x22, 0x00, 0x2E, 0x0C, 0xD0, 0x40, 0x46, 0x03, 0x6B
	.byte 0x11, 0x1C, 0x6A, 0x7A, 0x30, 0x1C, 0x00, 0xF0, 0x21, 0xF8, 0x20, 0x62, 0x60, 0x7F, 0x02, 0x21
	.byte 0x08, 0x43, 0x60, 0x77, 0x05, 0xE0, 0x11, 0x1C, 0x6A, 0x7A, 0x60, 0x6A, 0x00, 0xF0, 0xA0, 0xF9
	.byte 0x20, 0x62, 0x64, 0x6B, 0x00, 0x2C, 0xC6, 0xD1, 0x28, 0x78, 0xF0, 0x21, 0x08, 0x40, 0x28, 0x70
	.byte 0x4A, 0x46, 0x01, 0x3A, 0x02, 0xDD, 0x50, 0x20, 0x2D, 0x18, 0xAD, 0xDC, 0x06, 0x48, 0x78, 0x63
	.byte 0xFF, 0xBC, 0x80, 0x46, 0x89, 0x46, 0x92, 0x46, 0x9B, 0x46, 0x08, 0xBC
	.global _08000DB8
_08000DB8:
	.byte 0x18, 0x47, 0x00, 0x00, 0xFC, 0xD1, 0x01, 0x08, 0xF0, 0x7F, 0x00, 0x03, 0x53, 0x6D, 0x73, 0x68
	thumb_func_start sub_08000DC8
sub_08000DC8:
	push {r4, r5, r6, lr}
	adds r5, r1, #0x0
	ldrb r1, [r5, #0x00]
	movs r0, #0x80
	tst r0, r1
	beq _08000E00
	ldr r4, [r5, #0x20]
	cmp r4, #0x00
	beq _08000DFE
	movs r6, #0x00
	.global _08000DDC
_08000DDC:
	ldrb r0, [r4, #0x00]
	cmp r0, #0x00
	beq _08000DF6
	ldrb r0, [r4, #0x01]
	movs r3, #0x07
	ands r0, r3
	beq _08000DF4
	ldr r3, _08000E08 @ =0x03007FF0
	ldr r3, [r3, #0x00]
	ldr r3, [r3, #0x2C]
	bl _08000DB8
	.global _08000DF4
_08000DF4:
	strb r6, [r4, #0x00]
	.global _08000DF6
_08000DF6:
	str r6, [r4, #0x2C]
	ldr r4, [r4, #0x34]
	cmp r4, #0x00
	bne _08000DDC
	.global _08000DFE
_08000DFE:
	str r4, [r5, #0x20]
	.global _08000E00
_08000E00:
	pop {r4, r5, r6}
	pop {r0}
	bx r0
	.byte 0x00, 0x00
	.global _08000E08
_08000E08: .4byte 0x03007FF0
	.byte 0xA1, 0x7C, 0x14, 0x20, 0x22, 0x56, 0x80, 0x23, 0x9B, 0x18, 0x4B, 0x43, 0x28, 0x7C, 0x58, 0x43
	.byte 0x80, 0x13, 0xFF, 0x28, 0x00, 0xD9, 0xFF, 0x20, 0xA0, 0x70, 0x7F, 0x23, 0x9B, 0x1A, 0x4B, 0x43
	.byte 0x68, 0x7C, 0x58, 0x43, 0x80, 0x13, 0xFF, 0x28, 0x00, 0xD9, 0xFF, 0x20, 0xE0, 0x70, 0x70, 0x47
	.byte 0xF0, 0xB5, 0x44, 0x46, 0x4D, 0x46, 0x56, 0x46, 0x5F, 0x46, 0xF0, 0xB4, 0x86, 0xB0, 0x00, 0x91
	.byte 0x15, 0x1C, 0x79, 0x49, 0x09, 0x68, 0x01, 0x91, 0x78, 0x49, 0x40, 0x18, 0x00, 0x78, 0x28, 0x71
	.byte 0x2B, 0x6C, 0x18, 0x78, 0x80, 0x28, 0x0E, 0xD2, 0x68, 0x71, 0x01, 0x33, 0x18, 0x78, 0x80, 0x28
	.byte 0x08, 0xD2, 0xA8, 0x71, 0x01, 0x33, 0x18, 0x78, 0x80, 0x28, 0x03, 0xD2, 0x29, 0x79, 0x09, 0x18
	.byte 0x29, 0x71, 0x01, 0x33, 0x2B, 0x64, 0x00, 0x20, 0x05, 0x90, 0x2C, 0x1C, 0x24, 0x34, 0x22, 0x78
	.byte 0xC0, 0x20, 0x10, 0x42, 0x20, 0xD0, 0x6B, 0x79, 0x40, 0x20, 0x10, 0x42, 0x03, 0xD0, 0xE9, 0x6A
	.byte 0xC9, 0x18, 0x08, 0x78, 0x00, 0xE0, 0x18, 0x1C, 0x41, 0x00, 0x09, 0x18, 0x89, 0x00, 0xA8, 0x6A
	.byte 0x09, 0x18, 0x89, 0x46, 0x4E, 0x46, 0x31, 0x78, 0xC0, 0x20, 0x08, 0x42, 0x00, 0xD0, 0xB2, 0xE0
	.byte 0x80, 0x20, 0x10, 0x42, 0x0A, 0xD0, 0xF1, 0x78, 0x80, 0x20, 0x08, 0x42, 0x02, 0xD0, 0xC0, 0x39
	.byte 0x49, 0x00, 0x05, 0x91, 0x73, 0x78, 0x01, 0xE0, 0xA1, 0x46, 0x6B, 0x79, 0x02, 0x93, 0x00, 0x9E
	.byte 0x71, 0x7A, 0x68, 0x7F, 0x40, 0x18, 0xFF, 0x28, 0x00, 0xD9, 0xFF, 0x20, 0x04, 0x90, 0x4E, 0x46
	.byte 0x30, 0x78, 0x07, 0x26, 0x06, 0x40, 0x03, 0x96, 0x18, 0xD0, 0x01, 0x98, 0xC4, 0x69, 0x00, 0x2C
	.byte 0x00, 0xD1, 0x90, 0xE0, 0x01, 0x3E, 0xB0, 0x01, 0x24, 0x18, 0x21, 0x78, 0xC7, 0x20, 0x08, 0x42
	.byte 0x36, 0xD0, 0x40, 0x20, 0x08, 0x42, 0x33, 0xD1, 0xE1, 0x7C, 0x04, 0x98, 0x81, 0x42, 0x2F, 0xD3
	.byte 0x00, 0xD0, 0x80, 0xE0, 0xE0, 0x6A, 0xA8, 0x42, 0x2A, 0xD2, 0x7C, 0xE0, 0x04, 0x9E, 0x2F, 0x1C
	.byte 0x00, 0x22, 0x90, 0x46, 0x01, 0x9C, 0xA3, 0x79, 0x50, 0x34, 0x21, 0x78, 0xC7, 0x20, 0x08, 0x42
	.byte 0x1E, 0xD0, 0x40, 0x20, 0x08, 0x42, 0x05, 0xD0, 0x00, 0x2A, 0x05, 0xD1, 0x01, 0x32, 0xE6, 0x7C
	.byte 0xE7, 0x6A, 0x0E, 0xE0, 0x00, 0x2A, 0x0D, 0xD1, 0xE0, 0x7C, 0xB0, 0x42, 0x02, 0xD2, 0x06, 0x1C
	.byte 0xE7, 0x6A, 0x06, 0xE0, 0x06, 0xD8, 0xE0, 0x6A, 0xB8, 0x42, 0x01, 0xD9, 0x07, 0x1C, 0x00, 0xE0
	.byte 0x00, 0xD3, 0xA0, 0x46, 0x40, 0x34, 0x01, 0x3B, 0xDF, 0xDC, 0x44, 0x46, 0x00, 0x2C, 0x52, 0xD0
	.byte 0x20, 0x1C, 0x00, 0xF0, 0xCF, 0xFA, 0x00, 0x21, 0x21, 0x63, 0x2B, 0x6A, 0x63, 0x63, 0x00, 0x2B
	.byte 0x00, 0xD0, 0x1C, 0x63, 0x2C, 0x62, 0xE5, 0x62, 0xE8, 0x7E, 0x28, 0x77, 0x88, 0x42, 0x02, 0xD0
	.byte 0x29, 0x1C, 0x00, 0xF0, 0x6D, 0xF8, 0x00, 0x98, 0x29, 0x1C, 0x00, 0xF0, 0x65, 0xFD, 0x68, 0x68
	.byte 0x20, 0x61, 0x04, 0x98, 0xE0, 0x74, 0x02, 0x98, 0x20, 0x72, 0x05, 0x98, 0x20, 0x75, 0x4E, 0x46
	.byte 0x30, 0x78, 0x60, 0x70, 0x77, 0x68, 0x67, 0x62, 0xB0, 0x68, 0x60, 0x60, 0xE8, 0x8B, 0xA0, 0x81
	.byte 0xFF, 0xF7, 0x1E, 0xFF, 0x21, 0x7A, 0x08, 0x20, 0x28, 0x56, 0x0B, 0x18, 0x00, 0xD5, 0x00, 0x23
	.byte 0x03, 0x9E, 0x00, 0x2E, 0x13, 0xD0, 0x4E, 0x46, 0xB0, 0x78, 0xA0, 0x77, 0xF1, 0x78, 0x80, 0x20
	.byte 0x08, 0x42, 0x02, 0xD1, 0x70, 0x20, 0x08, 0x42, 0x00, 0xD1, 0x08, 0x21, 0xE1, 0x77, 0x6A, 0x7A
	.byte 0x19, 0x1C, 0x03, 0x98, 0x01, 0x9B, 0x1B, 0x6B, 0xFF, 0xF7, 0xD8, 0xFE, 0x04, 0xE0, 0x6A, 0x7A
	.byte 0x19, 0x1C, 0x38, 0x1C, 0x00, 0xF0, 0x5C, 0xF8, 0x20, 0x62, 0x80, 0x20, 0x20, 0x70, 0x29, 0x78
	.byte 0xF0, 0x20, 0x08, 0x40, 0x28, 0x70, 0x06, 0xB0, 0xFF, 0xBC, 0x80, 0x46, 0x89, 0x46, 0x92, 0x46
	.byte 0x9B, 0x46, 0x01, 0xBC, 0x00, 0x47, 0x00, 0x00, 0xF0, 0x7F, 0x00, 0x03, 0xFC, 0xD1, 0x01, 0x08
	.byte 0x30, 0xB4, 0x0A, 0x6C, 0x13, 0x78, 0x80, 0x2B, 0x03, 0xD2, 0x4B, 0x71, 0x01, 0x32, 0x0A, 0x64
	.byte 0x00, 0xE0, 0x4B, 0x79, 0x09, 0x6A, 0x00, 0x29, 0x10, 0xD0, 0x83, 0x24, 0x40, 0x25, 0x0A, 0x78
	.byte 0x22, 0x42, 0x08, 0xD0, 0x2A, 0x42, 0x06, 0xD1, 0x48, 0x7C, 0x98, 0x42, 0x03, 0xD1, 0x40, 0x20
	.byte 0x02, 0x43, 0x0A, 0x70, 0x02, 0xE0, 0x49, 0x6B, 0x00, 0x29, 0xF0, 0xD1, 0x30, 0xBC, 0x70, 0x47
	.byte 0x00, 0x22, 0x8A, 0x75, 0x8A, 0x76, 0x0A, 0x7E, 0x00, 0x2A, 0x01, 0xD1, 0x0C, 0x22, 0x00, 0xE0
	.byte 0x03, 0x22, 0x0B, 0x78, 0x13, 0x43, 0x0B, 0x70, 0x70, 0x47, 0x00, 0x00, 0x0A, 0x6C, 0x53, 0x1C
	.byte 0x0B, 0x64, 0x13, 0x78, 0x70, 0x47, 0x00, 0x00, 0xF4, 0x46, 0xFF, 0xF7, 0xF7, 0xFF, 0x4B, 0x76
	.byte 0x00, 0x2B, 0x01, 0xD1, 0xFF, 0xF7, 0xE4, 0xFF, 0x60, 0x47, 0x00, 0x00, 0xF4, 0x46, 0xFF, 0xF7
	.byte 0xED, 0xFF, 0xCB, 0x75, 0x00, 0x2B, 0x01, 0xD1, 0xFF, 0xF7, 0xDA, 0xFF, 0x60, 0x47, 0x00, 0x00
	thumb_func_start sub_080010CC
sub_080010CC:
	push {r4, r5, r6, r7, lr}
	mov r12, r0
	lsls r1, r1, #0x18
	lsrs r6, r1, #0x18
	lsls r7, r2, #0x18
	cmp r6, #0xB2
	bls _080010E0
	movs r6, #0xB2
	movs r7, #0xFF
	lsls r7, r7, #0x18
	.global _080010E0
_080010E0:
	ldr r3, _08001128 @ =0x0801D018
	adds r0, r6, r3
	ldrb r5, [r0, #0x00]
	ldr r4, _0800112C @ =0x0801D0CC
	movs r2, #0x0F
	adds r0, r5, #0x0
	ands r0, r2
	lsls r0, r0, #0x02
	adds r0, r0, r4
	lsrs r1, r5, #0x04
	ldr r5, [r0, #0x00]
	lsrs r5, r1
	adds r0, r6, #0x1
	adds r0, r0, r3
	ldrb r1, [r0, #0x00]
	adds r0, r1, #0x0
	ands r0, r2
	lsls r0, r0, #0x02
	adds r0, r0, r4
	lsrs r1, r1, #0x04
	ldr r0, [r0, #0x00]
	lsrs r0, r1
	mov r1, r12
	ldr r4, [r1, #0x04]
	subs r0, r0, r5
	adds r1, r7, #0x0
	bl _080004B8
	adds r1, r0, #0x0
	adds r1, r5, r1
	adds r0, r4, #0x0
	bl _080004B8
	pop {r4, r5, r6, r7}
	pop {r1}
	bx r1
	.global _08001128
_08001128: .4byte 0x0801D018
	.global _0800112C
_0800112C: .4byte 0x0801D0CC
	.byte 0x70, 0x47, 0x00, 0x00, 0x02, 0x1C, 0x53, 0x6B, 0x03, 0x48, 0x83, 0x42, 0x03, 0xD1, 0x50, 0x68
	.byte 0x02, 0x49, 0x08, 0x40, 0x50, 0x60, 0x70, 0x47, 0x53, 0x6D, 0x73, 0x68, 0xFF, 0xFF, 0xFF, 0x7F
	thumb_func_start sub_08001150
sub_08001150:
	adds r2, r0, #0x0
	lsls r1, r1, #0x10
	lsrs r1, r1, #0x10
	ldr r3, [r2, #0x34]
	ldr r0, _0800116C @ =0x68736D53
	cmp r3, r0
	bne _08001168
	strh r1, [r2, #0x26]
	strh r1, [r2, #0x24]
	movs r0, #0x80
	lsls r0, r0, #0x01
	strh r0, [r2, #0x28]
	.global _08001168
_08001168:
	bx lr
	.byte 0x00, 0x00
	.global _0800116C
_0800116C: .4byte 0x68736D53
	thumb_func_start sub_08001170
sub_08001170:
	push {r4, r5, r6, r7, lr}
	mov r7, r8
	push {r7}
	ldr r0, _080011D8 @ =0x0800054D
	movs r1, #0x02
	negs r1, r1
	ands r0, r1
	ldr r1, _080011DC @ =0x03007000
	ldr r2, _080011E0 @ =0x04000100
	bl sub_08016E10
	ldr r0, _080011E4 @ =0x02000DE0
	bl sub_08001548
	ldr r0, _080011E8 @ =0x02001E20
	bl sub_080013F8
	ldr r0, _080011EC @ =0x0097EA00
	bl sub_080016E4
	ldr r0, _080011F0 @ =0x00000005
	lsls r0, r0, #0x10
	lsrs r0, r0, #0x10
	cmp r0, #0x00
	beq _080011CC
	ldr r1, _080011F4 @ =0x0801DA90
	mov r8, r1
	mov r5, r8
	movs r7, #0x00
	adds r6, r0, #0x0
	.global _080011AC
_080011AC:
	ldr r4, [r5, #0x00]
	mov r0, r8
	adds r0, #0x04
	adds r0, r7, r0
	ldr r1, [r0, #0x00]
	ldrb r2, [r5, #0x08]
	adds r0, r4, #0x0
	bl sub_08001888
	ldr r0, _080011F8 @ =0x02002020
	str r0, [r4, #0x18]
	adds r5, #0x0C
	adds r7, #0x0C
	subs r6, #0x01
	cmp r6, #0x00
	bne _080011AC
	.global _080011CC
_080011CC:
	pop {r3}
	mov r8, r3
	pop {r4, r5, r6, r7}
	pop {r0}
	bx r0
	.byte 0x00, 0x00
	.global _080011D8
_080011D8: .4byte 0x0800054D
	.global _080011DC
_080011DC: .4byte 0x03007000
	.global _080011E0
_080011E0: .4byte 0x04000100
	.global _080011E4
_080011E4: .4byte 0x02000DE0
	.global _080011E8
_080011E8: .4byte 0x02001E20
	.global _080011EC
_080011EC: .4byte 0x0097EA00
	.global _080011F0
_080011F0: .4byte 0x00000005
	.global _080011F4
_080011F4: .4byte 0x0801DA90
	.global _080011F8
_080011F8: .4byte 0x02002020
	thumb_func_start sub_080011FC
sub_080011FC:
	push {lr}
	bl _080004C8
	pop {r0}
	bx r0
	.byte 0x00, 0x00
	thumb_func_start sub_08001208
sub_08001208:
	push {lr}
	lsls r0, r0, #0x10
	ldr r2, _0800122C @ =0x0801DA90
	ldr r1, _08001230 @ =0x0801DACC
	lsrs r0, r0, #0x0D
	adds r0, r0, r1
	ldrh r3, [r0, #0x04]
	lsls r1, r3, #0x01
	adds r1, r1, r3
	lsls r1, r1, #0x02
	adds r1, r1, r2
	ldr r2, [r1, #0x00]
	ldr r1, [r0, #0x00]
	adds r0, r2, #0x0
	bl sub_08001900
	pop {r0}
	bx r0
	.global _0800122C
_0800122C: .4byte 0x0801DA90
	.global _08001230
_08001230: .4byte 0x0801DACC
	.byte 0x00, 0xB5, 0x00, 0x04, 0x09, 0x4A, 0x0A, 0x49, 0x40, 0x0B, 0x40, 0x18, 0x83, 0x88, 0x59, 0x00
	.byte 0xC9, 0x18, 0x89, 0x00, 0x89, 0x18, 0x09, 0x68, 0x0B, 0x68, 0x02, 0x68, 0x93, 0x42, 0x09, 0xD0
	.byte 0x08, 0x1C, 0x11, 0x1C, 0x00, 0xF0, 0x52, 0xFB, 0x0E, 0xE0, 0x00, 0x00, 0x90, 0xDA, 0x01, 0x08
	.byte 0xCC, 0xDA, 0x01, 0x08, 0x4A, 0x68, 0x88, 0x88, 0x00, 0x28, 0x01, 0xD0, 0x00, 0x2A, 0x03, 0xDA
	.byte 0x08, 0x1C, 0x19, 0x1C, 0x00, 0xF0, 0x42, 0xFB, 0x01, 0xBC, 0x00, 0x47, 0x00, 0xB5, 0x00, 0x04
	.byte 0x09, 0x4A, 0x0A, 0x49, 0x40, 0x0B, 0x40, 0x18, 0x83, 0x88, 0x59, 0x00, 0xC9, 0x18, 0x89, 0x00
	.byte 0x89, 0x18, 0x09, 0x68, 0x0B, 0x68, 0x02, 0x68, 0x93, 0x42, 0x09, 0xD0, 0x08, 0x1C, 0x11, 0x1C
	.byte 0x00, 0xF0, 0x2C, 0xFB, 0x12, 0xE0, 0x00, 0x00, 0x90, 0xDA, 0x01, 0x08, 0xCC, 0xDA, 0x01, 0x08
	.byte 0x4A, 0x68, 0x88, 0x88, 0x00, 0x28, 0x04, 0xD1, 0x08, 0x1C, 0x19, 0x1C, 0x00, 0xF0, 0x1E, 0xFB
	.byte 0x04, 0xE0, 0x00, 0x2A, 0x02, 0xDA, 0x08, 0x1C, 0xFF, 0xF7, 0x32, 0xFF, 0x01, 0xBC, 0x00, 0x47
	thumb_func_start sub_080012D4
sub_080012D4:
	push {lr}
	lsls r0, r0, #0x10
	ldr r2, _08001300 @ =0x0801DA90
	ldr r1, _08001304 @ =0x0801DACC
	lsrs r0, r0, #0x0D
	adds r0, r0, r1
	ldrh r3, [r0, #0x04]
	lsls r1, r3, #0x01
	adds r1, r1, r3
	lsls r1, r1, #0x02
	adds r1, r1, r2
	ldr r2, [r1, #0x00]
	ldr r1, [r2, #0x00]
	ldr r0, [r0, #0x00]
	cmp r1, r0
	bne _080012FA
	adds r0, r2, #0x0
	bl sub_080019B4
	.global _080012FA
_080012FA:
	pop {r0}
	bx r0
	.byte 0x00, 0x00
	.global _08001300
_08001300: .4byte 0x0801DA90
	.global _08001304
_08001304: .4byte 0x0801DACC
	.byte 0x00, 0xB5, 0x00, 0x04, 0x09, 0x4A, 0x0A, 0x49, 0x40, 0x0B, 0x40, 0x18, 0x83, 0x88, 0x59, 0x00
	.byte 0xC9, 0x18, 0x89, 0x00, 0x89, 0x18, 0x0A, 0x68, 0x11, 0x68, 0x00, 0x68, 0x81, 0x42, 0x02, 0xD1
	.byte 0x10, 0x1C, 0xFF, 0xF7, 0x03, 0xFF, 0x01, 0xBC, 0x00, 0x47, 0x00, 0x00, 0x90, 0xDA, 0x01, 0x08
	.byte 0xCC, 0xDA, 0x01, 0x08, 0x30, 0xB5, 0x08, 0x48, 0x00, 0x04, 0x00, 0x0C, 0x00, 0x28, 0x08, 0xD0
	.byte 0x06, 0x4D, 0x04, 0x1C, 0x28, 0x68, 0x00, 0xF0, 0x31, 0xFB, 0x0C, 0x35, 0x01, 0x3C, 0x00, 0x2C
	.byte 0xF8, 0xD1, 0x30, 0xBC, 0x01, 0xBC, 0x00, 0x47, 0x05, 0x00, 0x00, 0x00, 0x90, 0xDA, 0x01, 0x08
	.byte 0x00, 0xB5, 0xFF, 0xF7, 0xE3, 0xFE, 0x01, 0xBC, 0x00, 0x47, 0x00, 0x00, 0x30, 0xB5, 0x08, 0x48
	.byte 0x00, 0x04, 0x00, 0x0C, 0x00, 0x28, 0x08, 0xD0, 0x06, 0x4D, 0x04, 0x1C, 0x28, 0x68, 0xFF, 0xF7
	.byte 0xD5, 0xFE, 0x0C, 0x35, 0x01, 0x3C, 0x00, 0x2C, 0xF8, 0xD1, 0x30, 0xBC, 0x01, 0xBC, 0x00, 0x47
	.byte 0x05, 0x00, 0x00, 0x00, 0x90, 0xDA, 0x01, 0x08
	thumb_func_start sub_080013A0
sub_080013A0:
	push {lr}
	lsls r1, r1, #0x10
	lsrs r1, r1, #0x10
	bl sub_08001150
	pop {r0}
	bx r0
	.byte 0x00, 0x00, 0xF0, 0xB5, 0x05, 0x7A, 0xC4, 0x6A, 0x00, 0x2D, 0x1B, 0xDD, 0x80, 0x27, 0x21, 0x78
	.byte 0x38, 0x1C, 0x08, 0x40, 0x00, 0x28, 0x11, 0xD0, 0x40, 0x26, 0x30, 0x1C, 0x08, 0x40, 0x00, 0x28
	.byte 0x0C, 0xD0, 0x20, 0x1C, 0x00, 0xF0, 0xAF, 0xF8, 0x27, 0x70, 0x02, 0x20, 0xE0, 0x73, 0xE6, 0x74
	.byte 0x16, 0x20, 0x60, 0x76, 0x21, 0x1C, 0x24, 0x31, 0x01, 0x20, 0x08, 0x70, 0x01, 0x3D, 0x50, 0x34
	.byte 0x00, 0x2D, 0xE4, 0xDC, 0xF0, 0xBC, 0x01, 0xBC, 0x00, 0x47
	thumb_func_start sub_080013F8
sub_080013F8:
	push {r4, r5, r6, lr}
	add sp, #-0x004
	adds r5, r0, #0x0
	ldr r1, _080014C4 @ =0x04000084
	movs r0, #0x8F
	strh r0, [r1, #0x00]
	ldr r2, _080014C8 @ =0x04000080
	movs r0, #0x77
	strh r0, [r2, #0x00]
	ldr r0, _080014CC @ =0x04000063
	movs r1, #0x08
	strb r1, [r0, #0x00]
	adds r0, #0x06
	strb r1, [r0, #0x00]
	adds r0, #0x10
	strb r1, [r0, #0x00]
	subs r0, #0x14
	movs r1, #0x80
	strb r1, [r0, #0x00]
	adds r0, #0x08
	strb r1, [r0, #0x00]
	adds r0, #0x10
	strb r1, [r0, #0x00]
	ldr r1, _080014D0 @ =0x04000070
	movs r0, #0x00
	strb r0, [r1, #0x00]
	ldr r1, _080014D4 @ =0x0000FF77
	adds r0, r1, #0x0
	strh r0, [r2, #0x00]
	ldr r0, _080014D8 @ =0x03007FF0
	ldr r4, [r0, #0x00]
	ldr r6, [r4, #0x00]
	ldr r0, _080014DC @ =0x68736D53
	cmp r6, r0
	bne _080014BC
	adds r0, r6, #0x1
	str r0, [r4, #0x00]
	ldr r1, _080014E0 @ =0x02001D90
	ldr r0, _080014E4 @ =0x08002341
	str r0, [r1, #0x20]
	ldr r0, _080014E8 @ =0x080010A5
	str r0, [r1, #0x44]
	ldr r0, _080014EC @ =0x080010B9
	str r0, [r1, #0x4C]
	ldr r0, _080014F0 @ =0x08002499
	str r0, [r1, #0x70]
	ldr r0, _080014F4 @ =0x0800103D
	str r0, [r1, #0x74]
	ldr r0, _080014F8 @ =0x08001641
	str r0, [r1, #0x78]
	ldr r0, _080014FC @ =0x08000DC9
	str r0, [r1, #0x7C]
	adds r2, r1, #0x0
	adds r2, #0x80
	ldr r0, _08001500 @ =0x080019F5
	str r0, [r2, #0x00]
	adds r1, #0x84
	ldr r0, _08001504 @ =0x08001A75
	str r0, [r1, #0x00]
	str r5, [r4, #0x1C]
	ldr r0, _08001508 @ =0x08001C89
	str r0, [r4, #0x28]
	ldr r0, _0800150C @ =0x08001BD1
	str r0, [r4, #0x2C]
	ldr r0, _08001510 @ =0x08001B29
	str r0, [r4, #0x30]
	ldr r0, _08001514 @ =0x00000000
	movs r1, #0x00
	strb r0, [r4, #0x0C]
	str r1, [sp, #0x000]
	ldr r2, _08001518 @ =0x05000040
	mov r0, sp
	adds r1, r5, #0x0
	bl sub_08016E10
	movs r0, #0x01
	strb r0, [r5, #0x01]
	movs r0, #0x11
	strb r0, [r5, #0x1C]
	adds r1, r5, #0x0
	adds r1, #0x41
	movs r0, #0x02
	strb r0, [r1, #0x00]
	adds r1, #0x1B
	movs r0, #0x22
	strb r0, [r1, #0x00]
	adds r1, #0x25
	movs r0, #0x03
	strb r0, [r1, #0x00]
	adds r1, #0x1B
	movs r0, #0x44
	strb r0, [r1, #0x00]
	adds r1, #0x24
	movs r0, #0x04
	strb r0, [r1, #0x01]
	movs r0, #0x88
	strb r0, [r1, #0x1C]
	str r6, [r4, #0x00]
	.global _080014BC
_080014BC:
	add sp, #0x004
	pop {r4, r5, r6}
	pop {r0}
	bx r0
	.global _080014C4
_080014C4: .4byte 0x04000084
	.global _080014C8
_080014C8: .4byte 0x04000080
	.global _080014CC
_080014CC: .4byte 0x04000063
	.global _080014D0
_080014D0: .4byte 0x04000070
	.global _080014D4
_080014D4: .4byte 0x0000FF77
	.global _080014D8
_080014D8: .4byte 0x03007FF0
	.global _080014DC
_080014DC: .4byte 0x68736D53
	.global _080014E0
_080014E0: .4byte 0x02001D90
	.global _080014E4
_080014E4: .4byte 0x08002341
	.global _080014E8
_080014E8: .4byte 0x080010A5
	.global _080014EC
_080014EC: .4byte 0x080010B9
	.global _080014F0
_080014F0: .4byte 0x08002499
	.global _080014F4
_080014F4: .4byte 0x0800103D
	.global _080014F8
_080014F8: .4byte sub_08001640
	.global _080014FC
_080014FC: .4byte sub_08000DC8
	.global _08001500
_08001500: .4byte sub_080019F4
	.global _08001504
_08001504: .4byte sub_08001A74
	.global _08001508
_08001508: .4byte 0x08001C89
	.global _0800150C
_0800150C: .4byte 0x08001BD1
	.global _08001510
_08001510: .4byte 0x08001B29
	.global _08001514
_08001514: .4byte 0x00000000
	.global _08001518
_08001518: .4byte 0x05000040
	.byte 0x2A, 0xDF, 0x70, 0x47
	thumb_func_start sub_08001520
sub_08001520:
	push {lr}
	ldr r1, _08001530 @ =0x02001E18
	ldr r1, [r1, #0x00]
	bl _080171F8
	pop {r0}
	bx r0
	.byte 0x00, 0x00
	.global _08001530
_08001530: .4byte 0x02001E18
	thumb_func_start sub_08001534
sub_08001534:
	push {lr}
	ldr r1, _08001544 @ =0x02001E1C
	ldr r1, [r1, #0x00]
	bl _080171F8
	pop {r0}
	bx r0
	.byte 0x00, 0x00
	.global _08001544
_08001544: .4byte 0x02001E1C
	thumb_func_start sub_08001548
sub_08001548:
	push {r4, r5, lr}
	add sp, #-0x004
	adds r5, r0, #0x0
	movs r3, #0x00
	str r3, [r5, #0x00]
	ldr r1, _08001600 @ =0x040000C4
	ldr r0, [r1, #0x00]
	movs r2, #0x80
	lsls r2, r2, #0x12
	ands r0, r2
	cmp r0, #0x00
	beq _08001564
	ldr r0, _08001604 @ =0x84400004
	str r0, [r1, #0x00]
	.global _08001564
_08001564:
	ldr r1, _08001608 @ =0x040000D0
	ldr r0, [r1, #0x00]
	ands r0, r2
	cmp r0, #0x00
	beq _08001572
	ldr r0, _08001604 @ =0x84400004
	str r0, [r1, #0x00]
	.global _08001572
_08001572:
	ldr r0, _0800160C @ =0x040000C6
	movs r2, #0x80
	lsls r2, r2, #0x03
	adds r1, r2, #0x0
	strh r1, [r0, #0x00]
	adds r0, #0x0C
	strh r1, [r0, #0x00]
	ldr r1, _08001610 @ =0x04000084
	movs r0, #0x8F
	strh r0, [r1, #0x00]
	subs r1, #0x02
	ldr r2, _08001614 @ =0x0000A90E
	adds r0, r2, #0x0
	strh r0, [r1, #0x00]
	ldr r2, _08001618 @ =0x04000089
	ldrb r1, [r2, #0x00]
	movs r0, #0x3F
	ands r0, r1
	movs r1, #0x40
	orrs r0, r1
	strb r0, [r2, #0x00]
	ldr r1, _0800161C @ =0x040000BC
	movs r2, #0xD4
	lsls r2, r2, #0x02
	adds r0, r5, r2
	str r0, [r1, #0x00]
	adds r1, #0x04
	ldr r0, _08001620 @ =0x040000A0
	str r0, [r1, #0x00]
	adds r1, #0x08
	movs r2, #0x98
	lsls r2, r2, #0x04
	adds r0, r5, r2
	str r0, [r1, #0x00]
	adds r1, #0x04
	ldr r0, _08001624 @ =0x040000A4
	str r0, [r1, #0x00]
	ldr r0, _08001628 @ =0x03007FF0
	str r5, [r0, #0x00]
	str r3, [sp, #0x000]
	ldr r2, _0800162C @ =0x050003EC
	mov r0, sp
	adds r1, r5, #0x0
	bl sub_08016E10
	movs r0, #0x08
	strb r0, [r5, #0x06]
	movs r0, #0x0F
	strb r0, [r5, #0x07]
	ldr r0, _08001630 @ =0x08000E3D
	str r0, [r5, #0x38]
	ldr r0, _08001634 @ =0x080025B9
	str r0, [r5, #0x28]
	str r0, [r5, #0x2C]
	str r0, [r5, #0x30]
	str r0, [r5, #0x3C]
	ldr r4, _08001638 @ =0x02001D90
	adds r0, r4, #0x0
	bl sub_08000958
	str r4, [r5, #0x34]
	movs r0, #0x80
	lsls r0, r0, #0x0B
	bl sub_08001640
	ldr r0, _0800163C @ =0x68736D53
	str r0, [r5, #0x00]
	add sp, #0x004
	pop {r4, r5}
	pop {r0}
	bx r0
	.global _08001600
_08001600: .4byte 0x040000C4
	.global _08001604
_08001604: .4byte 0x84400004
	.global _08001608
_08001608: .4byte 0x040000D0
	.global _0800160C
_0800160C: .4byte 0x040000C6
	.global _08001610
_08001610: .4byte 0x04000084
	.global _08001614
_08001614: .4byte 0x0000A90E
	.global _08001618
_08001618: .4byte 0x04000089
	.global _0800161C
_0800161C: .4byte 0x040000BC
	.global _08001620
_08001620: .4byte 0x040000A0
	.global _08001624
_08001624: .4byte 0x040000A4
	.global _08001628
_08001628: .4byte 0x03007FF0
	.global _0800162C
_0800162C: .4byte 0x050003EC
	.global _08001630
_08001630: .4byte 0x08000E3D
	.global _08001634
_08001634: .4byte 0x080025B9
	.global _08001638
_08001638: .4byte 0x02001D90
	.global _0800163C
_0800163C: .4byte 0x68736D53
	thumb_func_start sub_08001640
sub_08001640:
	push {r4, r5, r6, lr}
	adds r2, r0, #0x0
	ldr r0, _080016C0 @ =0x03007FF0
	ldr r4, [r0, #0x00]
	movs r0, #0xF0
	lsls r0, r0, #0x0C
	ands r0, r2
	lsrs r2, r0, #0x10
	movs r6, #0x00
	strb r2, [r4, #0x08]
	ldr r1, _080016C4 @ =0x0801D0FC
	subs r0, r2, #0x1
	lsls r0, r0, #0x01
	adds r0, r0, r1
	ldrh r5, [r0, #0x00]
	str r5, [r4, #0x10]
	movs r0, #0xC6
	lsls r0, r0, #0x03
	adds r1, r5, #0x0
	bl sub_08017230
	strb r0, [r4, #0x0B]
	ldr r0, _080016C8 @ =0x00091D1B
	muls r0, r5
	ldr r1, _080016CC @ =0x00001388
	adds r0, r0, r1
	ldr r1, _080016D0 @ =0x00002710
	bl sub_08017230
	adds r1, r0, #0x0
	str r1, [r4, #0x14]
	movs r0, #0x80
	lsls r0, r0, #0x11
	bl sub_08017230
	adds r0, #0x01
	asrs r0, r0, #0x01
	str r0, [r4, #0x18]
	ldr r0, _080016D4 @ =0x04000102
	strh r6, [r0, #0x00]
	ldr r4, _080016D8 @ =0x04000100
	ldr r0, _080016DC @ =0x00044940
	adds r1, r5, #0x0
	bl sub_08017230
	negs r0, r0
	strh r0, [r4, #0x00]
	bl sub_0800184C
	ldr r1, _080016E0 @ =0x04000006
	.global _080016A4
_080016A4:
	ldrb r0, [r1, #0x00]
	cmp r0, #0x9F
	beq _080016A4
	ldr r1, _080016E0 @ =0x04000006
	.global _080016AC
_080016AC:
	ldrb r0, [r1, #0x00]
	cmp r0, #0x9F
	bne _080016AC
	ldr r1, _080016D4 @ =0x04000102
	movs r0, #0x80
	strh r0, [r1, #0x00]
	pop {r4, r5, r6}
	pop {r0}
	bx r0
	.byte 0x00, 0x00
	.global _080016C0
_080016C0: .4byte 0x03007FF0
	.global _080016C4
_080016C4: .4byte 0x0801D0FC
	.global _080016C8
_080016C8: .4byte 0x00091D1B
	.global _080016CC
_080016CC: .4byte 0x00001388
	.global _080016D0
_080016D0: .4byte 0x00002710
	.global _080016D4
_080016D4: .4byte 0x04000102
	.global _080016D8
_080016D8: .4byte 0x04000100
	.global _080016DC
_080016DC: .4byte 0x00044940
	.global _080016E0
_080016E0: .4byte 0x04000006
	thumb_func_start sub_080016E4
sub_080016E4:
	push {r4, r5, lr}
	adds r3, r0, #0x0
	ldr r0, _08001770 @ =0x03007FF0
	ldr r5, [r0, #0x00]
	ldr r1, [r5, #0x00]
	ldr r0, _08001774 @ =0x68736D53
	cmp r1, r0
	bne _0800176A
	adds r0, r1, #0x1
	str r0, [r5, #0x00]
	movs r4, #0xFF
	ands r4, r3
	cmp r4, #0x00
	beq _08001706
	movs r0, #0x7F
	ands r4, r0
	strb r4, [r5, #0x05]
	.global _08001706
_08001706:
	movs r4, #0xF0
	lsls r4, r4, #0x04
	ands r4, r3
	cmp r4, #0x00
	beq _08001726
	lsrs r0, r4, #0x08
	strb r0, [r5, #0x06]
	movs r4, #0x0C
	adds r0, r5, #0x0
	adds r0, #0x50
	movs r1, #0x00
	.global _0800171C
_0800171C:
	strb r1, [r0, #0x00]
	subs r4, #0x01
	adds r0, #0x40
	cmp r4, #0x00
	bne _0800171C
	.global _08001726
_08001726:
	movs r4, #0xF0
	lsls r4, r4, #0x08
	ands r4, r3
	cmp r4, #0x00
	beq _08001734
	lsrs r0, r4, #0x0C
	strb r0, [r5, #0x07]
	.global _08001734
_08001734:
	movs r4, #0xB0
	lsls r4, r4, #0x10
	ands r4, r3
	cmp r4, #0x00
	beq _08001752
	movs r0, #0xC0
	lsls r0, r0, #0x0E
	ands r0, r4
	lsrs r4, r0, #0x0E
	ldr r2, _08001778 @ =0x04000089
	ldrb r1, [r2, #0x00]
	movs r0, #0x3F
	ands r0, r1
	orrs r0, r4
	strb r0, [r2, #0x00]
	.global _08001752
_08001752:
	movs r4, #0xF0
	lsls r4, r4, #0x0C
	ands r4, r3
	cmp r4, #0x00
	beq _08001766
	bl sub_080017D0
	adds r0, r4, #0x0
	bl sub_08001640
	.global _08001766
_08001766:
	ldr r0, _08001774 @ =0x68736D53
	str r0, [r5, #0x00]
	.global _0800176A
_0800176A:
	pop {r4, r5}
	pop {r0}
	bx r0
	.global _08001770
_08001770: .4byte 0x03007FF0
	.global _08001774
_08001774: .4byte 0x68736D53
	.global _08001778
_08001778: .4byte 0x04000089
	.byte 0xF0, 0xB5, 0x12, 0x48, 0x06, 0x68, 0x31, 0x68, 0x11, 0x48, 0x81, 0x42, 0x1B, 0xD1, 0x48, 0x1C
	.byte 0x30, 0x60, 0x0C, 0x25, 0x34, 0x1C, 0x50, 0x34, 0x00, 0x20, 0x20, 0x70, 0x01, 0x3D, 0x40, 0x34
	.byte 0x00, 0x2D, 0xFA, 0xDC, 0xF4, 0x69, 0x00, 0x2C, 0x0B, 0xD0, 0x01, 0x25, 0x00, 0x27, 0x28, 0x06
	.byte 0x00, 0x0E, 0xF1, 0x6A, 0x15, 0xF0, 0x22, 0xFD, 0x27, 0x70, 0x01, 0x35, 0x40, 0x34, 0x04, 0x2D
	.byte 0xF5, 0xDD, 0x03, 0x48, 0x30, 0x60, 0xF0, 0xBC, 0x01, 0xBC, 0x00, 0x47, 0xF0, 0x7F, 0x00, 0x03
	.byte 0x53, 0x6D, 0x73, 0x68
	thumb_func_start sub_080017D0
sub_080017D0:
	push {lr}
	add sp, #-0x004
	ldr r0, _08001830 @ =0x03007FF0
	ldr r2, [r0, #0x00]
	ldr r1, [r2, #0x00]
	ldr r3, _08001834 @ =0x978C92AD
	adds r0, r1, r3
	cmp r0, #0x01
	bhi _08001828
	adds r0, r1, #0x0
	adds r0, #0x0A
	str r0, [r2, #0x00]
	ldr r1, _08001838 @ =0x040000C4
	ldr r0, [r1, #0x00]
	movs r3, #0x80
	lsls r3, r3, #0x12
	ands r0, r3
	cmp r0, #0x00
	beq _080017FA
	ldr r0, _0800183C @ =0x84400004
	str r0, [r1, #0x00]
	.global _080017FA
_080017FA:
	ldr r1, _08001840 @ =0x040000D0
	ldr r0, [r1, #0x00]
	ands r0, r3
	cmp r0, #0x00
	beq _08001808
	ldr r0, _0800183C @ =0x84400004
	str r0, [r1, #0x00]
	.global _08001808
_08001808:
	ldr r0, _08001844 @ =0x040000C6
	movs r3, #0x80
	lsls r3, r3, #0x03
	adds r1, r3, #0x0
	strh r1, [r0, #0x00]
	adds r0, #0x0C
	strh r1, [r0, #0x00]
	movs r0, #0x00
	str r0, [sp, #0x000]
	movs r0, #0xD4
	lsls r0, r0, #0x02
	adds r1, r2, r0
	ldr r2, _08001848 @ =0x05000318
	mov r0, sp
	bl sub_08016E10
	.global _08001828
_08001828:
	add sp, #0x004
	pop {r0}
	bx r0
	.byte 0x00, 0x00
	.global _08001830
_08001830: .4byte 0x03007FF0
	.global _08001834
_08001834: .4byte 0x978C92AD
	.global _08001838
_08001838: .4byte 0x040000C4
	.global _0800183C
_0800183C: .4byte 0x84400004
	.global _08001840
_08001840: .4byte 0x040000D0
	.global _08001844
_08001844: .4byte 0x040000C6
	.global _08001848
_08001848: .4byte 0x05000318
	thumb_func_start sub_0800184C
sub_0800184C:
	push {r4, lr}
	ldr r0, _0800187C @ =0x03007FF0
	ldr r2, [r0, #0x00]
	ldr r3, [r2, #0x00]
	ldr r0, _08001880 @ =0x68736D53
	cmp r3, r0
	beq _08001874
	ldr r0, _08001884 @ =0x040000C6
	movs r4, #0xB6
	lsls r4, r4, #0x08
	adds r1, r4, #0x0
	strh r1, [r0, #0x00]
	adds r0, #0x0C
	strh r1, [r0, #0x00]
	ldrb r0, [r2, #0x04]
	movs r0, #0x00
	strb r0, [r2, #0x04]
	adds r0, r3, #0x0
	subs r0, #0x0A
	str r0, [r2, #0x00]
	.global _08001874
_08001874:
	pop {r4}
	pop {r0}
	bx r0
	.byte 0x00, 0x00
	.global _0800187C
_0800187C: .4byte 0x03007FF0
	.global _08001880
_08001880: .4byte 0x68736D53
	.global _08001884
_08001884: .4byte 0x040000C6
	thumb_func_start sub_08001888
sub_08001888:
	push {r4, r5, r6, r7, lr}
	adds r7, r0, #0x0
	adds r6, r1, #0x0
	lsls r2, r2, #0x18
	lsrs r4, r2, #0x18
	cmp r4, #0x00
	beq _080018EC
	cmp r4, #0x10
	bls _0800189C
	movs r4, #0x10
	.global _0800189C
_0800189C:
	ldr r0, _080018F4 @ =0x03007FF0
	ldr r5, [r0, #0x00]
	ldr r1, [r5, #0x00]
	ldr r0, _080018F8 @ =0x68736D53
	cmp r1, r0
	bne _080018EC
	adds r0, r1, #0x1
	str r0, [r5, #0x00]
	adds r0, r7, #0x0
	bl sub_08001534
	str r6, [r7, #0x2C]
	strb r4, [r7, #0x08]
	movs r0, #0x80
	lsls r0, r0, #0x18
	str r0, [r7, #0x04]
	cmp r4, #0x00
	beq _080018D0
	movs r1, #0x00
	.global _080018C2
_080018C2:
	strb r1, [r6, #0x00]
	subs r0, r4, #0x1
	lsls r0, r0, #0x18
	lsrs r4, r0, #0x18
	adds r6, #0x50
	cmp r4, #0x00
	bne _080018C2
	.global _080018D0
_080018D0:
	ldr r0, [r5, #0x20]
	cmp r0, #0x00
	beq _080018E0
	str r0, [r7, #0x38]
	ldr r0, [r5, #0x24]
	str r0, [r7, #0x3C]
	movs r0, #0x00
	str r0, [r5, #0x20]
	.global _080018E0
_080018E0:
	str r7, [r5, #0x24]
	ldr r0, _080018FC @ =0x08000B69
	str r0, [r5, #0x20]
	ldr r0, _080018F8 @ =0x68736D53
	str r0, [r5, #0x00]
	str r0, [r7, #0x34]
	.global _080018EC
_080018EC:
	pop {r4, r5, r6, r7}
	pop {r0}
	bx r0
	.byte 0x00, 0x00
	.global _080018F4
_080018F4: .4byte 0x03007FF0
	.global _080018F8
_080018F8: .4byte 0x68736D53
	.global _080018FC
_080018FC: .4byte 0x08000B69
	thumb_func_start sub_08001900
sub_08001900:
	push {r4, r5, r6, r7, lr}
	mov r7, r8
	push {r7}
	adds r5, r0, #0x0
	adds r7, r1, #0x0
	ldr r1, [r5, #0x34]
	ldr r0, _080019B0 @ =0x68736D53
	cmp r1, r0
	bne _080019A6
	adds r0, r1, #0x1
	str r0, [r5, #0x34]
	movs r1, #0x00
	str r1, [r5, #0x04]
	str r7, [r5, #0x00]
	ldr r0, [r7, #0x04]
	str r0, [r5, #0x30]
	ldrb r0, [r7, #0x02]
	strb r0, [r5, #0x09]
	str r1, [r5, #0x0C]
	movs r0, #0x96
	strh r0, [r5, #0x1C]
	strh r0, [r5, #0x20]
	adds r0, #0x6A
	strh r0, [r5, #0x1E]
	strh r1, [r5, #0x22]
	strh r1, [r5, #0x24]
	movs r6, #0x00
	ldr r4, [r5, #0x2C]
	ldrb r0, [r7, #0x00]
	cmp r6, r0
	bge _08001972
	ldrb r1, [r5, #0x08]
	cmp r6, r1
	bge _08001992
	mov r8, r6
	.global _08001946
_08001946:
	adds r0, r5, #0x0
	adds r1, r4, #0x0
	bl sub_08000DC8
	movs r0, #0xC0
	strb r0, [r4, #0x00]
	mov r0, r8
	str r0, [r4, #0x20]
	lsls r1, r6, #0x02
	adds r0, r7, #0x0
	adds r0, #0x08
	adds r0, r0, r1
	ldr r0, [r0, #0x00]
	str r0, [r4, #0x40]
	adds r6, #0x01
	adds r4, #0x50
	ldrb r1, [r7, #0x00]
	cmp r6, r1
	bge _08001972
	ldrb r0, [r5, #0x08]
	cmp r6, r0
	blt _08001946
	.global _08001972
_08001972:
	ldrb r1, [r5, #0x08]
	cmp r6, r1
	bge _08001992
	movs r0, #0x00
	mov r8, r0
	.global _0800197C
_0800197C:
	adds r0, r5, #0x0
	adds r1, r4, #0x0
	bl sub_08000DC8
	mov r1, r8
	strb r1, [r4, #0x00]
	adds r6, #0x01
	adds r4, #0x50
	ldrb r0, [r5, #0x08]
	cmp r6, r0
	blt _0800197C
	.global _08001992
_08001992:
	movs r0, #0x80
	ldrb r1, [r7, #0x03]
	ands r0, r1
	cmp r0, #0x00
	beq _080019A2
	ldrb r0, [r7, #0x03]
	bl sub_080016E4
	.global _080019A2
_080019A2:
	ldr r0, _080019B0 @ =0x68736D53
	str r0, [r5, #0x34]
	.global _080019A6
_080019A6:
	pop {r3}
	mov r8, r3
	pop {r4, r5, r6, r7}
	pop {r0}
	bx r0
	.global _080019B0
_080019B0: .4byte 0x68736D53
	thumb_func_start sub_080019B4
sub_080019B4:
	push {r4, r5, r6, lr}
	adds r6, r0, #0x0
	ldr r1, [r6, #0x34]
	ldr r0, _080019F0 @ =0x68736D53
	cmp r1, r0
	bne _080019EA
	adds r0, r1, #0x1
	str r0, [r6, #0x34]
	ldr r0, [r6, #0x04]
	movs r1, #0x80
	lsls r1, r1, #0x18
	orrs r0, r1
	str r0, [r6, #0x04]
	ldrb r4, [r6, #0x08]
	ldr r5, [r6, #0x2C]
	cmp r4, #0x00
	ble _080019E6
	.global _080019D6
_080019D6:
	adds r0, r6, #0x0
	adds r1, r5, #0x0
	bl sub_08000DC8
	subs r4, #0x01
	adds r5, #0x50
	cmp r4, #0x00
	bgt _080019D6
	.global _080019E6
_080019E6:
	ldr r0, _080019F0 @ =0x68736D53
	str r0, [r6, #0x34]
	.global _080019EA
_080019EA:
	pop {r4, r5, r6}
	pop {r0}
	bx r0
	.global _080019F0
_080019F0: .4byte 0x68736D53
	thumb_func_start sub_080019F4
sub_080019F4:
	push {r4, r5, r6, r7, lr}
	adds r6, r0, #0x0
	ldrh r2, [r6, #0x24]
	cmp r2, #0x00
	beq _08001A6E
	ldrh r0, [r6, #0x26]
	subs r0, #0x01
	strh r0, [r6, #0x26]
	ldr r3, _08001A3C @ =0x0000FFFF
	adds r1, r3, #0x0
	lsls r0, r0, #0x10
	cmp r0, #0x00
	bne _08001A6E
	ldrh r0, [r6, #0x28]
	subs r0, #0x10
	strh r0, [r6, #0x28]
	ands r0, r1
	lsls r0, r0, #0x10
	cmp r0, #0x00
	bgt _08001A40
	ldrb r5, [r6, #0x08]
	ldr r4, [r6, #0x2C]
	cmp r5, #0x00
	ble _08001A6E
	movs r7, #0x00
	.global _08001A26
_08001A26:
	adds r0, r6, #0x0
	adds r1, r4, #0x0
	bl sub_08000DC8
	strb r7, [r4, #0x00]
	subs r5, #0x01
	adds r4, #0x50
	cmp r5, #0x00
	bgt _08001A26
	b _08001A6E
	.byte 0x00, 0x00
	.global _08001A3C
_08001A3C: .4byte 0x0000FFFF
	.global _08001A40
_08001A40:
	strh r2, [r6, #0x26]
	ldrb r5, [r6, #0x08]
	ldr r4, [r6, #0x2C]
	cmp r5, #0x00
	ble _08001A6E
	movs r3, #0x80
	movs r7, #0x00
	movs r2, #0x03
	.global _08001A50
_08001A50:
	ldrb r1, [r4, #0x00]
	adds r0, r3, #0x0
	ands r0, r1
	cmp r0, #0x00
	beq _08001A66
	ldrh r7, [r6, #0x28]
	lsrs r0, r7, #0x02
	strb r0, [r4, #0x13]
	adds r0, r1, #0x0
	orrs r0, r2
	strb r0, [r4, #0x00]
	.global _08001A66
_08001A66:
	subs r5, #0x01
	adds r4, #0x50
	cmp r5, #0x00
	bgt _08001A50
	.global _08001A6E
_08001A6E:
	pop {r4, r5, r6, r7}
	pop {r0}
	bx r0
	thumb_func_start sub_08001A74
sub_08001A74:
	push {r4, lr}
	adds r2, r1, #0x0
	movs r0, #0x01
	ldrb r1, [r2, #0x00]
	ands r0, r1
	cmp r0, #0x00
	beq _08001AD8
	ldrb r3, [r2, #0x13]
	ldrb r1, [r2, #0x12]
	adds r0, r3, #0x0
	muls r0, r1
	lsrs r3, r0, #0x05
	ldrb r4, [r2, #0x18]
	cmp r4, #0x01
	bne _08001A9C
	movs r0, #0x16
	ldsb r0, [r2, r0]
	adds r0, #0x80
	muls r0, r3
	lsrs r3, r0, #0x07
	.global _08001A9C
_08001A9C:
	movs r0, #0x14
	ldsb r0, [r2, r0]
	lsls r0, r0, #0x01
	movs r1, #0x15
	ldsb r1, [r2, r1]
	adds r1, r0, r1
	cmp r4, #0x02
	bne _08001AB2
	movs r0, #0x16
	ldsb r0, [r2, r0]
	adds r1, r1, r0
	.global _08001AB2
_08001AB2:
	movs r0, #0x80
	negs r0, r0
	cmp r1, r0
	bge _08001ABE
	adds r1, r0, #0x0
	b _08001AC4
	.global _08001ABE
_08001ABE:
	cmp r1, #0x7F
	ble _08001AC4
	movs r1, #0x7F
	.global _08001AC4
_08001AC4:
	adds r0, r1, #0x0
	adds r0, #0x80
	muls r0, r3
	lsrs r0, r0, #0x08
	strb r0, [r2, #0x10]
	movs r0, #0x7F
	subs r0, r0, r1
	muls r0, r3
	lsrs r0, r0, #0x08
	strb r0, [r2, #0x11]
	.global _08001AD8
_08001AD8:
	ldrb r1, [r2, #0x00]
	movs r0, #0x04
	ands r0, r1
	adds r3, r1, #0x0
	cmp r0, #0x00
	beq _08001B1C
	movs r0, #0x0E
	ldsb r0, [r2, r0]
	ldrb r1, [r2, #0x0F]
	muls r0, r1
	movs r1, #0x0C
	ldsb r1, [r2, r1]
	adds r1, r1, r0
	lsls r1, r1, #0x02
	movs r0, #0x0A
	ldsb r0, [r2, r0]
	lsls r0, r0, #0x08
	adds r1, r1, r0
	movs r0, #0x0B
	ldsb r0, [r2, r0]
	lsls r0, r0, #0x08
	adds r1, r1, r0
	ldrb r0, [r2, #0x0D]
	adds r1, r0, r1
	ldrb r0, [r2, #0x18]
	cmp r0, #0x00
	bne _08001B16
	movs r0, #0x16
	ldsb r0, [r2, r0]
	lsls r0, r0, #0x04
	adds r1, r1, r0
	.global _08001B16
_08001B16:
	asrs r0, r1, #0x08
	strb r0, [r2, #0x08]
	strb r1, [r2, #0x09]
	.global _08001B1C
_08001B1C:
	movs r0, #0xFA
	ands r0, r3
	strb r0, [r2, #0x00]
	pop {r4}
	pop {r0}
	bx r0
	.byte 0xF0, 0xB5, 0x00, 0x06, 0x00, 0x0E, 0x09, 0x06, 0x0D, 0x0E, 0x12, 0x06, 0x12, 0x0E, 0x94, 0x46
	.byte 0x04, 0x28, 0x11, 0xD1, 0x14, 0x2D, 0x01, 0xD8, 0x00, 0x25, 0x06, 0xE0, 0x28, 0x1C, 0x15, 0x38
	.byte 0x00, 0x06, 0x05, 0x0E, 0x3B, 0x2D, 0x00, 0xD9, 0x3B, 0x25, 0x02, 0x48, 0x28, 0x18, 0x00, 0x78
	.byte 0x33, 0xE0, 0x00, 0x00, 0xB0, 0xD1, 0x01, 0x08, 0x23, 0x2D, 0x03, 0xD8, 0x00, 0x20, 0x84, 0x46
	.byte 0x00, 0x25, 0x08, 0xE0, 0x28, 0x1C, 0x24, 0x38, 0x00, 0x06, 0x05, 0x0E, 0x82, 0x2D, 0x02, 0xD9
	.byte 0x82, 0x25, 0xFF, 0x21, 0x8C, 0x46, 0x12, 0x4B, 0xE8, 0x18, 0x06, 0x78, 0x11, 0x4C, 0x0F, 0x22
	.byte 0x30, 0x1C, 0x10, 0x40, 0x40, 0x00, 0x00, 0x19, 0x00, 0x27, 0xC1, 0x5F, 0x30, 0x11, 0x0E, 0x1C
	.byte 0x06, 0x41, 0x68, 0x1C, 0xC0, 0x18, 0x01, 0x78, 0x08, 0x1C, 0x10, 0x40, 0x40, 0x00, 0x00, 0x19
	.byte 0x00, 0x22, 0x80, 0x5E, 0x09, 0x11, 0x08, 0x41, 0x80, 0x1B, 0x67, 0x46, 0x47, 0x43, 0x38, 0x1C
	.byte 0x00, 0x12, 0x30, 0x18, 0x80, 0x21, 0x09, 0x01, 0x40, 0x18, 0xF0, 0xBC, 0x02, 0xBC, 0x08, 0x47
	.byte 0x14, 0xD1, 0x01, 0x08, 0x98, 0xD1, 0x01, 0x08, 0x00, 0x06, 0x00, 0x0E, 0x01, 0x1C, 0x02, 0x28
	.byte 0x0E, 0xD0, 0x02, 0x28, 0x02, 0xDC, 0x01, 0x28, 0x03, 0xD0, 0x13, 0xE0, 0x03, 0x29, 0x0B, 0xD0
	.byte 0x10, 0xE0, 0x02, 0x49, 0x08, 0x20, 0x08, 0x70, 0x02, 0x31, 0x0F, 0xE0, 0x63, 0x00, 0x00, 0x04
	.byte 0x00, 0x49, 0x08, 0xE0, 0x69, 0x00, 0x00, 0x04, 0x01, 0x49, 0x00, 0x20, 0x07, 0xE0, 0x00, 0x00
	.byte 0x70, 0x00, 0x00, 0x04, 0x03, 0x49, 0x08, 0x20, 0x08, 0x70, 0x04, 0x31, 0x80, 0x20, 0x08, 0x70
	.byte 0x70, 0x47, 0x00, 0x00, 0x79, 0x00, 0x00, 0x04
	thumb_func_start sub_08001C20
sub_08001C20:
	push {r4, lr}
	adds r1, r0, #0x0
	ldrb r0, [r1, #0x02]
	lsls r2, r0, #0x18
	lsrs r4, r2, #0x18
	ldrb r3, [r1, #0x03]
	lsls r0, r3, #0x18
	lsrs r3, r0, #0x18
	cmp r4, r3
	bcc _08001C40
	lsrs r0, r2, #0x19
	cmp r0, r3
	bcc _08001C4C
	movs r0, #0x0F
	strb r0, [r1, #0x1B]
	b _08001C5A
	.global _08001C40
_08001C40:
	lsrs r0, r0, #0x19
	cmp r0, r4
	bcc _08001C4C
	movs r0, #0xF0
	strb r0, [r1, #0x1B]
	b _08001C5A
	.global _08001C4C
_08001C4C:
	movs r0, #0xFF
	strb r0, [r1, #0x1B]
	ldrb r2, [r1, #0x03]
	ldrb r3, [r1, #0x02]
	adds r0, r2, r3
	lsrs r0, r0, #0x04
	b _08001C6A
	.global _08001C5A
_08001C5A:
	ldrb r2, [r1, #0x03]
	ldrb r3, [r1, #0x02]
	adds r0, r2, r3
	lsrs r0, r0, #0x04
	strb r0, [r1, #0x0A]
	cmp r0, #0x0F
	bls _08001C6C
	movs r0, #0x0F
	.global _08001C6A
_08001C6A:
	strb r0, [r1, #0x0A]
	.global _08001C6C
_08001C6C:
	ldrb r2, [r1, #0x06]
	ldrb r3, [r1, #0x0A]
	adds r0, r2, #0x0
	muls r0, r3
	adds r0, #0x0F
	asrs r0, r0, #0x04
	strb r0, [r1, #0x19]
	ldrb r0, [r1, #0x1C]
	ldrb r2, [r1, #0x1B]
	ands r0, r2
	strb r0, [r1, #0x1B]
	pop {r4}
	pop {r0}
	bx r0
	.byte 0xF0, 0xB5, 0x57, 0x46, 0x4E, 0x46, 0x45, 0x46, 0xE0, 0xB4, 0x88, 0xB0, 0x04, 0x48, 0x00, 0x68
	.byte 0x01, 0x90, 0x80, 0x7A, 0x00, 0x28, 0x05, 0xD0, 0x01, 0x38, 0x01, 0x99, 0x88, 0x72, 0x04, 0xE0
	.byte 0xF0, 0x7F, 0x00, 0x03, 0x0E, 0x20, 0x01, 0x9A, 0x90, 0x72, 0x01, 0x26, 0x01, 0x98, 0xC4, 0x69
	.byte 0x21, 0x78, 0xC7, 0x20, 0x08, 0x40, 0x72, 0x1C, 0x91, 0x46, 0x40, 0x22, 0x12, 0x19, 0x90, 0x46
	.byte 0x00, 0x28, 0x00, 0xD1, 0xF1, 0xE1, 0x02, 0x2E, 0x16, 0xD0, 0x02, 0x2E, 0x02, 0xDC, 0x01, 0x2E
	.byte 0x03, 0xD0, 0x2D, 0xE0, 0x03, 0x2E, 0x1B, 0xD0, 0x2A, 0xE0, 0x04, 0x48, 0x02, 0x90, 0x04, 0x4F
	.byte 0x04, 0x4A, 0x03, 0x92, 0x04, 0x30, 0x04, 0x90, 0x02, 0x32, 0x29, 0xE0, 0x60, 0x00, 0x00, 0x04
	.byte 0x62, 0x00, 0x00, 0x04, 0x63, 0x00, 0x00, 0x04, 0x02, 0x48, 0x02, 0x90, 0x02, 0x4F, 0x03, 0x4A
	.byte 0x1A, 0xE0, 0x00, 0x00, 0x61, 0x00, 0x00, 0x04, 0x68, 0x00, 0x00, 0x04, 0x69, 0x00, 0x00, 0x04
	.byte 0x04, 0x48, 0x02, 0x90, 0x04, 0x4F, 0x05, 0x4A, 0x03, 0x92, 0x04, 0x30, 0x04, 0x90, 0x02, 0x32
	.byte 0x0E, 0xE0, 0x00, 0x00, 0x70, 0x00, 0x00, 0x04, 0x72, 0x00, 0x00, 0x04, 0x73, 0x00, 0x00, 0x04
	.byte 0x16, 0x48, 0x02, 0x90, 0x16, 0x4F, 0x17, 0x4A, 0x03, 0x92, 0x0B, 0x30, 0x04, 0x90, 0x04, 0x32
	.byte 0x05, 0x92, 0x01, 0x98, 0x80, 0x7A, 0x00, 0x90, 0x0A, 0x1C, 0x80, 0x20, 0x82, 0x46, 0x10, 0x40
	.byte 0x00, 0x28, 0x72, 0xD0, 0x40, 0x23, 0x18, 0x1C, 0x10, 0x40, 0x00, 0x06, 0x05, 0x0E, 0x71, 0x1C
	.byte 0x89, 0x46, 0x40, 0x22, 0x12, 0x19, 0x90, 0x46, 0x00, 0x2D, 0x78, 0xD1, 0x03, 0x20, 0x20, 0x70
	.byte 0x60, 0x77, 0x20, 0x1C, 0x07, 0x93, 0xFF, 0xF7, 0x4F, 0xFF, 0x07, 0x9B, 0x02, 0x2E, 0x11, 0xD0
	.byte 0x02, 0x2E, 0x09, 0xDC, 0x01, 0x2E, 0x0A, 0xD0, 0x38, 0xE0, 0x00, 0x00, 0x71, 0x00, 0x00, 0x04
	.byte 0x78, 0x00, 0x00, 0x04, 0x79, 0x00, 0x00, 0x04, 0x03, 0x2E, 0x09, 0xD0, 0x2E, 0xE0, 0xE0, 0x7F
	.byte 0x02, 0x99, 0x08, 0x70, 0x60, 0x6A, 0x80, 0x01, 0xA2, 0x7F, 0x10, 0x18, 0x38, 0x70, 0x2B, 0xE0
	.byte 0x61, 0x6A, 0xA0, 0x6A, 0x81, 0x42, 0x0F, 0xD0, 0x02, 0x98, 0x03, 0x70, 0x0C, 0x49, 0x62, 0x6A
	.byte 0x10, 0x68, 0x08, 0x60, 0x04, 0x31, 0x50, 0x68, 0x08, 0x60, 0x04, 0x31, 0x90, 0x68, 0x08, 0x60
	.byte 0x04, 0x31, 0xD0, 0x68, 0x08, 0x60, 0xA2, 0x62, 0x02, 0x99, 0x0D, 0x70, 0xA0, 0x7F, 0x38, 0x70
	.byte 0xA0, 0x7F, 0x00, 0x28, 0x06, 0xD0, 0xC0, 0x20, 0xA0, 0x76, 0x21, 0x79, 0x17, 0xE0, 0x00, 0x00
	.byte 0x90, 0x00, 0x00, 0x04, 0x52, 0x46, 0xA2, 0x76, 0x21, 0x79, 0x10, 0xE0, 0xA0, 0x7F, 0x38, 0x70
	.byte 0x60, 0x6A, 0xC0, 0x00, 0x04, 0x99, 0x08, 0x70, 0x21, 0x79, 0x08, 0x1C, 0x08, 0x30, 0x00, 0x06
	.byte 0x00, 0x0E, 0x06, 0x90, 0xA0, 0x7F, 0x00, 0x28, 0x00, 0xD0, 0x40, 0x20, 0xA0, 0x76, 0x00, 0x22
	.byte 0xE1, 0x72, 0xFF, 0x20, 0x08, 0x40, 0x71, 0x1C, 0x89, 0x46, 0x40, 0x21, 0x09, 0x19, 0x88, 0x46
	.byte 0x00, 0x28, 0x00, 0xD1, 0x99, 0xE0, 0x62, 0x72, 0xAE, 0xE0, 0x04, 0x20, 0x10, 0x40, 0x00, 0x28
	.byte 0x14, 0xD0, 0x60, 0x7B, 0x01, 0x38, 0x60, 0x73, 0xFF, 0x22, 0x10, 0x40, 0x00, 0x06, 0x71, 0x1C
	.byte 0x89, 0x46, 0x40, 0x22, 0x12, 0x19, 0x90, 0x46, 0x00, 0x28, 0x00, 0xDD, 0xA5, 0xE0, 0x30, 0x06
	.byte 0x00, 0x0E, 0xFF, 0xF7, 0xB1, 0xFE, 0x00, 0x20, 0x20, 0x70, 0x1C, 0xE1, 0x40, 0x20, 0x08, 0x40
	.byte 0x72, 0x1C, 0x91, 0x46, 0x40, 0x22, 0x12, 0x19, 0x90, 0x46, 0x00, 0x28, 0x16, 0xD0, 0x03, 0x20
	.byte 0x08, 0x40, 0x00, 0x28, 0x12, 0xD0, 0xFC, 0x20, 0x08, 0x40, 0x00, 0x22, 0x20, 0x70, 0xE1, 0x79
	.byte 0xE1, 0x72, 0xFF, 0x20, 0x08, 0x40, 0x00, 0x28, 0x21, 0xD0, 0x01, 0x20, 0x61, 0x7F, 0x08, 0x43
	.byte 0x60, 0x77, 0x03, 0x2E, 0x78, 0xD0, 0xE2, 0x79, 0x06, 0x92, 0x75, 0xE0, 0xE0, 0x7A, 0x00, 0x28
	.byte 0x72, 0xD1, 0x03, 0x2E, 0x03, 0xD1, 0x01, 0x20, 0x61, 0x7F, 0x08, 0x43, 0x60, 0x77, 0x20, 0x1C
	.byte 0xFF, 0xF7, 0xAA, 0xFE, 0x03, 0x20, 0x22, 0x78, 0x10, 0x40, 0x00, 0x28, 0x1D, 0xD1, 0x60, 0x7A
	.byte 0x01, 0x38, 0x60, 0x72, 0xFF, 0x21, 0x08, 0x40, 0x00, 0x06, 0x00, 0x28, 0x13, 0xDC, 0x22, 0x7B
	.byte 0xA1, 0x7A, 0x10, 0x1C, 0x48, 0x43, 0xFF, 0x30, 0x00, 0x12, 0x00, 0x21, 0x60, 0x72, 0x00, 0x06
	.byte 0x00, 0x28, 0xB4, 0xD0, 0x04, 0x20, 0x22, 0x78, 0x10, 0x43, 0x20, 0x70, 0x01, 0x20, 0x61, 0x7F
	.byte 0x08, 0x43, 0x60, 0x77, 0x51, 0xE0, 0xE0, 0x79, 0x45, 0xE0, 0x01, 0x28, 0x03, 0xD1, 0x60, 0x7E
	.byte 0x60, 0x72, 0x07, 0x20, 0x3F, 0xE0, 0x02, 0x28, 0x1F, 0xD1, 0x60, 0x7A, 0x01, 0x38, 0x60, 0x72
	.byte 0xFF, 0x22, 0x10, 0x40, 0x00, 0x06, 0x62, 0x7E, 0x11, 0x06, 0x88, 0x42, 0x13, 0xDC, 0xA0, 0x79
	.byte 0x00, 0x28, 0x04, 0xD1, 0xFC, 0x20, 0x21, 0x78, 0x08, 0x40, 0x20, 0x70, 0xCF, 0xE7, 0x20, 0x78
	.byte 0x01, 0x38, 0x20, 0x70, 0x01, 0x20, 0x62, 0x7F, 0x10, 0x43, 0x60, 0x77, 0x03, 0x2E, 0xDE, 0xD0
	.byte 0x08, 0x20, 0x06, 0x90, 0xDB, 0xE7, 0x60, 0x79, 0x1D, 0xE0, 0x60, 0x7A, 0x01, 0x30, 0x60, 0x72
	.byte 0xFF, 0x21, 0x08, 0x40, 0xA2, 0x7A, 0x90, 0x42, 0x14, 0xD3, 0x20, 0x78, 0x01, 0x38, 0x00, 0x22
	.byte 0x20, 0x70, 0x61, 0x79, 0xE1, 0x72, 0xFF, 0x20, 0x08, 0x40, 0x00, 0x28, 0xD7, 0xD0, 0x01, 0x20
	.byte 0x61, 0x7F, 0x08, 0x43, 0x60, 0x77, 0xA0, 0x7A, 0x60, 0x72, 0x03, 0x2E, 0x04, 0xD0, 0x62, 0x79
	.byte 0x06, 0x92, 0x01, 0xE0, 0x20, 0x79, 0xE0, 0x72, 0xE0, 0x7A, 0x01, 0x38, 0xE0, 0x72, 0x00, 0x98
	.byte 0x00, 0x28, 0x02, 0xD1, 0x01, 0x38, 0x00, 0x90, 0x80, 0xE7, 0x02, 0x20, 0x61, 0x7F, 0x08, 0x40
	.byte 0x00, 0x28, 0x36, 0xD0, 0x03, 0x2E, 0x18, 0xDC, 0x08, 0x20, 0x62, 0x78, 0x10, 0x40, 0x00, 0x28
	.byte 0x13, 0xD0, 0x04, 0x48, 0x00, 0x78, 0x3F, 0x28, 0x08, 0xDC, 0x20, 0x6A, 0x02, 0x30, 0x02, 0x49
	.byte 0x09, 0xE0, 0x00, 0x00, 0x89, 0x00, 0x00, 0x04, 0xFC, 0x07, 0x00, 0x00, 0x7F, 0x28, 0x04, 0xDC
	.byte 0x20, 0x6A, 0x01, 0x30, 0x04, 0x49, 0x08, 0x40, 0x20, 0x62, 0x04, 0x2E, 0x06, 0xD0, 0x20, 0x6A
	.byte 0x04, 0x99, 0x08, 0x70, 0x09, 0xE0, 0x00, 0x00, 0xFE, 0x07, 0x00, 0x00, 0x04, 0x9A, 0x10, 0x78
	.byte 0x08, 0x21, 0x01, 0x40, 0x20, 0x6A, 0x08, 0x43, 0x10, 0x70, 0xC0, 0x20, 0xA1, 0x7E, 0x08, 0x40
	.byte 0x21, 0x1C, 0x21, 0x31, 0x09, 0x78, 0x08, 0x18, 0xA0, 0x76, 0xFF, 0x22, 0x10, 0x40, 0x05, 0x99
	.byte 0x08, 0x70, 0x01, 0x20, 0x62, 0x7F, 0x10, 0x40, 0x00, 0x28, 0x3C, 0xD0, 0x0F, 0x49, 0x08, 0x78
	.byte 0x22, 0x7F, 0x90, 0x43, 0xE2, 0x7E, 0x10, 0x43, 0x08, 0x70, 0x03, 0x2E, 0x1A, 0xD1, 0x0C, 0x48
	.byte 0x61, 0x7A, 0x08, 0x18, 0x00, 0x78, 0x03, 0x9A, 0x10, 0x70, 0x80, 0x21, 0x08, 0x1C, 0xA2, 0x7E
	.byte 0x10, 0x40, 0x00, 0x28, 0x27, 0xD0, 0x02, 0x98, 0x01, 0x70, 0xA0, 0x7E, 0x05, 0x99, 0x08, 0x70
	.byte 0x7F, 0x20, 0xA2, 0x7E, 0x10, 0x40, 0xA0, 0x76, 0x1D, 0xE0, 0x00, 0x00, 0x81, 0x00, 0x00, 0x04
	.byte 0xEC, 0xD1, 0x01, 0x08, 0x0F, 0x20, 0x06, 0x99, 0x08, 0x40, 0x62, 0x7A, 0x11, 0x01, 0x40, 0x18
	.byte 0x03, 0x99, 0x08, 0x70, 0x80, 0x22, 0xA0, 0x7E, 0x10, 0x43, 0x05, 0x99, 0x08, 0x70, 0x01, 0x2E
	.byte 0x09, 0xD1, 0x02, 0x98, 0x01, 0x78, 0x08, 0x20, 0x08, 0x40, 0x00, 0x28, 0x03, 0xD1, 0xA0, 0x7E
	.byte 0x10, 0x43, 0x05, 0x99, 0x08, 0x70, 0x00, 0x20, 0x60, 0x77, 0x4E, 0x46, 0x44, 0x46, 0x04, 0x2E
	.byte 0x00, 0xDC, 0xFD, 0xE5, 0x08, 0xB0, 0x38, 0xBC, 0x98, 0x46, 0xA1, 0x46, 0xAA, 0x46, 0xF0, 0xBC
	.byte 0x01, 0xBC, 0x00, 0x47, 0x10, 0xB5, 0x02, 0x1C, 0x09, 0x04, 0x09, 0x0C, 0x53, 0x6B, 0x06, 0x48
	.byte 0x83, 0x42, 0x05, 0xD1, 0xD1, 0x83, 0x94, 0x8B, 0x08, 0x1C, 0x60, 0x43, 0x00, 0x12, 0x10, 0x84
	.byte 0x10, 0xBC, 0x01, 0xBC, 0x00, 0x47, 0x00, 0x00, 0x53, 0x6D, 0x73, 0x68, 0xF0, 0xB5, 0x4F, 0x46
	.byte 0x46, 0x46, 0xC0, 0xB4, 0x04, 0x1C, 0x09, 0x04, 0x0F, 0x0C, 0x16, 0x04, 0x63, 0x6B, 0x14, 0x48
	.byte 0x83, 0x42, 0x1F, 0xD1, 0x58, 0x1C, 0x60, 0x63, 0x22, 0x7A, 0xE1, 0x6A, 0x01, 0x25, 0x00, 0x2A
	.byte 0x16, 0xDD, 0x80, 0x20, 0x80, 0x46, 0xB6, 0x0C, 0x03, 0x20, 0x84, 0x46, 0x38, 0x1C, 0x28, 0x40
	.byte 0x00, 0x28, 0x08, 0xD0, 0x0B, 0x78, 0x40, 0x46, 0x18, 0x40, 0x00, 0x28, 0x03, 0xD0, 0xCE, 0x74
	.byte 0x60, 0x46, 0x18, 0x43, 0x08, 0x70, 0x01, 0x3A, 0x50, 0x31, 0x6D, 0x00, 0x00, 0x2A, 0xED, 0xDC
	.byte 0x03, 0x48, 0x60, 0x63, 0x18, 0xBC, 0x98, 0x46, 0xA1, 0x46, 0xF0, 0xBC, 0x01, 0xBC, 0x00, 0x47
	.byte 0x53, 0x6D, 0x73, 0x68
	thumb_func_start sub_0800215C
sub_0800215C:
	push {r4, r5, r6, r7, lr}
	mov r7, r10
	mov r6, r9
	mov r5, r8
	push {r5, r6, r7}
	adds r4, r0, #0x0
	lsls r1, r1, #0x10
	lsrs r1, r1, #0x10
	mov r12, r1
	lsls r2, r2, #0x10
	lsrs r6, r2, #0x10
	ldr r3, [r4, #0x34]
	ldr r0, _080021CC @ =0x68736D53
	cmp r3, r0
	bne _080021BE
	adds r0, r3, #0x1
	str r0, [r4, #0x34]
	ldrb r2, [r4, #0x08]
	ldr r3, [r4, #0x2C]
	movs r5, #0x01
	cmp r2, #0x00
	ble _080021BA
	movs r0, #0x80
	mov r9, r0
	lsls r0, r6, #0x10
	asrs r7, r0, #0x18
	movs r0, #0x0C
	mov r8, r0
	.global _08002194
_08002194:
	mov r0, r12
	ands r0, r5
	cmp r0, #0x00
	beq _080021B0
	ldrb r1, [r3, #0x00]
	mov r0, r9
	ands r0, r1
	cmp r0, #0x00
	beq _080021B0
	strb r7, [r3, #0x0B]
	strb r6, [r3, #0x0D]
	mov r0, r8
	orrs r0, r1
	strb r0, [r3, #0x00]
	.global _080021B0
_080021B0:
	subs r2, #0x01
	adds r3, #0x50
	lsls r5, r5, #0x01
	cmp r2, #0x00
	bgt _08002194
	.global _080021BA
_080021BA:
	ldr r0, _080021CC @ =0x68736D53
	str r0, [r4, #0x34]
	.global _080021BE
_080021BE:
	pop {r3, r4, r5}
	mov r8, r3
	mov r9, r4
	mov r10, r5
	pop {r4, r5, r6, r7}
	pop {r0}
	bx r0
	.global _080021CC
_080021CC: .4byte 0x68736D53
	.byte 0xF0, 0xB5, 0x4F, 0x46, 0x46, 0x46, 0xC0, 0xB4, 0x04, 0x1C, 0x09, 0x04, 0x0F, 0x0C, 0x12, 0x06
	.byte 0x16, 0x0E, 0x63, 0x6B, 0x13, 0x48, 0x83, 0x42, 0x1E, 0xD1, 0x58, 0x1C, 0x60, 0x63, 0x22, 0x7A
	.byte 0xE1, 0x6A, 0x01, 0x25, 0x00, 0x2A, 0x15, 0xDD, 0x80, 0x20, 0x80, 0x46, 0x03, 0x20, 0x84, 0x46
	.byte 0x38, 0x1C, 0x28, 0x40, 0x00, 0x28, 0x08, 0xD0, 0x0B, 0x78, 0x40, 0x46, 0x18, 0x40, 0x00, 0x28
	.byte 0x03, 0xD0, 0x4E, 0x75, 0x60, 0x46, 0x18, 0x43, 0x08, 0x70, 0x01, 0x3A, 0x50, 0x31, 0x6D, 0x00
	.byte 0x00, 0x2A, 0xED, 0xDC, 0x03, 0x48, 0x60, 0x63, 0x18, 0xBC, 0x98, 0x46, 0xA1, 0x46, 0xF0, 0xBC
	.byte 0x01, 0xBC, 0x00, 0x47, 0x53, 0x6D, 0x73, 0x68, 0x01, 0x1C, 0x00, 0x22, 0x00, 0x20, 0x88, 0x76
	.byte 0x88, 0x75, 0x08, 0x7E, 0x00, 0x28, 0x01, 0xD1, 0x0C, 0x20, 0x00, 0xE0, 0x03, 0x20, 0x0A, 0x78
	.byte 0x10, 0x43, 0x08, 0x70, 0x70, 0x47, 0x00, 0x00, 0xF0, 0xB5, 0x57, 0x46, 0x4E, 0x46, 0x45, 0x46
	.byte 0xE0, 0xB4, 0x06, 0x1C, 0x09, 0x04, 0x09, 0x0C, 0x8A, 0x46, 0x12, 0x06, 0x12, 0x0E, 0x90, 0x46
	.byte 0x71, 0x6B, 0x15, 0x48, 0x81, 0x42, 0x1F, 0xD1, 0x48, 0x1C, 0x70, 0x63, 0x35, 0x7A, 0xF4, 0x6A
	.byte 0x01, 0x27, 0x00, 0x2D, 0x16, 0xDD, 0xC1, 0x46, 0x50, 0x46, 0x38, 0x40, 0x00, 0x28, 0x0C, 0xD0
	.byte 0x80, 0x20, 0x21, 0x78, 0x08, 0x40, 0x00, 0x28, 0x07, 0xD0, 0x40, 0x46, 0xE0, 0x75, 0x49, 0x46
	.byte 0x00, 0x29, 0x02, 0xD1, 0x20, 0x1C, 0xFF, 0xF7, 0xC7, 0xFF, 0x01, 0x3D, 0x50, 0x34, 0x7F, 0x00
	.byte 0x00, 0x2D, 0xE9, 0xDC, 0x04, 0x48, 0x70, 0x63, 0x38, 0xBC, 0x98, 0x46, 0xA1, 0x46, 0xAA, 0x46
	.byte 0xF0, 0xBC, 0x01, 0xBC, 0x00, 0x47, 0x00, 0x00, 0x53, 0x6D, 0x73, 0x68, 0xF0, 0xB5, 0x57, 0x46
	.byte 0x4E, 0x46, 0x45, 0x46, 0xE0, 0xB4, 0x06, 0x1C, 0x09, 0x04, 0x09, 0x0C, 0x8A, 0x46, 0x12, 0x06
	.byte 0x12, 0x0E, 0x90, 0x46, 0x71, 0x6B, 0x15, 0x48, 0x81, 0x42, 0x1F, 0xD1, 0x48, 0x1C, 0x70, 0x63
	.byte 0x35, 0x7A, 0xF4, 0x6A, 0x01, 0x27, 0x00, 0x2D, 0x16, 0xDD, 0xC1, 0x46, 0x50, 0x46, 0x38, 0x40
	.byte 0x00, 0x28, 0x0C, 0xD0, 0x80, 0x20, 0x21, 0x78, 0x08, 0x40, 0x00, 0x28, 0x07, 0xD0, 0x40, 0x46
	.byte 0x60, 0x76, 0x49, 0x46, 0x00, 0x29, 0x02, 0xD1, 0x20, 0x1C, 0xFF, 0xF7, 0x8D, 0xFF, 0x01, 0x3D
	.byte 0x50, 0x34, 0x7F, 0x00, 0x00, 0x2D, 0xE9, 0xDC, 0x04, 0x48, 0x70, 0x63, 0x38, 0xBC, 0x98, 0x46
	.byte 0xA1, 0x46, 0xAA, 0x46, 0xF0, 0xBC, 0x01, 0xBC, 0x00, 0x47, 0x00, 0x00, 0x53, 0x6D, 0x73, 0x68
	.byte 0x70, 0xB5, 0x04, 0x1C, 0x0E, 0x1C, 0x31, 0x6C, 0x0D, 0x78, 0x4A, 0x1C, 0x32, 0x64, 0xA0, 0x69
	.byte 0x49, 0x78, 0x0B, 0x18, 0x50, 0x1C, 0x30, 0x64, 0x52, 0x78, 0x01, 0x30, 0x30, 0x64, 0x11, 0x2D
	.byte 0x00, 0xD9, 0x96, 0xE0, 0xA8, 0x00, 0x02, 0x49, 0x40, 0x18, 0x00, 0x68, 0x87, 0x46, 0x00, 0x00
	.byte 0x74, 0x23, 0x00, 0x08, 0xBC, 0x23, 0x00, 0x08, 0xC0, 0x23, 0x00, 0x08, 0xC8, 0x23, 0x00, 0x08
	.byte 0xD0, 0x23, 0x00, 0x08, 0xDA, 0x23, 0x00, 0x08, 0xE8, 0x23, 0x00, 0x08, 0xF6, 0x23, 0x00, 0x08
	.byte 0xFE, 0x23, 0x00, 0x08, 0x06, 0x24, 0x00, 0x08, 0x0E, 0x24, 0x00, 0x08, 0x16, 0x24, 0x00, 0x08
	.byte 0x1E, 0x24, 0x00, 0x08, 0x26, 0x24, 0x00, 0x08, 0x34, 0x24, 0x00, 0x08, 0x42, 0x24, 0x00, 0x08
	.byte 0x50, 0x24, 0x00, 0x08, 0x5E, 0x24, 0x00, 0x08, 0x6C, 0x24, 0x00, 0x08, 0x1A, 0x70, 0x68, 0xE0
	.byte 0x19, 0x78, 0x88, 0x18, 0x18, 0x70, 0x64, 0xE0, 0x19, 0x78, 0x88, 0x1A, 0x18, 0x70, 0x60, 0xE0
	.byte 0xA0, 0x69, 0x80, 0x18, 0x00, 0x78, 0x18, 0x70, 0x5B, 0xE0, 0xA0, 0x69, 0x80, 0x18, 0x19, 0x78
	.byte 0x00, 0x78, 0x08, 0x18, 0x18, 0x70, 0x54, 0xE0, 0xA0, 0x69, 0x80, 0x18, 0x19, 0x78, 0x00, 0x78
	.byte 0x08, 0x1A, 0x18, 0x70, 0x4D, 0xE0, 0x1B, 0x78, 0x93, 0x42, 0x3D, 0xD0, 0x46, 0xE0, 0x1B, 0x78
	.byte 0x93, 0x42, 0x39, 0xD1, 0x42, 0xE0, 0x1B, 0x78, 0x93, 0x42, 0x35, 0xD8, 0x3E, 0xE0, 0x1B, 0x78
	.byte 0x93, 0x42, 0x31, 0xD2, 0x3A, 0xE0, 0x1B, 0x78, 0x93, 0x42, 0x2D, 0xD9, 0x36, 0xE0, 0x1B, 0x78
	.byte 0x93, 0x42, 0x29, 0xD3, 0x32, 0xE0, 0xA0, 0x69, 0x80, 0x18, 0x1B, 0x78, 0x00, 0x78, 0x83, 0x42
	.byte 0x22, 0xD0, 0x2B, 0xE0, 0xA0, 0x69, 0x80, 0x18, 0x1B, 0x78, 0x00, 0x78, 0x83, 0x42, 0x1B, 0xD1
	.byte 0x24, 0xE0, 0xA0, 0x69, 0x80, 0x18, 0x1B, 0x78, 0x00, 0x78, 0x83, 0x42, 0x14, 0xD8, 0x1D, 0xE0
	.byte 0xA0, 0x69, 0x80, 0x18, 0x1B, 0x78, 0x00, 0x78, 0x83, 0x42, 0x0D, 0xD2, 0x16, 0xE0, 0xA0, 0x69
	.byte 0x80, 0x18, 0x1B, 0x78, 0x00, 0x78, 0x83, 0x42, 0x06, 0xD9, 0x0F, 0xE0, 0xA0, 0x69, 0x80, 0x18
	.byte 0x1B, 0x78, 0x00, 0x78, 0x83, 0x42, 0x09, 0xD2, 0x03, 0x48, 0x02, 0x68, 0x20, 0x1C, 0x31, 0x1C
	.byte 0x14, 0xF0, 0xBC, 0xFE, 0x05, 0xE0, 0x00, 0x00, 0x94, 0x1D, 0x00, 0x02, 0x30, 0x6C, 0x04, 0x30
	.byte 0x30, 0x64, 0x70, 0xBC, 0x01, 0xBC, 0x00, 0x47, 0x00, 0xB5, 0x0A, 0x6C, 0x13, 0x78, 0x01, 0x32
	.byte 0x0A, 0x64, 0x04, 0x4A, 0x9B, 0x00, 0x9B, 0x18, 0x1A, 0x68, 0x14, 0xF0, 0xA7, 0xFE, 0x01, 0xBC
	.byte 0x00, 0x47, 0x00, 0x00, 0x30, 0xD2, 0x01, 0x08, 0x00, 0xB5, 0x03, 0x4A, 0x12, 0x68, 0x14, 0xF0
	.byte 0x9D, 0xFE, 0x01, 0xBC, 0x00, 0x47, 0x00, 0x00, 0x90, 0x1D, 0x00, 0x02, 0x10, 0xB5, 0x0A, 0x6C
	.byte 0x0C, 0x48, 0x04, 0x40, 0x10, 0x78, 0x04, 0x43, 0x50, 0x78, 0x03, 0x02, 0x0A, 0x48, 0x04, 0x40
	.byte 0x1C, 0x43, 0x90, 0x78, 0x03, 0x04, 0x09, 0x48, 0x04, 0x40, 0x1C, 0x43, 0xD0, 0x78, 0x03, 0x06
	.byte 0x07, 0x48, 0x04, 0x40, 0x1C, 0x43, 0x8C, 0x62, 0x04, 0x32, 0x0A, 0x64, 0x10, 0xBC, 0x01, 0xBC
	.byte 0x00, 0x47, 0x00, 0x00, 0x00, 0xFF, 0xFF, 0xFF, 0xFF, 0x00, 0xFF, 0xFF, 0xFF, 0xFF, 0x00, 0xFF
	.byte 0xFF, 0xFF, 0xFF, 0x00, 0x08, 0x6C, 0x02, 0x78, 0x08, 0x1C, 0x24, 0x30, 0x02, 0x70, 0x08, 0x6C
	.byte 0x01, 0x30, 0x08, 0x64, 0x70, 0x47, 0x00, 0x00, 0x08, 0x6C, 0x02, 0x78, 0x08, 0x1C, 0x2C, 0x30
	.byte 0x02, 0x70, 0x08, 0x6C, 0x01, 0x30, 0x08, 0x64, 0x70, 0x47, 0x00, 0x00, 0x08, 0x6C, 0x00, 0x78
	.byte 0x0A, 0x1C, 0x2D, 0x32, 0x10, 0x70, 0x08, 0x6C, 0x01, 0x30, 0x08, 0x64, 0x70, 0x47, 0x00, 0x00
	.byte 0x08, 0x6C, 0x00, 0x78, 0x0A, 0x1C, 0x2E, 0x32, 0x10, 0x70, 0x08, 0x6C, 0x01, 0x30, 0x08, 0x64
	.byte 0x70, 0x47, 0x00, 0x00, 0x08, 0x6C, 0x00, 0x78, 0x0A, 0x1C, 0x2F, 0x32, 0x10, 0x70, 0x08, 0x6C
	.byte 0x01, 0x30, 0x08, 0x64, 0x70, 0x47, 0x00, 0x00, 0x08, 0x6C, 0x02, 0x78, 0x8A, 0x77, 0x01, 0x30
	.byte 0x08, 0x64, 0x70, 0x47, 0x08, 0x6C, 0x02, 0x78, 0xCA, 0x77, 0x01, 0x30, 0x08, 0x64, 0x70, 0x47
	.byte 0x08, 0x6C, 0x00, 0x78, 0x0A, 0x1C, 0x26, 0x32, 0x10, 0x70, 0x08, 0x6C, 0x01, 0x30, 0x08, 0x64
	.byte 0x70, 0x47, 0x00, 0x00, 0x08, 0x6C, 0x00, 0x78, 0x0A, 0x1C, 0x27, 0x32, 0x10, 0x70, 0x08, 0x6C
	.byte 0x01, 0x30, 0x08, 0x64, 0x70, 0x47, 0x00, 0x00, 0x70, 0x47, 0x00, 0x00
	thumb_func_start sub_080025BC
sub_080025BC:
	ldr r1, _080025EC @ =0x0000FFFF
	ands r1, r0
	ldr r2, _080025F0 @ =0x000041A7
	muls r1, r2
	lsrs r0, r0, #0x10
	muls r2, r0
	ldr r0, _080025F4 @ =0x00007FFF
	ands r0, r2
	lsls r0, r0, #0x10
	adds r1, r1, r0
	cmp r1, #0x00
	bge _080025DA
	ldr r0, _080025F8 @ =0x7FFFFFFF
	ands r1, r0
	adds r1, #0x01
	.global _080025DA
_080025DA:
	lsrs r0, r2, #0x0F
	adds r1, r1, r0
	cmp r1, #0x00
	bge _080025E8
	ldr r0, _080025F8 @ =0x7FFFFFFF
	ands r1, r0
	adds r1, #0x01
	.global _080025E8
_080025E8:
	adds r0, r1, #0x0
	bx lr
	.global _080025EC
_080025EC: .4byte 0x0000FFFF
	.global _080025F0
_080025F0: .4byte 0x000041A7
	.global _080025F4
_080025F4: .4byte 0x00007FFF
	.global _080025F8
_080025F8: .4byte 0x7FFFFFFF
	thumb_func_start sub_080025FC
sub_080025FC:
	push {r4, lr}
	ldr r4, _08002614 @ =0x020020D4
	ldr r0, [r4, #0x00]
	bl sub_080025BC
	str r0, [r4, #0x00]
	lsls r0, r0, #0x18
	lsrs r0, r0, #0x18
	pop {r4}
	pop {r1}
	bx r1
	.byte 0x00, 0x00
	.global _08002614
_08002614: .4byte 0x020020D4
	.byte 0x01, 0x1C, 0x03, 0x4A, 0x00, 0x29, 0x07, 0xD0, 0x02, 0x48, 0x08, 0x40, 0x05, 0xE0, 0x00, 0x00
	.byte 0xD4, 0x20, 0x00, 0x02, 0xFF, 0xFF, 0xFF, 0x7F, 0x01, 0x20, 0x10, 0x60, 0x70, 0x47, 0x00, 0x00
	thumb_func_start sub_08002638
sub_08002638:
	push {r4, r5, r6, lr}
	mov r6, r9
	mov r5, r8
	push {r5, r6}
	movs r0, #0x01
	bl sub_08016E2C
	ldr r0, _080026DC @ =0x04000128
	movs r1, #0x00
	mov r9, r1
	movs r2, #0x00
	mov r8, r2
	mov r1, r8
	strh r1, [r0, #0x02]
	bl sub_08000380
	ldr r6, _080026E0 @ =0x04000200
	mov r2, r8
	strh r2, [r6, #0x00]
	ldr r1, _080026E4 @ =0x04000208
	movs r0, #0x01
	strh r0, [r1, #0x00]
	ldr r5, _080026E8 @ =0x04000004
	movs r4, #0x08
	strh r4, [r5, #0x00]
	bl sub_0800048C
	ldr r0, _080026EC @ =0x020020B4
	mov r1, r9
	strb r1, [r0, #0x00]
	ldr r0, _080026F0 @ =0x0800306D
	bl sub_080003F8
	ldr r2, _080026F4 @ =0x00002001
	adds r0, r2, #0x0
	strh r0, [r6, #0x00]
	strh r4, [r5, #0x00]
	ldr r0, _080026F8 @ =0x00007FFF
	bl sub_08003F4C
	movs r0, #0x00
	movs r1, #0x32
	bl sub_0800420C
	bl sub_08000458
	ldr r1, _080026FC @ =0x0400000E
	ldr r2, _08002700 @ =0x00003D0B
	adds r0, r2, #0x0
	strh r0, [r1, #0x00]
	subs r1, #0x02
	ldr r2, _08002704 @ =0x00001E01
	adds r0, r2, #0x0
	strh r0, [r1, #0x00]
	subs r1, #0x02
	ldr r2, _08002708 @ =0x00001F02
	adds r0, r2, #0x0
	strh r0, [r1, #0x00]
	subs r1, #0x02
	ldr r2, _0800270C @ =0x00001C0C
	adds r0, r2, #0x0
	strh r0, [r1, #0x00]
	adds r1, #0x4A
	ldr r2, _08002710 @ =0x00000808
	adds r0, r2, #0x0
	strh r0, [r1, #0x00]
	subs r1, #0x02
	subs r2, #0xC8
	adds r0, r2, #0x0
	strh r0, [r1, #0x00]
	subs r1, #0x50
	movs r2, #0xEA
	lsls r2, r2, #0x05
	adds r0, r2, #0x0
	strh r0, [r1, #0x00]
	ldr r0, _08002714 @ =0x02002124
	mov r1, r8
	strh r1, [r0, #0x00]
	.global _080026D4
_080026D4:
	bl sub_08015364
	b _080026D4
	.byte 0x00, 0x00
	.global _080026DC
_080026DC: .4byte 0x04000128
	.global _080026E0
_080026E0: .4byte 0x04000200
	.global _080026E4
_080026E4: .4byte 0x04000208
	.global _080026E8
_080026E8: .4byte 0x04000004
	.global _080026EC
_080026EC: .4byte 0x020020B4
	.global _080026F0
_080026F0: .4byte 0x0800306D
	.global _080026F4
_080026F4: .4byte 0x00002001
	.global _080026F8
_080026F8: .4byte 0x00007FFF
	.global _080026FC
_080026FC: .4byte 0x0400000E
	.global _08002700
_08002700: .4byte 0x00003D0B
	.global _08002704
_08002704: .4byte 0x00001E01
	.global _08002708
_08002708: .4byte 0x00001F02
	.global _0800270C
_0800270C: .4byte 0x00001C0C
	.global _08002710
_08002710: .4byte 0x00000808
	.global _08002714
_08002714: .4byte 0x02002124
	.global _08002718
_08002718:
	.byte 0x04, 0x48, 0x00, 0x78, 0x0B, 0x28, 0x00, 0xD9, 0xF2, 0xE0, 0x80, 0x00, 0x02, 0x49, 0x40, 0x18
	.byte 0x00, 0x68, 0x87, 0x46, 0xCC, 0x20, 0x00, 0x02, 0x34, 0x27, 0x00, 0x08, 0x64, 0x27, 0x00, 0x08
	.byte 0x88, 0x27, 0x00, 0x08, 0xB0, 0x27, 0x00, 0x08, 0xD8, 0x27, 0x00, 0x08, 0x00, 0x28, 0x00, 0x08
	.byte 0x28, 0x28, 0x00, 0x08, 0x50, 0x28, 0x00, 0x08, 0x78, 0x28, 0x00, 0x08, 0xA0, 0x28, 0x00, 0x08
	.byte 0xC8, 0x28, 0x00, 0x08, 0xF0, 0x28, 0x00, 0x08, 0xF0, 0x28, 0x00, 0x08, 0x05, 0x49, 0x06, 0x4A
	.byte 0x10, 0x1C, 0x08, 0x80, 0x02, 0x39, 0xF6, 0x32, 0x10, 0x1C, 0x08, 0x80, 0x02, 0x39, 0x03, 0x4A
	.byte 0xC4, 0xE0, 0x00, 0x00, 0x0E, 0x00, 0x00, 0x04, 0x0B, 0x1D, 0x00, 0x00, 0x02, 0x1F, 0x00, 0x00
	.byte 0x05, 0x49, 0x06, 0x4A, 0x10, 0x1C, 0x08, 0x80, 0x02, 0x39, 0x05, 0x4A, 0x10, 0x1C, 0x08, 0x80
	.byte 0x02, 0x39, 0x04, 0x4A, 0xB2, 0xE0, 0x00, 0x00, 0x0E, 0x00, 0x00, 0x04, 0x0B, 0x3D, 0x00, 0x00
	.byte 0x01, 0x1E, 0x00, 0x00, 0x02, 0x1F, 0x00, 0x00, 0x05, 0x49, 0x06, 0x4A, 0x10, 0x1C, 0x08, 0x80
	.byte 0x02, 0x39, 0x05, 0x4A, 0x10, 0x1C, 0x08, 0x80, 0x02, 0x39, 0x04, 0x4A, 0x9E, 0xE0, 0x00, 0x00
	.byte 0x0E, 0x00, 0x00, 0x04, 0x0B, 0x3D, 0x00, 0x00, 0x01, 0x1E, 0x00, 0x00, 0x02, 0x1F, 0x00, 0x00
	.byte 0x05, 0x49, 0x06, 0x4A, 0x10, 0x1C, 0x08, 0x80, 0x02, 0x39, 0x05, 0x4A, 0x10, 0x1C, 0x08, 0x80
	.byte 0x02, 0x39, 0x04, 0x4A, 0x8A, 0xE0, 0x00, 0x00, 0x0E, 0x00, 0x00, 0x04, 0x0B, 0x3D, 0x00, 0x00
	.byte 0x01, 0x1E, 0x00, 0x00, 0x02, 0x1F, 0x00, 0x00, 0x05, 0x49, 0x06, 0x4A, 0x10, 0x1C, 0x08, 0x80
	.byte 0x02, 0x39, 0x05, 0x4A, 0x10, 0x1C, 0x08, 0x80, 0x02, 0x39, 0x04, 0x4A, 0x76, 0xE0, 0x00, 0x00
	.byte 0x0E, 0x00, 0x00, 0x04, 0x0B, 0x3D, 0x00, 0x00, 0x01, 0x1E, 0x00, 0x00, 0x02, 0x1F, 0x00, 0x00
	.byte 0x05, 0x49, 0x06, 0x4A, 0x10, 0x1C, 0x08, 0x80, 0x02, 0x39, 0x05, 0x4A, 0x10, 0x1C, 0x08, 0x80
	.byte 0x02, 0x39, 0x04, 0x4A, 0x62, 0xE0, 0x00, 0x00, 0x0E, 0x00, 0x00, 0x04, 0x0B, 0x3D, 0x00, 0x00
	.byte 0x01, 0x1E, 0x00, 0x00, 0x02, 0x1F, 0x00, 0x00, 0x05, 0x49, 0x06, 0x4A, 0x10, 0x1C, 0x08, 0x80
	.byte 0x02, 0x39, 0x05, 0x4A, 0x10, 0x1C, 0x08, 0x80, 0x02, 0x39, 0x04, 0x4A, 0x4E, 0xE0, 0x00, 0x00
	.byte 0x0E, 0x00, 0x00, 0x04, 0x0B, 0x3D, 0x00, 0x00, 0x01, 0x1E, 0x00, 0x00, 0x02, 0x1F, 0x00, 0x00
	.byte 0x05, 0x49, 0x06, 0x4A, 0x10, 0x1C, 0x08, 0x80, 0x02, 0x39, 0x05, 0x4A, 0x10, 0x1C, 0x08, 0x80
	.byte 0x02, 0x39, 0x04, 0x4A, 0x3A, 0xE0, 0x00, 0x00, 0x0E, 0x00, 0x00, 0x04, 0x0B, 0x3D, 0x00, 0x00
	.byte 0x01, 0x1E, 0x00, 0x00, 0x02, 0x1F, 0x00, 0x00, 0x05, 0x49, 0x06, 0x4A, 0x10, 0x1C, 0x08, 0x80
	.byte 0x02, 0x39, 0x05, 0x4A, 0x10, 0x1C, 0x08, 0x80, 0x02, 0x39, 0x04, 0x4A, 0x26, 0xE0, 0x00, 0x00
	.byte 0x0E, 0x00, 0x00, 0x04, 0x0B, 0x3D, 0x00, 0x00, 0x01, 0x1E, 0x00, 0x00, 0x02, 0x1F, 0x00, 0x00
	.byte 0x05, 0x49, 0x06, 0x4A, 0x10, 0x1C, 0x08, 0x80, 0x02, 0x39, 0x05, 0x4A, 0x10, 0x1C, 0x08, 0x80
	.byte 0x02, 0x39, 0x04, 0x4A, 0x12, 0xE0, 0x00, 0x00, 0x0E, 0x00, 0x00, 0x04, 0x0B, 0x3D, 0x00, 0x00
	.byte 0x01, 0x1E, 0x00, 0x00, 0x02, 0x1F, 0x00, 0x00, 0x0C, 0x49, 0x0D, 0x4A, 0x10, 0x1C, 0x08, 0x80
	.byte 0x02, 0x39, 0x0C, 0x4A, 0x10, 0x1C, 0x08, 0x80, 0x02, 0x39, 0x0B, 0x4A, 0x10, 0x1C, 0x08, 0x80
	.byte 0x0A, 0x49, 0x0B, 0x4A, 0x10, 0x1C, 0x08, 0x80, 0x4A, 0x31, 0x0A, 0x4A, 0x10, 0x1C, 0x08, 0x80
	.byte 0x02, 0x39, 0xC8, 0x3A, 0x10, 0x1C, 0x08, 0x80, 0x70, 0x47, 0x00, 0x00, 0x0E, 0x00, 0x00, 0x04
	.byte 0x0B, 0x3D, 0x00, 0x00, 0x01, 0x1E, 0x00, 0x00, 0x0A, 0x1F, 0x00, 0x00, 0x08, 0x00, 0x00, 0x04
	.byte 0x0C, 0x1C, 0x00, 0x00, 0x08, 0x08, 0x00, 0x00
	thumb_func_start sub_08002940
sub_08002940:
	movs r1, #0x80
	lsls r1, r1, #0x13
	movs r2, #0xEA
	lsls r2, r2, #0x05
	adds r0, r2, #0x0
	strh r0, [r1, #0x00]
	bx lr
	.byte 0x00, 0x00
	thumb_func_start sub_08002950
sub_08002950:
	push {lr}
	bl sub_08010094
	pop {r0}
	bx r0
	.byte 0x00, 0x00
	thumb_func_start sub_0800295C
sub_0800295C:
	push {r4, r5, r6, r7, lr}
	add sp, #-0x004
	lsls r1, r1, #0x18
	lsrs r6, r1, #0x18
	ldr r1, _08002A74 @ =0x020020F0
	movs r2, #0x00
	strb r2, [r1, #0x00]
	ldr r1, _08002A78 @ =0x020021BC
	strb r2, [r1, #0x00]
	ldr r1, _08002A7C @ =0x02002144
	strb r2, [r1, #0x00]
	ldr r1, _08002A80 @ =0x0200215C
	strb r6, [r1, #0x00]
	ldr r4, _08002A84 @ =0x020020E0
	strb r0, [r4, #0x00]
	adds r3, r1, #0x0
	cmp r6, #0x0F
	beq _08002986
	ldr r1, _08002A88 @ =0x02002090
	movs r0, #0x18
	strb r0, [r1, #0x00]
	.global _08002986
_08002986:
	ldrb r2, [r3, #0x00]
	cmp r2, #0x02
	bne _08002992
	ldr r1, _08002A88 @ =0x02002090
	movs r0, #0x01
	strb r0, [r1, #0x00]
	.global _08002992
_08002992:
	cmp r2, #0x11
	bne _0800299C
	ldr r1, _08002A88 @ =0x02002090
	movs r0, #0x01
	strb r0, [r1, #0x00]
	.global _0800299C
_0800299C:
	cmp r2, #0x0D
	bne _080029A6
	ldr r1, _08002A88 @ =0x02002090
	movs r0, #0x01
	strb r0, [r1, #0x00]
	.global _080029A6
_080029A6:
	cmp r2, #0x0E
	bne _080029B0
	ldr r1, _08002A88 @ =0x02002090
	movs r0, #0x01
	strb r0, [r1, #0x00]
	.global _080029B0
_080029B0:
	ldrb r0, [r4, #0x00]
	cmp r0, #0x00
	beq _080029BC
	ldr r1, _08002A88 @ =0x02002090
	movs r0, #0x02
	strb r0, [r1, #0x00]
	.global _080029BC
_080029BC:
	ldr r0, _08002A8C @ =0x020020CC
	ldrb r1, [r0, #0x00]
	adds r5, r0, #0x0
	cmp r1, #0x06
	bls _080029DC
	cmp r1, #0x08
	beq _080029DC
	cmp r1, #0x09
	beq _080029DC
	cmp r1, #0x0A
	beq _080029DC
	cmp r1, #0x0B
	beq _080029DC
	ldr r1, _08002A88 @ =0x02002090
	movs r0, #0x01
	strb r0, [r1, #0x00]
	.global _080029DC
_080029DC:
	ldrb r0, [r3, #0x00]
	subs r0, #0x03
	lsls r0, r0, #0x18
	lsrs r0, r0, #0x18
	cmp r0, #0x01
	bhi _080029F0
	ldr r0, _08002A88 @ =0x02002090
	ldr r1, _08002A90 @ =0x020020AC
	ldrb r1, [r1, #0x00]
	strb r1, [r0, #0x00]
	.global _080029F0
_080029F0:
	ldr r0, _08002A94 @ =0x020021D0
	movs r4, #0x00
	str r4, [r0, #0x00]
	str r4, [r0, #0x04]
	str r4, [r0, #0x08]
	str r4, [r0, #0x0C]
	ldrb r0, [r5, #0x00]
	bl sub_08003928
	ldrb r0, [r5, #0x00]
	bl sub_08006A14
	ldrb r0, [r5, #0x00]
	bl sub_08004944
	bl sub_080063B0
	bl _08002718
	ldr r1, _08002A98 @ =0x02002148
	movs r0, #0x80
	lsls r0, r0, #0x01
	str r0, [r1, #0x00]
	movs r0, #0x32
	bl sub_080040E0
	ldrb r0, [r5, #0x00]
	bl sub_0800CCE0
	bl sub_08007344
	bl sub_080078B8
	bl sub_080045D8
	bl sub_08004484
	bl sub_080047DC
	ldr r1, _08002A9C @ =0x020021C4
	movs r0, #0x01
	strb r0, [r1, #0x00]
	ldr r1, _08002AA0 @ =0x020020C0
	strb r4, [r1, #0x00]
	ldrb r0, [r1, #0x00]
	subs r6, #0x03
	cmp r0, #0x00
	bne _08002A56
	.global _08002A50
_08002A50:
	ldrb r0, [r1, #0x00]
	cmp r0, #0x00
	beq _08002A50
	.global _08002A56
_08002A56:
	bl sub_08000458
	ldr r0, _08002AA4 @ =0x020020EC
	movs r1, #0x00
	strb r1, [r0, #0x00]
	bl sub_08002940
	ldr r0, _08002A80 @ =0x0200215C
	ldrb r0, [r0, #0x00]
	cmp r0, #0x0E
	bne _08002AA8
	bl sub_08006388
	b _08002AAC
	.byte 0x00, 0x00
	.global _08002A74
_08002A74: .4byte 0x020020F0
	.global _08002A78
_08002A78: .4byte 0x020021BC
	.global _08002A7C
_08002A7C: .4byte 0x02002144
	.global _08002A80
_08002A80: .4byte 0x0200215C
	.global _08002A84
_08002A84: .4byte 0x020020E0
	.global _08002A88
_08002A88: .4byte 0x02002090
	.global _08002A8C
_08002A8C: .4byte 0x020020CC
	.global _08002A90
_08002A90: .4byte 0x020020AC
	.global _08002A94
_08002A94: .4byte 0x020021D0
	.global _08002A98
_08002A98: .4byte 0x02002148
	.global _08002A9C
_08002A9C: .4byte 0x020021C4
	.global _08002AA0
_08002AA0: .4byte 0x020020C0
	.global _08002AA4
_08002AA4: .4byte 0x020020EC
	.global _08002AA8
_08002AA8:
	bl sub_080062BC
	.global _08002AAC
_08002AAC:
	ldr r4, _08002AE8 @ =0x020020E0
	ldrb r0, [r4, #0x00]
	cmp r0, #0x00
	beq _08002AF8
	ldr r0, _08002AEC @ =0x0202EF00
	ldrb r0, [r0, #0x02]
	cmp r0, #0x00
	beq _08002AC2
	movs r0, #0x01
	bl sub_08001208
	.global _08002AC2
_08002AC2:
	ldr r1, _08002AF0 @ =0x020020C4
	movs r0, #0x01
	strb r0, [r1, #0x00]
	ldr r1, _08002AF4 @ =0x08364ADC
	movs r0, #0x02
	strb r0, [r1, #0x00]
	ldrb r0, [r4, #0x00]
	cmp r0, #0x00
	beq _08002AF8
	movs r4, #0x00
	.global _08002AD6
_08002AD6:
	bl sub_0800AD80
	adds r4, #0x01
	cmp r4, #0x64
	bne _08002AD6
	bl sub_0800AF20
	b _08002B0A
	.byte 0x00, 0x00
	.global _08002AE8
_08002AE8: .4byte 0x020020E0
	.global _08002AEC
_08002AEC: .4byte 0x0202EF00
	.global _08002AF0
_08002AF0: .4byte 0x020020C4
	.global _08002AF4
_08002AF4: .4byte 0x08364ADC
	.global _08002AF8
_08002AF8:
	ldr r0, _08002B98 @ =0x0200215C
	ldrb r0, [r0, #0x00]
	subs r0, #0x03
	lsls r0, r0, #0x18
	lsrs r0, r0, #0x18
	cmp r0, #0x01
	bhi _08002B0A
	bl sub_0800B334
	.global _08002B0A
_08002B0A:
	ldr r0, _08002B98 @ =0x0200215C
	ldrb r0, [r0, #0x00]
	cmp r0, #0x09
	beq _08002B30
	cmp r0, #0x02
	beq _08002B30
	cmp r0, #0x07
	beq _08002B30
	ldr r0, _08002B9C @ =0x020020E0
	ldrb r0, [r0, #0x00]
	cmp r0, #0x00
	bne _08002B3C
	ldr r0, _08002BA0 @ =0x0202EF00
	ldrb r0, [r0, #0x03]
	cmp r0, #0x00
	beq _08002B30
	movs r0, #0x1E
	bl sub_08001208
	.global _08002B30
_08002B30:
	ldr r0, _08002B9C @ =0x020020E0
	ldrb r0, [r0, #0x00]
	cmp r0, #0x00
	bne _08002B3C
	bl sub_08002950
	.global _08002B3C
_08002B3C:
	ldr r0, _08002B98 @ =0x0200215C
	ldrb r0, [r0, #0x00]
	cmp r0, #0x09
	beq _08002B56
	cmp r0, #0x0D
	beq _08002B56
	cmp r0, #0x0E
	beq _08002B56
	cmp r0, #0x0F
	beq _08002B56
	ldr r1, _08002BA4 @ =0x020020A8
	cmp r0, #0x11
	bne _08002B6E
	.global _08002B56
_08002B56:
	ldr r1, _08002BA4 @ =0x020020A8
	movs r0, #0x01
	strb r0, [r1, #0x00]
	movs r4, #0x00
	.global _08002B5E
_08002B5E:
	bl sub_0800AD80
	adds r4, #0x01
	cmp r4, #0x14
	bne _08002B5E
	ldr r1, _08002BA4 @ =0x020020A8
	movs r0, #0x00
	strb r0, [r1, #0x00]
	.global _08002B6E
_08002B6E:
	movs r0, #0x00
	strb r0, [r1, #0x00]
	ldr r0, _08002BA8 @ =0x020020DC
	ldrb r0, [r0, #0x00]
	cmp r0, #0x00
	beq _08002BC0
	ldr r0, _08002BAC @ =0x04000128
	ldr r1, [r0, #0x00]
	lsls r1, r1, #0x1A
	lsrs r1, r1, #0x1E
	lsls r0, r1, #0x01
	adds r0, r0, r1
	lsls r0, r0, #0x03
	adds r0, r0, r1
	lsls r0, r0, #0x04
	ldr r1, _08002BB0 @ =0x0202A550
	adds r0, r0, r1
	bl sub_080043F8
	b _08002BC6
	.byte 0x00, 0x00
	.global _08002B98
_08002B98: .4byte 0x0200215C
	.global _08002B9C
_08002B9C: .4byte 0x020020E0
	.global _08002BA0
_08002BA0: .4byte 0x0202EF00
	.global _08002BA4
_08002BA4: .4byte 0x020020A8
	.global _08002BA8
_08002BA8: .4byte 0x020020DC
	.global _08002BAC
_08002BAC: .4byte 0x04000128
	.global _08002BB0
_08002BB0: .4byte 0x0202A550
	.global _08002BB4
_08002BB4:
	ldr r1, _08002BBC @ =0x02002144
	movs r0, #0x01
	strb r0, [r1, #0x00]
	b _0800303E
	.global _08002BBC
_08002BBC: .4byte 0x02002144
	.global _08002BC0
_08002BC0:
	ldr r0, _08002C5C @ =0x0202A550
	bl sub_080043F8
	.global _08002BC6
_08002BC6:
	ldr r0, _08002C60 @ =0x02002100
	ldr r1, [r0, #0x08]
	str r1, [r0, #0x00]
	ldr r1, [r0, #0x0C]
	str r1, [r0, #0x04]
	ldr r0, _08002C64 @ =0x0200209C
	movs r1, #0x00
	str r1, [r0, #0x00]
	ldr r0, _08002C68 @ =0x020021E0
	strb r1, [r0, #0x00]
	ldr r1, _08002C6C @ =0x020020B4
	movs r0, #0x01
	strb r0, [r1, #0x00]
	lsls r0, r6, #0x18
	lsrs r0, r0, #0x18
	cmp r0, #0x01
	bhi _08002BEC
	bl sub_0800F7E0
	.global _08002BEC
_08002BEC:
	ldr r0, _08002C70 @ =0x0202EF00
	ldrb r0, [r0, #0x03]
	cmp r0, #0x00
	beq _08002C02
	ldr r0, _08002C74 @ =0x020020E0
	ldrb r0, [r0, #0x00]
	cmp r0, #0x00
	bne _08002C02
	movs r0, #0x0A
	bl sub_08001208
	.global _08002C02
_08002C02:
	ldr r1, _08002C78 @ =0x020021F0
	movs r0, #0x00
	strb r0, [r1, #0x00]
	ldr r0, _08002C7C @ =0x02002124
	movs r1, #0x00
	strh r1, [r0, #0x00]
	movs r7, #0x00
	ldr r0, _08002C80 @ =0x020021EC
	strb r1, [r0, #0x03]
	strb r1, [r0, #0x02]
	strb r1, [r0, #0x01]
	strb r1, [r0, #0x00]
	ldr r0, _08002C84 @ =0x02002144
	ldrb r0, [r0, #0x00]
	cmp r0, #0x00
	beq _08002C24
	b _0800303A
	.global _08002C24
_08002C24:
	bl sub_080073D8
	bl sub_08004484
	ldr r0, _08002C88 @ =0x02002150
	movs r1, #0x4B
	movs r2, #0x3C
	bl sub_0800BB58
	ldr r0, _08002C78 @ =0x020021F0
	ldrb r0, [r0, #0x00]
	cmp r0, #0x00
	beq _08002C48
	ldr r0, _08002C8C @ =0x02002160
	movs r1, #0x4B
	movs r2, #0x5A
	bl sub_0800BB58
	.global _08002C48
_08002C48:
	ldr r1, _08002C7C @ =0x02002124
	movs r0, #0x00
	strh r0, [r1, #0x00]
	lsls r0, r6, #0x18
	lsrs r0, r0, #0x18
	cmp r0, #0x01
	bls _08002C90
	ldr r3, _08002C5C @ =0x0202A550
	b _08002CA2
	.byte 0x00, 0x00
	.global _08002C5C
_08002C5C: .4byte 0x0202A550
	.global _08002C60
_08002C60: .4byte 0x02002100
	.global _08002C64
_08002C64: .4byte 0x0200209C
	.global _08002C68
_08002C68: .4byte 0x020021E0
	.global _08002C6C
_08002C6C: .4byte 0x020020B4
	.global _08002C70
_08002C70: .4byte 0x0202EF00
	.global _08002C74
_08002C74: .4byte 0x020020E0
	.global _08002C78
_08002C78: .4byte 0x020021F0
	.global _08002C7C
_08002C7C: .4byte 0x02002124
	.global _08002C80
_08002C80: .4byte 0x020021EC
	.global _08002C84
_08002C84: .4byte 0x02002144
	.global _08002C88
_08002C88: .4byte 0x02002150
	.global _08002C8C
_08002C8C: .4byte 0x02002160
	.global _08002C90
_08002C90:
	ldr r0, _08002CFC @ =0x0202EF90
	ldrb r1, [r0, #0x00]
	lsls r0, r1, #0x01
	adds r0, r0, r1
	lsls r0, r0, #0x03
	adds r0, r0, r1
	lsls r0, r0, #0x04
	ldr r1, _08002D00 @ =0x0202A550
	adds r3, r0, r1
	.global _08002CA2
_08002CA2:
	ldr r2, _08002D04 @ =0x08364AE0
	adds r0, r3, #0x0
	adds r0, #0x3E
	ldrb r1, [r0, #0x00]
	lsls r0, r1, #0x02
	adds r0, r0, r2
	ldr r2, [r0, #0x00]
	adds r3, #0x40
	ldr r0, _08002D08 @ =0x08364AF4
	adds r1, r1, r0
	ldrb r1, [r1, #0x00]
	ldrh r3, [r3, #0x00]
	adds r0, r1, #0x0
	muls r0, r3
	asrs r0, r0, #0x06
	adds r2, r2, r0
	lsls r2, r2, #0x10
	asrs r2, r2, #0x13
	ldr r0, _08002D0C @ =0x02001F60
	movs r1, #0x01
	bl sub_0800215C
	ldr r0, _08002D10 @ =0x020020E0
	ldrb r0, [r0, #0x00]
	cmp r0, #0x00
	beq _08002D20
	ldr r0, _08002D14 @ =0x0202A6E0
	bl sub_080043F8
	ldr r2, _08002D18 @ =0x08364ADC
	ldr r0, _08002D1C @ =0x0200209C
	ldr r0, [r0, #0x00]
	cmp r0, #0x00
	bge _08002CE8
	adds r0, #0xFF
	.global _08002CE8
_08002CE8:
	asrs r1, r0, #0x08
	strb r1, [r2, #0x00]
	movs r0, #0x07
	ands r0, r1
	cmp r0, #0x00
	bne _08002D7A
	movs r0, #0x04
	strb r0, [r2, #0x00]
	b _08002D7A
	.byte 0x00, 0x00
	.global _08002CFC
_08002CFC: .4byte 0x0202EF90
	.global _08002D00
_08002D00: .4byte 0x0202A550
	.global _08002D04
_08002D04: .4byte 0x08364AE0
	.global _08002D08
_08002D08: .4byte 0x08364AF4
	.global _08002D0C
_08002D0C: .4byte 0x02001F60
	.global _08002D10
_08002D10: .4byte 0x020020E0
	.global _08002D14
_08002D14: .4byte 0x0202A6E0
	.global _08002D18
_08002D18: .4byte 0x08364ADC
	.global _08002D1C
_08002D1C: .4byte 0x0200209C
	.global _08002D20
_08002D20:
	ldr r0, _08002D44 @ =0x020020DC
	ldrb r0, [r0, #0x00]
	cmp r0, #0x00
	beq _08002D50
	ldr r0, _08002D48 @ =0x04000128
	ldr r1, [r0, #0x00]
	lsls r1, r1, #0x1A
	lsrs r1, r1, #0x1E
	lsls r0, r1, #0x01
	adds r0, r0, r1
	lsls r0, r0, #0x03
	adds r0, r0, r1
	lsls r0, r0, #0x04
	ldr r1, _08002D4C @ =0x0202A550
	adds r0, r0, r1
	bl sub_080043F8
	b _08002D56
	.global _08002D44
_08002D44: .4byte 0x020020DC
	.global _08002D48
_08002D48: .4byte 0x04000128
	.global _08002D4C
_08002D4C: .4byte 0x0202A550
	.global _08002D50
_08002D50:
	ldr r0, _08002DFC @ =0x0202A550
	bl sub_080043F8
	.global _08002D56
_08002D56:
	ldr r0, _08002E00 @ =0x0200215C
	ldrb r0, [r0, #0x00]
	cmp r0, #0x09
	beq _08002D6E
	cmp r0, #0x0D
	beq _08002D6E
	cmp r0, #0x0E
	beq _08002D6E
	cmp r0, #0x0F
	beq _08002D6E
	cmp r0, #0x11
	bne _08002D7A
	.global _08002D6E
_08002D6E:
	ldr r2, _08002E04 @ =0x02002100
	ldr r1, _08002DFC @ =0x0202A550
	ldr r0, [r1, #0x00]
	str r0, [r2, #0x00]
	ldr r0, [r1, #0x08]
	str r0, [r2, #0x04]
	.global _08002D7A
_08002D7A:
	bl sub_08004144
	bl sub_080043BC
	bl sub_08004278
	bl sub_0800796C
	bl sub_08009F48
	ldr r4, _08002E00 @ =0x0200215C
	ldrb r0, [r4, #0x00]
	cmp r0, #0x04
	bne _08002D9A
	bl sub_0800545C
	.global _08002D9A
_08002D9A:
	ldr r0, _08002E08 @ =0x020020C4
	ldrb r0, [r0, #0x00]
	cmp r0, #0x00
	bne _08002DB8
	ldrb r0, [r4, #0x00]
	cmp r0, #0x09
	beq _08002DB8
	cmp r0, #0x0D
	beq _08002DB8
	cmp r0, #0x0E
	beq _08002DB8
	cmp r0, #0x0F
	beq _08002DB8
	cmp r0, #0x11
	bne _08002DBC
	.global _08002DB8
_08002DB8:
	bl sub_0800AD80
	.global _08002DBC
_08002DBC:
	ldr r1, _08002E04 @ =0x02002100
	ldr r0, [r1, #0x00]
	ldr r1, [r1, #0x04]
	bl sub_08003B44
	ldr r0, _08002E00 @ =0x0200215C
	ldrb r0, [r0, #0x00]
	cmp r0, #0x09
	beq _08002DDE
	cmp r0, #0x0D
	beq _08002DDE
	cmp r0, #0x0E
	beq _08002DDE
	cmp r0, #0x0F
	beq _08002DDE
	cmp r0, #0x11
	bne _08002E1A
	.global _08002DDE
_08002DDE:
	ldr r0, _08002E0C @ =0x0200209C
	ldr r0, [r0, #0x00]
	movs r1, #0x08
	ands r0, r1
	cmp r0, #0x00
	bne _08002E10
	movs r0, #0x5D
	bl sub_08016558
	movs r1, #0x08
	movs r2, #0x01
	bl sub_08006418
	b _08002E1A
	.byte 0x00, 0x00
	.global _08002DFC
_08002DFC: .4byte 0x0202A550
	.global _08002E00
_08002E00: .4byte 0x0200215C
	.global _08002E04
_08002E04: .4byte 0x02002100
	.global _08002E08
_08002E08: .4byte 0x020020C4
	.global _08002E0C
_08002E0C: .4byte 0x0200209C
	.global _08002E10
_08002E10:
	ldr r0, _08002E6C @ =0x0806C678
	movs r1, #0x08
	movs r2, #0x01
	bl sub_08006418
	.global _08002E1A
_08002E1A:
	bl sub_080047DC
	bl sub_08008D8C
	ldr r0, _08002E70 @ =0x020021C4
	movs r1, #0x01
	strb r1, [r0, #0x00]
	ldr r0, _08002E74 @ =0x020020E0
	ldrb r0, [r0, #0x00]
	cmp r0, #0x00
	beq _08002E90
	ldr r0, _08002E78 @ =0x020005CC
	ldrh r0, [r0, #0x00]
	cmp r0, #0x00
	bne _08002E3A
	b _08002FC2
	.global _08002E3A
_08002E3A:
	ldr r0, _08002E7C @ =0x020021BC
	strb r1, [r0, #0x00]
	ldr r1, _08002E80 @ =0x020021E0
	movs r0, #0x02
	strb r0, [r1, #0x00]
	bl sub_08000458
	movs r2, #0x80
	lsls r2, r2, #0x13
	ldrh r0, [r2, #0x00]
	ldr r3, _08002E84 @ =0x0000EFFF
	adds r1, r3, #0x0
	ands r0, r1
	strh r0, [r2, #0x00]
	ldr r0, _08002E88 @ =0x0202EF00
	ldrb r0, [r0, #0x02]
	cmp r0, #0x00
	bne _08002E60
	b _08002F98
	.global _08002E60
_08002E60:
	ldr r0, _08002E8C @ =0x02001F20
	movs r1, #0x02
	bl sub_080013A0
	b _08002F98
	.byte 0x00, 0x00
	.global _08002E6C
_08002E6C: .4byte 0x0806C678
	.global _08002E70
_08002E70: .4byte 0x020021C4
	.global _08002E74
_08002E74: .4byte 0x020020E0
	.global _08002E78
_08002E78: .4byte 0x020005CC
	.global _08002E7C
_08002E7C: .4byte 0x020021BC
	.global _08002E80
_08002E80: .4byte 0x020021E0
	.global _08002E84
_08002E84: .4byte 0x0000EFFF
	.global _08002E88
_08002E88: .4byte 0x0202EF00
	.global _08002E8C
_08002E8C: .4byte 0x02001F20
	.global _08002E90
_08002E90:
	ldr r1, _08002EB8 @ =0x0200215C
	ldrb r0, [r1, #0x00]
	subs r0, #0x03
	lsls r0, r0, #0x18
	lsrs r0, r0, #0x18
	adds r3, r1, #0x0
	cmp r0, #0x01
	bls _08002EC4
	ldr r0, _08002EBC @ =0x020021E0
	ldrb r0, [r0, #0x00]
	cmp r0, #0x00
	bne _08002EC4
	ldr r0, _08002EC0 @ =0x02022E14
	ldrb r0, [r0, #0x00]
	cmp r0, #0x00
	bne _08002EF2
	bl sub_08004F48
	b _08002EEC
	.byte 0x00, 0x00
	.global _08002EB8
_08002EB8: .4byte 0x0200215C
	.global _08002EBC
_08002EBC: .4byte 0x020021E0
	.global _08002EC0
_08002EC0: .4byte 0x02022E14
	.global _08002EC4
_08002EC4:
	ldr r0, _08002EE0 @ =0x02022E14
	ldrb r0, [r0, #0x00]
	cmp r0, #0x00
	bne _08002EF2
	ldr r0, _08002EE4 @ =0x020021E0
	ldrb r0, [r0, #0x00]
	cmp r0, #0x00
	bne _08002EF2
	ldrb r3, [r3, #0x00]
	cmp r3, #0x04
	bne _08002EE8
	bl sub_08005280
	b _08002EEC
	.global _08002EE0
_08002EE0: .4byte 0x02022E14
	.global _08002EE4
_08002EE4: .4byte 0x020021E0
	.global _08002EE8
_08002EE8:
	bl sub_080050F0
	.global _08002EEC
_08002EEC:
	lsls r0, r0, #0x18
	lsrs r0, r0, #0x18
	b _08002EF4
	.global _08002EF2
_08002EF2:
	movs r0, #0x00
	.global _08002EF4
_08002EF4:
	cmp r0, #0x01
	beq _08002F06
	cmp r0, #0x01
	ble _08002FC2
	cmp r0, #0x02
	beq _08002F28
	cmp r0, #0x27
	beq _08002FC0
	b _08002FC2
	.global _08002F06
_08002F06:
	ldr r0, _08002F20 @ =0x0202EF00
	ldrb r0, [r0, #0x03]
	cmp r0, #0x00
	beq _08002FC2
	ldr r0, _08002F24 @ =0x020020E0
	ldrb r0, [r0, #0x00]
	cmp r0, #0x00
	bne _08002FC2
	movs r0, #0x0A
	bl sub_08001208
	b _08002FC2
	.byte 0x00, 0x00
	.global _08002F20
_08002F20: .4byte 0x0202EF00
	.global _08002F24
_08002F24: .4byte 0x020020E0
	.global _08002F28
_08002F28:
	ldr r0, _08002FA4 @ =0x0200215C
	ldrb r0, [r0, #0x00]
	cmp r0, #0x02
	beq _08002F68
	cmp r0, #0x0E
	beq _08002F68
	cmp r0, #0x00
	beq _08002F68
	cmp r0, #0x07
	beq _08002F68
	cmp r0, #0x06
	beq _08002F68
	cmp r0, #0x09
	beq _08002F68
	cmp r0, #0x05
	beq _08002F68
	cmp r0, #0x11
	beq _08002F68
	cmp r0, #0x01
	beq _08002F68
	cmp r0, #0x03
	beq _08002F68
	cmp r0, #0x0C
	beq _08002F68
	cmp r0, #0x0D
	beq _08002F68
	cmp r0, #0x10
	beq _08002F68
	cmp r0, #0x0F
	beq _08002F68
	cmp r0, #0x11
	bne _08002FC2
	.global _08002F68
_08002F68:
	ldr r1, _08002FA8 @ =0x020021BC
	movs r0, #0x01
	strb r0, [r1, #0x00]
	ldr r1, _08002FAC @ =0x020021E0
	movs r0, #0x02
	strb r0, [r1, #0x00]
	bl sub_08000458
	movs r2, #0x80
	lsls r2, r2, #0x13
	ldrh r0, [r2, #0x00]
	ldr r3, _08002FB0 @ =0x0000EFFF
	adds r1, r3, #0x0
	ands r0, r1
	strh r0, [r2, #0x00]
	ldr r0, _08002FB4 @ =0x02001FA0
	bl sub_080019B4
	ldr r0, _08002FB8 @ =0x02002030
	bl sub_080019B4
	ldr r0, _08002FBC @ =0x02001FE0
	bl sub_080019B4
	.global _08002F98
_08002F98:
	movs r0, #0x19
	movs r1, #0x00
	bl sub_08003F84
	b _08002FC2
	.byte 0x00, 0x00
	.global _08002FA4
_08002FA4: .4byte 0x0200215C
	.global _08002FA8
_08002FA8: .4byte 0x020021BC
	.global _08002FAC
_08002FAC: .4byte 0x020021E0
	.global _08002FB0
_08002FB0: .4byte 0x0000EFFF
	.global _08002FB4
_08002FB4: .4byte 0x02001FA0
	.global _08002FB8
_08002FB8: .4byte 0x02002030
	.global _08002FBC
_08002FBC: .4byte 0x02001FE0
	.global _08002FC0
_08002FC0:
	movs r7, #0x01
	.global _08002FC2
_08002FC2:
	ldr r0, _08002FEC @ =0x020020DC
	ldrb r1, [r0, #0x00]
	cmp r1, #0x00
	beq _08003000
	bl sub_08003330
	lsls r0, r0, #0x18
	asrs r1, r0, #0x18
	cmp r1, #0x00
	beq _08002FD8
	b _08002BB4
	.global _08002FD8
_08002FD8:
	ldr r0, _08002FF0 @ =0x020020C0
	strb r1, [r0, #0x00]
	ldr r4, _08002FF4 @ =0x02002144
	adds r2, r0, #0x0
	ldr r3, _08002FF8 @ =0x0200209C
	ldr r5, _08002FFC @ =0x020021E0
	.global _08002FE4
_08002FE4:
	ldrb r0, [r2, #0x00]
	cmp r0, #0x00
	beq _08002FE4
	b _0800301A
	.global _08002FEC
_08002FEC: .4byte 0x020020DC
	.global _08002FF0
_08002FF0: .4byte 0x020020C0
	.global _08002FF4
_08002FF4: .4byte 0x02002144
	.global _08002FF8
_08002FF8: .4byte 0x0200209C
	.global _08002FFC
_08002FFC: .4byte 0x020021E0
	.global _08003000
_08003000:
	ldr r0, _08003044 @ =0x020020C0
	strb r1, [r0, #0x00]
	ldrb r1, [r0, #0x00]
	ldr r4, _08003048 @ =0x02002144
	adds r2, r0, #0x0
	ldr r3, _0800304C @ =0x0200209C
	ldr r5, _08003050 @ =0x020021E0
	cmp r1, #0x00
	bne _0800301A
	adds r1, r2, #0x0
	.global _08003014
_08003014:
	ldrb r0, [r1, #0x00]
	cmp r0, #0x00
	beq _08003014
	.global _0800301A
_0800301A:
	ldr r0, [r3, #0x00]
	adds r0, #0x01
	str r0, [r3, #0x00]
	ldrb r5, [r5, #0x00]
	cmp r5, #0x02
	bne _08003032
	ldr r0, _08003054 @ =0x02022E14
	ldrb r0, [r0, #0x00]
	cmp r0, #0x00
	bne _08003032
	movs r0, #0x01
	strb r0, [r4, #0x00]
	.global _08003032
_08003032:
	ldrb r0, [r4, #0x00]
	cmp r0, #0x00
	bne _0800303A
	b _08002C24
	.global _0800303A
_0800303A:
	cmp r7, #0x00
	beq _08003058
	.global _0800303E
_0800303E:
	movs r0, #0x01
	b _08003060
	.byte 0x00, 0x00
	.global _08003044
_08003044: .4byte 0x020020C0
	.global _08003048
_08003048: .4byte 0x02002144
	.global _0800304C
_0800304C: .4byte 0x0200209C
	.global _08003050
_08003050: .4byte 0x020021E0
	.global _08003054
_08003054: .4byte 0x02022E14
	.global _08003058
_08003058:
	ldr r0, _08003068 @ =0x02001F60
	bl sub_080019B4
	movs r0, #0x00
	.global _08003060
_08003060:
	add sp, #0x004
	pop {r4, r5, r6, r7}
	pop {r1}
	bx r1
	.global _08003068
_08003068: .4byte 0x02001F60
	.byte 0x10, 0xB5, 0xFD, 0xF7, 0x55, 0xFD, 0x09, 0x4A, 0x10, 0x88, 0x01, 0x30, 0x10, 0x80, 0x08, 0x49
	.byte 0x08, 0x88, 0x01, 0x30, 0x08, 0x80, 0x07, 0x48, 0x00, 0x78, 0x00, 0x28, 0x14, 0xD0, 0x10, 0x88
	.byte 0x01, 0x28, 0x0B, 0xD9, 0x04, 0x49, 0x01, 0x20, 0x12, 0xE0, 0x00, 0x00, 0x24, 0x21, 0x00, 0x02
	.byte 0x6C, 0x21, 0x00, 0x02, 0xDC, 0x20, 0x00, 0x02, 0xEC, 0x20, 0x00, 0x02, 0x01, 0x49, 0x00, 0x20
	.byte 0x06, 0xE0, 0x00, 0x00, 0xEC, 0x20, 0x00, 0x02, 0x22, 0x49, 0x01, 0x20, 0x0A, 0x78, 0x50, 0x40
	.byte 0x08, 0x70, 0x21, 0x48, 0x00, 0x78, 0x00, 0x28, 0x01, 0xD1, 0x01, 0x20, 0x08, 0x70, 0x1F, 0x49
	.byte 0x08, 0x78, 0x01, 0x30, 0x08, 0x70, 0x00, 0x06, 0x00, 0x0E, 0x02, 0x28, 0x53, 0xD9, 0x1C, 0x48
	.byte 0x00, 0x78, 0x04, 0x1C, 0x00, 0x2C, 0x4E, 0xD1, 0x0C, 0x70, 0x1A, 0x48, 0xE0, 0x21, 0xC9, 0x04
	.byte 0x80, 0x22, 0x52, 0x00, 0x13, 0xF0, 0x8C, 0xFE, 0x17, 0x48, 0x00, 0x78, 0x00, 0x28, 0x3D, 0xD0
	.byte 0x16, 0x49, 0x17, 0x48, 0x00, 0x68, 0x08, 0x80, 0x02, 0x31, 0x16, 0x48, 0x00, 0x68, 0x08, 0x80
	.byte 0x06, 0x39, 0x15, 0x48, 0x00, 0x68, 0x08, 0x80, 0x02, 0x31, 0x14, 0x48, 0x00, 0x68, 0x08, 0x80
	.byte 0x06, 0x39, 0x13, 0x48, 0x00, 0x68, 0x08, 0x80, 0x02, 0x31, 0x12, 0x48, 0x00, 0x68, 0x08, 0x80
	.byte 0x11, 0x48, 0x04, 0x80, 0x02, 0x30, 0x04, 0x80, 0x00, 0xF0, 0x2C, 0xFE, 0x04, 0xF0, 0x12, 0xFB
	.byte 0x1E, 0xE0, 0x00, 0x00, 0xEC, 0x20, 0x00, 0x02, 0xDC, 0x20, 0x00, 0x02, 0xB8, 0x21, 0x00, 0x02
	.byte 0xC0, 0x20, 0x00, 0x02, 0x30, 0x48, 0x02, 0x02, 0xC4, 0x21, 0x00, 0x02, 0x1C, 0x00, 0x00, 0x04
	.byte 0xE0, 0x2D, 0x02, 0x02, 0xE8, 0x2D, 0x02, 0x02, 0xF8, 0x2D, 0x02, 0x02, 0x2C, 0xBC, 0x00, 0x02
	.byte 0x48, 0xBC, 0x00, 0x02, 0x4C, 0xBC, 0x00, 0x02, 0x10, 0x00, 0x00, 0x04, 0x04, 0xF0, 0xF2, 0xFA
	.byte 0x09, 0x49, 0x01, 0x20, 0x08, 0x70, 0x01, 0xF0, 0x2D, 0xF8, 0xFE, 0xF7, 0x39, 0xF8, 0x07, 0x4B
	.byte 0x00, 0x20, 0x18, 0x80, 0x06, 0x4A, 0x10, 0x88, 0x01, 0x21, 0x08, 0x43, 0x10, 0x80, 0x19, 0x80
	.byte 0x10, 0xBC, 0x01, 0xBC, 0x00, 0x47, 0x00, 0x00, 0xC0, 0x20, 0x00, 0x02, 0x08, 0x02, 0x00, 0x04
	.byte 0xF8, 0x7F, 0x00, 0x03, 0x00, 0x04, 0xFE, 0x21, 0xC9, 0x03, 0x01, 0x40, 0x09, 0x0C, 0x7F, 0x29
	.byte 0x01, 0xD0, 0x01, 0x20, 0x00, 0xE0, 0x00, 0x20, 0x70, 0x47, 0x00, 0x00
	thumb_func_start sub_080031C8
sub_080031C8:
	lsls r0, r0, #0x10
	lsrs r2, r0, #0x10
	adds r3, r2, #0x0
	movs r0, #0x08
	ands r0, r2
	lsls r0, r0, #0x10
	lsrs r0, r0, #0x10
	negs r0, r0
	lsrs r1, r0, #0x1F
	movs r0, #0x02
	ands r0, r2
	cmp r0, #0x00
	beq _080031E6
	movs r0, #0x02
	orrs r1, r0
	.global _080031E6
_080031E6:
	movs r0, #0x01
	ands r0, r2
	cmp r0, #0x00
	beq _080031F6
	movs r0, #0x04
	orrs r1, r0
	lsls r0, r1, #0x10
	lsrs r1, r0, #0x10
	.global _080031F6
_080031F6:
	movs r0, #0x10
	ands r0, r2
	cmp r0, #0x00
	beq _08003206
	movs r0, #0x08
	orrs r1, r0
	lsls r0, r1, #0x10
	lsrs r1, r0, #0x10
	.global _08003206
_08003206:
	movs r0, #0x20
	ands r0, r2
	cmp r0, #0x00
	beq _08003216
	movs r0, #0x10
	orrs r1, r0
	lsls r0, r1, #0x10
	lsrs r1, r0, #0x10
	.global _08003216
_08003216:
	movs r0, #0x80
	ands r0, r2
	cmp r0, #0x00
	beq _08003226
	movs r0, #0x20
	orrs r1, r0
	lsls r0, r1, #0x10
	lsrs r1, r0, #0x10
	.global _08003226
_08003226:
	movs r0, #0x40
	ands r3, r0
	cmp r3, #0x00
	beq _08003234
	orrs r1, r0
	lsls r0, r1, #0x10
	lsrs r1, r0, #0x10
	.global _08003234
_08003234:
	adds r0, r1, #0x0
	bx lr
	thumb_func_start sub_08003238
sub_08003238:
	push {r4, lr}
	lsls r0, r0, #0x10
	lsrs r2, r0, #0x10
	adds r3, r2, #0x0
	movs r1, #0x01
	ands r1, r2
	negs r0, r1
	orrs r0, r1
	asrs r1, r0, #0x1F
	movs r4, #0x08
	ands r1, r4
	movs r0, #0x02
	ands r0, r2
	cmp r0, #0x00
	beq _0800325A
	movs r0, #0x02
	orrs r1, r0
	.global _0800325A
_0800325A:
	movs r0, #0x04
	ands r0, r2
	cmp r0, #0x00
	beq _08003266
	movs r0, #0x01
	orrs r1, r0
	.global _08003266
_08003266:
	adds r0, r2, #0x0
	ands r0, r4
	cmp r0, #0x00
	beq _08003276
	movs r0, #0x10
	orrs r1, r0
	lsls r0, r1, #0x10
	lsrs r1, r0, #0x10
	.global _08003276
_08003276:
	movs r0, #0x10
	ands r0, r2
	cmp r0, #0x00
	beq _08003286
	movs r0, #0x20
	orrs r1, r0
	lsls r0, r1, #0x10
	lsrs r1, r0, #0x10
	.global _08003286
_08003286:
	movs r0, #0x20
	ands r0, r2
	cmp r0, #0x00
	beq _08003296
	movs r0, #0x80
	orrs r1, r0
	lsls r0, r1, #0x10
	lsrs r1, r0, #0x10
	.global _08003296
_08003296:
	movs r0, #0x40
	ands r3, r0
	cmp r3, #0x00
	beq _080032A4
	orrs r1, r0
	lsls r0, r1, #0x10
	lsrs r1, r0, #0x10
	.global _080032A4
_080032A4:
	adds r0, r1, #0x0
	pop {r4}
	pop {r1}
	bx r1
	.byte 0x00, 0xB5, 0x81, 0xB0, 0x03, 0x48, 0x00, 0x78, 0x00, 0x28, 0x05, 0xD1, 0x13, 0xF0, 0xBA, 0xFD
	.byte 0x09, 0xE0, 0x00, 0x00, 0x90, 0xEF, 0x02, 0x02, 0x04, 0x4A, 0x80, 0x23, 0x11, 0x88, 0x18, 0x1C
	.byte 0x08, 0x40, 0x00, 0x28, 0xFA, 0xD0, 0x01, 0xB0, 0x01, 0xBC, 0x00, 0x47, 0xF8, 0x7F, 0x00, 0x03
	.byte 0x8A, 0xB0, 0x0A, 0xB0, 0x70, 0x47, 0x00, 0x00
	thumb_func_start sub_080032E4
sub_080032E4:
	lsls r0, r0, #0x10
	lsrs r2, r0, #0x10
	lsls r1, r1, #0x18
	cmp r1, #0x00
	bne _080032F8
	ldr r0, _080032F4 @ =0x02002170
	ldrh r0, [r0, #0x00]
	b _08003302
	.global _080032F4
_080032F4: .4byte 0x02002170
	.global _080032F8
_080032F8:
	ldr r0, _0800330C @ =0x02002170
	ldrh r0, [r0, #0x00]
	adds r0, #0x01
	movs r1, #0x07
	ands r0, r1
	.global _08003302
_08003302:
	cmp r2, r0
	beq _08003310
	movs r0, #0x00
	b _08003312
	.byte 0x00, 0x00
	.global _0800330C
_0800330C: .4byte 0x02002170
	.global _08003310
_08003310:
	movs r0, #0x01
	.global _08003312
_08003312:
	bx lr
	thumb_func_start sub_08003314
sub_08003314:
	lsls r1, r0, #0x10
	lsrs r0, r1, #0x15
	movs r2, #0x03
	ands r0, r2
	cmp r0, #0x03
	beq _0800332C
	lsrs r0, r1, #0x13
	ands r0, r2
	cmp r0, #0x03
	beq _0800332C
	movs r0, #0x01
	b _0800332E
	.global _0800332C
_0800332C:
	movs r0, #0x00
	.global _0800332E
_0800332E:
	bx lr
	thumb_func_start sub_08003330
sub_08003330:
	push {r4, r5, r6, r7, lr}
	mov r7, r10
	mov r6, r9
	mov r5, r8
	push {r5, r6, r7}
	add sp, #-0x020
	ldr r0, _080033B8 @ =0x04000130
	ldrh r0, [r0, #0x00]
	mvns r0, r0
	lsls r0, r0, #0x10
	lsrs r1, r0, #0x10
	adds r0, r1, #0x0
	bl sub_080031C8
	lsls r0, r0, #0x10
	lsrs r1, r0, #0x10
	movs r0, #0x00
	str r0, [sp, #0x008]
	ldr r3, _080033BC @ =0x020020AC
	ldr r0, [sp, #0x008]
	ldrb r2, [r3, #0x00]
	cmp r0, r2
	bge _08003382
	ldr r5, _080033C0 @ =0x0202EF40
	movs r2, #0x00
	ldr r4, _080033C4 @ =0x02002178
	.global _08003364
_08003364:
	ldr r0, [sp, #0x008]
	lsls r0, r0, #0x03
	adds r0, r0, r5
	strh r2, [r0, #0x00]
	ldr r0, [sp, #0x008]
	lsls r0, r0, #0x01
	adds r0, r0, r4
	strh r2, [r0, #0x00]
	ldr r0, [sp, #0x008]
	adds r0, #0x01
	str r0, [sp, #0x008]
	ldr r0, [sp, #0x008]
	ldrb r6, [r3, #0x00]
	cmp r0, r6
	blt _08003364
	.global _08003382
_08003382:
	movs r0, #0x00
	mov r10, r0
	movs r2, #0x00
	str r2, [sp, #0x018]
	movs r3, #0x00
	str r3, [sp, #0x01C]
	movs r4, #0x7F
	mov r9, r4
	adds r5, r1, #0x0
	ands r5, r4
	movs r6, #0x0F
	mov r8, r6
	ands r1, r6
	lsls r0, r1, #0x07
	orrs r5, r0
	.global _080033A0
_080033A0:
	ldr r0, _080033BC @ =0x020020AC
	ldr r1, [sp, #0x01C]
	ldrb r0, [r0, #0x00]
	cmp r1, r0
	bls _080033E0
	ldr r0, _080033C8 @ =0x0200216C
	movs r1, #0x00
	strh r1, [r0, #0x00]
	ldr r0, _080033CC @ =0x02002170
	strh r1, [r0, #0x00]
	movs r0, #0x01
	b _08003716
	.global _080033B8
_080033B8: .4byte 0x04000130
	.global _080033BC
_080033BC: .4byte 0x020020AC
	.global _080033C0
_080033C0: .4byte 0x0202EF40
	.global _080033C4
_080033C4: .4byte 0x02002178
	.global _080033C8
_080033C8: .4byte 0x0200216C
	.global _080033CC
_080033CC: .4byte 0x02002170
	.global _080033D0
_080033D0:
	movs r0, #0x00
	strh r0, [r1, #0x00]
	ldr r0, [sp, #0x01C]
	adds r0, #0x01
	lsls r0, r0, #0x18
	lsrs r0, r0, #0x18
	str r0, [sp, #0x01C]
	b _080033A0
	.global _080033E0
_080033E0:
	mov r2, r10
	cmp r2, #0x00
	bne _08003408
	ldr r0, _080033FC @ =0x02002170
	ldrh r0, [r0, #0x00]
	lsls r0, r0, #0x0B
	orrs r0, r5
	ldr r3, _08003400 @ =0xFFFF8000
	adds r1, r3, #0x0
	orrs r0, r1
	ldr r4, _08003404 @ =0x0202ED78
	strh r0, [r4, #0x00]
	adds r0, r4, #0x0
	b _0800341E
	.global _080033FC
_080033FC: .4byte 0x02002170
	.global _08003400
_08003400: .4byte 0xFFFF8000
	.global _08003404
_08003404: .4byte 0x0202ED78
	.global _08003408
_08003408:
	ldr r0, _08003438 @ =0x02002170
	ldrh r0, [r0, #0x00]
	lsls r0, r0, #0x0B
	orrs r0, r5
	movs r6, #0x80
	lsls r6, r6, #0x07
	adds r1, r6, #0x0
	orrs r0, r1
	ldr r1, _0800343C @ =0x0202ED78
	strh r0, [r1, #0x00]
	adds r0, r1, #0x0
	.global _0800341E
_0800341E:
	ldrh r0, [r0, #0x00]
	bl sub_0800F818
	ldr r2, _08003440 @ =0x03007FF8
	movs r0, #0x80
	ldrh r3, [r2, #0x00]
	ands r0, r3
	cmp r0, #0x00
	beq _08003448
	ldrh r0, [r2, #0x00]
	ldr r4, _08003444 @ =0x0000FF7F
	adds r1, r4, #0x0
	b _08003462
	.global _08003438
_08003438: .4byte 0x02002170
	.global _0800343C
_0800343C: .4byte 0x0202ED78
	.global _08003440
_08003440: .4byte 0x03007FF8
	.global _08003444
_08003444: .4byte 0x0000FF7F
	.global _08003448
_08003448:
	ldr r1, _080035AC @ =0x0200216C
	ldrh r0, [r1, #0x00]
	cmp r0, #0x64
	bhi _080033D0
	ldr r2, _080035B0 @ =0x03007FF8
	movs r0, #0x80
	ldrh r6, [r2, #0x00]
	ands r0, r6
	cmp r0, #0x00
	beq _08003448
	ldrh r0, [r2, #0x00]
	ldr r3, _080035B4 @ =0x0000FF7F
	adds r1, r3, #0x0
	.global _08003462
_08003462:
	ands r0, r1
	strh r0, [r2, #0x00]
	ldr r0, _080035B8 @ =0x0202EF90
	ldrb r0, [r0, #0x00]
	cmp r0, #0x00
	bne _08003484
	str r0, [sp, #0x008]
	ldr r0, [sp, #0x008]
	ldr r1, _080035BC @ =0x00000257
	cmp r0, r1
	bgt _08003484
	.global _08003478
_08003478:
	ldr r0, [sp, #0x008]
	adds r0, #0x01
	str r0, [sp, #0x008]
	ldr r0, [sp, #0x008]
	cmp r0, r1
	ble _08003478
	.global _08003484
_08003484:
	movs r0, #0x00
	str r0, [sp, #0x008]
	ldr r3, _080035C0 @ =0x020020AC
	ldr r0, [sp, #0x008]
	ldrb r4, [r3, #0x00]
	cmp r0, r4
	bge _080034B4
	ldr r2, _080035C4 @ =0x0202EF40
	.global _08003494
_08003494:
	ldr r0, [sp, #0x008]
	lsls r0, r0, #0x01
	mov r6, sp
	adds r1, r6, r0
	ldr r0, [sp, #0x008]
	lsls r0, r0, #0x03
	adds r0, r0, r2
	ldrh r0, [r0, #0x00]
	strh r0, [r1, #0x00]
	ldr r0, [sp, #0x008]
	adds r0, #0x01
	str r0, [sp, #0x008]
	ldr r0, [sp, #0x008]
	ldrb r1, [r3, #0x00]
	cmp r0, r1
	blt _08003494
	.global _080034B4
_080034B4:
	mov r2, r10
	cmp r2, #0x00
	beq _080034BC
	b _080035D0
	.global _080034BC
_080034BC:
	movs r4, #0x00
	str r2, [sp, #0x008]
	ldr r0, [sp, #0x008]
	ldr r3, _080035C0 @ =0x020020AC
	ldrb r3, [r3, #0x00]
	cmp r0, r3
	bge _08003568
	movs r7, #0x0F
	ldr r6, _080035C8 @ =0x0000FFFF
	.global _080034CE
_080034CE:
	ldr r0, [sp, #0x008]
	lsls r0, r0, #0x01
	mov r1, sp
	adds r2, r1, r0
	ldr r0, [sp, #0x008]
	lsls r0, r0, #0x01
	add r0, sp
	ldrh r0, [r0, #0x00]
	lsrs r1, r0, #0x07
	mov r0, r8
	ldrh r2, [r2, #0x00]
	ands r0, r2
	ands r1, r7
	cmp r0, r1
	bne _08003558
	ldr r0, [sp, #0x008]
	lsls r0, r0, #0x01
	add r0, sp
	ldrh r0, [r0, #0x00]
	cmp r0, r6
	beq _08003558
	ldr r0, [sp, #0x008]
	lsls r0, r0, #0x01
	add r0, sp
	ldrh r0, [r0, #0x00]
	cmp r0, #0x00
	beq _08003558
	ldr r0, [sp, #0x008]
	lsls r0, r0, #0x01
	add r0, sp
	ldrh r0, [r0, #0x00]
	lsrs r0, r0, #0x0E
	cmp r0, #0x02
	beq _08003520
	ldr r0, [sp, #0x008]
	lsls r0, r0, #0x01
	add r0, sp
	ldrh r0, [r0, #0x00]
	lsrs r0, r0, #0x0E
	cmp r0, #0x01
	bne _08003558
	.global _08003520
_08003520:
	ldr r0, [sp, #0x008]
	lsls r0, r0, #0x01
	add r0, sp
	ldrh r0, [r0, #0x00]
	lsrs r0, r0, #0x0B
	movs r1, #0x07
	ands r0, r1
	movs r1, #0x00
	bl sub_080032E4
	lsls r0, r0, #0x18
	cmp r0, #0x00
	beq _08003558
	ldr r0, [sp, #0x008]
	lsls r0, r0, #0x01
	mov r2, sp
	adds r1, r2, r0
	mov r0, r9
	ldrh r1, [r1, #0x00]
	ands r0, r1
	bl sub_08003314
	lsls r0, r0, #0x18
	cmp r0, #0x00
	beq _08003558
	adds r0, r4, #0x1
	lsls r0, r0, #0x18
	lsrs r4, r0, #0x18
	.global _08003558
_08003558:
	ldr r0, [sp, #0x008]
	adds r0, #0x01
	str r0, [sp, #0x008]
	ldr r1, _080035C0 @ =0x020020AC
	ldr r0, [sp, #0x008]
	ldrb r1, [r1, #0x00]
	cmp r0, r1
	blt _080034CE
	.global _08003568
_08003568:
	ldr r3, _080035C0 @ =0x020020AC
	ldrb r3, [r3, #0x00]
	cmp r4, r3
	beq _08003572
	b _08003700
	.global _08003572
_08003572:
	movs r4, #0x01
	mov r10, r4
	movs r0, #0x00
	str r0, [sp, #0x008]
	ldr r0, [sp, #0x008]
	ldr r6, _080035C0 @ =0x020020AC
	ldrb r6, [r6, #0x00]
	cmp r0, r6
	blt _08003586
	b _08003700
	.global _08003586
_08003586:
	ldr r3, _080035CC @ =0x02002178
	ldr r2, _080035C0 @ =0x020020AC
	.global _0800358A
_0800358A:
	ldr r1, [sp, #0x008]
	lsls r1, r1, #0x01
	adds r1, r1, r3
	ldr r0, [sp, #0x008]
	lsls r0, r0, #0x01
	add r0, sp
	ldrh r0, [r0, #0x00]
	strh r0, [r1, #0x00]
	ldr r0, [sp, #0x008]
	adds r0, #0x01
	str r0, [sp, #0x008]
	ldr r0, [sp, #0x008]
	ldrb r1, [r2, #0x00]
	cmp r0, r1
	blt _0800358A
	b _08003700
	.byte 0x00, 0x00
	.global _080035AC
_080035AC: .4byte 0x0200216C
	.global _080035B0
_080035B0: .4byte 0x03007FF8
	.global _080035B4
_080035B4: .4byte 0x0000FF7F
	.global _080035B8
_080035B8: .4byte 0x0202EF90
	.global _080035BC
_080035BC: .4byte 0x00000257
	.global _080035C0
_080035C0: .4byte 0x020020AC
	.global _080035C4
_080035C4: .4byte 0x0202EF40
	.global _080035C8
_080035C8: .4byte 0x0000FFFF
	.global _080035CC
_080035CC: .4byte 0x02002178
	.global _080035D0
_080035D0:
	movs r4, #0x00
	str r4, [sp, #0x008]
	ldr r0, [sp, #0x008]
	ldr r2, _08003660 @ =0x020020AC
	ldrb r2, [r2, #0x00]
	cmp r0, r2
	bge _080036BA
	.global _080035DE
_080035DE:
	ldr r0, [sp, #0x008]
	lsls r0, r0, #0x01
	mov r3, sp
	adds r2, r3, r0
	ldr r0, [sp, #0x008]
	lsls r0, r0, #0x01
	add r0, sp
	ldrh r0, [r0, #0x00]
	lsrs r1, r0, #0x07
	mov r0, r8
	ldrh r2, [r2, #0x00]
	ands r0, r2
	mov r6, r8
	ands r1, r6
	cmp r0, r1
	bne _080036AA
	ldr r0, [sp, #0x008]
	lsls r0, r0, #0x01
	adds r1, r3, r0
	ldr r0, _08003664 @ =0x0000FFFF
	ldrh r1, [r1, #0x00]
	cmp r1, r0
	beq _080036AA
	ldr r0, [sp, #0x008]
	lsls r0, r0, #0x01
	add r0, sp
	ldrh r0, [r0, #0x00]
	cmp r0, #0x00
	beq _080036AA
	ldr r0, [sp, #0x008]
	lsls r0, r0, #0x01
	adds r1, r3, r0
	mov r0, r9
	ldrh r1, [r1, #0x00]
	ands r0, r1
	bl sub_08003314
	lsls r0, r0, #0x18
	cmp r0, #0x00
	beq _080036AA
	ldr r0, [sp, #0x008]
	lsls r0, r0, #0x01
	add r0, sp
	ldrh r0, [r0, #0x00]
	lsrs r0, r0, #0x0E
	cmp r0, #0x01
	bne _08003668
	ldr r0, [sp, #0x008]
	lsls r0, r0, #0x01
	add r0, sp
	ldrh r0, [r0, #0x00]
	lsrs r0, r0, #0x0B
	movs r1, #0x07
	ands r0, r1
	movs r1, #0x00
	bl sub_080032E4
	lsls r0, r0, #0x18
	cmp r0, #0x00
	beq _08003668
	adds r0, r4, #0x1
	lsls r0, r0, #0x18
	lsrs r4, r0, #0x18
	b _080036AA
	.byte 0x00, 0x00
	.global _08003660
_08003660: .4byte 0x020020AC
	.global _08003664
_08003664: .4byte 0x0000FFFF
	.global _08003668
_08003668:
	ldr r0, [sp, #0x008]
	lsls r0, r0, #0x01
	add r0, sp
	ldrh r0, [r0, #0x00]
	lsrs r0, r0, #0x0E
	cmp r0, #0x02
	bne _080036AA
	ldr r0, [sp, #0x008]
	lsls r0, r0, #0x01
	add r0, sp
	ldrh r0, [r0, #0x00]
	lsrs r0, r0, #0x0B
	movs r1, #0x07
	ands r0, r1
	movs r1, #0x01
	bl sub_080032E4
	lsls r0, r0, #0x18
	cmp r0, #0x00
	beq _080036AA
	adds r0, r4, #0x1
	lsls r0, r0, #0x18
	lsrs r4, r0, #0x18
	ldr r0, [sp, #0x008]
	lsls r0, r0, #0x01
	mov r1, sp
	adds r2, r1, r0
	ldr r1, _08003728 @ =0x02002178
	ldr r0, [sp, #0x008]
	lsls r0, r0, #0x01
	adds r0, r0, r1
	ldrh r0, [r0, #0x00]
	strh r0, [r2, #0x00]
	.global _080036AA
_080036AA:
	ldr r0, [sp, #0x008]
	adds r0, #0x01
	str r0, [sp, #0x008]
	ldr r1, _0800372C @ =0x020020AC
	ldr r0, [sp, #0x008]
	ldrb r1, [r1, #0x00]
	cmp r0, r1
	blt _080035DE
	.global _080036BA
_080036BA:
	ldr r2, _0800372C @ =0x020020AC
	ldrb r2, [r2, #0x00]
	cmp r4, r2
	bne _08003700
	movs r0, #0x00
	str r0, [sp, #0x008]
	ldr r0, [sp, #0x008]
	ldr r3, _0800372C @ =0x020020AC
	ldrb r3, [r3, #0x00]
	cmp r0, r3
	bge _080036FC
	ldr r4, _08003730 @ =0x020020A0
	.global _080036D2
_080036D2:
	ldr r0, [sp, #0x008]
	lsls r0, r0, #0x01
	mov r6, sp
	adds r1, r6, r0
	mov r0, r9
	ldrh r1, [r1, #0x00]
	ands r0, r1
	bl sub_08003238
	ldr r1, [sp, #0x008]
	lsls r1, r1, #0x01
	adds r1, r1, r4
	strh r0, [r1, #0x00]
	ldr r0, [sp, #0x008]
	adds r0, #0x01
	str r0, [sp, #0x008]
	ldr r1, _0800372C @ =0x020020AC
	ldr r0, [sp, #0x008]
	ldrb r1, [r1, #0x00]
	cmp r0, r1
	blt _080036D2
	.global _080036FC
_080036FC:
	movs r0, #0x01
	str r0, [sp, #0x018]
	.global _08003700
_08003700:
	ldr r1, [sp, #0x018]
	cmp r1, #0x00
	bne _08003708
	b _080033A0
	.global _08003708
_08003708:
	ldr r0, _08003734 @ =0x02002170
	ldrh r1, [r0, #0x00]
	adds r1, #0x01
	movs r2, #0x07
	ands r1, r2
	strh r1, [r0, #0x00]
	movs r0, #0x00
	.global _08003716
_08003716:
	add sp, #0x020
	pop {r3, r4, r5}
	mov r8, r3
	mov r9, r4
	mov r10, r5
	pop {r4, r5, r6, r7}
	pop {r1}
	bx r1
	.byte 0x00, 0x00
	.global _08003728
_08003728: .4byte 0x02002178
	.global _0800372C
_0800372C: .4byte 0x020020AC
	.global _08003730
_08003730: .4byte 0x020020A0
	.global _08003734
_08003734: .4byte 0x02002170
	thumb_func_start sub_08003738
sub_08003738:
	push {r4, r5, r6, lr}
	bl sub_0800E200
	lsls r0, r0, #0x18
	lsrs r0, r0, #0x18
	cmp r0, #0x01
	bne _0800374A
	movs r0, #0x01
	b _08003836
	.global _0800374A
_0800374A:
	bl sub_08000380
	ldr r6, _08003800 @ =0x04000200
	movs r0, #0x00
	strh r0, [r6, #0x00]
	ldr r1, _08003804 @ =0x04000208
	movs r0, #0x01
	strh r0, [r1, #0x00]
	ldr r5, _08003808 @ =0x04000004
	movs r4, #0x08
	strh r4, [r5, #0x00]
	bl sub_0800048C
	ldr r0, _0800380C @ =0x0800306D
	bl sub_080003F8
	ldr r1, _08003810 @ =0x00002001
	adds r0, r1, #0x0
	strh r0, [r6, #0x00]
	strh r4, [r5, #0x00]
	bl sub_08001170
	bl sub_0800184C
	bl sub_08000370
	movs r0, #0x00
	movs r1, #0x0A
	bl sub_0800420C
	movs r4, #0x00
	.global _08003788
_08003788:
	bl sub_08000458
	adds r4, #0x01
	cmp r4, #0x32
	bne _08003788
	.global _08003792
_08003792:
	ldr r5, _08003814 @ =0x020020DC
	movs r4, #0x01
	strb r4, [r5, #0x00]
	bl sub_08011B08
	strb r4, [r5, #0x00]
	ldr r1, _08003818 @ =0x020020CC
	movs r0, #0x07
	strb r0, [r1, #0x00]
	ldr r1, _0800381C @ =0x02002184
	movs r0, #0x03
	strb r0, [r1, #0x00]
	movs r0, #0x00
	movs r1, #0x04
	ldr r2, _08003820 @ =0x0202CD90
	bl sub_0800295C
	lsls r0, r0, #0x18
	cmp r0, #0x00
	beq _0800382C
	movs r0, #0x75
	bl sub_08016558
	movs r1, #0x0A
	movs r2, #0x01
	bl sub_08006418
	ldr r0, _08003824 @ =0x0806C688
	movs r1, #0x0C
	movs r2, #0x01
	bl sub_08006418
	bl sub_08010074
	.global _080037D6
_080037D6:
	bl sub_0800048C
	ldr r1, _08003828 @ =0x020005CC
	movs r0, #0x08
	ldrh r1, [r1, #0x00]
	ands r0, r1
	cmp r0, #0x00
	beq _080037D6
	.global _080037E6
_080037E6:
	bl sub_0800048C
	ldr r1, _08003828 @ =0x020005CC
	movs r0, #0x08
	ldrh r1, [r1, #0x00]
	ands r0, r1
	cmp r0, #0x00
	bne _080037E6
	movs r0, #0x00
	movs r1, #0x32
	bl sub_0800420C
	b _08003836
	.global _08003800
_08003800: .4byte 0x04000200
	.global _08003804
_08003804: .4byte 0x04000208
	.global _08003808
_08003808: .4byte 0x04000004
	.global _0800380C
_0800380C: .4byte 0x0800306D
	.global _08003810
_08003810: .4byte 0x00002001
	.global _08003814
_08003814: .4byte 0x020020DC
	.global _08003818
_08003818: .4byte 0x020020CC
	.global _0800381C
_0800381C: .4byte 0x02002184
	.global _08003820
_08003820: .4byte 0x0202CD90
	.global _08003824
_08003824: .4byte 0x0806C688
	.global _08003828
_08003828: .4byte 0x020005CC
	.global _0800382C
_0800382C:
	bl sub_080112E0
	bl sub_080053B8
	b _08003792
	.global _08003836
_08003836:
	pop {r4, r5, r6}
	pop {r1}
	bx r1
	thumb_func_start sub_0800383C
sub_0800383C:
	push {r4, r5, r6, lr}
	lsls r2, r2, #0x10
	lsrs r6, r2, #0x10
	ldr r3, _0800388C @ =0x0000FFFF
	adds r2, r0, #0x0
	ldrh r4, [r2, #0x00]
	adds r2, #0x02
	movs r5, #0x01
	cmp r5, r6
	bcs _08003884
	.global _08003850
_08003850:
	strh r4, [r1, #0x00]
	adds r1, #0x02
	cmp r4, r3
	bne _08003874
	ldrh r3, [r2, #0x00]
	adds r2, #0x02
	adds r0, r5, #0x1
	lsls r0, r0, #0x10
	lsrs r5, r0, #0x10
	cmp r3, #0x00
	beq _08003874
	.global _08003866
_08003866:
	strh r4, [r1, #0x00]
	adds r1, #0x02
	subs r0, r3, #0x1
	lsls r0, r0, #0x10
	lsrs r3, r0, #0x10
	cmp r3, #0x00
	bne _08003866
	.global _08003874
_08003874:
	adds r3, r4, #0x0
	ldrh r4, [r2, #0x00]
	adds r2, #0x02
	adds r0, r5, #0x1
	lsls r0, r0, #0x10
	lsrs r5, r0, #0x10
	cmp r5, r6
	bcc _08003850
	.global _08003884
_08003884:
	pop {r4, r5, r6}
	pop {r0}
	bx r0
	.byte 0x00, 0x00
	.global _0800388C
_0800388C: .4byte 0x0000FFFF
	thumb_func_start sub_08003890
sub_08003890:
	push {r4, r5, lr}
	lsls r0, r0, #0x18
	lsrs r4, r0, #0x18
	cmp r4, #0x0B
	bhi _0800390C
	lsls r0, r4, #0x02
	ldr r1, _080038A4 @ =0x080038A8
	adds r0, r0, r1
	ldr r0, [r0, #0x00]
	mov pc, r0
	.global _080038A4
_080038A4: .4byte 0x080038A8
	.byte 0xD8, 0x38, 0x00, 0x08, 0xD8, 0x38, 0x00, 0x08, 0xD8, 0x38, 0x00, 0x08, 0xD8, 0x38, 0x00, 0x08
	.byte 0xD8, 0x38, 0x00, 0x08, 0xD8, 0x38, 0x00, 0x08, 0xD8, 0x38, 0x00, 0x08, 0xD8, 0x38, 0x00, 0x08
	.byte 0xD8, 0x38, 0x00, 0x08, 0xD8, 0x38, 0x00, 0x08, 0xD8, 0x38, 0x00, 0x08, 0xD8, 0x38, 0x00, 0x08
	.byte 0x0E, 0x4D, 0x64, 0x20, 0x44, 0x43, 0x28, 0x1D, 0x20, 0x18, 0x00, 0x68, 0xC0, 0x21, 0xC9, 0x04
	.byte 0x80, 0x22, 0xD2, 0x01, 0x13, 0xF0, 0x90, 0xFA, 0x64, 0x19, 0x20, 0x68, 0x08, 0x49, 0x80, 0x22
	.byte 0x92, 0x01, 0x13, 0xF0, 0x89, 0xFA, 0x07, 0x48, 0x00, 0x21, 0x01, 0x80, 0x06, 0x48, 0x01, 0x80
	.byte 0x06, 0x48, 0x01, 0x80
	.global _0800390C
_0800390C:
	pop {r4, r5}
	pop {r0}
	bx r0
	.byte 0x00, 0x00, 0x0C, 0x4B, 0x36, 0x08, 0x00, 0x80, 0x00, 0x06, 0xE4, 0x2D, 0x02, 0x02, 0x34, 0xBC
	.byte 0x00, 0x02, 0xF4, 0x2D, 0x02, 0x02
	thumb_func_start sub_08003928
sub_08003928:
	push {r4, r5, r6, r7, lr}
	mov r7, r8
	push {r7}
	ldr r4, _08003AE8 @ =0xFFFFFDF8
	add sp, r4
	adds r7, r0, #0x0
	lsls r0, r7, #0x18
	lsrs r0, r0, #0x18
	bl sub_08003890
	ldr r0, _08003AEC @ =0x08335C60
	ldr r1, _08003AF0 @ =0x0600C000
	movs r2, #0x80
	lsls r2, r2, #0x05
	bl sub_08016E10
	ldr r6, _08003AF4 @ =0x08364B0C
	movs r0, #0x64
	adds r4, r7, #0x0
	muls r4, r0
	adds r0, r6, #0x0
	adds r0, #0x18
	adds r0, r4, r0
	ldr r0, [r0, #0x00]
	movs r2, #0x80
	lsls r2, r2, #0x01
	add r1, sp, #0x008
	bl sub_08016E10
	ldr r0, _08003AF8 @ =0x08334BCC
	add r1, sp, #0x1C8
	movs r2, #0x10
	bl sub_08016E10
	movs r0, #0x1E
	add r1, sp, #0x008
	bl sub_08004018
	ldr r1, _08003AFC @ =0x0200BC30
	adds r0, r6, #0x0
	adds r0, #0x2C
	adds r0, r4, r0
	ldr r0, [r0, #0x00]
	str r0, [r1, #0x00]
	ldr r1, _08003B00 @ =0x02022DD8
	adds r0, r6, #0x0
	adds r0, #0x34
	adds r0, r4, r0
	ldr r0, [r0, #0x00]
	str r0, [r1, #0x00]
	ldr r0, _08003B04 @ =0x02002208
	ldr r1, _08003B08 @ =0x02002220
	str r1, [r0, #0x00]
	ldr r0, _08003B0C @ =0x0200BC54
	ldr r5, _08003B10 @ =0x0200BC70
	str r5, [r0, #0x00]
	adds r0, r6, #0x0
	adds r0, #0x20
	adds r0, r4, r0
	ldr r0, [r0, #0x00]
	adds r2, r4, r6
	mov r8, r2
	adds r2, #0x5C
	ldrh r2, [r2, #0x00]
	bl sub_0800383C
	adds r0, r6, #0x0
	adds r0, #0x24
	adds r0, r4, r0
	ldr r0, [r0, #0x00]
	mov r1, r8
	adds r1, #0x5E
	ldrh r2, [r1, #0x00]
	adds r1, r5, #0x0
	bl sub_0800383C
	ldr r1, _08003B14 @ =0x0200221C
	adds r0, r6, #0x0
	adds r0, #0x0C
	adds r0, r4, r0
	ldr r0, [r0, #0x00]
	str r0, [r1, #0x00]
	ldr r1, _08003B18 @ =0x02002210
	adds r0, r6, #0x0
	adds r0, #0x10
	adds r0, r4, r0
	ldr r0, [r0, #0x00]
	str r0, [r1, #0x00]
	ldr r1, _08003B1C @ =0x02022DF0
	adds r0, r6, #0x0
	adds r0, #0x3C
	adds r0, r4, r0
	ldr r0, [r0, #0x00]
	str r0, [r1, #0x00]
	ldr r1, _08003B20 @ =0x0201567C
	adds r0, r6, #0x0
	adds r0, #0x40
	adds r0, r4, r0
	ldr r0, [r0, #0x00]
	str r0, [r1, #0x00]
	ldr r0, _08003B24 @ =0x0200BC50
	ldr r1, _08003B28 @ =0x02015690
	str r1, [r0, #0x00]
	adds r0, r6, #0x0
	adds r0, #0x44
	adds r0, r4, r0
	ldr r0, [r0, #0x00]
	mov r2, r8
	adds r2, #0x60
	ldrh r2, [r2, #0x00]
	bl sub_0800383C
	ldr r1, _08003B2C @ =0x02022DEC
	adds r0, r6, #0x0
	adds r0, #0x48
	adds r4, r4, r0
	ldr r0, [r4, #0x00]
	str r0, [r1, #0x00]
	cmp r7, #0x00
	bne _08003A1E
	ldr r1, _08003B30 @ =0x02002200
	movs r0, #0x7D
	str r0, [r1, #0x00]
	.global _08003A1E
_08003A1E:
	cmp r7, #0x01
	bne _08003A28
	ldr r1, _08003B30 @ =0x02002200
	movs r0, #0x70
	str r0, [r1, #0x00]
	.global _08003A28
_08003A28:
	cmp r7, #0x02
	bne _08003A32
	ldr r1, _08003B30 @ =0x02002200
	movs r0, #0xA8
	str r0, [r1, #0x00]
	.global _08003A32
_08003A32:
	cmp r7, #0x03
	bne _08003A3C
	ldr r1, _08003B30 @ =0x02002200
	movs r0, #0x6B
	str r0, [r1, #0x00]
	.global _08003A3C
_08003A3C:
	cmp r7, #0x04
	bne _08003A46
	ldr r1, _08003B30 @ =0x02002200
	movs r0, #0xA3
	str r0, [r1, #0x00]
	.global _08003A46
_08003A46:
	cmp r7, #0x05
	bne _08003A50
	ldr r1, _08003B30 @ =0x02002200
	movs r0, #0xA6
	str r0, [r1, #0x00]
	.global _08003A50
_08003A50:
	cmp r7, #0x06
	bne _08003A5A
	ldr r1, _08003B30 @ =0x02002200
	movs r0, #0x7D
	str r0, [r1, #0x00]
	.global _08003A5A
_08003A5A:
	cmp r7, #0x08
	bne _08003A64
	ldr r1, _08003B30 @ =0x02002200
	movs r0, #0x7D
	str r0, [r1, #0x00]
	.global _08003A64
_08003A64:
	cmp r7, #0x09
	bne _08003A6E
	ldr r1, _08003B30 @ =0x02002200
	movs r0, #0x7D
	str r0, [r1, #0x00]
	.global _08003A6E
_08003A6E:
	cmp r7, #0x0A
	bne _08003A78
	ldr r1, _08003B30 @ =0x02002200
	movs r0, #0x5E
	str r0, [r1, #0x00]
	.global _08003A78
_08003A78:
	cmp r7, #0x0B
	bne _08003A82
	ldr r1, _08003B30 @ =0x02002200
	movs r0, #0x7D
	str r0, [r1, #0x00]
	.global _08003A82
_08003A82:
	ldr r0, _08003B04 @ =0x02002208
	ldr r2, [r0, #0x00]
	movs r3, #0xC0
	lsls r3, r3, #0x12
	ldr r0, _08003B14 @ =0x0200221C
	ldr r0, [r0, #0x00]
	str r0, [sp, #0x000]
	ldr r0, _08003B34 @ =0x02022DE4
	ldrh r0, [r0, #0x00]
	str r0, [sp, #0x004]
	movs r0, #0x00
	movs r1, #0x00
	bl sub_08003BFC
	ldr r0, _08003B0C @ =0x0200BC54
	ldr r2, [r0, #0x00]
	ldr r3, _08003B38 @ =0x03000800
	ldr r0, _08003B18 @ =0x02002210
	ldr r0, [r0, #0x00]
	str r0, [sp, #0x000]
	ldr r0, _08003B3C @ =0x0200BC34
	ldrh r0, [r0, #0x00]
	str r0, [sp, #0x004]
	movs r0, #0x00
	movs r1, #0x00
	bl sub_08003BFC
	bl sub_08003D90
	movs r0, #0x00
	movs r1, #0x00
	bl sub_08004260
	adds r0, r7, #0x0
	bl sub_08008F1C
	bl sub_08005560
	bl sub_0800557C
	ldr r1, _08003B40 @ =0x020253D4
	movs r0, #0x00
	strb r0, [r1, #0x00]
	movs r3, #0x82
	lsls r3, r3, #0x02
	add sp, r3
	pop {r3}
	mov r8, r3
	pop {r4, r5, r6, r7}
	pop {r0}
	bx r0
	.global _08003AE8
_08003AE8: .4byte 0xFFFFFDF8
	.global _08003AEC
_08003AEC: .4byte 0x08335C60
	.global _08003AF0
_08003AF0: .4byte 0x0600C000
	.global _08003AF4
_08003AF4: .4byte 0x08364B0C
	.global _08003AF8
_08003AF8: .4byte 0x08334BCC
	.global _08003AFC
_08003AFC: .4byte 0x0200BC30
	.global _08003B00
_08003B00: .4byte 0x02022DD8
	.global _08003B04
_08003B04: .4byte 0x02002208
	.global _08003B08
_08003B08: .4byte 0x02002220
	.global _08003B0C
_08003B0C: .4byte 0x0200BC54
	.global _08003B10
_08003B10: .4byte 0x0200BC70
	.global _08003B14
_08003B14: .4byte 0x0200221C
	.global _08003B18
_08003B18: .4byte 0x02002210
	.global _08003B1C
_08003B1C: .4byte 0x02022DF0
	.global _08003B20
_08003B20: .4byte 0x0201567C
	.global _08003B24
_08003B24: .4byte 0x0200BC50
	.global _08003B28
_08003B28: .4byte 0x02015690
	.global _08003B2C
_08003B2C: .4byte 0x02022DEC
	.global _08003B30
_08003B30: .4byte 0x02002200
	.global _08003B34
_08003B34: .4byte 0x02022DE4
	.global _08003B38
_08003B38: .4byte 0x03000800
	.global _08003B3C
_08003B3C: .4byte 0x0200BC34
	.global _08003B40
_08003B40: .4byte 0x020253D4
	thumb_func_start sub_08003B44
sub_08003B44:
	push {r4, r5, lr}
	add sp, #-0x008
	ldr r0, _08003BC0 @ =0x02002100
	ldr r4, [r0, #0x18]
	subs r4, #0x78
	ldr r5, [r0, #0x1C]
	subs r5, #0x50
	ldr r0, _08003BC4 @ =0x0200BC48
	movs r2, #0x0F
	ands r2, r4
	str r2, [r0, #0x00]
	ldr r0, _08003BC8 @ =0x0200BC4C
	movs r1, #0x1F
	ands r1, r5
	str r1, [r0, #0x00]
	ldr r0, _08003BCC @ =0x02022DF8
	str r2, [r0, #0x00]
	ldr r0, _08003BD0 @ =0x0200BC2C
	str r1, [r0, #0x00]
	ldr r0, _08003BD4 @ =0x02022DE0
	str r2, [r0, #0x00]
	ldr r0, _08003BD8 @ =0x02022DE8
	str r1, [r0, #0x00]
	ldr r2, _08003BDC @ =0x02002218
	movs r1, #0x10
	adds r0, r4, #0x0
	ands r0, r1
	strb r0, [r2, #0x00]
	asrs r4, r4, #0x05
	asrs r5, r5, #0x05
	ldr r0, _08003BE0 @ =0x02002208
	ldr r2, [r0, #0x00]
	movs r3, #0xC0
	lsls r3, r3, #0x12
	ldr r0, _08003BE4 @ =0x0200221C
	ldr r0, [r0, #0x00]
	str r0, [sp, #0x000]
	ldr r0, _08003BE8 @ =0x02022DE4
	ldrh r0, [r0, #0x00]
	str r0, [sp, #0x004]
	adds r0, r4, #0x0
	adds r1, r5, #0x0
	bl sub_08003BFC
	ldr r0, _08003BEC @ =0x0200BC54
	ldr r2, [r0, #0x00]
	ldr r3, _08003BF0 @ =0x03000800
	ldr r0, _08003BF4 @ =0x02002210
	ldr r0, [r0, #0x00]
	str r0, [sp, #0x000]
	ldr r0, _08003BF8 @ =0x0200BC34
	ldrh r0, [r0, #0x00]
	str r0, [sp, #0x004]
	adds r0, r4, #0x0
	adds r1, r5, #0x0
	bl sub_08003BFC
	add sp, #0x008
	pop {r4, r5}
	pop {r0}
	bx r0
	.byte 0x00, 0x00
	.global _08003BC0
_08003BC0: .4byte 0x02002100
	.global _08003BC4
_08003BC4: .4byte 0x0200BC48
	.global _08003BC8
_08003BC8: .4byte 0x0200BC4C
	.global _08003BCC
_08003BCC: .4byte 0x02022DF8
	.global _08003BD0
_08003BD0: .4byte 0x0200BC2C
	.global _08003BD4
_08003BD4: .4byte 0x02022DE0
	.global _08003BD8
_08003BD8: .4byte 0x02022DE8
	.global _08003BDC
_08003BDC: .4byte 0x02002218
	.global _08003BE0
_08003BE0: .4byte 0x02002208
	.global _08003BE4
_08003BE4: .4byte 0x0200221C
	.global _08003BE8
_08003BE8: .4byte 0x02022DE4
	.global _08003BEC
_08003BEC: .4byte 0x0200BC54
	.global _08003BF0
_08003BF0: .4byte 0x03000800
	.global _08003BF4
_08003BF4: .4byte 0x02002210
	.global _08003BF8
_08003BF8: .4byte 0x0200BC34
	thumb_func_start sub_08003BFC
sub_08003BFC:
	push {r4, r5, r6, r7, lr}
	mov r7, r8
	push {r7}
	mov r12, r3
	ldr r6, [sp, #0x018]
	ldr r4, _08003C74 @ =0x0200BC30
	ldr r3, [r4, #0x00]
	muls r1, r3
	lsls r1, r1, #0x01
	adds r2, r2, r1
	lsls r0, r0, #0x01
	adds r2, r2, r0
	movs r0, #0x00
	mov r8, r4
	.global _08003C18
_08003C18:
	movs r4, #0x00
	adds r5, r0, #0x4
	mov r3, r12
	adds r3, #0x90
	.global _08003C20
_08003C20:
	ldrh r1, [r2, #0x00]
	adds r2, #0x02
	lsls r1, r1, #0x05
	adds r1, r6, r1
	ldm r1!, {r0}
	mov r7, r12
	str r0, [r7, #0x00]
	ldm r1!, {r0}
	str r0, [r7, #0x04]
	ldm r1!, {r0}
	str r0, [r7, #0x48]
	ldm r1!, {r0}
	str r0, [r7, #0x4C]
	ldm r1!, {r0}
	str r0, [r3, #0x00]
	ldm r1!, {r0}
	str r0, [r3, #0x04]
	ldm r1!, {r0}
	str r0, [r3, #0x48]
	ldr r0, [r1, #0x00]
	str r0, [r3, #0x4C]
	adds r3, #0x08
	movs r0, #0x08
	add r12, r0
	adds r4, #0x01
	cmp r4, #0x09
	bne _08003C20
	movs r1, #0xD8
	add r12, r1
	mov r7, r8
	ldr r0, [r7, #0x00]
	lsls r0, r0, #0x01
	subs r0, #0x12
	adds r2, r2, r0
	adds r0, r5, #0x0
	cmp r0, #0x18
	bne _08003C18
	pop {r3}
	mov r8, r3
	pop {r4, r5, r6, r7}
	pop {r0}
	bx r0
	.global _08003C74
_08003C74: .4byte 0x0200BC30
	.byte 0xF0, 0xB5, 0x4F, 0x46, 0x46, 0x46, 0xC0, 0xB4, 0x1D, 0x1C, 0x07, 0x9B, 0x98, 0x46, 0x2C, 0x4C
	.byte 0x23, 0x68, 0x59, 0x43, 0x52, 0x18, 0x16, 0x18, 0x2B, 0x1C, 0x00, 0x20, 0xA1, 0x46, 0x00, 0x27
	.byte 0x04, 0x30, 0x84, 0x46, 0x1D, 0x1C, 0x90, 0x35, 0x1C, 0x1C, 0xD8, 0x34, 0x1A, 0x1C, 0x48, 0x32
	.byte 0x30, 0x78, 0x01, 0x36, 0x40, 0x01, 0x40, 0x44, 0x01, 0x88, 0x19, 0x80, 0x02, 0x30, 0x01, 0x88
	.byte 0x59, 0x80, 0x02, 0x30, 0x01, 0x88, 0x99, 0x80, 0x02, 0x30, 0x01, 0x88, 0xD9, 0x80, 0x02, 0x30
	.byte 0x01, 0x88, 0x11, 0x80, 0x02, 0x30, 0x01, 0x88, 0x51, 0x80, 0x02, 0x30, 0x01, 0x88, 0x91, 0x80
	.byte 0x02, 0x30, 0x01, 0x88, 0xD1, 0x80, 0x02, 0x30, 0x01, 0x88, 0x29, 0x80, 0x02, 0x30, 0x01, 0x88
	.byte 0x69, 0x80, 0x02, 0x30, 0x01, 0x88, 0xA9, 0x80, 0x02, 0x30, 0x01, 0x88, 0xE9, 0x80, 0x02, 0x30
	.byte 0x01, 0x88, 0x21, 0x80, 0x02, 0x30, 0x01, 0x88, 0x61, 0x80, 0x02, 0x30, 0x01, 0x88, 0xA1, 0x80
	.byte 0x40, 0x88, 0xE0, 0x80, 0x08, 0x35, 0x08, 0x34, 0x08, 0x32, 0x08, 0x33, 0x01, 0x37, 0x09, 0x2F
	.byte 0xC6, 0xD1, 0xD8, 0x33, 0x49, 0x46, 0x08, 0x68, 0x09, 0x38, 0x36, 0x18, 0x60, 0x46, 0x18, 0x28
	.byte 0xB5, 0xD1, 0x18, 0xBC, 0x98, 0x46, 0xA1, 0x46, 0xF0, 0xBC, 0x01, 0xBC, 0x00, 0x47, 0x00, 0x00
	.byte 0x30, 0xBC, 0x00, 0x02
	thumb_func_start sub_08003D3C
sub_08003D3C:
	push {r4, r5, r6, lr}
	adds r4, r0, #0x0
	adds r5, r1, #0x0
	ldr r0, _08003D68 @ =0x02002218
	ldrb r0, [r0, #0x00]
	cmp r0, #0x00
	beq _08003D4C
	adds r4, #0x04
	.global _08003D4C
_08003D4C:
	movs r6, #0x00
	.global _08003D4E
_08003D4E:
	adds r0, r4, #0x0
	adds r1, r5, #0x0
	movs r2, #0x10
	bl sub_08016E0C
	adds r4, #0x48
	adds r5, #0x40
	adds r6, #0x01
	cmp r6, #0x18
	bne _08003D4E
	pop {r4, r5, r6}
	pop {r0}
	bx r0
	.global _08003D68
_08003D68: .4byte 0x02002218
	.byte 0x70, 0xB5, 0x05, 0x1C, 0x0C, 0x1C, 0x00, 0x26, 0x28, 0x1C, 0x21, 0x1C, 0x10, 0x22, 0x13, 0xF0
	.byte 0x47, 0xF8, 0x40, 0x35, 0x40, 0x34, 0x01, 0x36, 0x1C, 0x2E, 0xF5, 0xD1, 0x70, 0xBC, 0x01, 0xBC
	.byte 0x00, 0x47, 0x00, 0x00
	thumb_func_start sub_08003D90
sub_08003D90:
	push {lr}
	movs r0, #0xC0
	lsls r0, r0, #0x12
	ldr r1, _08003DA8 @ =0x0600E800
	bl sub_08003D3C
	ldr r0, _08003DAC @ =0x03000800
	ldr r1, _08003DB0 @ =0x0600F000
	bl sub_08003D3C
	pop {r0}
	bx r0
	.global _08003DA8
_08003DA8: .4byte 0x0600E800
	.global _08003DAC
_08003DAC: .4byte 0x03000800
	.global _08003DB0
_08003DB0: .4byte 0x0600F000
	thumb_func_start sub_08003DB4
sub_08003DB4:
	push {r4, r5, r6, r7, lr}
	adds r4, r0, #0x0
	movs r6, #0x00
	movs r5, #0x1F
	ldr r3, _08003DF0 @ =0x02022E20
	movs r7, #0x80
	lsls r7, r7, #0x01
	.global _08003DC2
_08003DC2:
	ldrh r0, [r4, #0x00]
	adds r4, #0x02
	adds r1, r0, #0x0
	adds r2, r0, #0x0
	ands r0, r5
	asrs r1, r1, #0x05
	ands r1, r5
	asrs r2, r2, #0x0A
	ands r2, r5
	lsls r0, r0, #0x10
	str r0, [r3, #0x00]
	lsls r1, r1, #0x10
	str r1, [r3, #0x04]
	lsls r2, r2, #0x10
	str r2, [r3, #0x08]
	adds r3, #0x0C
	adds r6, #0x01
	cmp r6, r7
	bne _08003DC2
	pop {r4, r5, r6, r7}
	pop {r0}
	bx r0
	.byte 0x00, 0x00
	.global _08003DF0
_08003DF0: .4byte 0x02022E20
	.byte 0x70, 0xB5, 0x0C, 0x1C, 0x03, 0x1C, 0x00, 0x26, 0x1F, 0x25, 0x18, 0x88, 0x02, 0x33, 0x01, 0x1C
	.byte 0x02, 0x1C, 0x28, 0x40, 0x49, 0x11, 0x29, 0x40, 0x92, 0x12, 0x2A, 0x40, 0x00, 0x04, 0x01, 0xC4
	.byte 0x09, 0x04, 0x02, 0xC4, 0x12, 0x04, 0x04, 0xC4, 0x01, 0x36, 0x10, 0x2E, 0xED, 0xD1, 0x70, 0xBC
	.byte 0x01, 0xBC, 0x00, 0x47, 0x70, 0xB5, 0x04, 0x1C, 0x0B, 0x1C, 0x00, 0x26, 0x1F, 0x25, 0x01, 0xCC
	.byte 0x02, 0xCC, 0x04, 0xCC, 0x00, 0x14, 0x09, 0x14, 0x12, 0x14, 0x28, 0x40, 0x29, 0x40, 0x2A, 0x40
	.byte 0x49, 0x01, 0x08, 0x43, 0x92, 0x02, 0x10, 0x43, 0x18, 0x80, 0x02, 0x33, 0x01, 0x36, 0x10, 0x2E
	.byte 0xED, 0xD1, 0x70, 0xBC, 0x01, 0xBC, 0x00, 0x47, 0x30, 0xB5, 0x04, 0x1C, 0x04, 0xCC, 0x12, 0x14
	.byte 0x06, 0x25, 0x43, 0x5F, 0x06, 0x20, 0x24, 0x5E, 0x1F, 0x20, 0x02, 0x40, 0x03, 0x40, 0x04, 0x40
	.byte 0x5B, 0x01, 0x1A, 0x43, 0xA4, 0x02, 0x22, 0x43, 0x0A, 0x80, 0x30, 0xBC, 0x01, 0xBC, 0x00, 0x47
	.byte 0xF0, 0xB5, 0x06, 0x1C, 0x14, 0x1C, 0x0D, 0x1C, 0x00, 0x20, 0x84, 0x46, 0x1F, 0x27, 0x2B, 0x88
	.byte 0x02, 0x35, 0x19, 0x1C, 0x3B, 0x40, 0x4A, 0x11, 0x3A, 0x40, 0x89, 0x12, 0x39, 0x40, 0x1B, 0x04
	.byte 0x12, 0x04, 0x09, 0x04, 0x01, 0xCE, 0x18, 0x1A, 0x23, 0x1C, 0x04, 0x34, 0x00, 0x28, 0x00, 0xDA
	.byte 0x0F, 0x30, 0x00, 0x11, 0x18, 0x60, 0x01, 0xCE, 0x10, 0x1A, 0x22, 0x1C, 0x04, 0x34, 0x00, 0x28
	.byte 0x00, 0xDA, 0x0F, 0x30, 0x00, 0x11, 0x10, 0x60, 0x01, 0xCE, 0x08, 0x1A, 0x23, 0x1C, 0x1C, 0x1D
	.byte 0x00, 0x28, 0x00, 0xDA, 0x0F, 0x30, 0x00, 0x11, 0x18, 0x60, 0x01, 0x20, 0x84, 0x44, 0x60, 0x46
	.byte 0x10, 0x28, 0xD4, 0xD1, 0xF0, 0xBC, 0x01, 0xBC, 0x00, 0x47, 0x00, 0x00, 0x10, 0xB5, 0x02, 0x1C
	.byte 0x0C, 0x1C, 0x00, 0x23, 0x10, 0x68, 0x02, 0xCC, 0x40, 0x18, 0x01, 0xC2, 0x01, 0x33, 0x30, 0x2B
	.byte 0xF8, 0xD1, 0x10, 0xBC, 0x01, 0xBC, 0x00, 0x47, 0xF0, 0xB5, 0x04, 0x1C, 0x00, 0x26, 0x1F, 0x25
	.byte 0x0C, 0x4B, 0x80, 0x27, 0x7F, 0x00, 0x20, 0x88, 0x02, 0x34, 0x01, 0x1C, 0x02, 0x1C, 0x28, 0x40
	.byte 0x49, 0x11, 0x29, 0x40, 0x92, 0x12, 0x2A, 0x40, 0x00, 0x04, 0x18, 0x60, 0x09, 0x04, 0x59, 0x60
	.byte 0x12, 0x04, 0x9A, 0x60, 0x0C, 0x33, 0x01, 0x36, 0xBE, 0x42, 0xEC, 0xD1, 0xF0, 0xBC, 0x01, 0xBC
	.byte 0x00, 0x47, 0x00, 0x00, 0x20, 0x2E, 0x02, 0x02
	thumb_func_start sub_08003F4C
sub_08003F4C:
	push {r4, r5, lr}
	lsls r0, r0, #0x10
	movs r3, #0x1F
	movs r4, #0xF8
	lsls r4, r4, #0x0D
	lsrs r2, r0, #0x15
	ands r2, r3
	lsrs r1, r0, #0x1A
	ands r1, r3
	movs r3, #0x00
	ands r4, r0
	ldr r0, _08003F80 @ =0x02022E20
	lsls r2, r2, #0x10
	lsls r1, r1, #0x10
	movs r5, #0x80
	lsls r5, r5, #0x01
	.global _08003F6C
_08003F6C:
	str r4, [r0, #0x00]
	str r2, [r0, #0x04]
	str r1, [r0, #0x08]
	adds r0, #0x0C
	adds r3, #0x01
	cmp r3, r5
	bne _08003F6C
	pop {r4, r5}
	pop {r0}
	bx r0
	.global _08003F80
_08003F80: .4byte 0x02022E20
	thumb_func_start sub_08003F84
sub_08003F84:
	push {r4, r5, r6, r7, lr}
	mov r7, r10
	mov r6, r9
	mov r5, r8
	push {r5, r6, r7}
	adds r6, r0, #0x0
	lsls r1, r1, #0x10
	movs r0, #0x1F
	movs r2, #0xF8
	lsls r2, r2, #0x0D
	mov r10, r2
	lsrs r2, r1, #0x15
	ands r2, r0
	lsrs r7, r1, #0x1A
	ands r7, r0
	mov r0, r10
	ands r0, r1
	mov r10, r0
	lsls r2, r2, #0x10
	mov r8, r2
	lsls r7, r7, #0x10
	movs r1, #0x00
	mov r9, r1
	ldr r5, _08004008 @ =0x02022E20
	ldr r4, _0800400C @ =0x02023A20
	.global _08003FB6
_08003FB6:
	ldr r0, [r5, #0x00]
	mov r2, r10
	subs r0, r2, r0
	adds r1, r6, #0x0
	bl sub_08017230
	str r0, [r4, #0x00]
	ldr r0, [r5, #0x04]
	mov r1, r8
	subs r0, r1, r0
	adds r1, r6, #0x0
	bl sub_08017230
	str r0, [r4, #0x04]
	ldr r0, [r5, #0x08]
	subs r0, r7, r0
	adds r1, r6, #0x0
	bl sub_08017230
	str r0, [r4, #0x08]
	adds r5, #0x0C
	adds r4, #0x0C
	movs r2, #0x01
	add r9, r2
	movs r0, #0x80
	lsls r0, r0, #0x01
	cmp r9, r0
	bne _08003FB6
	ldr r0, _08004010 @ =0x02022E18
	strh r6, [r0, #0x00]
	movs r0, #0x01
	ldr r1, _08004014 @ =0x02022E14
	strb r0, [r1, #0x00]
	pop {r3, r4, r5}
	mov r8, r3
	mov r9, r4
	mov r10, r5
	pop {r4, r5, r6, r7}
	pop {r0}
	bx r0
	.byte 0x00, 0x00
	.global _08004008
_08004008: .4byte 0x02022E20
	.global _0800400C
_0800400C: .4byte 0x02023A20
	.global _08004010
_08004010: .4byte 0x02022E18
	.global _08004014
_08004014: .4byte 0x02022E14
	thumb_func_start sub_08004018
sub_08004018:
	push {r4, r5, r6, r7, lr}
	mov r7, r10
	mov r6, r9
	mov r5, r8
	push {r5, r6, r7}
	adds r6, r0, #0x0
	mov r9, r1
	movs r0, #0x00
	mov r10, r0
	ldr r1, _080040D0 @ =0x02022E20
	mov r8, r1
	ldr r7, _080040D4 @ =0x02023A20
	.global _08004030
_08004030:
	mov r0, r9
	ldrh r2, [r0, #0x00]
	movs r1, #0x02
	add r9, r1
	adds r4, r2, #0x0
	movs r0, #0x1F
	ands r2, r0
	asrs r5, r4, #0x05
	ands r5, r0
	asrs r4, r4, #0x0A
	ands r4, r0
	lsls r0, r2, #0x01
	adds r0, r0, r2
	lsrs r1, r0, #0x1F
	adds r0, r0, r1
	asrs r2, r0, #0x01
	cmp r2, #0x1F
	ble _08004056
	movs r2, #0x1F
	.global _08004056
_08004056:
	lsls r0, r5, #0x01
	adds r0, r0, r5
	lsrs r1, r0, #0x1F
	adds r0, r0, r1
	asrs r5, r0, #0x01
	cmp r5, #0x1F
	ble _08004066
	movs r5, #0x1F
	.global _08004066
_08004066:
	lsls r0, r4, #0x01
	adds r0, r0, r4
	lsrs r1, r0, #0x1F
	adds r0, r0, r1
	asrs r4, r0, #0x01
	cmp r4, #0x1F
	ble _08004076
	movs r4, #0x1F
	.global _08004076
_08004076:
	lsls r2, r2, #0x10
	lsls r5, r5, #0x10
	lsls r4, r4, #0x10
	mov r1, r8
	ldr r0, [r1, #0x00]
	subs r0, r2, r0
	adds r1, r6, #0x0
	bl sub_08017230
	str r0, [r7, #0x00]
	mov r1, r8
	ldr r0, [r1, #0x04]
	subs r0, r5, r0
	adds r1, r6, #0x0
	bl sub_08017230
	str r0, [r7, #0x04]
	mov r1, r8
	ldr r0, [r1, #0x08]
	subs r0, r4, r0
	adds r1, r6, #0x0
	bl sub_08017230
	str r0, [r7, #0x08]
	movs r0, #0x0C
	add r8, r0
	adds r7, #0x0C
	movs r1, #0x01
	add r10, r1
	adds r0, #0xF4
	cmp r10, r0
	bne _08004030
	ldr r0, _080040D8 @ =0x02022E18
	strh r6, [r0, #0x00]
	movs r0, #0x01
	ldr r1, _080040DC @ =0x02022E14
	strb r0, [r1, #0x00]
	pop {r3, r4, r5}
	mov r8, r3
	mov r9, r4
	mov r10, r5
	pop {r4, r5, r6, r7}
	pop {r0}
	bx r0
	.byte 0x00, 0x00
	.global _080040D0
_080040D0: .4byte 0x02022E20
	.global _080040D4
_080040D4: .4byte 0x02023A20
	.global _080040D8
_080040D8: .4byte 0x02022E18
	.global _080040DC
_080040DC: .4byte 0x02022E14
	thumb_func_start sub_080040E0
sub_080040E0:
	push {r4, r5, r6, r7, lr}
	mov r7, r8
	push {r7}
	adds r7, r0, #0x0
	movs r0, #0xF0
	mov r8, r0
	ldr r2, _0800413C @ =0x02023A20
	ldr r1, _08004140 @ =0x02022E20
	movs r0, #0xB4
	lsls r0, r0, #0x04
	adds r6, r1, r0
	adds r5, r2, r0
	.global _080040F8
_080040F8:
	movs r4, #0xF8
	lsls r4, r4, #0x0D
	ldr r0, [r6, #0x00]
	subs r0, r4, r0
	adds r1, r7, #0x0
	bl sub_08017230
	str r0, [r5, #0x00]
	ldr r0, [r6, #0x04]
	subs r0, r4, r0
	adds r1, r7, #0x0
	bl sub_08017230
	str r0, [r5, #0x04]
	ldr r0, [r6, #0x08]
	subs r4, r4, r0
	adds r0, r4, #0x0
	adds r1, r7, #0x0
	bl sub_08017230
	str r0, [r5, #0x08]
	adds r6, #0x0C
	adds r5, #0x0C
	movs r0, #0x01
	add r8, r0
	adds r0, #0xFF
	cmp r8, r0
	bne _080040F8
	pop {r3}
	mov r8, r3
	pop {r4, r5, r6, r7}
	pop {r0}
	bx r0
	.byte 0x00, 0x00
	.global _0800413C
_0800413C: .4byte 0x02023A20
	.global _08004140
_08004140: .4byte 0x02022E20
	thumb_func_start sub_08004144
sub_08004144:
	push {r4, r5, lr}
	ldr r0, _0800418C @ =0x02022E18
	movs r1, #0x00
	ldsh r0, [r0, r1]
	ldr r1, _08004190 @ =0x02022E14
	cmp r0, #0x00
	bne _08004154
	strb r0, [r1, #0x00]
	.global _08004154
_08004154:
	ldrb r0, [r1, #0x00]
	cmp r0, #0x00
	beq _0800417E
	bl sub_080041A0
	movs r2, #0x00
	movs r5, #0xC0
	lsls r5, r5, #0x02
	ldr r3, _08004194 @ =0x02022E20
	ldr r4, _08004198 @ =0x02023A20
	.global _08004168
_08004168:
	ldr r0, [r3, #0x00]
	ldm r4!, {r1}
	adds r0, r0, r1
	stm r3!, {r0}
	adds r2, #0x01
	cmp r2, r5
	bne _08004168
	ldr r1, _0800418C @ =0x02022E18
	ldrh r0, [r1, #0x00]
	subs r0, #0x01
	strh r0, [r1, #0x00]
	.global _0800417E
_0800417E:
	ldr r1, _0800419C @ =0x02022E10
	movs r0, #0x01
	strb r0, [r1, #0x00]
	pop {r4, r5}
	pop {r0}
	bx r0
	.byte 0x00, 0x00
	.global _0800418C
_0800418C: .4byte 0x02022E18
	.global _08004190
_08004190: .4byte 0x02022E14
	.global _08004194
_08004194: .4byte 0x02022E20
	.global _08004198
_08004198: .4byte 0x02023A20
	.global _0800419C
_0800419C: .4byte 0x02022E10
	thumb_func_start sub_080041A0
sub_080041A0:
	push {r4, r5, r6, r7, lr}
	ldr r6, _080041D8 @ =0x02022E20
	ldr r5, _080041DC @ =0x02024620
	movs r4, #0x00
	movs r3, #0x1F
	movs r7, #0x80
	lsls r7, r7, #0x01
	.global _080041AE
_080041AE:
	ldm r6!, {r0}
	ldm r6!, {r1}
	ldm r6!, {r2}
	asrs r0, r0, #0x10
	asrs r1, r1, #0x10
	asrs r2, r2, #0x10
	ands r0, r3
	ands r1, r3
	ands r2, r3
	lsls r1, r1, #0x05
	orrs r0, r1
	lsls r2, r2, #0x0A
	orrs r0, r2
	strh r0, [r5, #0x00]
	adds r5, #0x02
	adds r4, #0x01
	cmp r4, r7
	bne _080041AE
	pop {r4, r5, r6, r7}
	pop {r0}
	bx r0
	.global _080041D8
_080041D8: .4byte 0x02022E20
	.global _080041DC
_080041DC: .4byte 0x02024620
	thumb_func_start sub_080041E0
sub_080041E0:
	push {r4, lr}
	ldr r4, _08004204 @ =0x02022E10
	ldrb r0, [r4, #0x00]
	cmp r0, #0x00
	beq _080041FC
	ldr r0, _08004208 @ =0x02024620
	movs r1, #0xA0
	lsls r1, r1, #0x13
	movs r2, #0x80
	lsls r2, r2, #0x01
	bl sub_08016E10
	movs r0, #0x00
	strb r0, [r4, #0x00]
	.global _080041FC
_080041FC:
	pop {r4}
	pop {r0}
	bx r0
	.byte 0x00, 0x00
	.global _08004204
_08004204: .4byte 0x02022E10
	.global _08004208
_08004208: .4byte 0x02024620
	thumb_func_start sub_0800420C
sub_0800420C:
	push {r4, r5, lr}
	adds r2, r0, #0x0
	adds r5, r1, #0x0
	lsls r2, r2, #0x10
	lsrs r2, r2, #0x10
	adds r0, r5, #0x0
	adds r1, r2, #0x0
	bl sub_08003F84
	movs r4, #0x00
	cmp r4, r5
	beq _08004232
	.global _08004224
_08004224:
	bl sub_08000458
	bl sub_08004144
	adds r4, #0x01
	cmp r4, r5
	bne _08004224
	.global _08004232
_08004232:
	pop {r4, r5}
	pop {r0}
	bx r0
	thumb_func_start sub_08004238
sub_08004238:
	push {r4, r5, lr}
	adds r2, r0, #0x0
	adds r5, r1, #0x0
	adds r0, r5, #0x0
	adds r1, r2, #0x0
	bl sub_08004018
	movs r4, #0x00
	cmp r4, r5
	beq _0800425A
	.global _0800424C
_0800424C:
	bl sub_08000458
	bl sub_08004144
	adds r4, #0x01
	cmp r4, r5
	bne _0800424C
	.global _0800425A
_0800425A:
	pop {r4, r5}
	pop {r0}
	bx r0
	thumb_func_start sub_08004260
sub_08004260:
	ldr r2, _08004274 @ =0x02002100
	str r0, [r2, #0x00]
	str r1, [r2, #0x04]
	str r0, [r2, #0x08]
	str r1, [r2, #0x0C]
	movs r0, #0x00
	str r0, [r2, #0x10]
	str r0, [r2, #0x14]
	bx lr
	.byte 0x00, 0x00
	.global _08004274
_08004274: .4byte 0x02002100
	thumb_func_start sub_08004278
sub_08004278:
	push {r4, r5, r6, lr}
	ldr r1, _08004298 @ =0x02002100
	ldr r3, [r1, #0x00]
	ldr r5, [r1, #0x04]
	ldr r0, _0800429C @ =0x020020CC
	ldrb r0, [r0, #0x00]
	adds r6, r1, #0x0
	cmp r0, #0x0B
	bls _0800428C
	b _0800438C
	.global _0800428C
_0800428C:
	lsls r0, r0, #0x02
	ldr r1, _080042A0 @ =0x080042A4
	adds r0, r0, r1
	ldr r0, [r0, #0x00]
	mov pc, r0
	.byte 0x00, 0x00
	.global _08004298
_08004298: .4byte 0x02002100
	.global _0800429C
_0800429C: .4byte 0x020020CC
	.global _080042A0
_080042A0: .4byte 0x080042A4
	.byte 0xD4, 0x42, 0x00, 0x08, 0xE4, 0x42, 0x00, 0x08, 0xF4, 0x42, 0x00, 0x08, 0x04, 0x43, 0x00, 0x08
	.byte 0x14, 0x43, 0x00, 0x08, 0x24, 0x43, 0x00, 0x08, 0x34, 0x43, 0x00, 0x08, 0x44, 0x43, 0x00, 0x08
	.byte 0x54, 0x43, 0x00, 0x08, 0x64, 0x43, 0x00, 0x08, 0x74, 0x43, 0x00, 0x08, 0x84, 0x43, 0x00, 0x08
	.byte 0x96, 0x20, 0x80, 0x04, 0x1C, 0x18, 0x01, 0x48, 0x55, 0xE0, 0x00, 0x00, 0x00, 0x00, 0x8C, 0xFA
	.byte 0x01, 0x4A, 0x9C, 0x18, 0x01, 0x48, 0x4E, 0xE0, 0x00, 0x00, 0xDD, 0x02, 0x00, 0x00, 0x22, 0xFB
	.byte 0x02, 0x4A, 0x9C, 0x18, 0xA4, 0x20, 0xC0, 0x03, 0x45, 0xE0, 0x00, 0x00, 0x00, 0x00, 0x4D, 0xF8
	.byte 0x01, 0x4A, 0x9C, 0x18, 0x01, 0x48, 0x3E, 0xE0, 0x00, 0x00, 0x97, 0x03, 0x00, 0x00, 0xB6, 0xFA
	.byte 0x02, 0x4A, 0x9C, 0x18, 0x8C, 0x20, 0xC0, 0x03, 0x35, 0xE0, 0x00, 0x00, 0x00, 0x00, 0x45, 0xF8
	.byte 0xB8, 0x22, 0x52, 0x03, 0x9C, 0x18, 0x01, 0x48, 0x2D, 0xE0, 0x00, 0x00, 0x00, 0x00, 0x65, 0xF6
	.byte 0x01, 0x4A, 0x9C, 0x18, 0x01, 0x48, 0x26, 0xE0, 0x00, 0x00, 0x55, 0x02, 0x00, 0x00, 0x85, 0xFA
	.byte 0x96, 0x22, 0x92, 0x04, 0x9C, 0x18, 0x01, 0x48, 0x1D, 0xE0, 0x00, 0x00, 0x00, 0x00, 0x8A, 0xFA
	.byte 0x01, 0x4A, 0x9C, 0x18, 0x01, 0x48, 0x16, 0xE0, 0x00, 0x00, 0x52, 0x02, 0x00, 0x00, 0x84, 0xFA
	.byte 0x01, 0x4A, 0x9C, 0x18, 0x01, 0x48, 0x0E, 0xE0, 0x00, 0x00, 0x9E, 0x04, 0x00, 0x00, 0x0C, 0xF7
	.byte 0x01, 0x4A, 0x9C, 0x18, 0x01, 0x48, 0x06, 0xE0, 0x00, 0x00, 0x49, 0x04, 0x00, 0x00, 0x75, 0xFC
	.byte 0x09, 0x4A, 0x9C, 0x18, 0x09, 0x48, 0x2A, 0x18
	.global _0800438C
_0800438C:
	subs r0, r4, r2
	lsls r0, r0, #0x01
	adds r1, r4, r2
	ldr r2, _080043B4 @ =0xFF110000
	adds r0, r0, r2
	ldr r2, _080043B8 @ =0xFF610000
	adds r1, r1, r2
	asrs r0, r0, #0x11
	asrs r1, r1, #0x11
	adds r0, #0x78
	str r0, [r6, #0x18]
	adds r1, #0x50
	str r1, [r6, #0x1C]
	pop {r4, r5, r6}
	pop {r0}
	bx r0
	.byte 0x00, 0x00, 0x08, 0xFB, 0x00, 0x00, 0xD6, 0x02
	.global _080043B4
_080043B4: .4byte 0xFF110000
	.global _080043B8
_080043B8: .4byte 0xFF610000
	thumb_func_start sub_080043BC
sub_080043BC:
	push {r4, r5, lr}
	ldr r1, _080043DC @ =0x02002100
	ldr r0, [r1, #0x08]
	ldr r2, [r1, #0x00]
	subs r4, r0, r2
	ldr r0, [r1, #0x0C]
	ldr r3, [r1, #0x04]
	subs r5, r0, r3
	ldr r0, _080043E0 @ =0x020020E0
	ldrb r0, [r0, #0x00]
	cmp r0, #0x00
	beq _080043E4
	adds r0, r2, r4
	str r0, [r1, #0x00]
	adds r0, r3, r5
	b _080043EE
	.global _080043DC
_080043DC: .4byte 0x02002100
	.global _080043E0
_080043E0: .4byte 0x020020E0
	.global _080043E4
_080043E4:
	asrs r0, r4, #0x04
	adds r0, r2, r0
	str r0, [r1, #0x00]
	asrs r0, r5, #0x04
	adds r0, r3, r0
	.global _080043EE
_080043EE:
	str r0, [r1, #0x04]
	pop {r4, r5}
	pop {r0}
	bx r0
	.byte 0x00, 0x00
	thumb_func_start sub_080043F8
sub_080043F8:
	adds r3, r0, #0x0
	ldr r0, _08004410 @ =0x020020E0
	ldrb r0, [r0, #0x00]
	cmp r0, #0x00
	beq _08004418
	ldr r0, _08004414 @ =0x02002100
	ldr r1, [r3, #0x00]
	str r1, [r0, #0x08]
	ldr r1, [r3, #0x08]
	str r1, [r0, #0x0C]
	b _08004436
	.byte 0x00, 0x00
	.global _08004410
_08004410: .4byte 0x020020E0
	.global _08004414
_08004414: .4byte 0x02002100
	.global _08004418
_08004418:
	ldr r2, _08004438 @ =0x02002100
	ldr r0, [r3, #0x0C]
	lsls r1, r0, #0x02
	adds r1, r1, r0
	lsls r1, r1, #0x02
	ldr r0, [r3, #0x00]
	adds r0, r0, r1
	str r0, [r2, #0x08]
	ldr r0, [r3, #0x14]
	lsls r1, r0, #0x02
	adds r1, r1, r0
	lsls r1, r1, #0x02
	ldr r0, [r3, #0x08]
	adds r0, r0, r1
	str r0, [r2, #0x0C]
	.global _08004436
_08004436:
	bx lr
	.global _08004438
_08004438: .4byte 0x02002100
	thumb_func_start sub_0800443C
sub_0800443C:
	ldr r1, _08004460 @ =0x02024828
	ldr r0, _08004464 @ =0x02024830
	str r0, [r1, #0x00]
	ldr r1, _08004468 @ =0x02024C30
	ldr r0, _0800446C @ =0x02024F50
	str r0, [r1, #0x00]
	ldr r1, _08004470 @ =0x02024820
	ldr r0, _08004474 @ =0x02024C40
	str r0, [r1, #0x00]
	ldr r0, _08004478 @ =0x02025150
	movs r1, #0x00
	strb r1, [r0, #0x00]
	ldr r0, _0800447C @ =0x02025154
	strb r1, [r0, #0x00]
	ldr r0, _08004480 @ =0x02024824
	strb r1, [r0, #0x00]
	bx lr
	.byte 0x00, 0x00
	.global _08004460
_08004460: .4byte 0x02024828
	.global _08004464
_08004464: .4byte 0x02024830
	.global _08004468
_08004468: .4byte 0x02024C30
	.global _0800446C
_0800446C: .4byte 0x02024F50
	.global _08004470
_08004470: .4byte 0x02024820
	.global _08004474
_08004474: .4byte 0x02024C40
	.global _08004478
_08004478: .4byte 0x02025150
	.global _0800447C
_0800447C: .4byte 0x02025154
	.global _08004480
_08004480: .4byte 0x02024824
	thumb_func_start sub_08004484
sub_08004484:
	push {lr}
	movs r1, #0x00
	movs r2, #0xAA
	ldr r0, _080044A0 @ =0x02024830
	.global _0800448C
_0800448C:
	str r2, [r0, #0x00]
	adds r0, #0x08
	adds r1, #0x01
	cmp r1, #0x80
	bne _0800448C
	bl sub_0800443C
	pop {r0}
	bx r0
	.byte 0x00, 0x00
	.global _080044A0
_080044A0: .4byte 0x02024830
	thumb_func_start sub_080044A4
sub_080044A4:
	push {r4, lr}
	adds r3, r0, #0x0
	adds r4, r1, #0x0
	ldr r2, _080044CC @ =0x02025150
	movs r0, #0x00
	ldsb r0, [r2, r0]
	cmp r0, #0x00
	blt _080044D4
	ldr r0, _080044D0 @ =0x02024828
	ldr r1, [r0, #0x00]
	str r3, [r1, #0x00]
	str r4, [r1, #0x04]
	adds r1, #0x08
	str r1, [r0, #0x00]
	ldrb r0, [r2, #0x00]
	adds r0, #0x01
	strb r0, [r2, #0x00]
	movs r0, #0x01
	b _080044D6
	.byte 0x00, 0x00
	.global _080044CC
_080044CC: .4byte 0x02025150
	.global _080044D0
_080044D0: .4byte 0x02024828
	.global _080044D4
_080044D4:
	movs r0, #0x00
	.global _080044D6
_080044D6:
	pop {r4}
	pop {r1}
	bx r1
	thumb_func_start sub_080044DC
sub_080044DC:
	push {r4, lr}
	ldr r4, _080044FC @ =0x02024820
	ldr r3, [r4, #0x00]
	str r0, [r3, #0x00]
	str r1, [r3, #0x04]
	strh r2, [r3, #0x08]
	adds r3, #0x0C
	str r3, [r4, #0x00]
	ldr r1, _08004500 @ =0x02024824
	ldrb r0, [r1, #0x00]
	adds r0, #0x01
	strb r0, [r1, #0x00]
	pop {r4}
	pop {r1}
	bx r1
	.byte 0x00, 0x00
	.global _080044FC
_080044FC: .4byte 0x02024820
	.global _08004500
_08004500: .4byte 0x02024824
	.byte 0xF0, 0xB5, 0x47, 0x46, 0x80, 0xB4, 0x80, 0x46, 0x8C, 0x46, 0x15, 0x1C, 0x1B, 0x04, 0x1E, 0x0C
	.byte 0x0E, 0x4C, 0x00, 0x20, 0x20, 0x56, 0x00, 0x28, 0x1E, 0xDB, 0x0D, 0x4B, 0x18, 0x78, 0x1E, 0x28
	.byte 0x1A, 0xD8, 0x0C, 0x4A, 0x11, 0x68, 0x40, 0x06, 0x47, 0x46, 0x38, 0x43, 0x08, 0x60, 0x60, 0x46
	.byte 0x48, 0x60, 0x0D, 0x81, 0x4D, 0x81, 0x8E, 0x81, 0x10, 0x31, 0x11, 0x60, 0x20, 0x78, 0x01, 0x30
	.byte 0x20, 0x70, 0x18, 0x78, 0x01, 0x30, 0x18, 0x70, 0x01, 0x20, 0x06, 0xE0, 0x50, 0x51, 0x02, 0x02
	.byte 0x54, 0x51, 0x02, 0x02, 0x30, 0x4C, 0x02, 0x02, 0x00, 0x20, 0x08, 0xBC, 0x98, 0x46, 0xF0, 0xBC
	.byte 0x02, 0xBC, 0x08, 0x47, 0xF0, 0xB5, 0x47, 0x46, 0x80, 0xB4, 0x06, 0x1C, 0x8C, 0x46, 0x15, 0x1C
	.byte 0x1B, 0x04, 0x1B, 0x0C, 0x98, 0x46, 0x0F, 0x4C, 0x00, 0x20, 0x20, 0x56, 0x00, 0x28, 0x1F, 0xDB
	.byte 0x0D, 0x4B, 0x18, 0x78, 0x1E, 0x28, 0x1B, 0xD8, 0x0C, 0x4A, 0x11, 0x68, 0x40, 0x06, 0x30, 0x43
	.byte 0x08, 0x60, 0x67, 0x46, 0x4F, 0x60, 0x68, 0x42, 0x08, 0x81, 0x4D, 0x81, 0x40, 0x46, 0x88, 0x81
	.byte 0x10, 0x31, 0x11, 0x60, 0x20, 0x78, 0x01, 0x30, 0x20, 0x70, 0x18, 0x78, 0x01, 0x30, 0x18, 0x70
	.byte 0x01, 0x20, 0x06, 0xE0, 0x50, 0x51, 0x02, 0x02, 0x54, 0x51, 0x02, 0x02, 0x30, 0x4C, 0x02, 0x02
	.byte 0x00, 0x20, 0x08, 0xBC, 0x98, 0x46, 0xF0, 0xBC, 0x02, 0xBC, 0x08, 0x47, 0x8A, 0xB0, 0x0A, 0xB0
	.byte 0x70, 0x47, 0x00, 0x00
	thumb_func_start sub_080045D8
sub_080045D8:
	movs r0, #0x00
	ldr r1, _080045E8 @ =0x02025160
	.global _080045DC
_080045DC:
	strh r0, [r1, #0x00]
	adds r1, #0x02
	adds r0, #0x01
	cmp r0, #0x40
	bne _080045DC
	bx lr
	.global _080045E8
_080045E8: .4byte 0x02025160
	thumb_func_start sub_080045EC
sub_080045EC:
	push {r4, r5, r6, r7, lr}
	mov r7, r8
	push {r7}
	.global _080045F2
_080045F2:
	movs r0, #0x00
	mov r8, r0
	movs r1, #0x00
	ldr r2, _08004644 @ =0x02025160
	mov r12, r2
	ldr r7, _08004648 @ =0x02024C40
	.global _080045FE
_080045FE:
	lsls r0, r1, #0x01
	mov r2, r12
	adds r5, r0, r2
	ldrh r3, [r5, #0x00]
	adds r6, r1, #0x1
	lsls r0, r6, #0x01
	adds r4, r0, r2
	ldrh r2, [r4, #0x00]
	lsls r1, r3, #0x01
	adds r1, r1, r3
	lsls r1, r1, #0x02
	adds r1, r1, r7
	lsls r0, r2, #0x01
	adds r0, r0, r2
	lsls r0, r0, #0x02
	adds r0, r0, r7
	ldrh r1, [r1, #0x08]
	ldrh r0, [r0, #0x08]
	cmp r1, r0
	bcs _0800462E
	strh r2, [r5, #0x00]
	strh r3, [r4, #0x00]
	movs r0, #0x01
	mov r8, r0
	.global _0800462E
_0800462E:
	adds r1, r6, #0x0
	cmp r1, #0x3F
	bne _080045FE
	mov r1, r8
	cmp r1, #0x00
	bne _080045F2
	pop {r3}
	mov r8, r3
	pop {r4, r5, r6, r7}
	pop {r1}
	bx r1
	.global _08004644
_08004644: .4byte 0x02025160
	.global _08004648
_08004648: .4byte 0x02024C40
	thumb_func_start sub_0800464C
sub_0800464C:
	push {r4, r5, r6, r7, lr}
	ldr r0, _080046BC @ =0x02024824
	ldrb r3, [r0, #0x00]
	cmp r3, #0x3F
	beq _0800466E
	ldr r1, _080046C0 @ =0x02024820
	movs r4, #0x00
	movs r2, #0x01
	negs r2, r2
	.global _0800465E
_0800465E:
	ldr r0, [r1, #0x00]
	strh r4, [r0, #0x08]
	str r2, [r0, #0x04]
	adds r0, #0x0C
	str r0, [r1, #0x00]
	adds r3, #0x01
	cmp r3, #0x3F
	bne _0800465E
	.global _0800466E
_0800466E:
	bl sub_080045EC
	ldr r4, _080046C4 @ =0x02025160
	movs r3, #0x00
	ldr r0, _080046BC @ =0x02024824
	ldrb r1, [r0, #0x00]
	cmp r3, r1
	beq _080046B4
	ldr r1, _080046C8 @ =0x02024C40
	mov r12, r1
	ldr r5, _080046CC @ =0x02024828
	movs r7, #0x01
	negs r7, r7
	adds r6, r0, #0x0
	.global _0800468A
_0800468A:
	ldrh r1, [r4, #0x00]
	lsls r0, r1, #0x01
	adds r0, r0, r1
	lsls r0, r0, #0x02
	mov r1, r12
	adds r2, r0, r1
	ldr r0, [r2, #0x04]
	cmp r0, r7
	beq _080046AA
	ldr r0, [r5, #0x00]
	ldr r1, [r2, #0x00]
	str r1, [r0, #0x00]
	ldr r1, [r2, #0x04]
	str r1, [r0, #0x04]
	adds r0, #0x08
	str r0, [r5, #0x00]
	.global _080046AA
_080046AA:
	adds r4, #0x02
	adds r3, #0x01
	ldrb r0, [r6, #0x00]
	cmp r3, r0
	bne _0800468A
	.global _080046B4
_080046B4:
	pop {r4, r5, r6, r7}
	pop {r0}
	bx r0
	.byte 0x00, 0x00
	.global _080046BC
_080046BC: .4byte 0x02024824
	.global _080046C0
_080046C0: .4byte 0x02024820
	.global _080046C4
_080046C4: .4byte 0x02025160
	.global _080046C8
_080046C8: .4byte 0x02024C40
	.global _080046CC
_080046CC: .4byte 0x02024828
	thumb_func_start sub_080046D0
sub_080046D0:
	push {r4, r5, r6, r7, lr}
	bl sub_0800464C
	ldr r7, _080047BC @ =0x0801CD08
	ldr r0, _080047C0 @ =0x0202522C
	ldrh r0, [r0, #0x00]
	adds r1, r0, #0x0
	adds r1, #0x40
	lsls r1, r1, #0x01
	adds r1, r1, r7
	lsls r0, r0, #0x01
	adds r0, r0, r7
	movs r3, #0x00
	ldsh r2, [r0, r3]
	negs r3, r2
	lsls r2, r2, #0x10
	lsls r3, r3, #0x10
	ldrh r1, [r1, #0x00]
	lsls r1, r1, #0x10
	ldr r4, _080047C4 @ =0x02024830
	adds r0, r1, #0x0
	ldrh r5, [r4, #0x04]
	orrs r0, r5
	str r0, [r4, #0x04]
	ldrh r0, [r4, #0x0C]
	orrs r2, r0
	str r2, [r4, #0x0C]
	ldrh r2, [r4, #0x14]
	orrs r3, r2
	str r3, [r4, #0x14]
	ldrh r3, [r4, #0x1C]
	orrs r1, r3
	str r1, [r4, #0x1C]
	ldr r0, _080047C8 @ =0x02025398
	ldrh r0, [r0, #0x00]
	adds r1, r0, #0x0
	adds r1, #0x40
	lsls r1, r1, #0x01
	adds r1, r1, r7
	lsls r0, r0, #0x01
	adds r0, r0, r7
	movs r5, #0x00
	ldsh r2, [r0, r5]
	negs r3, r2
	lsls r2, r2, #0x10
	lsls r3, r3, #0x10
	ldrh r1, [r1, #0x00]
	lsls r1, r1, #0x10
	adds r0, r1, #0x0
	ldrh r5, [r4, #0x24]
	orrs r0, r5
	str r0, [r4, #0x24]
	ldrh r0, [r4, #0x2C]
	orrs r2, r0
	str r2, [r4, #0x2C]
	ldrh r2, [r4, #0x34]
	orrs r3, r2
	str r3, [r4, #0x34]
	ldr r6, _080047CC @ =0x0000FFFF
	ldrh r3, [r4, #0x3C]
	orrs r1, r3
	str r1, [r4, #0x3C]
	ldr r1, _080047D0 @ =0x020251F0
	ldrh r0, [r1, #0x00]
	cmp r0, #0x00
	beq _080047B4
	adds r1, r0, #0x0
	adds r0, #0x40
	lsls r0, r0, #0x01
	adds r0, r0, r7
	movs r2, #0x00
	ldsh r5, [r0, r2]
	lsls r1, r1, #0x01
	adds r1, r1, r7
	movs r3, #0x00
	ldsh r2, [r1, r3]
	negs r3, r2
	adds r1, r5, #0x0
	ldr r0, _080047D4 @ =0x020253C8
	ldrb r0, [r0, #0x00]
	cmp r0, #0x00
	beq _08004778
	negs r5, r1
	adds r3, r2, #0x0
	.global _08004778
_08004778:
	ldr r0, _080047D8 @ =0x0202523C
	ldrb r0, [r0, #0x00]
	cmp r0, #0x00
	beq _08004784
	negs r2, r2
	negs r1, r1
	.global _08004784
_08004784:
	ands r5, r6
	ands r2, r6
	ands r3, r6
	ands r1, r6
	lsls r5, r5, #0x10
	lsls r2, r2, #0x10
	lsls r3, r3, #0x10
	lsls r1, r1, #0x10
	ldr r0, [r4, #0x44]
	ands r0, r6
	orrs r0, r5
	str r0, [r4, #0x44]
	ldr r0, [r4, #0x4C]
	ands r0, r6
	orrs r0, r2
	str r0, [r4, #0x4C]
	ldr r0, [r4, #0x54]
	ands r0, r6
	orrs r0, r3
	str r0, [r4, #0x54]
	ldr r0, [r4, #0x5C]
	ands r0, r6
	orrs r0, r1
	str r0, [r4, #0x5C]
	.global _080047B4
_080047B4:
	pop {r4, r5, r6, r7}
	pop {r0}
	bx r0
	.byte 0x00, 0x00
	.global _080047BC
_080047BC: .4byte 0x0801CD08
	.global _080047C0
_080047C0: .4byte 0x0202522C
	.global _080047C4
_080047C4: .4byte 0x02024830
	.global _080047C8
_080047C8: .4byte 0x02025398
	.global _080047CC
_080047CC: .4byte 0x0000FFFF
	.global _080047D0
_080047D0: .4byte 0x020251F0
	.global _080047D4
_080047D4: .4byte 0x020253C8
	.global _080047D8
_080047D8: .4byte 0x0202523C
	thumb_func_start sub_080047DC
sub_080047DC:
	push {lr}
	bl sub_080046D0
	pop {r0}
	bx r0
	.byte 0x00, 0x00
	thumb_func_start sub_080047E8
sub_080047E8:
	push {r4, r5, r6, r7, lr}
	mov r7, r10
	mov r6, r9
	mov r5, r8
	push {r5, r6, r7}
	add sp, #-0x004
	lsls r0, r0, #0x18
	lsrs r4, r0, #0x18
	lsls r1, r1, #0x10
	lsrs r5, r1, #0x10
	cmp r5, #0x00
	beq _080048B0
	ldr r0, _08004894 @ =0x020251F0
	mov r9, r0
	strh r5, [r0, #0x00]
	mov r1, sp
	movs r0, #0x00
	mov r10, r0
	movs r2, #0x00
	movs r0, #0x68
	strh r0, [r1, #0x00]
	mov r0, sp
	strh r2, [r0, #0x02]
	ldr r1, _08004898 @ =0x083FF79C
	movs r0, #0x07
	ands r0, r4
	lsls r0, r0, #0x02
	adds r0, r0, r1
	ldr r0, [r0, #0x00]
	bl sub_0800754C
	adds r6, r0, #0x0
	movs r0, #0x08
	ands r0, r4
	lsls r0, r0, #0x18
	lsrs r0, r0, #0x1B
	mov r8, r0
	movs r0, #0x10
	ands r0, r4
	lsls r0, r0, #0x18
	lsrs r7, r0, #0x1C
	cmp r6, #0x00
	beq _08004926
	mov r0, r9
	strh r5, [r0, #0x00]
	mov r0, sp
	ldrh r0, [r0, #0x02]
	movs r4, #0xFF
	ands r4, r0
	mov r1, sp
	ldr r0, _0800489C @ =0x000001FF
	ldrh r1, [r1, #0x00]
	ands r0, r1
	lsls r0, r0, #0x10
	orrs r4, r0
	movs r0, #0x80
	lsls r0, r0, #0x18
	orrs r4, r0
	ldr r0, _080048A0 @ =0x083393C0
	bl sub_08007714
	lsls r0, r0, #0x18
	lsrs r0, r0, #0x0C
	ldr r1, [r6, #0x10]
	orrs r1, r0
	ldr r0, _080048A4 @ =0x04000100
	orrs r4, r0
	ldr r2, _080048A8 @ =0x0202523C
	mov r0, r10
	strb r0, [r2, #0x00]
	ldr r3, _080048AC @ =0x020253C8
	strb r0, [r3, #0x00]
	mov r0, r8
	cmp r0, #0x00
	beq _08004882
	movs r0, #0x01
	strb r0, [r2, #0x00]
	.global _08004882
_08004882:
	cmp r7, #0x00
	beq _0800488A
	movs r0, #0x01
	strb r0, [r3, #0x00]
	.global _0800488A
_0800488A:
	adds r0, r4, #0x0
	bl sub_080044A4
	b _08004926
	.byte 0x00, 0x00
	.global _08004894
_08004894: .4byte 0x020251F0
	.global _08004898
_08004898: .4byte 0x083FF79C
	.global _0800489C
_0800489C: .4byte 0x000001FF
	.global _080048A0
_080048A0: .4byte 0x083393C0
	.global _080048A4
_080048A4: .4byte 0x04000100
	.global _080048A8
_080048A8: .4byte 0x0202523C
	.global _080048AC
_080048AC: .4byte 0x020253C8
	.global _080048B0
_080048B0:
	mov r1, sp
	movs r0, #0x68
	strh r0, [r1, #0x00]
	mov r0, sp
	strh r5, [r0, #0x02]
	ldr r1, _08004938 @ =0x083FF79C
	movs r0, #0x07
	ands r0, r4
	lsls r0, r0, #0x02
	adds r0, r0, r1
	ldr r0, [r0, #0x00]
	bl sub_0800754C
	adds r6, r0, #0x0
	movs r0, #0x08
	ands r0, r4
	lsls r0, r0, #0x18
	lsrs r0, r0, #0x1B
	mov r8, r0
	movs r0, #0x10
	ands r0, r4
	lsls r0, r0, #0x18
	lsrs r7, r0, #0x1C
	cmp r6, #0x00
	beq _08004926
	mov r0, sp
	ldrh r0, [r0, #0x02]
	movs r4, #0xFF
	ands r4, r0
	mov r1, sp
	ldr r0, _0800493C @ =0x000001FF
	ldrh r1, [r1, #0x00]
	ands r0, r1
	lsls r0, r0, #0x10
	orrs r4, r0
	movs r0, #0x80
	lsls r0, r0, #0x18
	orrs r4, r0
	ldr r0, _08004940 @ =0x083393C0
	bl sub_08007714
	lsls r0, r0, #0x18
	lsrs r0, r0, #0x0C
	ldr r1, [r6, #0x10]
	orrs r1, r0
	mov r0, r8
	cmp r0, #0x00
	beq _08004916
	movs r0, #0x80
	lsls r0, r0, #0x15
	orrs r4, r0
	.global _08004916
_08004916:
	cmp r7, #0x00
	beq _08004920
	movs r0, #0x80
	lsls r0, r0, #0x16
	orrs r4, r0
	.global _08004920
_08004920:
	adds r0, r4, #0x0
	bl sub_080044A4
	.global _08004926
_08004926:
	add sp, #0x004
	pop {r3, r4, r5}
	mov r8, r3
	mov r9, r4
	mov r10, r5
	pop {r4, r5, r6, r7}
	pop {r0}
	bx r0
	.byte 0x00, 0x00
	.global _08004938
_08004938: .4byte 0x083FF79C
	.global _0800493C
_0800493C: .4byte 0x000001FF
	.global _08004940
_08004940: .4byte 0x083393C0
	thumb_func_start sub_08004944
sub_08004944:
	push {r4, lr}
	lsls r0, r0, #0x18
	ldr r4, _08004970 @ =0x02025244
	movs r1, #0x01
	strb r1, [r4, #0x00]
	ldr r2, _08004974 @ =0x020253B8
	ldr r1, _08004978 @ =0x0836524C
	lsrs r0, r0, #0x16
	adds r0, r0, r1
	ldr r3, [r0, #0x00]
	str r3, [r2, #0x00]
	ldr r1, _0800497C @ =0x0202524C
	movs r2, #0x01
	negs r2, r2
	adds r0, r2, #0x0
	strb r0, [r1, #0x00]
	cmp r3, #0x00
	bne _0800496A
	strb r3, [r4, #0x00]
	.global _0800496A
_0800496A:
	pop {r4}
	pop {r0}
	bx r0
	.global _08004970
_08004970: .4byte 0x02025244
	.global _08004974
_08004974: .4byte 0x020253B8
	.global _08004978
_08004978: .4byte 0x0836524C
	.global _0800497C
_0800497C: .4byte 0x0202524C
	thumb_func_start sub_08004980
sub_08004980:
	push {r4, r5, r6, r7, lr}
	add sp, #-0x028
	adds r5, r0, #0x0
	ldr r0, _08004A00 @ =0x02025244
	ldrb r0, [r0, #0x00]
	cmp r0, #0x00
	beq _080049F6
	movs r1, #0xBE
	lsls r1, r1, #0x01
	adds r0, r5, r1
	ldr r4, [r0, #0x00]
	ldr r1, [r5, #0x50]
	ldr r0, _08004A04 @ =0x0000FFFF
	ands r1, r0
	ldr r0, _08004A08 @ =0x02025254
	ldrh r0, [r0, #0x00]
	cmp r1, r0
	bls _080049A8
	cmp r0, #0x00
	bne _080049C8
	.global _080049A8
_080049A8:
	ldr r2, _08004A0C @ =0x0202524C
	movs r1, #0x00
	ldsb r1, [r2, r1]
	movs r0, #0x01
	negs r0, r0
	cmp r1, r0
	beq _080049C8
	ldr r0, _08004A10 @ =0x020021E0
	ldrb r0, [r0, #0x00]
	cmp r0, #0x00
	bne _080049C8
	ldrb r0, [r2, #0x00]
	ldr r1, _08004A14 @ =0x020251F8
	ldrh r1, [r1, #0x00]
	bl sub_080047E8
	.global _080049C8
_080049C8:
	ldr r1, [r5, #0x50]
	ldr r0, _08004A04 @ =0x0000FFFF
	ands r1, r0
	ldrh r0, [r4, #0x00]
	cmp r1, r0
	bcc _080049F6
	ldr r7, _08004A0C @ =0x0202524C
	ldr r6, _08004A14 @ =0x020251F8
	ldr r3, _08004A08 @ =0x02025254
	movs r0, #0xBE
	lsls r0, r0, #0x01
	adds r2, r5, r0
	.global _080049E0
_080049E0:
	ldrb r0, [r4, #0x02]
	strb r0, [r7, #0x00]
	ldrh r0, [r4, #0x04]
	strh r0, [r6, #0x00]
	ldrh r0, [r4, #0x06]
	strh r0, [r3, #0x00]
	adds r4, #0x08
	str r4, [r2, #0x00]
	ldrh r0, [r4, #0x00]
	cmp r1, r0
	bcs _080049E0
	.global _080049F6
_080049F6:
	add sp, #0x028
	pop {r4, r5, r6, r7}
	pop {r0}
	bx r0
	.byte 0x00, 0x00
	.global _08004A00
_08004A00: .4byte 0x02025244
	.global _08004A04
_08004A04: .4byte 0x0000FFFF
	.global _08004A08
_08004A08: .4byte 0x02025254
	.global _08004A0C
_08004A0C: .4byte 0x0202524C
	.global _08004A10
_08004A10: .4byte 0x020021E0
	.global _08004A14
_08004A14: .4byte 0x020251F8
	thumb_func_start sub_08004A18
sub_08004A18:
	ldr r0, _08004A48 @ =0x08364B08
	ldr r0, [r0, #0x00]
	movs r2, #0xA6
	lsls r2, r2, #0x01
	adds r1, r0, r2
	movs r2, #0x00
	ldr r0, _08004A4C @ =0x0000E047
	adds r3, r0, #0x0
	.global _08004A28
_08004A28:
	movs r0, #0x00
	adds r2, #0x01
	.global _08004A2C
_08004A2C:
	strh r3, [r1, #0x00]
	adds r1, #0x02
	adds r0, #0x01
	lsls r0, r0, #0x18
	lsrs r0, r0, #0x18
	cmp r0, #0x13
	bne _08004A2C
	adds r1, #0x1A
	lsls r0, r2, #0x18
	lsrs r2, r0, #0x18
	cmp r2, #0x08
	bne _08004A28
	bx lr
	.byte 0x00, 0x00
	.global _08004A48
_08004A48: .4byte 0x08364B08
	.global _08004A4C
_08004A4C: .4byte 0x0000E047
	thumb_func_start sub_08004A50
sub_08004A50:
	push {r4, r5, lr}
	adds r4, r0, #0x0
	adds r5, r1, #0x0
	lsls r3, r3, #0x18
	cmp r3, #0x00
	beq _08004A68
	ldr r1, _08004A78 @ =0x02025370
	movs r0, #0x08
	ldrb r1, [r1, #0x00]
	ands r0, r1
	cmp r0, #0x00
	beq _08004A70
	.global _08004A68
_08004A68:
	adds r0, r4, #0x0
	adds r1, r5, #0x0
	bl sub_0800BB58
	.global _08004A70
_08004A70:
	pop {r4, r5}
	pop {r0}
	bx r0
	.byte 0x00, 0x00
	.global _08004A78
_08004A78: .4byte 0x02025370
	thumb_func_start sub_08004A7C
sub_08004A7C:
	push {r4, r5, r6, r7, lr}
	mov r7, r8
	push {r7}
	lsls r0, r0, #0x18
	lsrs r7, r0, #0x18
	movs r5, #0x00
	ldr r6, _08004B08 @ =0x02025270
	ldr r0, _08004B0C @ =0x0202A540
	mov r8, r0
	.global _08004A8E
_08004A8E:
	lsls r4, r5, #0x02
	mov r1, r8
	adds r0, r4, r1
	ldr r3, [r0, #0x00]
	adds r0, r6, #0x0
	ldr r1, _08004B10 @ =0x0806C6A0
	adds r2, r5, #0x0
	bl sub_08017594
	adds r4, r4, r5
	lsls r4, r4, #0x01
	adds r2, r4, #0x0
	adds r2, #0x28
	movs r3, #0x00
	cmp r7, r5
	bne _08004AB0
	movs r3, #0x01
	.global _08004AB0
_08004AB0:
	adds r0, r6, #0x0
	movs r1, #0x10
	bl sub_08004A50
	adds r0, r5, #0x1
	lsls r0, r0, #0x18
	lsrs r5, r0, #0x18
	cmp r5, #0x05
	bne _08004A8E
	movs r5, #0x00
	ldr r6, _08004B08 @ =0x02025270
	.global _08004AC6
_08004AC6:
	ldr r0, _08004B14 @ =0x0202CB20
	lsls r4, r5, #0x02
	adds r0, r4, r0
	ldr r3, [r0, #0x00]
	adds r0, r6, #0x0
	ldr r1, _08004B18 @ =0x0806C6A8
	adds r2, r5, #0x0
	bl sub_08017594
	adds r4, r4, r5
	lsls r4, r4, #0x01
	adds r2, r4, #0x0
	adds r2, #0x28
	movs r3, #0x00
	adds r0, r5, #0x5
	cmp r7, r0
	bne _08004AEA
	movs r3, #0x01
	.global _08004AEA
_08004AEA:
	adds r0, r6, #0x0
	movs r1, #0x78
	bl sub_08004A50
	adds r0, r5, #0x1
	lsls r0, r0, #0x18
	lsrs r5, r0, #0x18
	cmp r5, #0x05
	bne _08004AC6
	pop {r3}
	mov r8, r3
	pop {r4, r5, r6, r7}
	pop {r0}
	bx r0
	.byte 0x00, 0x00
	.global _08004B08
_08004B08: .4byte 0x02025270
	.global _08004B0C
_08004B0C: .4byte 0x0202A540
	.global _08004B10
_08004B10: .4byte 0x0806C6A0
	.global _08004B14
_08004B14: .4byte 0x0202CB20
	.global _08004B18
_08004B18: .4byte 0x0806C6A8
	thumb_func_start sub_08004B1C
sub_08004B1C:
	push {r4, r5, r6, lr}
	lsls r0, r0, #0x18
	lsrs r3, r0, #0x18
	cmp r3, #0x04
	bhi _08004B3C
	ldr r1, _08004B34 @ =0x0202A540
	lsls r0, r4, #0x02
	adds r0, r0, r1
	ldr r2, [r0, #0x00]
	ldr r6, _08004B38 @ =0x0202CB20
	b _08004B48
	.byte 0x00, 0x00
	.global _08004B34
_08004B34: .4byte 0x0202A540
	.global _08004B38
_08004B38: .4byte 0x0202CB20
	.global _08004B3C
_08004B3C:
	ldr r1, _08004B98 @ =0x0202CB20
	subs r0, r4, #0x5
	lsls r0, r0, #0x02
	adds r0, r0, r1
	ldr r2, [r0, #0x00]
	adds r6, r1, #0x0
	.global _08004B48
_08004B48:
	ldr r1, _08004B9C @ =0x020005CC
	movs r0, #0x20
	ldrh r5, [r1, #0x00]
	ands r0, r5
	adds r5, r1, #0x0
	cmp r0, #0x00
	beq _08004B6C
	ldr r0, _08004BA0 @ =0x08365308
	lsls r1, r3, #0x02
	adds r0, r1, r0
	ldr r0, [r0, #0x00]
	subs r2, r2, r0
	ldr r0, _08004BA4 @ =0x083652B8
	adds r1, r1, r0
	ldr r1, [r1, #0x00]
	cmp r2, r1
	bge _08004B6C
	adds r2, r1, #0x0
	.global _08004B6C
_08004B6C:
	movs r0, #0x10
	ldrh r5, [r5, #0x00]
	ands r0, r5
	cmp r0, #0x00
	beq _08004B8C
	ldr r0, _08004BA0 @ =0x08365308
	lsls r1, r3, #0x02
	adds r0, r1, r0
	ldr r0, [r0, #0x00]
	adds r2, r2, r0
	ldr r0, _08004BA8 @ =0x083652E0
	adds r1, r1, r0
	ldr r1, [r1, #0x00]
	cmp r2, r1
	ble _08004B8C
	adds r2, r1, #0x0
	.global _08004B8C
_08004B8C:
	cmp r3, #0x04
	bhi _08004BB0
	ldr r1, _08004BAC @ =0x0202A540
	lsls r0, r4, #0x02
	adds r0, r0, r1
	b _08004BB6
	.global _08004B98
_08004B98: .4byte 0x0202CB20
	.global _08004B9C
_08004B9C: .4byte 0x020005CC
	.global _08004BA0
_08004BA0: .4byte 0x08365308
	.global _08004BA4
_08004BA4: .4byte 0x083652B8
	.global _08004BA8
_08004BA8: .4byte 0x083652E0
	.global _08004BAC
_08004BAC: .4byte 0x0202A540
	.global _08004BB0
_08004BB0:
	subs r0, r4, #0x5
	lsls r0, r0, #0x02
	adds r0, r0, r6
	.global _08004BB6
_08004BB6:
	str r2, [r0, #0x00]
	ldr r1, _08004BC8 @ =0x0202CB00
	adds r0, r6, #0x0
	bl sub_0800830C
	pop {r4, r5, r6}
	pop {r0}
	bx r0
	.byte 0x00, 0x00
	.global _08004BC8
_08004BC8: .4byte 0x0202CB00
	.byte 0x30, 0xB5, 0x18, 0x49, 0x04, 0x20, 0x09, 0x88, 0x08, 0x40, 0x00, 0x28, 0x30, 0xD0, 0x00, 0x24
	.byte 0xFF, 0xF7, 0xFE, 0xFD, 0xFB, 0xF7, 0x54, 0xFC, 0x12, 0x49, 0x04, 0x20, 0x0A, 0x88, 0x10, 0x40
	.byte 0x00, 0x04, 0x05, 0x0C, 0x00, 0x2D, 0x23, 0xD1, 0x08, 0x88, 0x21, 0x1C, 0x00, 0x22, 0x09, 0x23
	.byte 0x0D, 0xF0, 0x9C, 0xF8, 0x00, 0x06, 0x04, 0x0E, 0x20, 0x1C, 0xFF, 0xF7, 0x89, 0xFF, 0x02, 0xF0
	.byte 0xE5, 0xFB, 0xFF, 0xF7, 0x39, 0xFC, 0x20, 0x1C, 0xFF, 0xF7, 0x32, 0xFF, 0xFF, 0xF7, 0xE0, 0xFD
	.byte 0x05, 0x48, 0x05, 0x70, 0x05, 0x49, 0x08, 0x78, 0x01, 0x30, 0x08, 0x70, 0xFB, 0xF7, 0x16, 0xFC
	.byte 0xD8, 0xE7, 0x00, 0x00, 0xCC, 0x05, 0x00, 0x02, 0xC0, 0x20, 0x00, 0x02, 0x70, 0x53, 0x02, 0x02
	.byte 0x30, 0xBC, 0x01, 0xBC, 0x00, 0x47, 0x00, 0x00
	thumb_func_start sub_08004C44
sub_08004C44:
	push {r4, lr}
	lsls r0, r0, #0x18
	lsrs r4, r0, #0x18
	ldr r0, _08004C64 @ =0x020020DC
	ldrb r0, [r0, #0x00]
	cmp r0, #0x00
	beq _08004CA0
	ldr r0, _08004C68 @ =0x020253C4
	ldrb r0, [r0, #0x00]
	cmp r0, #0x01
	beq _08004C80
	cmp r0, #0x01
	bgt _08004C6C
	cmp r0, #0x00
	beq _08004C76
	b _08004CAA
	.global _08004C64
_08004C64: .4byte 0x020020DC
	.global _08004C68
_08004C68: .4byte 0x020253C4
	.global _08004C6C
_08004C6C:
	cmp r0, #0x02
	beq _08004C88
	cmp r0, #0x03
	beq _08004C90
	b _08004CAA
	.global _08004C76
_08004C76:
	ldr r0, _08004C7C @ =0x0806C6B0
	b _08004C92
	.byte 0x00, 0x00
	.global _08004C7C
_08004C7C: .4byte 0x0806C6B0
	.global _08004C80
_08004C80:
	ldr r0, _08004C84 @ =0x0806C6BC
	b _08004C92
	.global _08004C84
_08004C84: .4byte 0x0806C6BC
	.global _08004C88
_08004C88:
	ldr r0, _08004C8C @ =0x0806C6C8
	b _08004C92
	.global _08004C8C
_08004C8C: .4byte 0x0806C6C8
	.global _08004C90
_08004C90:
	ldr r0, _08004C9C @ =0x0806C6D4
	.global _08004C92
_08004C92:
	movs r1, #0x06
	movs r2, #0x01
	bl sub_08006418
	b _08004CAA
	.global _08004C9C
_08004C9C: .4byte 0x0806C6D4
	.global _08004CA0
_08004CA0:
	ldr r0, _08004CCC @ =0x0806C6E0
	movs r1, #0x06
	movs r2, #0x01
	bl sub_08006418
	.global _08004CAA
_08004CAA:
	cmp r4, #0x01
	beq _08004CBA
	ldr r1, _08004CD0 @ =0x0202539C
	movs r0, #0x08
	ldrb r1, [r1, #0x00]
	ands r0, r1
	cmp r0, #0x00
	beq _08004CD4
	.global _08004CBA
_08004CBA:
	movs r0, #0x81
	bl sub_08016558
	movs r1, #0x08
	movs r2, #0x01
	bl sub_08006418
	b _08004CDE
	.byte 0x00, 0x00
	.global _08004CCC
_08004CCC: .4byte 0x0806C6E0
	.global _08004CD0
_08004CD0: .4byte 0x0202539C
	.global _08004CD4
_08004CD4:
	ldr r0, _08004D00 @ =0x0806C6E8
	movs r1, #0x08
	movs r2, #0x01
	bl sub_08006418
	.global _08004CDE
_08004CDE:
	cmp r4, #0x00
	beq _08004CEE
	ldr r1, _08004D04 @ =0x0202539C
	movs r0, #0x08
	ldrb r1, [r1, #0x00]
	ands r0, r1
	cmp r0, #0x00
	beq _08004D08
	.global _08004CEE
_08004CEE:
	movs r0, #0x80
	bl sub_08016558
	movs r1, #0x0A
	movs r2, #0x01
	bl sub_08006418
	b _08004D12
	.byte 0x00, 0x00
	.global _08004D00
_08004D00: .4byte 0x0806C6E8
	.global _08004D04
_08004D04: .4byte 0x0202539C
	.global _08004D08
_08004D08:
	ldr r0, _08004D18 @ =0x0806C6E8
	movs r1, #0x0A
	movs r2, #0x01
	bl sub_08006418
	.global _08004D12
_08004D12:
	pop {r4}
	pop {r0}
	bx r0
	.global _08004D18
_08004D18: .4byte 0x0806C6E8
	thumb_func_start sub_08004D1C
sub_08004D1C:
	push {r4, lr}
	lsls r0, r0, #0x18
	lsrs r4, r0, #0x18
	cmp r4, #0x03
	beq _08004D36
	movs r0, #0x66
	bl sub_08016558
	movs r1, #0x06
	movs r2, #0x01
	bl sub_08006418
	b _08004D40
	.global _08004D36
_08004D36:
	ldr r0, _08004D60 @ =0x0806C6FC
	movs r1, #0x06
	movs r2, #0x01
	bl sub_08006418
	.global _08004D40
_08004D40:
	cmp r4, #0x01
	beq _08004D50
	ldr r1, _08004D64 @ =0x0202539C
	movs r0, #0x08
	ldrb r1, [r1, #0x00]
	ands r0, r1
	cmp r0, #0x00
	beq _08004D68
	.global _08004D50
_08004D50:
	movs r0, #0x68
	bl sub_08016558
	movs r1, #0x08
	movs r2, #0x01
	bl sub_08006418
	b _08004D72
	.global _08004D60
_08004D60: .4byte 0x0806C6FC
	.global _08004D64
_08004D64: .4byte 0x0202539C
	.global _08004D68
_08004D68:
	ldr r0, _08004D94 @ =0x0806C6E8
	movs r1, #0x08
	movs r2, #0x01
	bl sub_08006418
	.global _08004D72
_08004D72:
	cmp r4, #0x00
	beq _08004D82
	ldr r1, _08004D98 @ =0x0202539C
	movs r0, #0x08
	ldrb r1, [r1, #0x00]
	ands r0, r1
	cmp r0, #0x00
	beq _08004D9C
	.global _08004D82
_08004D82:
	movs r0, #0x67
	bl sub_08016558
	movs r1, #0x0A
	movs r2, #0x01
	bl sub_08006418
	b _08004DA6
	.byte 0x00, 0x00
	.global _08004D94
_08004D94: .4byte 0x0806C6E8
	.global _08004D98
_08004D98: .4byte 0x0202539C
	.global _08004D9C
_08004D9C:
	ldr r0, _08004DAC @ =0x0806C6E8
	movs r1, #0x0A
	movs r2, #0x01
	bl sub_08006418
	.global _08004DA6
_08004DA6:
	pop {r4}
	pop {r0}
	bx r0
	.global _08004DAC
_08004DAC: .4byte 0x0806C6E8
	.byte 0x70, 0x47, 0x00, 0x00
	thumb_func_start sub_08004DB4
sub_08004DB4:
	push {r4, r5, r6, r7, lr}
	mov r7, r9
	mov r6, r8
	push {r6, r7}
	ldr r4, _08004E10 @ =0x020253C4
	ldrb r0, [r4, #0x00]
	cmp r0, #0xFF
	bne _08004E24
	movs r3, #0x00
	movs r2, #0x00
	ldr r0, _08004E14 @ =0x020020AC
	ldrb r0, [r0, #0x00]
	ldr r1, _08004E18 @ =0x02025258
	mov r8, r1
	ldr r7, _08004E1C @ =0x020253BC
	mov r12, r7
	cmp r3, r0
	beq _08004DFC
	ldr r6, _08004E20 @ =0x020020A0
	movs r1, #0x08
	mov r9, r1
	adds r5, r0, #0x0
	.global _08004DE0
_08004DE0:
	lsls r0, r2, #0x01
	adds r1, r0, r6
	mov r0, r9
	ldrh r7, [r1, #0x00]
	ands r0, r7
	cmp r0, #0x00
	beq _08004DF2
	strb r2, [r4, #0x00]
	ldrh r3, [r1, #0x00]
	.global _08004DF2
_08004DF2:
	adds r0, r2, #0x1
	lsls r0, r0, #0x10
	lsrs r2, r0, #0x10
	cmp r2, r5
	bne _08004DE0
	.global _08004DFC
_08004DFC:
	adds r0, r3, #0x0
	mov r1, r12
	ldrh r1, [r1, #0x00]
	bics r0, r1
	mov r2, r8
	strh r0, [r2, #0x00]
	mov r4, r12
	strh r3, [r4, #0x00]
	b _08004E3C
	.byte 0x00, 0x00
	.global _08004E10
_08004E10: .4byte 0x020253C4
	.global _08004E14
_08004E14: .4byte 0x020020AC
	.global _08004E18
_08004E18: .4byte 0x02025258
	.global _08004E1C
_08004E1C: .4byte 0x020253BC
	.global _08004E20
_08004E20: .4byte 0x020020A0
	.global _08004E24
_08004E24:
	ldr r1, _08004E4C @ =0x020020A0
	ldrb r4, [r4, #0x00]
	lsls r0, r4, #0x01
	adds r0, r0, r1
	ldrh r3, [r0, #0x00]
	ldr r2, _08004E50 @ =0x02025258
	ldr r1, _08004E54 @ =0x020253BC
	adds r0, r3, #0x0
	ldrh r7, [r1, #0x00]
	bics r0, r7
	strh r0, [r2, #0x00]
	strh r3, [r1, #0x00]
	.global _08004E3C
_08004E3C:
	ldrh r0, [r2, #0x00]
	pop {r3, r4}
	mov r8, r3
	mov r9, r4
	pop {r4, r5, r6, r7}
	pop {r1}
	bx r1
	.byte 0x00, 0x00
	.global _08004E4C
_08004E4C: .4byte 0x020020A0
	.global _08004E50
_08004E50: .4byte 0x02025258
	.global _08004E54
_08004E54: .4byte 0x020253BC
	.byte 0x70, 0xB5, 0x00, 0x22, 0x00, 0x21, 0x0D, 0x48, 0x00, 0x78, 0x0D, 0x4E, 0x0D, 0x4D, 0x82, 0x42
	.byte 0x0A, 0xD0, 0x0D, 0x4C, 0x03, 0x1C, 0x48, 0x00, 0x00, 0x19, 0x00, 0x88, 0x02, 0x43, 0x48, 0x1C
	.byte 0x00, 0x04, 0x01, 0x0C, 0x99, 0x42, 0xF6, 0xD1, 0x10, 0x1C, 0x29, 0x88, 0x88, 0x43, 0x30, 0x80
	.byte 0x2A, 0x80, 0x30, 0x88, 0x70, 0xBC, 0x02, 0xBC, 0x08, 0x47, 0x00, 0x00, 0xAC, 0x20, 0x00, 0x02
	.byte 0x58, 0x52, 0x02, 0x02, 0xBC, 0x53, 0x02, 0x02, 0xA0, 0x20, 0x00, 0x02
	thumb_func_start sub_08004EA4
sub_08004EA4:
	push {r4, r5, r6, r7, lr}
	ldr r4, _08004EE8 @ =0xFFFFFE00
	add sp, r4
	ldr r4, _08004EEC @ =0x02025248
	movs r0, #0x00
	strb r0, [r4, #0x00]
	bl sub_0800048C
	ldr r7, _08004EF0 @ =0x020005CC
	adds r6, r4, #0x0
	ldr r5, _08004EF4 @ =0x0202539C
	.global _08004EBA
_08004EBA:
	movs r0, #0xC0
	ldrh r1, [r7, #0x00]
	ands r0, r1
	cmp r0, #0x00
	beq _08004ECC
	movs r0, #0x01
	ldrb r1, [r6, #0x00]
	eors r0, r1
	strb r0, [r6, #0x00]
	.global _08004ECC
_08004ECC:
	ldrh r1, [r7, #0x00]
	movs r0, #0x08
	ands r0, r1
	lsls r0, r0, #0x10
	lsrs r0, r0, #0x10
	cmp r0, #0x00
	beq _08004EF8
	movs r0, #0x00
	strb r0, [r5, #0x00]
	movs r0, #0x03
	bl sub_08004D1C
	movs r0, #0x00
	b _08004F3C
	.global _08004EE8
_08004EE8: .4byte 0xFFFFFE00
	.global _08004EEC
_08004EEC: .4byte 0x02025248
	.global _08004EF0
_08004EF0: .4byte 0x020005CC
	.global _08004EF4
_08004EF4: .4byte 0x0202539C
	.global _08004EF8
_08004EF8:
	movs r4, #0x01
	ands r4, r1
	cmp r4, #0x00
	beq _08004F12
	strb r0, [r5, #0x00]
	movs r0, #0x03
	bl sub_08004D1C
	ldrb r0, [r6, #0x00]
	adds r0, #0x01
	lsls r0, r0, #0x18
	lsrs r0, r0, #0x18
	b _08004F3C
	.global _08004F12
_08004F12:
	movs r0, #0x02
	ands r0, r1
	cmp r0, #0x00
	bne _08004F30
	ldrb r0, [r6, #0x00]
	bl sub_08004D1C
	bl sub_08000458
	ldrb r0, [r5, #0x00]
	adds r0, #0x01
	strb r0, [r5, #0x00]
	bl sub_0800048C
	b _08004EBA
	.global _08004F30
_08004F30:
	strb r4, [r5, #0x00]
	movs r0, #0x03
	bl sub_08004D1C
	strb r4, [r6, #0x00]
	movs r0, #0x01
	.global _08004F3C
_08004F3C:
	movs r3, #0x80
	lsls r3, r3, #0x02
	add sp, r3
	pop {r4, r5, r6, r7}
	pop {r1}
	bx r1
	thumb_func_start sub_08004F48
sub_08004F48:
	push {r4, r5, r6, r7, lr}
	ldr r4, _08004FA8 @ =0xFFFFFE00
	add sp, r4
	ldr r5, _08004FAC @ =0x02025248
	movs r0, #0x00
	strb r0, [r5, #0x00]
	ldr r4, _08004FB0 @ =0x020005CC
	movs r0, #0x08
	ldrh r1, [r4, #0x00]
	ands r0, r1
	cmp r0, #0x00
	beq _08005016
	bl sub_08007EF8
	bl sub_08004A18
	bl sub_08010094
	bl sub_0800048C
	adds r7, r4, #0x0
	adds r6, r5, #0x0
	ldr r5, _08004FB4 @ =0x0202539C
	.global _08004F76
_08004F76:
	movs r0, #0xC0
	ldrh r1, [r7, #0x00]
	ands r0, r1
	cmp r0, #0x00
	beq _08004F88
	movs r0, #0x01
	ldrb r1, [r6, #0x00]
	eors r0, r1
	strb r0, [r6, #0x00]
	.global _08004F88
_08004F88:
	ldrh r1, [r7, #0x00]
	movs r0, #0x08
	ands r0, r1
	lsls r0, r0, #0x10
	lsrs r0, r0, #0x10
	cmp r0, #0x00
	beq _08004FB8
	movs r0, #0x00
	strb r0, [r5, #0x00]
	movs r0, #0x03
	bl sub_08004C44
	bl sub_08004A18
	movs r0, #0x01
	b _08005018
	.global _08004FA8
_08004FA8: .4byte 0xFFFFFE00
	.global _08004FAC
_08004FAC: .4byte 0x02025248
	.global _08004FB0
_08004FB0: .4byte 0x020005CC
	.global _08004FB4
_08004FB4: .4byte 0x0202539C
	.global _08004FB8
_08004FB8:
	movs r4, #0x01
	ands r4, r1
	cmp r4, #0x00
	beq _08004FE0
	strb r0, [r5, #0x00]
	movs r0, #0x03
	bl sub_08004C44
	ldr r4, _08004FDC @ =0x02025248
	ldrb r0, [r4, #0x00]
	cmp r0, #0x00
	beq _08004FD4
	bl sub_08004EA4
	.global _08004FD4
_08004FD4:
	bl sub_08004A18
	ldrb r0, [r4, #0x00]
	b _08004FF8
	.global _08004FDC
_08004FDC: .4byte 0x02025248
	.global _08004FE0
_08004FE0:
	movs r0, #0x02
	ands r0, r1
	cmp r0, #0x00
	beq _08005000
	strb r4, [r5, #0x00]
	movs r0, #0x03
	bl sub_08004C44
	strb r4, [r6, #0x00]
	bl sub_08004A18
	ldrb r0, [r6, #0x00]
	.global _08004FF8
_08004FF8:
	adds r0, #0x01
	lsls r0, r0, #0x18
	lsrs r0, r0, #0x18
	b _08005018
	.global _08005000
_08005000:
	ldrb r0, [r6, #0x00]
	bl sub_08004C44
	bl sub_08000458
	ldrb r0, [r5, #0x00]
	adds r0, #0x01
	strb r0, [r5, #0x00]
	bl sub_0800048C
	b _08004F76
	.global _08005016
_08005016:
	movs r0, #0x00
	.global _08005018
_08005018:
	movs r3, #0x80
	lsls r3, r3, #0x02
	add sp, r3
	pop {r4, r5, r6, r7}
	pop {r1}
	bx r1
	thumb_func_start sub_08005024
sub_08005024:
	push {r4, r5, r6, r7, lr}
	ldr r4, _08005040 @ =0xFFFFFE00
	add sp, r4
	ldr r4, _08005044 @ =0x02025248
	movs r0, #0x00
	strb r0, [r4, #0x00]
	bl sub_0800048C
	bl sub_08004DB4
	adds r7, r4, #0x0
	ldr r6, _08005048 @ =0x0202539C
	b _080050D4
	.byte 0x00, 0x00
	.global _08005040
_08005040: .4byte 0xFFFFFE00
	.global _08005044
_08005044: .4byte 0x02025248
	.global _08005048
_08005048: .4byte 0x0202539C
	.global _0800504C
_0800504C:
	bl sub_08004DB4
	ldr r1, _08005080 @ =0x02025258
	movs r0, #0xC0
	ldrh r2, [r1, #0x00]
	ands r0, r2
	cmp r0, #0x00
	beq _08005064
	movs r0, #0x01
	ldrb r2, [r7, #0x00]
	eors r0, r2
	strb r0, [r7, #0x00]
	.global _08005064
_08005064:
	ldrh r1, [r1, #0x00]
	movs r0, #0x08
	ands r0, r1
	lsls r0, r0, #0x10
	lsrs r0, r0, #0x10
	cmp r0, #0x00
	beq _08005084
	strb r5, [r6, #0x00]
	movs r0, #0x03
	bl sub_08004D1C
	movs r0, #0x00
	b _080050DE
	.byte 0x00, 0x00
	.global _08005080
_08005080: .4byte 0x02025258
	.global _08005084
_08005084:
	movs r5, #0x01
	ands r5, r1
	cmp r5, #0x00
	beq _0800509E
	strb r0, [r6, #0x00]
	movs r0, #0x03
	bl sub_08004D1C
	ldrb r0, [r7, #0x00]
	adds r0, #0x01
	lsls r0, r0, #0x18
	lsrs r0, r0, #0x18
	b _080050DE
	.global _0800509E
_0800509E:
	movs r0, #0x02
	ands r0, r1
	lsls r0, r0, #0x10
	lsrs r4, r0, #0x10
	cmp r4, #0x00
	beq _080050B8
	strb r5, [r6, #0x00]
	movs r0, #0x03
	bl sub_08004D1C
	strb r5, [r7, #0x00]
	movs r0, #0x01
	b _080050DE
	.global _080050B8
_080050B8:
	ldrb r0, [r7, #0x00]
	bl sub_08004D1C
	ldr r0, _080050EC @ =0x020020C0
	strb r4, [r0, #0x00]
	.global _080050C2
_080050C2:
	ldr r0, _080050EC @ =0x020020C0
	ldrb r0, [r0, #0x00]
	cmp r0, #0x00
	beq _080050C2
	ldrb r0, [r6, #0x00]
	adds r0, #0x01
	strb r0, [r6, #0x00]
	bl sub_0800048C
	.global _080050D4
_080050D4:
	bl sub_08003330
	adds r5, r0, #0x0
	cmp r5, #0x00
	beq _0800504C
	.global _080050DE
_080050DE:
	movs r3, #0x80
	lsls r3, r3, #0x02
	add sp, r3
	pop {r4, r5, r6, r7}
	pop {r1}
	bx r1
	.byte 0x00, 0x00
	.global _080050EC
_080050EC: .4byte 0x020020C0
	thumb_func_start sub_080050F0
sub_080050F0:
	push {r4, r5, r6, r7, lr}
	ldr r4, _0800511C @ =0xFFFFFE00
	add sp, r4
	ldr r1, _08005120 @ =0x020253C4
	movs r0, #0xFF
	strb r0, [r1, #0x00]
	ldr r4, _08005124 @ =0x02025248
	movs r0, #0x00
	strb r0, [r4, #0x00]
	bl sub_08004DB4
	ldr r1, _08005128 @ =0x02025258
	movs r0, #0x08
	ldrh r1, [r1, #0x00]
	ands r0, r1
	cmp r0, #0x00
	beq _080051D0
	bl sub_08010094
	adds r7, r4, #0x0
	ldr r6, _0800512C @ =0x0202539C
	b _080051C6
	.global _0800511C
_0800511C: .4byte 0xFFFFFE00
	.global _08005120
_08005120: .4byte 0x020253C4
	.global _08005124
_08005124: .4byte 0x02025248
	.global _08005128
_08005128: .4byte 0x02025258
	.global _0800512C
_0800512C: .4byte 0x0202539C
	.global _08005130
_08005130:
	bl sub_08004DB4
	ldr r1, _08005164 @ =0x02025258
	movs r0, #0xC0
	ldrh r2, [r1, #0x00]
	ands r0, r2
	cmp r0, #0x00
	beq _08005148
	movs r0, #0x01
	ldrb r2, [r7, #0x00]
	eors r0, r2
	strb r0, [r7, #0x00]
	.global _08005148
_08005148:
	ldrh r1, [r1, #0x00]
	movs r0, #0x08
	ands r0, r1
	lsls r0, r0, #0x10
	lsrs r0, r0, #0x10
	cmp r0, #0x00
	beq _08005168
	strb r4, [r6, #0x00]
	movs r0, #0x03
	bl sub_08004C44
	movs r0, #0x01
	b _080051D2
	.byte 0x00, 0x00
	.global _08005164
_08005164: .4byte 0x02025258
	.global _08005168
_08005168:
	movs r4, #0x01
	ands r4, r1
	cmp r4, #0x00
	beq _08005194
	strb r0, [r6, #0x00]
	movs r0, #0x03
	bl sub_08004C44
	ldr r4, _08005190 @ =0x02025248
	ldrb r0, [r4, #0x00]
	cmp r0, #0x00
	beq _08005184
	bl sub_08005024
	.global _08005184
_08005184:
	ldrb r0, [r4, #0x00]
	adds r0, #0x01
	lsls r0, r0, #0x18
	lsrs r0, r0, #0x18
	b _080051D2
	.byte 0x00, 0x00
	.global _08005190
_08005190: .4byte 0x02025248
	.global _08005194
_08005194:
	movs r0, #0x02
	ands r0, r1
	lsls r0, r0, #0x10
	lsrs r5, r0, #0x10
	cmp r5, #0x00
	beq _080051AE
	strb r4, [r6, #0x00]
	movs r0, #0x03
	bl sub_08004C44
	strb r4, [r7, #0x00]
	movs r0, #0x01
	b _080051D2
	.global _080051AE
_080051AE:
	ldrb r0, [r7, #0x00]
	bl sub_08004C44
	ldrb r0, [r6, #0x00]
	adds r0, #0x01
	strb r0, [r6, #0x00]
	ldr r0, _080051E0 @ =0x020020C0
	strb r5, [r0, #0x00]
	.global _080051BE
_080051BE:
	ldr r0, _080051E0 @ =0x020020C0
	ldrb r0, [r0, #0x00]
	cmp r0, #0x00
	beq _080051BE
	.global _080051C6
_080051C6:
	bl sub_08003330
	adds r4, r0, #0x0
	cmp r4, #0x00
	beq _08005130
	.global _080051D0
_080051D0:
	movs r0, #0x00
	.global _080051D2
_080051D2:
	movs r3, #0x80
	lsls r3, r3, #0x02
	add sp, r3
	pop {r4, r5, r6, r7}
	pop {r1}
	bx r1
	.byte 0x00, 0x00
	.global _080051E0
_080051E0: .4byte 0x020020C0
	thumb_func_start sub_080051E4
sub_080051E4:
	push {lr}
	movs r0, #0x96
	bl sub_08016558
	movs r1, #0x08
	movs r2, #0x01
	bl sub_08006418
	ldr r0, _08005208 @ =0x020253C4
	ldrb r0, [r0, #0x00]
	cmp r0, #0x01
	beq _08005220
	cmp r0, #0x01
	bgt _0800520C
	cmp r0, #0x00
	beq _08005216
	b _08005242
	.byte 0x00, 0x00
	.global _08005208
_08005208: .4byte 0x020253C4
	.global _0800520C
_0800520C:
	cmp r0, #0x02
	beq _08005228
	cmp r0, #0x03
	beq _08005238
	b _08005242
	.global _08005216
_08005216:
	ldr r0, _0800521C @ =0x0806C714
	b _0800522A
	.byte 0x00, 0x00
	.global _0800521C
_0800521C: .4byte 0x0806C714
	.global _08005220
_08005220:
	ldr r0, _08005224 @ =0x0806C720
	b _0800522A
	.global _08005224
_08005224: .4byte 0x0806C720
	.global _08005228
_08005228:
	ldr r0, _08005234 @ =0x0806C72C
	.global _0800522A
_0800522A:
	movs r1, #0x09
	movs r2, #0x01
	bl sub_08006418
	b _08005242
	.global _08005234
_08005234: .4byte 0x0806C72C
	.global _08005238
_08005238:
	ldr r0, _08005248 @ =0x0806C738
	movs r1, #0x09
	movs r2, #0x01
	bl sub_08006418
	.global _08005242
_08005242:
	pop {r0}
	bx r0
	.byte 0x00, 0x00
	.global _08005248
_08005248: .4byte 0x0806C738
	thumb_func_start sub_0800524C
sub_0800524C:
	push {r4, r5, r6, lr}
	movs r2, #0x00
	ldr r6, _0800527C @ =0x08364B08
	movs r5, #0x80
	lsls r5, r5, #0x02
	movs r3, #0x47
	movs r4, #0x90
	lsls r4, r4, #0x02
	.global _0800525C
_0800525C:
	ldr r1, [r6, #0x00]
	lsls r0, r2, #0x01
	adds r0, r0, r1
	adds r1, r0, r5
	strh r3, [r1, #0x00]
	adds r0, r0, r4
	strh r3, [r0, #0x00]
	adds r0, r2, #0x1
	lsls r0, r0, #0x18
	lsrs r2, r0, #0x18
	cmp r2, #0x1B
	bne _0800525C
	pop {r4, r5, r6}
	pop {r0}
	bx r0
	.byte 0x00, 0x00
	.global _0800527C
_0800527C: .4byte 0x08364B08
	thumb_func_start sub_08005280
sub_08005280:
	push {r4, r5, r6, lr}
	ldr r4, _080052C4 @ =0xFFFFFE00
	add sp, r4
	ldr r1, _080052C8 @ =0x020253C4
	movs r0, #0xFF
	strb r0, [r1, #0x00]
	bl sub_08004DB4
	ldr r1, _080052CC @ =0x02025258
	movs r0, #0x08
	ldrh r1, [r1, #0x00]
	ands r0, r1
	cmp r0, #0x00
	beq _08005320
	bl sub_08010094
	ldr r6, _080052D0 @ =0x020020C0
	.global _080052A2
_080052A2:
	ldr r0, _080052D4 @ =0x02002124
	movs r1, #0x00
	strh r1, [r0, #0x00]
	bl sub_08003330
	cmp r0, #0x00
	beq _080052E4
	bl sub_080017D0
	movs r5, #0x00
	ldr r4, _080052D8 @ =0x0202EF90
	.global _080052B8
_080052B8:
	ldrb r0, [r4, #0x00]
	cmp r0, #0x00
	bne _080052DC
	movs r0, #0x27
	b _08005322
	.byte 0x00, 0x00
	.global _080052C4
_080052C4: .4byte 0xFFFFFE00
	.global _080052C8
_080052C8: .4byte 0x020253C4
	.global _080052CC
_080052CC: .4byte 0x02025258
	.global _080052D0
_080052D0: .4byte 0x020020C0
	.global _080052D4
_080052D4: .4byte 0x02002124
	.global _080052D8
_080052D8: .4byte 0x0202EF90
	.global _080052DC
_080052DC:
	bl sub_08016E30
	cmp r5, #0x00
	beq _080052B8
	.global _080052E4
_080052E4:
	bl sub_08004DB4
	ldr r1, _08005300 @ =0x02025258
	movs r0, #0x08
	ldrh r1, [r1, #0x00]
	ands r0, r1
	lsls r0, r0, #0x10
	lsrs r4, r0, #0x10
	cmp r4, #0x00
	beq _08005304
	bl sub_0800524C
	movs r0, #0x01
	b _08005322
	.global _08005300
_08005300: .4byte 0x02025258
	.global _08005304
_08005304:
	bl sub_080051E4
	ldr r1, _0800531C @ =0x0200209C
	ldr r0, [r1, #0x00]
	adds r0, #0x01
	str r0, [r1, #0x00]
	strb r4, [r6, #0x00]
	.global _08005312
_08005312:
	ldrb r0, [r6, #0x00]
	cmp r0, #0x00
	beq _08005312
	b _080052A2
	.byte 0x00, 0x00
	.global _0800531C
_0800531C: .4byte 0x0200209C
	.global _08005320
_08005320:
	movs r0, #0x00
	.global _08005322
_08005322:
	movs r3, #0x80
	lsls r3, r3, #0x02
	add sp, r3
	pop {r4, r5, r6}
	pop {r1}
	bx r1
	.byte 0x00, 0x00, 0x70, 0x47, 0x00, 0x00, 0x70, 0x47, 0x00, 0x00
	thumb_func_start sub_08005338
sub_08005338:
	push {r4, r5, r6, r7, lr}
	add sp, #-0x020
	adds r6, r0, #0x0
	adds r4, r1, #0x0
	adds r5, r2, #0x0
	adds r7, r3, #0x0
	cmp r4, #0x63
	ble _0800534E
	movs r4, #0x63
	movs r5, #0x3B
	movs r7, #0x00
	.global _0800534E
_0800534E:
	movs r0, #0x0A
	str r0, [sp, #0x008]
	str r0, [sp, #0x014]
	adds r0, r4, #0x0
	movs r1, #0x0A
	bl sub_08017230
	str r0, [sp, #0x000]
	adds r0, r4, #0x0
	movs r1, #0x0A
	bl sub_080172C8
	str r0, [sp, #0x004]
	adds r0, r5, #0x0
	movs r1, #0x0A
	bl sub_08017230
	str r0, [sp, #0x00C]
	adds r0, r5, #0x0
	movs r1, #0x0A
	bl sub_080172C8
	str r0, [sp, #0x010]
	adds r0, r7, #0x0
	movs r1, #0x64
	bl sub_080172C8
	movs r1, #0x0A
	bl sub_08017230
	str r0, [sp, #0x01C]
	adds r0, r7, #0x0
	movs r1, #0x64
	bl sub_08017230
	str r0, [sp, #0x018]
	movs r4, #0x00
	mov r5, sp
	.global _0800539A
_0800539A:
	adds r0, r6, #0x4
	ldm r5!, {r1}
	lsls r1, r1, #0x18
	lsrs r1, r1, #0x18
	bl sub_080058CC
	adds r6, #0x02
	adds r4, #0x01
	cmp r4, #0x08
	bne _0800539A
	add sp, #0x020
	pop {r4, r5, r6, r7}
	pop {r0}
	bx r0
	.byte 0x00, 0x00
	thumb_func_start sub_080053B8
sub_080053B8:
	push {r4, r5, lr}
	bl sub_080073D8
	bl sub_08004484
	.global _080053C2
_080053C2:
	ldr r0, _08005400 @ =0x02002124
	movs r1, #0x00
	strh r1, [r0, #0x00]
	bl sub_08003330
	cmp r0, #0x00
	beq _08005414
	movs r0, #0x75
	bl sub_08016558
	movs r1, #0x0A
	movs r2, #0x01
	bl sub_08006418
	ldr r0, _08005404 @ =0x02001F20
	bl sub_080019B4
	ldr r0, _08005408 @ =0x02001F60
	bl sub_080019B4
	bl sub_080017D0
	ldr r5, _0800540C @ =0x0202EF90
	ldr r4, _08005410 @ =0x04000130
	.global _080053F2
_080053F2:
	ldrb r0, [r5, #0x00]
	cmp r0, #0x00
	bne _080053FA
	ldrh r0, [r4, #0x00]
	.global _080053FA
_080053FA:
	bl sub_08016E30
	b _080053F2
	.global _08005400
_08005400: .4byte 0x02002124
	.global _08005404
_08005404: .4byte 0x02001F20
	.global _08005408
_08005408: .4byte 0x02001F60
	.global _0800540C
_0800540C: .4byte 0x0202EF90
	.global _08005410
_08005410: .4byte 0x04000130
	.global _08005414
_08005414:
	ldr r0, _0800542C @ =0x0202EF90
	ldrb r0, [r0, #0x00]
	cmp r0, #0x00
	beq _08005430
	movs r0, #0x58
	bl sub_08016558
	movs r1, #0x0E
	movs r2, #0x01
	bl sub_08006418
	b _0800543E
	.global _0800542C
_0800542C: .4byte 0x0202EF90
	.global _08005430
_08005430:
	movs r0, #0x0F
	bl sub_08016558
	movs r1, #0x0E
	movs r2, #0x01
	bl sub_08006418
	.global _0800543E
_0800543E:
	bl sub_08004DB4
	lsls r0, r0, #0x10
	lsrs r0, r0, #0x10
	movs r1, #0x08
	ands r0, r1
	cmp r0, #0x00
	beq _080053C2
	movs r0, #0x00
	movs r1, #0x32
	bl sub_0800420C
	pop {r4, r5}
	pop {r0}
	bx r0
	thumb_func_start sub_0800545C
sub_0800545C:
	push {r4, r5, r6, r7, lr}
	mov r7, r9
	mov r6, r8
	push {r6, r7}
	ldr r0, _080054CC @ =0x020253D4
	ldrb r4, [r0, #0x00]
	cmp r4, #0x00
	beq _08005548
	ldr r2, _080054D0 @ =0x0202A550
	ldr r0, _080054D4 @ =0x020020DC
	ldrb r3, [r0, #0x00]
	cmp r3, #0x00
	beq _08005486
	ldr r0, _080054D8 @ =0x0202EF90
	ldrb r1, [r0, #0x00]
	lsls r0, r1, #0x01
	adds r0, r0, r1
	lsls r0, r0, #0x03
	adds r0, r0, r1
	lsls r0, r0, #0x04
	adds r2, r0, r2
	.global _08005486
_08005486:
	adds r0, r2, #0x0
	adds r0, #0x7D
	ldrb r0, [r0, #0x00]
	cmp r0, #0x00
	beq _08005548
	movs r7, #0x05
	cmp r3, #0x00
	beq _08005498
	movs r7, #0x02
	.global _08005498
_08005498:
	movs r0, #0x01
	mov r8, r0
	movs r6, #0x00
	cmp r6, r4
	beq _08005548
	ldr r1, _080054DC @ =0x08364B08
	mov r9, r1
	.global _080054A6
_080054A6:
	ldr r0, _080054E0 @ =0x020253E0
	adds r0, r6, r0
	ldrb r1, [r0, #0x00]
	lsls r0, r1, #0x01
	adds r0, r0, r1
	lsls r0, r0, #0x03
	adds r0, r0, r1
	lsls r0, r0, #0x04
	ldr r1, _080054D0 @ =0x0202A550
	adds r5, r0, r1
	ldr r0, _080054D4 @ =0x020020DC
	ldrb r0, [r0, #0x00]
	cmp r0, #0x00
	beq _080054E4
	lsls r0, r7, #0x07
	adds r0, #0x14
	mov r2, r9
	ldr r1, [r2, #0x00]
	b _080054EC
	.global _080054CC
_080054CC: .4byte 0x020253D4
	.global _080054D0
_080054D0: .4byte 0x0202A550
	.global _080054D4
_080054D4: .4byte 0x020020DC
	.global _080054D8
_080054D8: .4byte 0x0202EF90
	.global _080054DC
_080054DC: .4byte 0x08364B08
	.global _080054E0
_080054E0: .4byte 0x020253E0
	.global _080054E4
_080054E4:
	lsls r0, r7, #0x06
	adds r0, #0x14
	mov r3, r9
	ldr r1, [r3, #0x00]
	.global _080054EC
_080054EC:
	adds r4, r1, r0
	adds r0, r4, #0x0
	mov r1, r8
	bl sub_080058CC
	movs r1, #0x82
	lsls r1, r1, #0x01
	adds r0, r5, r1
	ldrh r1, [r0, #0x00]
	movs r2, #0x83
	lsls r2, r2, #0x01
	adds r0, r5, r2
	ldrh r2, [r0, #0x00]
	movs r3, #0x84
	lsls r3, r3, #0x01
	adds r0, r5, r3
	ldrh r3, [r0, #0x00]
	adds r0, r4, #0x0
	bl sub_08005338
	ldr r0, _08005554 @ =0x020020DC
	ldrb r0, [r0, #0x00]
	cmp r0, #0x00
	beq _0800552A
	lsls r1, r7, #0x04
	ldr r0, _08005558 @ =0x020253E0
	adds r0, r6, r0
	ldrb r2, [r0, #0x00]
	movs r0, #0x40
	bl sub_08009FA0
	.global _0800552A
_0800552A:
	adds r0, r7, #0x1
	lsls r0, r0, #0x18
	lsrs r7, r0, #0x18
	mov r0, r8
	adds r0, #0x01
	lsls r0, r0, #0x18
	lsrs r0, r0, #0x18
	mov r8, r0
	adds r0, r6, #0x1
	lsls r0, r0, #0x18
	lsrs r6, r0, #0x18
	ldr r0, _0800555C @ =0x020253D4
	ldrb r0, [r0, #0x00]
	cmp r6, r0
	bne _080054A6
	.global _08005548
_08005548:
	pop {r3, r4}
	mov r8, r3
	mov r9, r4
	pop {r4, r5, r6, r7}
	pop {r0}
	bx r0
	.global _08005554
_08005554: .4byte 0x020020DC
	.global _08005558
_08005558: .4byte 0x020253E0
	.global _0800555C
_0800555C: .4byte 0x020253D4
	thumb_func_start sub_08005560
sub_08005560:
	ldr r0, _08005570 @ =0x020253CC
	movs r1, #0x00
	strh r1, [r0, #0x00]
	ldr r0, _08005574 @ =0x020251FC
	strh r1, [r0, #0x00]
	ldr r0, _08005578 @ =0x02025218
	strh r1, [r0, #0x00]
	bx lr
	.global _08005570
_08005570: .4byte 0x020253CC
	.global _08005574
_08005574: .4byte 0x020251FC
	.global _08005578
_08005578: .4byte 0x02025218
	thumb_func_start sub_0800557C
sub_0800557C:
	ldr r0, _0800558C @ =0x02025224
	movs r1, #0x00
	strh r1, [r0, #0x00]
	ldr r0, _08005590 @ =0x02025220
	strh r1, [r0, #0x00]
	ldr r0, _08005594 @ =0x02025260
	strh r1, [r0, #0x00]
	bx lr
	.global _0800558C
_0800558C: .4byte 0x02025224
	.global _08005590
_08005590: .4byte 0x02025220
	.global _08005594
_08005594: .4byte 0x02025260
	thumb_func_start sub_08005598
sub_08005598:
	lsls r0, r0, #0x18
	lsrs r0, r0, #0x18
	ldr r1, _080055AC @ =0x0202521C
	str r0, [r1, #0x00]
	cmp r0, #0x63
	ble _080055A8
	movs r0, #0x63
	str r0, [r1, #0x00]
	.global _080055A8
_080055A8:
	bx lr
	.byte 0x00, 0x00
	.global _080055AC
_080055AC: .4byte 0x0202521C
	thumb_func_start sub_080055B0
sub_080055B0:
	ldr r1, _080055F4 @ =0x020253C0
	movs r0, #0x00
	str r0, [r1, #0x00]
	ldr r3, _080055F8 @ =0x0202521C
	ldr r0, _080055FC @ =0x02025240
	ldrb r0, [r0, #0x00]
	str r0, [r3, #0x00]
	ldr r1, _08005600 @ =0x02025238
	movs r0, #0x01
	strb r0, [r1, #0x00]
	ldr r0, _08005604 @ =0x0200215C
	ldrb r1, [r0, #0x00]
	cmp r1, #0x0A
	bne _080055D0
	movs r0, #0x14
	str r0, [r3, #0x00]
	.global _080055D0
_080055D0:
	cmp r1, #0x00
	bne _080055F0
	ldr r1, _08005608 @ =0x0202EF00
	movs r0, #0x03
	ldrb r1, [r1, #0x00]
	subs r0, r0, r1
	lsls r0, r0, #0x18
	lsrs r0, r0, #0x18
	ldr r1, _0800560C @ =0x08365330
	ldr r2, _08005610 @ =0x020020CC
	ldrb r2, [r2, #0x00]
	adds r1, r2, r1
	adds r0, #0x03
	ldrb r1, [r1, #0x00]
	adds r0, r1, r0
	str r0, [r3, #0x00]
	.global _080055F0
_080055F0:
	bx lr
	.byte 0x00, 0x00
	.global _080055F4
_080055F4: .4byte 0x020253C0
	.global _080055F8
_080055F8: .4byte 0x0202521C
	.global _080055FC
_080055FC: .4byte 0x02025240
	.global _08005600
_08005600: .4byte 0x02025238
	.global _08005604
_08005604: .4byte 0x0200215C
	.global _08005608
_08005608: .4byte 0x0202EF00
	.global _0800560C
_0800560C: .4byte 0x08365330
	.global _08005610
_08005610: .4byte 0x020020CC
	thumb_func_start sub_08005614
sub_08005614:
	push {r4, r5, r6, lr}
	adds r5, r0, #0x0
	adds r4, r1, #0x0
	adds r3, r2, #0x0
	ldr r0, _08005650 @ =0x0200215C
	ldrb r0, [r0, #0x00]
	subs r0, #0x03
	lsls r0, r0, #0x18
	lsrs r0, r0, #0x18
	cmp r0, #0x01
	bls _0800564A
	ldr r1, _08005654 @ =0x020253A0
	ldr r2, _08005658 @ =0x020020CC
	ldrb r6, [r2, #0x00]
	lsls r0, r6, #0x01
	adds r0, r0, r1
	strh r3, [r0, #0x00]
	ldr r1, _0800565C @ =0x02025200
	ldrb r3, [r2, #0x00]
	lsls r0, r3, #0x01
	adds r0, r0, r1
	strh r4, [r0, #0x00]
	ldr r1, _08005660 @ =0x02025380
	ldrb r2, [r2, #0x00]
	lsls r0, r2, #0x01
	adds r0, r0, r1
	strh r5, [r0, #0x00]
	.global _0800564A
_0800564A:
	pop {r4, r5, r6}
	pop {r0}
	bx r0
	.global _08005650
_08005650: .4byte 0x0200215C
	.global _08005654
_08005654: .4byte 0x020253A0
	.global _08005658
_08005658: .4byte 0x020020CC
	.global _0800565C
_0800565C: .4byte 0x02025200
	.global _08005660
_08005660: .4byte 0x02025380
	thumb_func_start sub_08005664
sub_08005664:
	push {r4, r5, r6, r7, lr}
	lsls r0, r0, #0x10
	lsrs r7, r0, #0x10
	lsls r1, r1, #0x10
	lsrs r5, r1, #0x10
	lsls r2, r2, #0x10
	lsrs r6, r2, #0x10
	ldr r2, _080056DC @ =0x0000EA60
	adds r4, r7, #0x0
	muls r4, r2
	lsls r0, r5, #0x05
	subs r0, r0, r5
	lsls r0, r0, #0x02
	adds r0, r0, r5
	lsls r0, r0, #0x03
	adds r4, r4, r0
	adds r4, r4, r6
	ldr r0, _080056E0 @ =0x02025380
	ldr r1, _080056E4 @ =0x020020CC
	ldrb r1, [r1, #0x00]
	lsls r3, r1, #0x01
	adds r0, r3, r0
	ldrh r0, [r0, #0x00]
	muls r2, r0
	ldr r0, _080056E8 @ =0x02025200
	adds r0, r3, r0
	ldrh r1, [r0, #0x00]
	lsls r0, r1, #0x05
	subs r0, r0, r1
	lsls r0, r0, #0x02
	adds r0, r0, r1
	lsls r0, r0, #0x03
	adds r2, r2, r0
	ldr r0, _080056EC @ =0x020253A0
	adds r3, r3, r0
	ldrh r3, [r3, #0x00]
	adds r2, r3, r2
	cmp r4, r2
	bgt _080056D4
	ldr r0, _080056F0 @ =0x0200215C
	ldrb r0, [r0, #0x00]
	subs r0, #0x03
	lsls r0, r0, #0x18
	lsrs r0, r0, #0x18
	cmp r0, #0x01
	bls _080056D4
	adds r0, r7, #0x0
	adds r1, r5, #0x0
	adds r2, r6, #0x0
	bl sub_08005614
	ldr r1, _080056F4 @ =0x020020F0
	movs r0, #0x01
	strb r0, [r1, #0x00]
	bl sub_0800B594
	.global _080056D4
_080056D4:
	pop {r4, r5, r6, r7}
	pop {r0}
	bx r0
	.byte 0x00, 0x00
	.global _080056DC
_080056DC: .4byte 0x0000EA60
	.global _080056E0
_080056E0: .4byte 0x02025380
	.global _080056E4
_080056E4: .4byte 0x020020CC
	.global _080056E8
_080056E8: .4byte 0x02025200
	.global _080056EC
_080056EC: .4byte 0x020253A0
	.global _080056F0
_080056F0: .4byte 0x0200215C
	.global _080056F4
_080056F4: .4byte 0x020020F0
	thumb_func_start sub_080056F8
sub_080056F8:
	push {r4, r5, r6, lr}
	ldr r0, _080057B4 @ =0x020020C4
	ldrb r0, [r0, #0x00]
	cmp r0, #0x00
	beq _080057AE
	ldr r0, _080057B8 @ =0x020021E0
	ldrb r0, [r0, #0x00]
	cmp r0, #0x00
	bne _080057AE
	ldr r0, _080057BC @ =0x0200215C
	ldrb r0, [r0, #0x00]
	subs r0, #0x03
	lsls r0, r0, #0x18
	lsrs r0, r0, #0x18
	ldr r5, _080057C0 @ =0x020253CC
	ldr r6, _080057C4 @ =0x02025224
	cmp r0, #0x02
	bhi _08005746
	movs r2, #0x00
	ldr r3, _080057C8 @ =0x020020AC
	ldrb r0, [r3, #0x00]
	cmp r2, r0
	beq _08005746
	ldr r4, _080057CC @ =0x0202A6BC
	.global _08005728
_08005728:
	lsls r0, r2, #0x01
	adds r0, r0, r2
	lsls r0, r0, #0x03
	adds r0, r0, r2
	lsls r0, r0, #0x04
	adds r0, r0, r4
	ldr r1, [r0, #0x00]
	adds r1, #0x01
	str r1, [r0, #0x00]
	adds r0, r2, #0x1
	lsls r0, r0, #0x18
	lsrs r2, r0, #0x18
	ldrb r1, [r3, #0x00]
	cmp r2, r1
	bne _08005728
	.global _08005746
_08005746:
	ldrh r2, [r5, #0x00]
	adds r0, r2, #0x0
	adds r0, #0x28
	strh r0, [r5, #0x00]
	lsls r0, r0, #0x10
	ldr r1, _080057D0 @ =0x03E70000
	cmp r0, r1
	bls _0800577A
	ldr r1, _080057D4 @ =0xFFFFFC40
	adds r0, r2, r1
	strh r0, [r5, #0x00]
	ldr r1, _080057D8 @ =0x020251FC
	ldrh r2, [r1, #0x00]
	adds r0, r2, #0x1
	strh r0, [r1, #0x00]
	lsls r0, r0, #0x10
	lsrs r0, r0, #0x10
	cmp r0, #0x3B
	bls _0800577A
	adds r0, r2, #0x0
	subs r0, #0x3B
	strh r0, [r1, #0x00]
	ldr r1, _080057DC @ =0x02025218
	ldrh r0, [r1, #0x00]
	adds r0, #0x01
	strh r0, [r1, #0x00]
	.global _0800577A
_0800577A:
	ldrh r2, [r6, #0x00]
	adds r0, r2, #0x0
	adds r0, #0x28
	strh r0, [r6, #0x00]
	lsls r0, r0, #0x10
	ldr r1, _080057D0 @ =0x03E70000
	cmp r0, r1
	bls _080057AE
	ldr r1, _080057D4 @ =0xFFFFFC40
	adds r0, r2, r1
	strh r0, [r6, #0x00]
	ldr r1, _080057E0 @ =0x02025220
	ldrh r2, [r1, #0x00]
	adds r0, r2, #0x1
	strh r0, [r1, #0x00]
	lsls r0, r0, #0x10
	lsrs r0, r0, #0x10
	cmp r0, #0x3B
	bls _080057AE
	adds r0, r2, #0x0
	subs r0, #0x3B
	strh r0, [r1, #0x00]
	ldr r1, _080057E4 @ =0x02025260
	ldrh r0, [r1, #0x00]
	adds r0, #0x01
	strh r0, [r1, #0x00]
	.global _080057AE
_080057AE:
	pop {r4, r5, r6}
	pop {r0}
	bx r0
	.global _080057B4
_080057B4: .4byte 0x020020C4
	.global _080057B8
_080057B8: .4byte 0x020021E0
	.global _080057BC
_080057BC: .4byte 0x0200215C
	.global _080057C0
_080057C0: .4byte 0x020253CC
	.global _080057C4
_080057C4: .4byte 0x02025224
	.global _080057C8
_080057C8: .4byte 0x020020AC
	.global _080057CC
_080057CC: .4byte 0x0202A6BC
	.global _080057D0
_080057D0: .4byte 0x03E70000
	.global _080057D4
_080057D4: .4byte 0xFFFFFC40
	.global _080057D8
_080057D8: .4byte 0x020251FC
	.global _080057DC
_080057DC: .4byte 0x02025218
	.global _080057E0
_080057E0: .4byte 0x02025220
	.global _080057E4
_080057E4: .4byte 0x02025260
	.byte 0x04, 0x48, 0x00, 0x68, 0x00, 0x28, 0x09, 0xD1, 0x03, 0x48, 0x00, 0x68, 0x00, 0x28, 0x05, 0xD1
	.byte 0x00, 0x20, 0x04, 0xE0, 0x1C, 0x52, 0x02, 0x02, 0xC0, 0x53, 0x02, 0x02, 0x01, 0x20, 0x70, 0x47
	.byte 0x30, 0xB5, 0x13, 0x48, 0x00, 0x78, 0x00, 0x28, 0x1F, 0xD0, 0x12, 0x48, 0x04, 0x78, 0x00, 0x2C
	.byte 0x1B, 0xD1, 0x11, 0x4D, 0x29, 0x68, 0x08, 0x1C, 0x18, 0x38, 0x28, 0x60, 0x00, 0x28, 0x14, 0xDA
	.byte 0xF4, 0x22, 0x92, 0x00, 0x88, 0x18, 0x28, 0x60, 0x0C, 0x4B, 0x19, 0x68, 0x01, 0x39, 0x19, 0x60
	.byte 0x0B, 0x4A, 0x01, 0x20, 0x10, 0x70, 0x00, 0x29, 0x07, 0xDA, 0x1C, 0x60, 0x2C, 0x60, 0x09, 0x48
	.byte 0x00, 0x78, 0x00, 0x28, 0x01, 0xD1, 0x05, 0xF0, 0x25, 0xFC, 0x30, 0xBC, 0x01, 0xBC, 0x00, 0x47
	.byte 0xC4, 0x20, 0x00, 0x02, 0xE0, 0x21, 0x00, 0x02, 0xC0, 0x53, 0x02, 0x02, 0x1C, 0x52, 0x02, 0x02
	.byte 0x38, 0x52, 0x02, 0x02, 0x5C, 0x21, 0x00, 0x02
	thumb_func_start sub_08005870
sub_08005870:
	push {r4, r5, lr}
	lsls r1, r1, #0x18
	lsrs r1, r1, #0x16
	ldr r2, _080058C4 @ =0x08334DE2
	adds r1, r1, r2
	ldr r4, _080058C8 @ =0x08335A8C
	ldrh r3, [r1, #0x00]
	lsls r2, r3, #0x01
	adds r2, r2, r4
	movs r5, #0xE0
	lsls r5, r5, #0x08
	adds r3, r5, #0x0
	ldrh r2, [r2, #0x00]
	orrs r2, r3
	strh r2, [r0, #0x00]
	ldrh r5, [r1, #0x02]
	lsls r2, r5, #0x01
	adds r2, r2, r4
	ldrh r2, [r2, #0x00]
	orrs r2, r3
	strh r2, [r0, #0x02]
	adds r5, r0, #0x0
	adds r5, #0x40
	adds r2, r1, #0x0
	adds r2, #0x88
	ldrh r2, [r2, #0x00]
	lsls r2, r2, #0x01
	adds r2, r2, r4
	ldrh r2, [r2, #0x00]
	orrs r2, r3
	strh r2, [r5, #0x00]
	adds r0, #0x42
	adds r1, #0x8A
	ldrh r1, [r1, #0x00]
	lsls r1, r1, #0x01
	adds r1, r1, r4
	ldrh r1, [r1, #0x00]
	orrs r3, r1
	strh r3, [r0, #0x00]
	pop {r4, r5}
	pop {r0}
	bx r0
	.global _080058C4
_080058C4: .4byte 0x08334DE2
	.global _080058C8
_080058C8: .4byte 0x08335A8C
	thumb_func_start sub_080058CC
sub_080058CC:
	lsls r1, r1, #0x18
	lsrs r1, r1, #0x17
	ldr r2, _080058F0 @ =0x08334E0A
	adds r1, r1, r2
	ldr r3, _080058F4 @ =0x08335A8C
	ldrh r1, [r1, #0x00]
	lsls r2, r1, #0x01
	adds r2, r2, r3
	ldr r1, _080058F8 @ =0x00000FFF
	ldrh r2, [r2, #0x00]
	ands r1, r2
	movs r3, #0xE0
	lsls r3, r3, #0x08
	adds r2, r3, #0x0
	orrs r1, r2
	strh r1, [r0, #0x00]
	bx lr
	.byte 0x00, 0x00
	.global _080058F0
_080058F0: .4byte 0x08334E0A
	.global _080058F4
_080058F4: .4byte 0x08335A8C
	.global _080058F8
_080058F8: .4byte 0x00000FFF
	.byte 0x09, 0x06, 0xC9, 0x0D, 0x07, 0x4A, 0x89, 0x18, 0x07, 0x4B, 0x09, 0x88, 0x4A, 0x00, 0xD2, 0x18
	.byte 0x06, 0x49, 0x12, 0x88, 0x11, 0x40, 0xE0, 0x23, 0x1B, 0x02, 0x1A, 0x1C, 0x11, 0x43, 0x01, 0x80
	.byte 0x70, 0x47, 0x00, 0x00, 0x22, 0x4E, 0x33, 0x08, 0x8C, 0x5A, 0x33, 0x08, 0xFF, 0x0F, 0x00, 0x00
	.byte 0xF0, 0xB5, 0x88, 0xB0, 0x06, 0x1C, 0x0F, 0x1C, 0x1C, 0x1C, 0x0D, 0x9D, 0x0A, 0x20, 0x01, 0x90
	.byte 0x04, 0x90, 0x00, 0x92, 0x20, 0x1C, 0x0A, 0x21, 0x11, 0xF0, 0xC0, 0xFC, 0x03, 0x90, 0x20, 0x1C
	.byte 0x0A, 0x21, 0x11, 0xF0, 0x6F, 0xFC, 0x02, 0x90, 0x28, 0x1C, 0x64, 0x21, 0x11, 0xF0, 0xB6, 0xFC
	.byte 0x0A, 0x21, 0x11, 0xF0, 0x67, 0xFC, 0x06, 0x90, 0x28, 0x1C, 0x64, 0x21, 0x11, 0xF0, 0x62, 0xFC
	.byte 0x05, 0x90, 0x00, 0x20, 0x07, 0x90, 0x00, 0x24, 0xFF, 0x20, 0x07, 0x40, 0x6D, 0x46, 0x0A, 0x48
	.byte 0x30, 0x40, 0x00, 0x04, 0x38, 0x43, 0x02, 0xCD, 0xF5, 0x22, 0x92, 0x00, 0x89, 0x18, 0xC0, 0x22
	.byte 0x92, 0x01, 0x11, 0x43, 0xFE, 0xF7, 0x88, 0xFD, 0x04, 0x36, 0x01, 0x34, 0x08, 0x2C, 0xEE, 0xD1
	.byte 0x08, 0xB0, 0xF0, 0xBC, 0x01, 0xBC, 0x00, 0x47, 0xFF, 0x01, 0x00, 0x00, 0x70, 0xB5, 0x1C, 0x4D
	.byte 0x1C, 0x48, 0x04, 0x68, 0x20, 0x1C, 0x0A, 0x21, 0x11, 0xF0, 0x88, 0xFC, 0x68, 0x70, 0x20, 0x1C
	.byte 0x0A, 0x21, 0x11, 0xF0, 0x37, 0xFC, 0x28, 0x70, 0x17, 0x4C, 0x20, 0x68, 0x82, 0x30, 0x29, 0x78
	.byte 0xFF, 0xF7, 0x50, 0xFF, 0x20, 0x68, 0x86, 0x30, 0x69, 0x78, 0xFF, 0xF7, 0x4B, 0xFF, 0x13, 0x48
	.byte 0x06, 0x68, 0x30, 0x1C, 0x0A, 0x21, 0x11, 0xF0, 0x25, 0xFC, 0x0A, 0x21, 0x11, 0xF0, 0x6E, 0xFC
	.byte 0x68, 0x70, 0x30, 0x1C, 0x64, 0x21, 0x11, 0xF0, 0x1D, 0xFC, 0x28, 0x70, 0x20, 0x68, 0xCA, 0x30
	.byte 0x0A, 0x21, 0xFF, 0xF7, 0x65, 0xFF, 0x20, 0x68, 0xCC, 0x30, 0x29, 0x78, 0xFF, 0xF7, 0x60, 0xFF
	.byte 0x20, 0x68, 0xCE, 0x30, 0x69, 0x78, 0xFF, 0xF7, 0x5B, 0xFF, 0x70, 0xBC, 0x01, 0xBC, 0x00, 0x47
	.byte 0x5C, 0x52, 0x02, 0x02, 0x1C, 0x52, 0x02, 0x02, 0x08, 0x4B, 0x36, 0x08, 0xC0, 0x53, 0x02, 0x02
	thumb_func_start sub_08005A2C
sub_08005A2C:
	push {r4, r5, r6, lr}
	add sp, #-0x004
	adds r6, r0, #0x0
	mov r1, sp
	movs r0, #0xC8
	strh r0, [r1, #0x00]
	movs r0, #0x78
	strh r0, [r1, #0x02]
	ldr r0, _08005A90 @ =0x08338720
	bl sub_0800754C
	adds r5, r0, #0x0
	cmp r5, #0x00
	beq _08005A7C
	mov r0, sp
	ldrh r0, [r0, #0x02]
	movs r4, #0xFF
	ands r4, r0
	mov r1, sp
	ldr r0, _08005A94 @ =0x000001FF
	ldrh r1, [r1, #0x00]
	ands r0, r1
	lsls r0, r0, #0x10
	orrs r4, r0
	movs r0, #0x80
	lsls r0, r0, #0x18
	orrs r4, r0
	ldr r0, _08005A98 @ =0x08338788
	bl sub_08007714
	lsls r0, r0, #0x18
	lsrs r0, r0, #0x0C
	ldr r1, [r5, #0x10]
	orrs r1, r0
	movs r0, #0x80
	lsls r0, r0, #0x01
	orrs r4, r0
	adds r0, r4, #0x0
	bl sub_080044A4
	.global _08005A7C
_08005A7C:
	ldr r0, _08005A9C @ =0x0202522C
	adds r1, r6, #0x0
	adds r1, #0xA0
	movs r2, #0xFF
	ands r1, r2
	strh r1, [r0, #0x00]
	add sp, #0x004
	pop {r4, r5, r6}
	pop {r0}
	bx r0
	.global _08005A90
_08005A90: .4byte 0x08338720
	.global _08005A94
_08005A94: .4byte 0x000001FF
	.global _08005A98
_08005A98: .4byte 0x08338788
	.global _08005A9C
_08005A9C: .4byte 0x0202522C
	thumb_func_start sub_08005AA0
sub_08005AA0:
	push {lr}
	bl sub_080079D0
	lsls r0, r0, #0x18
	cmp r0, #0x00
	beq _08005ACC
	ldr r1, _08005AC4 @ =0x02025250
	movs r0, #0x08
	ldrb r1, [r1, #0x00]
	ands r0, r1
	cmp r0, #0x00
	beq _08005ACC
	ldr r0, _08005AC8 @ =0x0806C744
	movs r1, #0x06
	movs r2, #0x01
	bl sub_08006418
	b _08005AD6
	.global _08005AC4
_08005AC4: .4byte 0x02025250
	.global _08005AC8
_08005AC8: .4byte 0x0806C744
	.global _08005ACC
_08005ACC:
	ldr r0, _08005AE4 @ =0x0806C758
	movs r1, #0x06
	movs r2, #0x01
	bl sub_08006418
	.global _08005AD6
_08005AD6:
	ldr r1, _08005AE8 @ =0x02025250
	ldrb r0, [r1, #0x00]
	adds r0, #0x01
	strb r0, [r1, #0x00]
	pop {r0}
	bx r0
	.byte 0x00, 0x00
	.global _08005AE4
_08005AE4: .4byte 0x0806C758
	.global _08005AE8
_08005AE8: .4byte 0x02025250
	thumb_func_start sub_08005AEC
sub_08005AEC:
	bx lr
	.byte 0x00, 0x00
	thumb_func_start sub_08005AF0
sub_08005AF0:
	push {r4, r5, r6, lr}
	add sp, #-0x004
	adds r6, r0, #0x0
	ldr r0, _08005BA8 @ =0x0202EEB0
	ldrb r0, [r0, #0x00]
	cmp r0, #0x00
	bne _08005B00
	b _08005C02
	.global _08005B00
_08005B00:
	ldr r1, _08005BAC @ =0x02025228
	ldrb r0, [r1, #0x00]
	adds r0, #0x01
	strb r0, [r1, #0x00]
	mov r1, sp
	movs r0, #0xAA
	strh r0, [r1, #0x00]
	movs r0, #0x89
	strh r0, [r1, #0x02]
	ldr r0, _08005BB0 @ =0x083387A8
	bl sub_08007630
	adds r5, r0, #0x0
	cmp r5, #0x00
	beq _08005B50
	mov r0, sp
	ldrh r0, [r0, #0x02]
	movs r4, #0xFF
	ands r4, r0
	mov r1, sp
	ldr r0, _08005BB4 @ =0x000001FF
	ldrh r1, [r1, #0x00]
	ands r0, r1
	lsls r0, r0, #0x10
	orrs r4, r0
	movs r0, #0x80
	lsls r0, r0, #0x17
	orrs r4, r0
	ldr r0, _08005BB8 @ =0x08338788
	bl sub_08007714
	lsls r0, r0, #0x18
	lsrs r0, r0, #0x0C
	ldr r1, [r5, #0x10]
	orrs r1, r0
	ldr r0, _08005BBC @ =0x02000100
	orrs r4, r0
	adds r0, r4, #0x0
	bl sub_080044A4
	.global _08005B50
_08005B50:
	ldr r2, _08005BC0 @ =0x02025398
	asrs r0, r6, #0x10
	adds r0, #0xBE
	movs r1, #0xFF
	ands r0, r1
	strh r0, [r2, #0x00]
	ldr r0, _08005BC4 @ =0x08364B08
	ldr r0, [r0, #0x00]
	ldr r1, _08005BC8 @ =0x000004EE
	adds r3, r0, r1
	ldr r0, _08005BCC @ =0x000031FF
	cmp r6, r0
	bgt _08005BE8
	ldr r0, _08005BD0 @ =0x0200209C
	ldr r0, [r0, #0x00]
	movs r1, #0x10
	ands r0, r1
	cmp r0, #0x00
	beq _08005BE8
	ldr r2, _08005BD4 @ =0x08335A8C
	ldr r0, _08005BD8 @ =0x08334DCC
	ldr r1, _08005BDC @ =0x000005B2
	adds r0, r0, r1
	ldrh r0, [r0, #0x00]
	lsls r1, r0, #0x01
	adds r1, r1, r2
	movs r2, #0xE0
	lsls r2, r2, #0x08
	adds r0, r2, #0x0
	ldrh r1, [r1, #0x00]
	orrs r0, r1
	strh r0, [r3, #0x00]
	ldr r0, _08005BE0 @ =0x0202EF00
	ldrb r0, [r0, #0x03]
	cmp r0, #0x00
	beq _08005C02
	ldr r0, _08005BE4 @ =0x020020E0
	ldrb r0, [r0, #0x00]
	cmp r0, #0x00
	bne _08005C02
	movs r0, #0x1B
	bl sub_08001208
	b _08005C02
	.global _08005BA8
_08005BA8: .4byte 0x0202EEB0
	.global _08005BAC
_08005BAC: .4byte 0x02025228
	.global _08005BB0
_08005BB0: .4byte 0x083387A8
	.global _08005BB4
_08005BB4: .4byte 0x000001FF
	.global _08005BB8
_08005BB8: .4byte 0x08338788
	.global _08005BBC
_08005BBC: .4byte 0x02000100
	.global _08005BC0
_08005BC0: .4byte 0x02025398
	.global _08005BC4
_08005BC4: .4byte 0x08364B08
	.global _08005BC8
_08005BC8: .4byte 0x000004EE
	.global _08005BCC
_08005BCC: .4byte 0x000031FF
	.global _08005BD0
_08005BD0: .4byte 0x0200209C
	.global _08005BD4
_08005BD4: .4byte 0x08335A8C
	.global _08005BD8
_08005BD8: .4byte 0x08334DCC
	.global _08005BDC
_08005BDC: .4byte 0x000005B2
	.global _08005BE0
_08005BE0: .4byte 0x0202EF00
	.global _08005BE4
_08005BE4: .4byte 0x020020E0
	.global _08005BE8
_08005BE8:
	ldr r2, _08005C0C @ =0x08335A8C
	ldr r0, _08005C10 @ =0x08334DCC
	ldr r1, _08005C14 @ =0x000005B4
	adds r0, r0, r1
	ldrh r0, [r0, #0x00]
	lsls r1, r0, #0x01
	adds r1, r1, r2
	movs r2, #0xE0
	lsls r2, r2, #0x08
	adds r0, r2, #0x0
	ldrh r1, [r1, #0x00]
	orrs r0, r1
	strh r0, [r3, #0x00]
	.global _08005C02
_08005C02:
	add sp, #0x004
	pop {r4, r5, r6}
	pop {r0}
	bx r0
	.byte 0x00, 0x00
	.global _08005C0C
_08005C0C: .4byte 0x08335A8C
	.global _08005C10
_08005C10: .4byte 0x08334DCC
	.global _08005C14
_08005C14: .4byte 0x000005B4
	thumb_func_start sub_08005C18
sub_08005C18:
	push {r4, r5, lr}
	adds r5, r0, #0x0
	ldr r0, _08005C6C @ =0x0200215C
	ldrb r0, [r0, #0x00]
	cmp r0, #0x0A
	beq _08005CF4
	cmp r0, #0x02
	beq _08005CF4
	cmp r5, #0x64
	beq _08005C30
	cmp r0, #0x05
	bne _08005C78
	.global _08005C30
_08005C30:
	ldr r0, _08005C70 @ =0x08364B08
	ldr r2, [r0, #0x00]
	ldr r1, _08005C74 @ =0x0000E047
	adds r0, r1, #0x0
	strh r0, [r2, #0x2C]
	strh r0, [r2, #0x2E]
	strh r0, [r2, #0x30]
	strh r0, [r2, #0x32]
	strh r0, [r2, #0x34]
	strh r0, [r2, #0x36]
	strh r0, [r2, #0x38]
	strh r0, [r2, #0x3A]
	adds r1, r2, #0x0
	adds r1, #0x6C
	strh r0, [r1, #0x00]
	adds r1, #0x02
	strh r0, [r1, #0x00]
	adds r1, #0x02
	strh r0, [r1, #0x00]
	adds r1, #0x02
	strh r0, [r1, #0x00]
	adds r1, #0x02
	strh r0, [r1, #0x00]
	adds r1, #0x02
	strh r0, [r1, #0x00]
	adds r1, #0x02
	strh r0, [r1, #0x00]
	adds r1, #0x02
	strh r0, [r1, #0x00]
	b _08005CF4
	.global _08005C6C
_08005C6C: .4byte 0x0200215C
	.global _08005C70
_08005C70: .4byte 0x08364B08
	.global _08005C74
_08005C74: .4byte 0x0000E047
	.global _08005C78
_08005C78:
	ldr r0, _08005CA4 @ =0x0806C76C
	movs r1, #0x16
	movs r2, #0x00
	bl sub_0800649C
	cmp r5, #0x09
	bgt _08005CB0
	ldr r0, _08005CA8 @ =0x08364B08
	ldr r2, [r0, #0x00]
	ldr r0, _08005CAC @ =0x0000E047
	adds r1, r0, #0x0
	strh r1, [r2, #0x38]
	strh r1, [r2, #0x3A]
	adds r0, r2, #0x0
	adds r0, #0x78
	strh r1, [r0, #0x00]
	adds r0, #0x02
	strh r1, [r0, #0x00]
	subs r0, #0x46
	lsls r1, r5, #0x18
	b _08005CCA
	.byte 0x00, 0x00
	.global _08005CA4
_08005CA4: .4byte 0x0806C76C
	.global _08005CA8
_08005CA8: .4byte 0x08364B08
	.global _08005CAC
_08005CAC: .4byte 0x0000E047
	.global _08005CB0
_08005CB0:
	cmp r5, #0x13
	bgt _08005CD8
	ldr r4, _08005CD4 @ =0x08364B08
	ldr r0, [r4, #0x00]
	adds r0, #0x34
	movs r1, #0x01
	bl sub_08005870
	ldr r0, [r4, #0x00]
	adds r0, #0x38
	adds r1, r5, #0x0
	subs r1, #0x0A
	lsls r1, r1, #0x18
	.global _08005CCA
_08005CCA:
	lsrs r1, r1, #0x18
	bl sub_08005870
	b _08005CF4
	.byte 0x00, 0x00
	.global _08005CD4
_08005CD4: .4byte 0x08364B08
	.global _08005CD8
_08005CD8:
	ldr r4, _08005CFC @ =0x08364B08
	ldr r0, [r4, #0x00]
	adds r0, #0x34
	movs r1, #0x02
	bl sub_08005870
	ldr r0, [r4, #0x00]
	adds r0, #0x38
	adds r1, r5, #0x0
	subs r1, #0x14
	lsls r1, r1, #0x18
	lsrs r1, r1, #0x18
	bl sub_08005870
	.global _08005CF4
_08005CF4:
	pop {r4, r5}
	pop {r0}
	bx r0
	.byte 0x00, 0x00
	.global _08005CFC
_08005CFC: .4byte 0x08364B08
	thumb_func_start sub_08005D00
sub_08005D00:
	push {r4, r5, r6, r7, lr}
	adds r5, r0, #0x0
	adds r7, r1, #0x0
	ldr r0, _08005D24 @ =0x000003E7
	cmp r5, r0
	bne _08005D2C
	ldr r4, _08005D28 @ =0x0806C770
	adds r0, r4, #0x0
	movs r1, #0x00
	movs r2, #0x01
	bl sub_0800649C
	adds r0, r4, #0x0
	movs r1, #0x00
	movs r2, #0x00
	bl sub_0800649C
	b _08005E48
	.global _08005D24
_08005D24: .4byte 0x000003E7
	.global _08005D28
_08005D28: .4byte 0x0806C770
	.global _08005D2C
_08005D2C:
	cmp r5, r7
	ble _08005D32
	adds r5, r7, #0x0
	.global _08005D32
_08005D32:
	ldr r0, _08005D7C @ =0x0806C780
	movs r1, #0x00
	movs r2, #0x01
	bl sub_0800649C
	ldr r0, _08005D80 @ =0x08364B08
	ldr r6, [r0, #0x00]
	adds r4, r6, #0x0
	adds r4, #0x08
	cmp r5, #0x63
	ble _08005D84
	adds r0, r5, #0x0
	movs r1, #0x64
	bl sub_08017230
	adds r1, r0, #0x0
	lsls r1, r1, #0x18
	lsrs r1, r1, #0x18
	adds r0, r4, #0x0
	bl sub_08005870
	adds r4, #0x04
	adds r0, r5, #0x0
	movs r1, #0x0A
	bl sub_08017230
	movs r1, #0x0A
	bl sub_080172C8
	adds r1, r0, #0x0
	lsls r1, r1, #0x18
	lsrs r1, r1, #0x18
	adds r0, r4, #0x0
	bl sub_08005870
	adds r4, #0x04
	b _08005DA6
	.global _08005D7C
_08005D7C: .4byte 0x0806C780
	.global _08005D80
_08005D80: .4byte 0x08364B08
	.global _08005D84
_08005D84:
	cmp r5, #0x09
	ble _08005DBE
	adds r0, r5, #0x0
	movs r1, #0x0A
	bl sub_08017230
	movs r1, #0x0A
	bl sub_080172C8
	adds r1, r0, #0x0
	lsls r1, r1, #0x18
	lsrs r1, r1, #0x18
	adds r0, r4, #0x0
	bl sub_08005870
	adds r4, r6, #0x0
	adds r4, #0x0C
	.global _08005DA6
_08005DA6:
	adds r0, r5, #0x0
	movs r1, #0x0A
	bl sub_080172C8
	adds r1, r0, #0x0
	lsls r1, r1, #0x18
	lsrs r1, r1, #0x18
	adds r0, r4, #0x0
	bl sub_08005870
	adds r4, #0x04
	b _08005DD6
	.global _08005DBE
_08005DBE:
	adds r0, r5, #0x0
	movs r1, #0x0A
	bl sub_080172C8
	adds r1, r0, #0x0
	lsls r1, r1, #0x18
	lsrs r1, r1, #0x18
	adds r0, r4, #0x0
	bl sub_08005870
	adds r4, r6, #0x0
	adds r4, #0x0C
	.global _08005DD6
_08005DD6:
	adds r4, #0x40
	adds r0, r4, #0x0
	movs r1, #0x0B
	bl sub_080058CC
	adds r4, #0x02
	cmp r7, #0x63
	ble _08005DFE
	adds r0, r7, #0x0
	movs r1, #0x64
	bl sub_08017230
	adds r1, r0, #0x0
	lsls r1, r1, #0x18
	lsrs r1, r1, #0x18
	adds r0, r4, #0x0
	bl sub_080058CC
	adds r4, #0x02
	b _08005E02
	.global _08005DFE
_08005DFE:
	cmp r7, #0x09
	ble _08005E34
	.global _08005E02
_08005E02:
	adds r0, r7, #0x0
	movs r1, #0x0A
	bl sub_08017230
	movs r1, #0x0A
	bl sub_080172C8
	adds r1, r0, #0x0
	lsls r1, r1, #0x18
	lsrs r1, r1, #0x18
	adds r0, r4, #0x0
	bl sub_080058CC
	adds r4, #0x02
	adds r0, r7, #0x0
	movs r1, #0x0A
	bl sub_080172C8
	adds r1, r0, #0x0
	lsls r1, r1, #0x18
	lsrs r1, r1, #0x18
	adds r0, r4, #0x0
	bl sub_080058CC
	b _08005E48
	.global _08005E34
_08005E34:
	adds r0, r7, #0x0
	movs r1, #0x0A
	bl sub_080172C8
	adds r1, r0, #0x0
	lsls r1, r1, #0x18
	lsrs r1, r1, #0x18
	adds r0, r4, #0x0
	bl sub_080058CC
	.global _08005E48
_08005E48:
	pop {r4, r5, r6, r7}
	pop {r0}
	bx r0
	.byte 0x00, 0x00
	thumb_func_start sub_08005E50
sub_08005E50:
	push {r4, r5, r6, r7, lr}
	adds r4, r0, #0x0
	ldr r0, _08005E88 @ =0x0202EEB0
	ldrb r0, [r0, #0x00]
	cmp r0, #0x00
	bne _08005E5E
	b _08005FA2
	.global _08005E5E
_08005E5E:
	ldr r0, _08005E8C @ =0x08364B08
	ldr r0, [r0, #0x00]
	ldr r1, _08005E90 @ =0x000004A4
	adds r1, r1, r0
	mov r12, r1
	adds r0, r4, #0x0
	adds r0, #0x8C
	ldr r1, [r0, #0x00]
	ldr r0, _08005E94 @ =0x0007CFFF
	ldr r6, _08005E98 @ =0x020251F4
	cmp r1, r0
	ble _08005E80
	movs r0, #0x08
	ldrb r2, [r6, #0x00]
	ands r0, r2
	cmp r0, #0x00
	beq _08005EA8
	.global _08005E80
_08005E80:
	ldr r2, _08005E9C @ =0x08335A8C
	ldr r3, _08005EA0 @ =0x08334DCC
	ldr r5, _08005EA4 @ =0x000006C2
	b _08005EAE
	.global _08005E88
_08005E88: .4byte 0x0202EEB0
	.global _08005E8C
_08005E8C: .4byte 0x08364B08
	.global _08005E90
_08005E90: .4byte 0x000004A4
	.global _08005E94
_08005E94: .4byte 0x0007CFFF
	.global _08005E98
_08005E98: .4byte 0x020251F4
	.global _08005E9C
_08005E9C: .4byte 0x08335A8C
	.global _08005EA0
_08005EA0: .4byte 0x08334DCC
	.global _08005EA4
_08005EA4: .4byte 0x000006C2
	.global _08005EA8
_08005EA8:
	ldr r2, _08005EE4 @ =0x08335A8C
	ldr r3, _08005EE8 @ =0x08334DCC
	ldr r5, _08005EEC @ =0x000006BE
	.global _08005EAE
_08005EAE:
	adds r0, r3, r5
	ldrh r0, [r0, #0x00]
	lsls r1, r0, #0x01
	adds r1, r1, r2
	movs r7, #0xE0
	lsls r7, r7, #0x08
	adds r0, r7, #0x0
	ldrh r1, [r1, #0x00]
	orrs r0, r1
	mov r1, r12
	strh r0, [r1, #0x00]
	adds r5, r2, #0x0
	adds r0, r4, #0x0
	adds r0, #0x90
	ldr r1, [r0, #0x00]
	ldr r0, _08005EF0 @ =0x0007CFFF
	cmp r1, r0
	ble _08005EDC
	movs r0, #0x08
	ldrb r2, [r6, #0x00]
	ands r0, r2
	cmp r0, #0x00
	beq _08005EF8
	.global _08005EDC
_08005EDC:
	ldr r7, _08005EF4 @ =0x000006C4
	adds r0, r3, r7
	b _08005EFE
	.byte 0x00, 0x00
	.global _08005EE4
_08005EE4: .4byte 0x08335A8C
	.global _08005EE8
_08005EE8: .4byte 0x08334DCC
	.global _08005EEC
_08005EEC: .4byte 0x000006BE
	.global _08005EF0
_08005EF0: .4byte 0x0007CFFF
	.global _08005EF4
_08005EF4: .4byte 0x000006C4
	.global _08005EF8
_08005EF8:
	movs r1, #0xD8
	lsls r1, r1, #0x03
	adds r0, r3, r1
	.global _08005EFE
_08005EFE:
	ldrh r0, [r0, #0x00]
	lsls r1, r0, #0x01
	adds r1, r1, r5
	movs r2, #0xE0
	lsls r2, r2, #0x08
	adds r0, r2, #0x0
	ldrh r1, [r1, #0x00]
	orrs r0, r1
	mov r7, r12
	strh r0, [r7, #0x02]
	adds r0, r4, #0x0
	adds r0, #0x94
	ldr r1, [r0, #0x00]
	ldr r0, _08005F34 @ =0x0007CFFF
	cmp r1, r0
	ble _08005F28
	movs r0, #0x08
	ldrb r1, [r6, #0x00]
	ands r0, r1
	cmp r0, #0x00
	beq _08005F3C
	.global _08005F28
_08005F28:
	mov r2, r12
	adds r2, #0x40
	ldr r7, _08005F38 @ =0x0000074A
	adds r0, r3, r7
	b _08005F44
	.byte 0x00, 0x00
	.global _08005F34
_08005F34: .4byte 0x0007CFFF
	.global _08005F38
_08005F38: .4byte 0x0000074A
	.global _08005F3C
_08005F3C:
	mov r2, r12
	adds r2, #0x40
	ldr r1, _08005F74 @ =0x00000746
	adds r0, r3, r1
	.global _08005F44
_08005F44:
	ldrh r0, [r0, #0x00]
	lsls r1, r0, #0x01
	adds r1, r1, r5
	movs r7, #0xE0
	lsls r7, r7, #0x08
	adds r0, r7, #0x0
	ldrh r1, [r1, #0x00]
	orrs r0, r1
	strh r0, [r2, #0x00]
	adds r0, r4, #0x0
	adds r0, #0x98
	ldr r1, [r0, #0x00]
	ldr r0, _08005F78 @ =0x0007CFFF
	cmp r1, r0
	ble _08005F6C
	movs r0, #0x08
	ldrb r1, [r6, #0x00]
	ands r0, r1
	cmp r0, #0x00
	beq _08005F80
	.global _08005F6C
_08005F6C:
	mov r2, r12
	adds r2, #0x42
	ldr r7, _08005F7C @ =0x0000074C
	b _08005F88
	.global _08005F74
_08005F74: .4byte 0x00000746
	.global _08005F78
_08005F78: .4byte 0x0007CFFF
	.global _08005F7C
_08005F7C: .4byte 0x0000074C
	.global _08005F80
_08005F80:
	mov r2, r12
	adds r2, #0x42
	movs r7, #0xE9
	lsls r7, r7, #0x03
	.global _08005F88
_08005F88:
	adds r0, r3, r7
	ldrh r0, [r0, #0x00]
	lsls r1, r0, #0x01
	adds r1, r1, r5
	movs r3, #0xE0
	lsls r3, r3, #0x08
	adds r0, r3, #0x0
	ldrh r1, [r1, #0x00]
	orrs r0, r1
	strh r0, [r2, #0x00]
	ldrb r0, [r6, #0x00]
	adds r0, #0x01
	strb r0, [r6, #0x00]
	.global _08005FA2
_08005FA2:
	pop {r4, r5, r6, r7}
	pop {r0}
	bx r0
	.byte 0x30, 0xB5, 0xFF, 0xF7, 0xA5, 0xFB, 0x19, 0x48, 0x04, 0x68, 0x89, 0x20, 0xC0, 0x00, 0x25, 0x18
	.byte 0x17, 0x48, 0x01, 0x88, 0x17, 0x48, 0x02, 0x88, 0x17, 0x48, 0x03, 0x88, 0x28, 0x1C, 0xFF, 0xF7
	.byte 0xB7, 0xF9, 0x91, 0x20, 0xC0, 0x00, 0x25, 0x18, 0x14, 0x48, 0x00, 0x78, 0x00, 0x28, 0x0E, 0xD0
	.byte 0x13, 0x48, 0x14, 0x49, 0x09, 0x78, 0x4B, 0x00, 0x18, 0x18, 0x01, 0x88, 0x12, 0x48, 0x18, 0x18
	.byte 0x02, 0x88, 0x12, 0x48, 0x1B, 0x18, 0x1B, 0x88, 0x28, 0x1C, 0xFF, 0xF7, 0xA1, 0xF9, 0x10, 0x48
	.byte 0x00, 0x78, 0x00, 0x28, 0x22, 0xD0, 0x0F, 0x48, 0x01, 0x78, 0x48, 0x00, 0x40, 0x18, 0xC0, 0x00
	.byte 0x40, 0x18, 0x00, 0x01, 0x0C, 0x49, 0x44, 0x18, 0x19, 0xE0, 0x00, 0x00, 0x08, 0x4B, 0x36, 0x08
	.byte 0x18, 0x52, 0x02, 0x02, 0xFC, 0x51, 0x02, 0x02, 0xCC, 0x53, 0x02, 0x02, 0x30, 0xF0, 0x02, 0x02
	.byte 0x80, 0x53, 0x02, 0x02, 0xCC, 0x20, 0x00, 0x02, 0x00, 0x52, 0x02, 0x02, 0xA0, 0x53, 0x02, 0x02
	.byte 0xDC, 0x20, 0x00, 0x02, 0x90, 0xEF, 0x02, 0x02, 0x50, 0xA5, 0x02, 0x02, 0x11, 0x4C, 0xE0, 0x6A
	.byte 0x40, 0x42, 0x41, 0x13, 0x48, 0x00, 0x40, 0x18, 0xC1, 0x0F, 0x40, 0x18, 0x41, 0x10, 0x00, 0x29
	.byte 0x00, 0xDA, 0x00, 0x21, 0x08, 0x1C, 0xFF, 0xF7, 0xE5, 0xFC, 0x20, 0x1C, 0x9C, 0x30, 0x00, 0x68
	.byte 0x00, 0x02, 0xFF, 0xF7, 0x41, 0xFD, 0x20, 0x1C, 0xFF, 0xF7, 0xEE, 0xFE, 0x20, 0x1C, 0xFF, 0xF7
	.byte 0x13, 0xFD, 0x20, 0x1C, 0xFF, 0xF7, 0x36, 0xFD, 0x20, 0x1C, 0xFE, 0xF7, 0x7D, 0xFC, 0x30, 0xBC
	.byte 0x01, 0xBC, 0x00, 0x47, 0x50, 0xA5, 0x02, 0x02, 0x70, 0x47, 0x00, 0x00, 0x70, 0xB5, 0x07, 0x48
	.byte 0x00, 0x78, 0x00, 0x28, 0x10, 0xD0, 0x06, 0x48, 0x01, 0x78, 0x48, 0x00, 0x40, 0x18, 0xC0, 0x00
	.byte 0x40, 0x18, 0x00, 0x01, 0x03, 0x49, 0x45, 0x18, 0x07, 0xE0, 0x00, 0x00, 0xDC, 0x20, 0x00, 0x02
	.byte 0x90, 0xEF, 0x02, 0x02, 0x50, 0xA5, 0x02, 0x02, 0x2E, 0x4D, 0xFF, 0xF7, 0x19, 0xFB, 0x2E, 0x4E
	.byte 0x30, 0x68, 0x2E, 0x49, 0x44, 0x18, 0x2E, 0x48, 0x01, 0x88, 0x2E, 0x48, 0x02, 0x88, 0x2E, 0x48
	.byte 0x03, 0x88, 0x20, 0x1C, 0xFF, 0xF7, 0x2C, 0xF9, 0x2C, 0x48, 0x00, 0x78, 0x0E, 0x28, 0x01, 0xD0
	.byte 0x02, 0x28, 0x15, 0xD1, 0x30, 0x68, 0x2A, 0x49, 0x44, 0x18, 0x2A, 0x48, 0x00, 0x78, 0x00, 0x28
	.byte 0x0E, 0xD0, 0x29, 0x48, 0x29, 0x49, 0x09, 0x78, 0x4B, 0x00, 0x18, 0x18, 0x01, 0x88, 0x28, 0x48
	.byte 0x18, 0x18, 0x02, 0x88, 0x27, 0x48, 0x1B, 0x18, 0x1B, 0x88, 0x20, 0x1C, 0xFF, 0xF7, 0x10, 0xF9
	.byte 0xE8, 0x6A, 0x40, 0x42, 0x41, 0x13, 0x48, 0x00, 0x40, 0x18, 0xC1, 0x0F, 0x40, 0x18, 0x41, 0x10
	.byte 0x00, 0x29, 0x00, 0xDA, 0x00, 0x21, 0x08, 0x1C, 0xFF, 0xF7, 0x7C, 0xFC, 0x17, 0x4C, 0x20, 0x78
	.byte 0x02, 0x28, 0x4F, 0xD0, 0x0E, 0x28, 0x4D, 0xD0, 0xA8, 0x21, 0x49, 0x00, 0x68, 0x18, 0x00, 0x78
	.byte 0x01, 0x30, 0xFF, 0xF7, 0x65, 0xFD, 0xC7, 0x21, 0x49, 0x00, 0x68, 0x18, 0x00, 0x78, 0x00, 0x28
	.byte 0x05, 0xD1, 0x20, 0x78, 0x03, 0x38, 0x00, 0x06, 0x00, 0x0E, 0x01, 0x28, 0x26, 0xD8, 0x28, 0x1C
	.byte 0x4C, 0x30, 0x00, 0x78, 0x00, 0x06, 0x00, 0x16, 0x01, 0x30, 0x0F, 0x49, 0x09, 0x78, 0xFF, 0xF7
	.byte 0xC3, 0xFD, 0x20, 0xE0, 0x50, 0xA5, 0x02, 0x02, 0x08, 0x4B, 0x36, 0x08, 0xC6, 0x04, 0x00, 0x00
	.byte 0x18, 0x52, 0x02, 0x02, 0xFC, 0x51, 0x02, 0x02, 0xCC, 0x53, 0x02, 0x02, 0x5C, 0x21, 0x00, 0x02
	.byte 0x86, 0x04, 0x00, 0x00, 0x30, 0xF0, 0x02, 0x02, 0x80, 0x53, 0x02, 0x02, 0xCC, 0x20, 0x00, 0x02
	.byte 0x00, 0x52, 0x02, 0x02, 0xA0, 0x53, 0x02, 0x02, 0x84, 0x21, 0x00, 0x02, 0x0C, 0x48, 0x0D, 0x49
	.byte 0x09, 0x78, 0xFF, 0xF7, 0xA1, 0xFD, 0x28, 0x1C, 0x9C, 0x30, 0x00, 0x68, 0x00, 0x02, 0xFF, 0xF7
	.byte 0x93, 0xFC, 0x28, 0x1C, 0xFF, 0xF7, 0x40, 0xFE, 0x28, 0x1C, 0xFF, 0xF7, 0x65, 0xFC, 0x28, 0x1C
	.byte 0xFF, 0xF7, 0x88, 0xFC, 0x28, 0x1C, 0xFE, 0xF7, 0xCF, 0xFB, 0x70, 0xBC, 0x01, 0xBC, 0x00, 0x47
	.byte 0xE7, 0x03, 0x00, 0x00, 0x84, 0x21, 0x00, 0x02
	thumb_func_start sub_080061F0
sub_080061F0:
	ldr r0, _0800620C @ =0x08364B08
	ldr r0, [r0, #0x00]
	movs r1, #0x00
	ldr r2, _08006210 @ =0x0000E047
	adds r3, r2, #0x0
	movs r2, #0xE0
	lsls r2, r2, #0x02
	.global _080061FE
_080061FE:
	strh r3, [r0, #0x00]
	adds r0, #0x02
	adds r1, #0x01
	cmp r1, r2
	bne _080061FE
	bx lr
	.byte 0x00, 0x00
	.global _0800620C
_0800620C: .4byte 0x08364B08
	.global _08006210
_08006210: .4byte 0x0000E047
	thumb_func_start sub_08006214
sub_08006214:
	push {r4, r5, r6, r7, lr}
	mov r7, r8
	push {r7}
	ldr r1, _080062AC @ =0x08364B08
	ldr r0, [r1, #0x00]
	movs r3, #0xEA
	lsls r3, r3, #0x02
	adds r2, r0, r3
	movs r0, #0x00
	mov r12, r1
	ldr r1, _080062B0 @ =0x0202EEB0
	mov r8, r1
	ldr r7, _080062B4 @ =0x08335A8C
	ldr r6, _080062B8 @ =0x08334DCC
	movs r3, #0xE0
	lsls r3, r3, #0x08
	adds r5, r3, #0x0
	.global _08006236
_08006236:
	movs r3, #0x00
	adds r1, r0, #0x0
	adds r1, #0x08
	adds r4, r0, #0x1
	lsls r0, r1, #0x04
	adds r0, r0, r1
	lsls r1, r0, #0x02
	.global _08006244
_08006244:
	adds r0, r1, r3
	adds r0, #0x33
	lsls r0, r0, #0x01
	adds r0, r0, r6
	ldrh r0, [r0, #0x00]
	lsls r0, r0, #0x01
	adds r0, r0, r7
	ldrh r0, [r0, #0x00]
	orrs r0, r5
	strh r0, [r2, #0x00]
	adds r2, #0x02
	adds r0, r3, #0x1
	lsls r0, r0, #0x18
	lsrs r3, r0, #0x18
	cmp r3, #0x0A
	bne _08006244
	adds r2, #0x2C
	lsls r0, r4, #0x18
	lsrs r0, r0, #0x18
	cmp r0, #0x06
	bne _08006236
	mov r1, r12
	ldr r0, [r1, #0x00]
	movs r3, #0xEA
	lsls r3, r3, #0x02
	adds r2, r0, r3
	mov r1, r8
	ldrb r0, [r1, #0x00]
	cmp r0, #0x00
	bne _080062A0
	movs r0, #0x00
	movs r1, #0x47
	.global _08006284
_08006284:
	movs r3, #0x00
	adds r4, r0, #0x1
	.global _08006288
_08006288:
	strh r1, [r2, #0x00]
	adds r2, #0x02
	adds r0, r3, #0x1
	lsls r0, r0, #0x18
	lsrs r3, r0, #0x18
	cmp r3, #0x04
	bne _08006288
	adds r2, #0x38
	lsls r0, r4, #0x18
	lsrs r0, r0, #0x18
	cmp r0, #0x06
	bne _08006284
	.global _080062A0
_080062A0:
	pop {r3}
	mov r8, r3
	pop {r4, r5, r6, r7}
	pop {r0}
	bx r0
	.byte 0x00, 0x00
	.global _080062AC
_080062AC: .4byte 0x08364B08
	.global _080062B0
_080062B0: .4byte 0x0202EEB0
	.global _080062B4
_080062B4: .4byte 0x08335A8C
	.global _080062B8
_080062B8: .4byte 0x08334DCC
	thumb_func_start sub_080062BC
sub_080062BC:
	push {r4, r5, r6, lr}
	mov r6, r8
	push {r6}
	ldr r0, _08006374 @ =0x020020E0
	ldrb r0, [r0, #0x00]
	cmp r0, #0x00
	bne _0800636A
	bl sub_080078E4
	adds r1, r0, #0x0
	cmp r1, #0x00
	beq _080062DE
	ldr r0, _08006378 @ =0x08006095
	str r0, [r1, #0x0C]
	adds r0, r1, #0x0
	bl sub_0800793C
	.global _080062DE
_080062DE:
	bl sub_08006214
	ldr r0, _0800637C @ =0x0806C784
	movs r1, #0x00
	movs r2, #0x13
	bl sub_0800649C
	ldr r4, _08006380 @ =0x08331FC8
	ldr r5, _08006384 @ =0x06016280
	adds r0, r4, #0x0
	adds r1, r5, #0x0
	movs r2, #0xC0
	bl sub_08016E10
	movs r0, #0xC0
	lsls r0, r0, #0x01
	mov r8, r0
	add r4, r8
	movs r6, #0x80
	lsls r6, r6, #0x03
	adds r5, r5, r6
	adds r0, r4, #0x0
	adds r1, r5, #0x0
	movs r2, #0xC0
	bl sub_08016E10
	add r4, r8
	adds r5, r5, r6
	adds r0, r4, #0x0
	adds r1, r5, #0x0
	movs r2, #0xC0
	bl sub_08016E10
	add r4, r8
	adds r5, r5, r6
	adds r0, r4, #0x0
	adds r1, r5, #0x0
	movs r2, #0xC0
	bl sub_08016E10
	add r4, r8
	adds r5, r5, r6
	adds r0, r4, #0x0
	adds r1, r5, #0x0
	movs r2, #0xC0
	bl sub_08016E10
	add r4, r8
	adds r5, r5, r6
	adds r0, r4, #0x0
	adds r1, r5, #0x0
	movs r2, #0xC0
	bl sub_08016E10
	add r4, r8
	adds r5, r5, r6
	adds r0, r4, #0x0
	adds r1, r5, #0x0
	movs r2, #0xC0
	bl sub_08016E10
	add r4, r8
	adds r5, r5, r6
	adds r0, r4, #0x0
	adds r1, r5, #0x0
	movs r2, #0xC0
	bl sub_08016E10
	bl sub_080055B0
	.global _0800636A
_0800636A:
	pop {r3}
	mov r8, r3
	pop {r4, r5, r6}
	pop {r0}
	bx r0
	.global _08006374
_08006374: .4byte 0x020020E0
	.global _08006378
_08006378: .4byte 0x08006095
	.global _0800637C
_0800637C: .4byte 0x0806C784
	.global _08006380
_08006380: .4byte 0x08331FC8
	.global _08006384
_08006384: .4byte 0x06016280
	thumb_func_start sub_08006388
sub_08006388:
	push {lr}
	bl sub_080062BC
	ldr r0, _080063A4 @ =0x0202F030
	ldrb r0, [r0, #0x00]
	cmp r0, #0x00
	beq _080063A0
	ldr r0, _080063A8 @ =0x0806C78C
	movs r1, #0x00
	movs r2, #0x12
	bl sub_0800649C
	.global _080063A0
_080063A0:
	pop {r0}
	bx r0
	.global _080063A4
_080063A4: .4byte 0x0202F030
	.global _080063A8
_080063A8: .4byte 0x0806C78C
	.byte 0x70, 0x47, 0x00, 0x00
	thumb_func_start sub_080063B0
sub_080063B0:
	push {lr}
	bl sub_080061F0
	pop {r0}
	bx r0
	.byte 0x00, 0x00
	thumb_func_start sub_080063BC
sub_080063BC:
	push {r4, r5, r6, lr}
	adds r5, r0, #0x0
	lsls r3, r3, #0x18
	ldr r0, _0800640C @ =0x08364B08
	ldr r4, [r0, #0x00]
	lsls r2, r2, #0x05
	adds r2, r2, r1
	lsls r2, r2, #0x01
	adds r4, r4, r2
	movs r2, #0xE0
	lsls r2, r2, #0x08
	cmp r3, #0x00
	beq _080063DA
	movs r2, #0xF0
	lsls r2, r2, #0x08
	.global _080063DA
_080063DA:
	ldrb r0, [r5, #0x00]
	adds r5, #0x01
	cmp r0, #0x00
	beq _08006406
	ldr r6, _08006410 @ =0x08332DC8
	ldr r3, _08006414 @ =0x08333208
	.global _080063E6
_080063E6:
	subs r0, #0x20
	lsls r0, r0, #0x18
	lsrs r0, r0, #0x17
	adds r0, r0, r6
	ldrh r0, [r0, #0x00]
	lsls r1, r0, #0x01
	adds r1, r1, r3
	adds r0, r2, #0x0
	ldrh r1, [r1, #0x00]
	orrs r0, r1
	strh r0, [r4, #0x00]
	adds r4, #0x02
	ldrb r0, [r5, #0x00]
	adds r5, #0x01
	cmp r0, #0x00
	bne _080063E6
	.global _08006406
_08006406:
	pop {r4, r5, r6}
	pop {r0}
	bx r0
	.global _0800640C
_0800640C: .4byte 0x08364B08
	.global _08006410
_08006410: .4byte 0x08332DC8
	.global _08006414
_08006414: .4byte 0x08333208
	thumb_func_start sub_08006418
sub_08006418:
	push {r4, r5, r6, lr}
	adds r3, r0, #0x0
	adds r4, r1, #0x0
	adds r1, r3, #0x0
	movs r2, #0x00
	ldrb r0, [r3, #0x00]
	ldr r5, _0800647C @ =0x08364B08
	cmp r0, #0x00
	beq _08006438
	.global _0800642A
_0800642A:
	adds r1, #0x01
	adds r0, r2, #0x1
	lsls r0, r0, #0x18
	lsrs r2, r0, #0x18
	ldrb r0, [r1, #0x00]
	cmp r0, #0x00
	bne _0800642A
	.global _08006438
_08006438:
	movs r0, #0x1E
	subs r0, r0, r2
	lsrs r1, r0, #0x1F
	adds r0, r0, r1
	asrs r0, r0, #0x01
	lsls r0, r0, #0x18
	lsrs r0, r0, #0x18
	ldr r2, [r5, #0x00]
	lsls r1, r4, #0x05
	adds r1, r1, r0
	lsls r1, r1, #0x01
	adds r2, r2, r1
	movs r6, #0xE0
	lsls r6, r6, #0x08
	ldrb r0, [r3, #0x00]
	adds r3, #0x01
	cmp r0, #0x00
	beq _08006496
	ldr r5, _08006480 @ =0x08335A8C
	ldr r4, _08006484 @ =0x0833553C
	.global _08006460
_08006460:
	cmp r0, #0x20
	beq _08006488
	subs r0, #0x21
	lsls r0, r0, #0x18
	lsrs r0, r0, #0x17
	adds r0, r0, r4
	ldrh r0, [r0, #0x00]
	lsls r1, r0, #0x01
	adds r1, r1, r5
	adds r0, r6, #0x0
	ldrh r1, [r1, #0x00]
	orrs r0, r1
	b _0800648A
	.byte 0x00, 0x00
	.global _0800647C
_0800647C: .4byte 0x08364B08
	.global _08006480
_08006480: .4byte 0x08335A8C
	.global _08006484
_08006484: .4byte 0x0833553C
	.global _08006488
_08006488:
	movs r0, #0x47
	.global _0800648A
_0800648A:
	strh r0, [r2, #0x00]
	adds r2, #0x02
	ldrb r0, [r3, #0x00]
	adds r3, #0x01
	cmp r0, #0x00
	bne _08006460
	.global _08006496
_08006496:
	pop {r4, r5, r6}
	pop {r0}
	bx r0
	thumb_func_start sub_0800649C
sub_0800649C:
	push {r4, r5, r6, lr}
	adds r4, r0, #0x0
	ldr r0, _080064D8 @ =0x08364B08
	ldr r3, [r0, #0x00]
	lsls r2, r2, #0x05
	adds r2, r2, r1
	lsls r2, r2, #0x01
	adds r3, r3, r2
	movs r6, #0xE0
	lsls r6, r6, #0x08
	ldrb r0, [r4, #0x00]
	adds r4, #0x01
	cmp r0, #0x00
	beq _080064F2
	ldr r5, _080064DC @ =0x08335A8C
	ldr r2, _080064E0 @ =0x0833553C
	.global _080064BC
_080064BC:
	cmp r0, #0x20
	beq _080064E4
	subs r0, #0x21
	lsls r0, r0, #0x18
	lsrs r0, r0, #0x17
	adds r0, r0, r2
	ldrh r0, [r0, #0x00]
	lsls r1, r0, #0x01
	adds r1, r1, r5
	adds r0, r6, #0x0
	ldrh r1, [r1, #0x00]
	orrs r0, r1
	b _080064E6
	.byte 0x00, 0x00
	.global _080064D8
_080064D8: .4byte 0x08364B08
	.global _080064DC
_080064DC: .4byte 0x08335A8C
	.global _080064E0
_080064E0: .4byte 0x0833553C
	.global _080064E4
_080064E4:
	movs r0, #0x47
	.global _080064E6
_080064E6:
	strh r0, [r3, #0x00]
	adds r3, #0x02
	ldrb r0, [r4, #0x00]
	adds r4, #0x01
	cmp r0, #0x00
	bne _080064BC
	.global _080064F2
_080064F2:
	pop {r4, r5, r6}
	pop {r0}
	bx r0
	thumb_func_start sub_080064F8
sub_080064F8:
	push {r4, r5, r6, r7, lr}
	adds r4, r0, #0x0
	lsls r3, r3, #0x18
	ldr r0, _0800659C @ =0x08364B08
	lsls r2, r2, #0x05
	adds r2, r2, r1
	lsls r2, r2, #0x01
	ldr r0, [r0, #0x00]
	adds r0, r0, r2
	mov r12, r0
	movs r6, #0xE0
	lsls r6, r6, #0x08
	cmp r3, #0x00
	beq _08006518
	movs r6, #0xF0
	lsls r6, r6, #0x08
	.global _08006518
_08006518:
	ldrb r1, [r4, #0x00]
	adds r4, #0x01
	cmp r1, #0x00
	beq _08006596
	ldr r5, _080065A0 @ =0x08333208
	ldr r7, _080065A4 @ =0x08332DC8
	.global _08006524
_08006524:
	subs r1, #0x20
	lsls r1, r1, #0x18
	lsrs r2, r1, #0x1D
	lsls r2, r2, #0x16
	movs r0, #0xC0
	lsls r0, r0, #0x0F
	adds r2, r2, r0
	lsrs r2, r2, #0x10
	movs r0, #0xF8
	lsls r0, r0, #0x15
	ands r0, r1
	lsrs r0, r0, #0x18
	adds r2, r2, r0
	lsls r2, r2, #0x10
	lsrs r2, r2, #0x0F
	adds r2, r2, r7
	ldrh r0, [r2, #0x00]
	lsls r1, r0, #0x01
	adds r1, r1, r5
	adds r0, r6, #0x0
	ldrh r1, [r1, #0x00]
	orrs r0, r1
	mov r1, r12
	strh r0, [r1, #0x00]
	ldrh r0, [r2, #0x02]
	lsls r1, r0, #0x01
	adds r1, r1, r5
	adds r0, r6, #0x0
	ldrh r1, [r1, #0x00]
	orrs r0, r1
	mov r1, r12
	strh r0, [r1, #0x02]
	adds r0, r2, #0x0
	adds r0, #0x40
	ldrh r0, [r0, #0x00]
	lsls r0, r0, #0x01
	adds r0, r0, r5
	adds r1, r6, #0x0
	ldrh r0, [r0, #0x00]
	orrs r1, r0
	mov r3, r12
	adds r3, #0x40
	strh r1, [r3, #0x00]
	adds r2, #0x42
	ldrh r2, [r2, #0x00]
	lsls r1, r2, #0x01
	adds r1, r1, r5
	adds r0, r6, #0x0
	ldrh r1, [r1, #0x00]
	orrs r0, r1
	strh r0, [r3, #0x02]
	movs r0, #0x02
	add r12, r0
	ldrb r1, [r4, #0x00]
	adds r4, #0x01
	cmp r1, #0x00
	bne _08006524
	.global _08006596
_08006596:
	pop {r4, r5, r6, r7}
	pop {r0}
	bx r0
	.global _0800659C
_0800659C: .4byte 0x08364B08
	.global _080065A0
_080065A0: .4byte 0x08333208
	.global _080065A4
_080065A4: .4byte 0x08332DC8
	thumb_func_start sub_080065A8
sub_080065A8:
	push {r4, r5, r6, r7, lr}
	mov r7, r10
	mov r6, r9
	mov r5, r8
	push {r5, r6, r7}
	adds r4, r0, #0x0
	ldr r0, _08006724 @ =0x08364B08
	ldr r0, [r0, #0x00]
	adds r0, #0x40
	mov r12, r0
	movs r6, #0xF0
	lsls r6, r6, #0x08
	movs r5, #0x00
	adds r1, r4, #0x0
	movs r2, #0x00
	ldrb r0, [r4, #0x00]
	cmp r0, #0x00
	beq _080065D6
	.global _080065CC
_080065CC:
	adds r1, #0x01
	adds r2, #0x01
	ldrb r0, [r1, #0x00]
	cmp r0, #0x00
	bne _080065CC
	.global _080065D6
_080065D6:
	movs r0, #0x1E
	subs r0, r0, r2
	lsrs r1, r0, #0x1F
	adds r0, r0, r1
	asrs r0, r0, #0x01
	adds r1, r4, #0x1
	mov r9, r1
	cmp r5, r0
	bge _0800664A
	ldr r7, _08006728 @ =0x08333208
	mov r8, r0
	ldr r2, _0800672C @ =0x08332DC8
	mov r10, r2
	.global _080065F0
_080065F0:
	ldr r1, _08006730 @ =0x08365340
	ldr r0, [r1, #0x00]
	ldrb r1, [r0, #0x00]
	subs r1, #0x20
	lsls r1, r1, #0x18
	lsrs r0, r1, #0x1D
	lsls r0, r0, #0x16
	movs r2, #0xC0
	lsls r2, r2, #0x0F
	adds r0, r0, r2
	lsrs r2, r0, #0x10
	movs r0, #0xF8
	lsls r0, r0, #0x15
	ands r0, r1
	lsrs r0, r0, #0x18
	adds r0, r2, r0
	lsls r0, r0, #0x01
	mov r1, r10
	adds r3, r0, r1
	ldrh r2, [r3, #0x00]
	lsls r1, r2, #0x01
	adds r1, r1, r7
	adds r0, r6, #0x0
	ldrh r1, [r1, #0x00]
	orrs r0, r1
	mov r1, r12
	strh r0, [r1, #0x00]
	mov r2, r12
	adds r2, #0x40
	adds r0, r3, #0x0
	adds r0, #0x40
	ldrh r0, [r0, #0x00]
	lsls r1, r0, #0x01
	adds r1, r1, r7
	adds r0, r6, #0x0
	ldrh r1, [r1, #0x00]
	orrs r0, r1
	strh r0, [r2, #0x00]
	adds r0, r5, #0x1
	lsls r0, r0, #0x18
	lsrs r5, r0, #0x18
	movs r2, #0x02
	add r12, r2
	cmp r5, r8
	blt _080065F0
	.global _0800664A
_0800664A:
	ldrb r1, [r4, #0x00]
	mov r4, r9
	cmp r1, #0x00
	beq _080066B0
	ldr r7, _08006728 @ =0x08333208
	ldr r0, _0800672C @ =0x08332DC8
	mov r8, r0
	.global _08006658
_08006658:
	subs r1, #0x20
	lsls r1, r1, #0x18
	lsrs r0, r1, #0x1D
	lsls r0, r0, #0x16
	movs r2, #0xC0
	lsls r2, r2, #0x0F
	adds r0, r0, r2
	lsrs r2, r0, #0x10
	movs r0, #0xF8
	lsls r0, r0, #0x15
	ands r0, r1
	lsrs r0, r0, #0x18
	adds r0, r2, r0
	lsls r0, r0, #0x01
	mov r1, r8
	adds r3, r0, r1
	ldrh r2, [r3, #0x00]
	lsls r1, r2, #0x01
	adds r1, r1, r7
	adds r0, r6, #0x0
	ldrh r1, [r1, #0x00]
	orrs r0, r1
	mov r1, r12
	strh r0, [r1, #0x00]
	mov r2, r12
	adds r2, #0x40
	adds r0, r3, #0x0
	adds r0, #0x40
	ldrh r0, [r0, #0x00]
	lsls r1, r0, #0x01
	adds r1, r1, r7
	adds r0, r6, #0x0
	ldrh r1, [r1, #0x00]
	orrs r0, r1
	strh r0, [r2, #0x00]
	movs r2, #0x02
	add r12, r2
	adds r0, r5, #0x1
	lsls r0, r0, #0x18
	lsrs r5, r0, #0x18
	ldrb r1, [r4, #0x00]
	adds r4, #0x01
	cmp r1, #0x00
	bne _08006658
	.global _080066B0
_080066B0:
	cmp r5, #0x1F
	bhi _08006714
	ldr r4, _08006728 @ =0x08333208
	ldr r0, _08006730 @ =0x08365340
	mov r8, r0
	ldr r7, _0800672C @ =0x08332DC8
	.global _080066BC
_080066BC:
	mov r1, r8
	ldr r0, [r1, #0x00]
	ldrb r1, [r0, #0x00]
	subs r1, #0x20
	lsls r1, r1, #0x18
	lsrs r0, r1, #0x1D
	lsls r0, r0, #0x16
	movs r2, #0xC0
	lsls r2, r2, #0x0F
	adds r0, r0, r2
	lsrs r2, r0, #0x10
	movs r0, #0xF8
	lsls r0, r0, #0x15
	ands r0, r1
	lsrs r0, r0, #0x18
	adds r0, r2, r0
	lsls r0, r0, #0x01
	adds r3, r0, r7
	ldrh r0, [r3, #0x00]
	lsls r1, r0, #0x01
	adds r1, r1, r4
	adds r0, r6, #0x0
	ldrh r1, [r1, #0x00]
	orrs r0, r1
	mov r1, r12
	strh r0, [r1, #0x00]
	mov r2, r12
	adds r2, #0x40
	adds r0, r3, #0x0
	adds r0, #0x40
	ldrh r0, [r0, #0x00]
	lsls r1, r0, #0x01
	adds r1, r1, r4
	adds r0, r6, #0x0
	ldrh r1, [r1, #0x00]
	orrs r0, r1
	strh r0, [r2, #0x00]
	adds r0, r5, #0x1
	lsls r0, r0, #0x18
	lsrs r5, r0, #0x18
	movs r2, #0x02
	add r12, r2
	cmp r5, #0x1F
	bls _080066BC
	.global _08006714
_08006714:
	pop {r3, r4, r5}
	mov r8, r3
	mov r9, r4
	mov r10, r5
	pop {r4, r5, r6, r7}
	pop {r0}
	bx r0
	.byte 0x00, 0x00
	.global _08006724
_08006724: .4byte 0x08364B08
	.global _08006728
_08006728: .4byte 0x08333208
	.global _0800672C
_0800672C: .4byte 0x08332DC8
	.global _08006730
_08006730: .4byte 0x08365340
