@ Generated with Luvdis v0.9.0
.syntax unified
.text
@ Begin embedded Luvdis macros
	.macro arm_func_start name
	.align 2, 0
	.global \name
	.arm
	.type \name, %function
	.endm

	.macro arm_func_end name
	.size \name, .-\name
	.endm

	.macro thumb_func_start name
	.align 2, 0
	.global \name
	.thumb
	.thumb_func
	.type \name, %function
	.endm

	.macro non_word_aligned_thumb_func_start name
	.global \name
	.thumb
	.thumb_func
	.type \name, %function
	.endm

	.macro thumb_func_end name
	.size \name, .-\name
	.endm
@ End embedded Luvdis macros
	.byte 0x00, 0x47, 0xC0, 0x46
	.global _08344B80
_08344B80:
	.byte 0x08, 0x47, 0xC0, 0x46, 0x10, 0x47, 0xC0, 0x46, 0x18, 0x47, 0xC0, 0x46, 0x20, 0x47, 0xC0, 0x46
	.byte 0x28, 0x47, 0xC0, 0x46, 0x30, 0x47, 0xC0, 0x46, 0x38, 0x47, 0xC0, 0x46, 0x40, 0x47, 0xC0, 0x46
	.byte 0x48, 0x47, 0xC0, 0x46, 0x50, 0x47, 0xC0, 0x46, 0x58, 0x47, 0xC0, 0x46, 0x60, 0x47, 0xC0, 0x46
	.byte 0x68, 0x47, 0xC0, 0x46, 0x70, 0x47, 0xC0, 0x46
	thumb_func_start sub_08344BB8
sub_08344BB8:
	cmp r1, #0x00
	beq _08344C40
	push {r4}
	adds r4, r0, #0x0
	eors r4, r1
	mov r12, r4
	movs r3, #0x01
	movs r2, #0x00
	cmp r1, #0x00
	bpl _08344BCE
	negs r1, r1
	.global _08344BCE
_08344BCE:
	cmp r0, #0x00
	bpl _08344BD4
	negs r0, r0
	.global _08344BD4
_08344BD4:
	cmp r0, r1
	bcc _08344C32
	movs r4, #0x01
	lsls r4, r4, #0x1C
	.global _08344BDC
_08344BDC:
	cmp r1, r4
	bcs _08344BEA
	cmp r1, r0
	bcs _08344BEA
	lsls r1, r1, #0x04
	lsls r3, r3, #0x04
	b _08344BDC
	.global _08344BEA
_08344BEA:
	lsls r4, r4, #0x03
	.global _08344BEC
_08344BEC:
	cmp r1, r4
	bcs _08344BFA
	cmp r1, r0
	bcs _08344BFA
	lsls r1, r1, #0x01
	lsls r3, r3, #0x01
	b _08344BEC
	.global _08344BFA
_08344BFA:
	cmp r0, r1
	bcc _08344C02
	subs r0, r0, r1
	orrs r2, r3
	.global _08344C02
_08344C02:
	lsrs r4, r1, #0x01
	cmp r0, r4
	bcc _08344C0E
	subs r0, r0, r4
	lsrs r4, r3, #0x01
	orrs r2, r4
	.global _08344C0E
_08344C0E:
	lsrs r4, r1, #0x02
	cmp r0, r4
	bcc _08344C1A
	subs r0, r0, r4
	lsrs r4, r3, #0x02
	orrs r2, r4
	.global _08344C1A
_08344C1A:
	lsrs r4, r1, #0x03
	cmp r0, r4
	bcc _08344C26
	subs r0, r0, r4
	lsrs r4, r3, #0x03
	orrs r2, r4
	.global _08344C26
_08344C26:
	cmp r0, #0x00
	beq _08344C32
	lsrs r3, r3, #0x04
	beq _08344C32
	lsrs r1, r1, #0x04
	b _08344BFA
	.global _08344C32
_08344C32:
	adds r0, r2, #0x0
	mov r4, r12
	cmp r4, #0x00
	bpl _08344C3C
	negs r0, r0
	.global _08344C3C
_08344C3C:
	pop {r4}
	mov pc, lr
	.global _08344C40
_08344C40:
	push {lr}
	bl sub_08344C4C
	movs r0, #0x00
	pop {pc}
	.byte 0x00, 0x00
	thumb_func_start sub_08344C4C
sub_08344C4C:
	mov pc, lr
	.byte 0x00, 0x00
	thumb_func_start sub_08344C50
sub_08344C50:
	movs r3, #0x01
	cmp r1, #0x00
	beq _08344D14
	bpl _08344C5A
	negs r1, r1
	.global _08344C5A
_08344C5A:
	push {r4}
	push {r0}
	cmp r0, #0x00
	bpl _08344C64
	negs r0, r0
	.global _08344C64
_08344C64:
	cmp r0, r1
	bcc _08344D08
	movs r4, #0x01
	lsls r4, r4, #0x1C
	.global _08344C6C
_08344C6C:
	cmp r1, r4
	bcs _08344C7A
	cmp r1, r0
	bcs _08344C7A
	lsls r1, r1, #0x04
	lsls r3, r3, #0x04
	b _08344C6C
	.global _08344C7A
_08344C7A:
	lsls r4, r4, #0x03
	.global _08344C7C
_08344C7C:
	cmp r1, r4
	bcs _08344C8A
	cmp r1, r0
	bcs _08344C8A
	lsls r1, r1, #0x01
	lsls r3, r3, #0x01
	b _08344C7C
	.global _08344C8A
_08344C8A:
	movs r2, #0x00
	cmp r0, r1
	bcc _08344C92
	subs r0, r0, r1
	.global _08344C92
_08344C92:
	lsrs r4, r1, #0x01
	cmp r0, r4
	bcc _08344CA4
	subs r0, r0, r4
	mov r12, r3
	movs r4, #0x01
	rors r3, r4
	orrs r2, r3
	mov r3, r12
	.global _08344CA4
_08344CA4:
	lsrs r4, r1, #0x02
	cmp r0, r4
	bcc _08344CB6
	subs r0, r0, r4
	mov r12, r3
	movs r4, #0x02
	rors r3, r4
	orrs r2, r3
	mov r3, r12
	.global _08344CB6
_08344CB6:
	lsrs r4, r1, #0x03
	cmp r0, r4
	bcc _08344CC8
	subs r0, r0, r4
	mov r12, r3
	movs r4, #0x03
	rors r3, r4
	orrs r2, r3
	mov r3, r12
	.global _08344CC8
_08344CC8:
	mov r12, r3
	cmp r0, #0x00
	beq _08344CD6
	lsrs r3, r3, #0x04
	beq _08344CD6
	lsrs r1, r1, #0x04
	b _08344C8A
	.global _08344CD6
_08344CD6:
	movs r4, #0x0E
	lsls r4, r4, #0x1C
	ands r2, r4
	beq _08344D08
	mov r3, r12
	movs r4, #0x03
	rors r3, r4
	tst r2, r3
	beq _08344CEC
	lsrs r4, r1, #0x03
	adds r0, r0, r4
	.global _08344CEC
_08344CEC:
	mov r3, r12
	movs r4, #0x02
	rors r3, r4
	tst r2, r3
	beq _08344CFA
	lsrs r4, r1, #0x02
	adds r0, r0, r4
	.global _08344CFA
_08344CFA:
	mov r3, r12
	movs r4, #0x01
	rors r3, r4
	tst r2, r3
	beq _08344D08
	lsrs r4, r1, #0x01
	adds r0, r0, r4
	.global _08344D08
_08344D08:
	pop {r4}
	cmp r4, #0x00
	bpl _08344D10
	negs r0, r0
	.global _08344D10
_08344D10:
	pop {r4}
	mov pc, lr
	.global _08344D14
_08344D14:
	push {lr}
	bl sub_08344C4C
	movs r0, #0x00
	pop {pc}
	.byte 0x00, 0x00
	thumb_func_start sub_08344D20
sub_08344D20:
	push {r4, r5, r6, r7, lr}
	add sp, #-0x010
	str r0, [sp, #0x000]
	str r1, [sp, #0x004]
	str r2, [sp, #0x008]
	str r3, [sp, #0x00C]
	ldr r3, [sp, #0x000]
	ldr r0, _08344D8C @ =0x0000FFFF
	mov r12, r0
	adds r2, r3, #0x0
	ands r2, r0
	lsrs r3, r3, #0x10
	ldr r1, [sp, #0x008]
	adds r0, r1, #0x0
	mov r4, r12
	ands r0, r4
	lsrs r1, r1, #0x10
	adds r5, r2, #0x0
	muls r5, r0
	adds r4, r2, #0x0
	muls r4, r1
	adds r2, r3, #0x0
	muls r2, r0
	muls r3, r1
	lsrs r0, r5, #0x10
	adds r4, r4, r0
	adds r4, r4, r2
	cmp r4, r2
	bcs _08344D60
	movs r0, #0x80
	lsls r0, r0, #0x09
	adds r3, r3, r0
	.global _08344D60
_08344D60:
	lsrs r0, r4, #0x10
	adds r7, r3, r0
	mov r1, r12
	ands r4, r1
	lsls r0, r4, #0x10
	ands r5, r1
	adds r6, r0, #0x0
	orrs r6, r5
	adds r1, r7, #0x0
	adds r0, r6, #0x0
	ldr r3, [sp, #0x000]
	ldr r4, [sp, #0x00C]
	adds r2, r3, #0x0
	muls r2, r4
	ldr r5, [sp, #0x004]
	ldr r4, [sp, #0x008]
	adds r3, r5, #0x0
	muls r3, r4
	adds r2, r2, r3
	adds r1, r7, r2
	add sp, #0x010
	pop {r4, r5, r6, r7, pc}
	.global _08344D8C
_08344D8C: .4byte 0x0000FFFF
	thumb_func_start sub_08344D90
sub_08344D90:
	push {r4, lr}
	negs r2, r0
	adds r3, r2, #0x0
	negs r1, r1
	cmp r2, #0x00
	beq _08344D9E
	subs r1, #0x01
	.global _08344D9E
_08344D9E:
	adds r4, r1, #0x0
	adds r1, r4, #0x0
	adds r0, r3, #0x0
	pop {r4, pc}
	.byte 0x00, 0x00
	thumb_func_start sub_08344DA8
sub_08344DA8:
	cmp r1, #0x00
	beq _08344E5E
	movs r3, #0x01
	cmp r0, r1
	bcs _08344DB4
	mov pc, lr
	.global _08344DB4
_08344DB4:
	push {r4}
	movs r4, #0x01
	lsls r4, r4, #0x1C
	.global _08344DBA
_08344DBA:
	cmp r1, r4
	bcs _08344DC8
	cmp r1, r0
	bcs _08344DC8
	lsls r1, r1, #0x04
	lsls r3, r3, #0x04
	b _08344DBA
	.global _08344DC8
_08344DC8:
	lsls r4, r4, #0x03
	.global _08344DCA
_08344DCA:
	cmp r1, r4
	bcs _08344DD8
	cmp r1, r0
	bcs _08344DD8
	lsls r1, r1, #0x01
	lsls r3, r3, #0x01
	b _08344DCA
	.global _08344DD8
_08344DD8:
	movs r2, #0x00
	cmp r0, r1
	bcc _08344DE0
	subs r0, r0, r1
	.global _08344DE0
_08344DE0:
	lsrs r4, r1, #0x01
	cmp r0, r4
	bcc _08344DF2
	subs r0, r0, r4
	mov r12, r3
	movs r4, #0x01
	rors r3, r4
	orrs r2, r3
	mov r3, r12
	.global _08344DF2
_08344DF2:
	lsrs r4, r1, #0x02
	cmp r0, r4
	bcc _08344E04
	subs r0, r0, r4
	mov r12, r3
	movs r4, #0x02
	rors r3, r4
	orrs r2, r3
	mov r3, r12
	.global _08344E04
_08344E04:
	lsrs r4, r1, #0x03
	cmp r0, r4
	bcc _08344E16
	subs r0, r0, r4
	mov r12, r3
	movs r4, #0x03
	rors r3, r4
	orrs r2, r3
	mov r3, r12
	.global _08344E16
_08344E16:
	mov r12, r3
	cmp r0, #0x00
	beq _08344E24
	lsrs r3, r3, #0x04
	beq _08344E24
	lsrs r1, r1, #0x04
	b _08344DD8
	.global _08344E24
_08344E24:
	movs r4, #0x0E
	lsls r4, r4, #0x1C
	ands r2, r4
	bne _08344E30
	pop {r4}
	mov pc, lr
	.global _08344E30
_08344E30:
	mov r3, r12
	movs r4, #0x03
	rors r3, r4
	tst r2, r3
	beq _08344E3E
	lsrs r4, r1, #0x03
	adds r0, r0, r4
	.global _08344E3E
_08344E3E:
	mov r3, r12
	movs r4, #0x02
	rors r3, r4
	tst r2, r3
	beq _08344E4C
	lsrs r4, r1, #0x02
	adds r0, r0, r4
	.global _08344E4C
_08344E4C:
	mov r3, r12
	movs r4, #0x01
	rors r3, r4
	tst r2, r3
	beq _08344E5A
	lsrs r4, r1, #0x01
	adds r0, r0, r4
	.global _08344E5A
_08344E5A:
	pop {r4}
	mov pc, lr
	.global _08344E5E
_08344E5E:
	push {lr}
	bl sub_08344C4C
	movs r0, #0x00
	pop {pc}
	.byte 0x00, 0x00, 0x06, 0x00, 0x0C, 0x00, 0x12, 0x00, 0x19, 0x00, 0x1F, 0x00, 0x25, 0x00, 0x2B, 0x00
	.byte 0x31, 0x00, 0x38, 0x00, 0x3E, 0x00, 0x44, 0x00, 0x4A, 0x00, 0x50, 0x00, 0x56, 0x00, 0x5C, 0x00
	.byte 0x61, 0x00, 0x67, 0x00, 0x6D, 0x00, 0x73, 0x00, 0x78, 0x00, 0x7E, 0x00, 0x83, 0x00, 0x88, 0x00
	.byte 0x8E, 0x00, 0x93, 0x00, 0x98, 0x00, 0x9D, 0x00, 0xA2, 0x00, 0xA7, 0x00, 0xAB, 0x00, 0xB0, 0x00
	.byte 0xB5, 0x00, 0xB9, 0x00, 0xBD, 0x00, 0xC1, 0x00, 0xC5, 0x00, 0xC9, 0x00, 0xCD, 0x00, 0xD1, 0x00
	.byte 0xD4, 0x00, 0xD8, 0x00, 0xDB, 0x00, 0xDE, 0x00, 0xE1, 0x00, 0xE4, 0x00, 0xE7, 0x00, 0xEA, 0x00
	.byte 0xEC, 0x00, 0xEE, 0x00, 0xF1, 0x00, 0xF3, 0x00, 0xF4, 0x00, 0xF6, 0x00, 0xF8, 0x00, 0xF9, 0x00
	.byte 0xFB, 0x00, 0xFC, 0x00, 0xFD, 0x00, 0xFE, 0x00, 0xFE, 0x00, 0xFF, 0x00, 0xFF, 0x00, 0xFF, 0x00
	.byte 0x00, 0x01, 0xFF, 0x00, 0xFF, 0x00, 0xFF, 0x00, 0xFE, 0x00, 0xFE, 0x00, 0xFD, 0x00, 0xFC, 0x00
	.byte 0xFB, 0x00, 0xF9, 0x00, 0xF8, 0x00, 0xF6, 0x00, 0xF4, 0x00, 0xF3, 0x00, 0xF1, 0x00, 0xEE, 0x00
	.byte 0xEC, 0x00, 0xEA, 0x00, 0xE7, 0x00, 0xE4, 0x00, 0xE1, 0x00, 0xDE, 0x00, 0xDB, 0x00, 0xD8, 0x00
	.byte 0xD4, 0x00, 0xD1, 0x00, 0xCD, 0x00, 0xC9, 0x00, 0xC5, 0x00, 0xC1, 0x00, 0xBD, 0x00, 0xB9, 0x00
	.byte 0xB5, 0x00, 0xB0, 0x00, 0xAB, 0x00, 0xA7, 0x00, 0xA2, 0x00, 0x9D, 0x00, 0x98, 0x00, 0x93, 0x00
	.byte 0x8E, 0x00, 0x88, 0x00, 0x83, 0x00, 0x7E, 0x00, 0x78, 0x00, 0x73, 0x00, 0x6D, 0x00, 0x67, 0x00
	.byte 0x61, 0x00, 0x5C, 0x00, 0x56, 0x00, 0x50, 0x00, 0x4A, 0x00, 0x44, 0x00, 0x3E, 0x00, 0x38, 0x00
	.byte 0x31, 0x00, 0x2B, 0x00, 0x25, 0x00, 0x1F, 0x00, 0x19, 0x00, 0x12, 0x00, 0x0C, 0x00, 0x06, 0x00
	.byte 0x00, 0x00, 0xFA, 0xFF, 0xF4, 0xFF, 0xEE, 0xFF, 0xE7, 0xFF, 0xE1, 0xFF, 0xDB, 0xFF, 0xD5, 0xFF
	.byte 0xCF, 0xFF, 0xC8, 0xFF, 0xC2, 0xFF, 0xBC, 0xFF, 0xB6, 0xFF, 0xB0, 0xFF, 0xAA, 0xFF, 0xA4, 0xFF
	.byte 0x9F, 0xFF, 0x99, 0xFF, 0x93, 0xFF, 0x8D, 0xFF, 0x88, 0xFF, 0x82, 0xFF, 0x7D, 0xFF, 0x78, 0xFF
	.byte 0x72, 0xFF, 0x6D, 0xFF, 0x68, 0xFF, 0x63, 0xFF, 0x5E, 0xFF, 0x59, 0xFF, 0x55, 0xFF, 0x50, 0xFF
	.byte 0x4B, 0xFF, 0x47, 0xFF, 0x43, 0xFF, 0x3F, 0xFF, 0x3B, 0xFF, 0x37, 0xFF, 0x33, 0xFF, 0x2F, 0xFF
	.byte 0x2C, 0xFF, 0x28, 0xFF, 0x25, 0xFF, 0x22, 0xFF, 0x1F, 0xFF, 0x1C, 0xFF, 0x19, 0xFF, 0x16, 0xFF
	.byte 0x14, 0xFF, 0x12, 0xFF, 0x0F, 0xFF, 0x0D, 0xFF, 0x0C, 0xFF, 0x0A, 0xFF, 0x08, 0xFF, 0x07, 0xFF
	.byte 0x05, 0xFF, 0x04, 0xFF, 0x03, 0xFF, 0x02, 0xFF, 0x02, 0xFF, 0x01, 0xFF, 0x01, 0xFF, 0x01, 0xFF
	.byte 0x00, 0xFF, 0x01, 0xFF, 0x01, 0xFF, 0x01, 0xFF, 0x02, 0xFF, 0x02, 0xFF, 0x03, 0xFF, 0x04, 0xFF
	.byte 0x05, 0xFF, 0x07, 0xFF, 0x08, 0xFF, 0x0A, 0xFF, 0x0C, 0xFF, 0x0D, 0xFF, 0x0F, 0xFF, 0x12, 0xFF
	.byte 0x14, 0xFF, 0x16, 0xFF, 0x19, 0xFF, 0x1C, 0xFF, 0x1F, 0xFF, 0x22, 0xFF, 0x25, 0xFF, 0x28, 0xFF
	.byte 0x2C, 0xFF, 0x2F, 0xFF, 0x33, 0xFF, 0x37, 0xFF, 0x3B, 0xFF, 0x3F, 0xFF, 0x43, 0xFF, 0x47, 0xFF
	.byte 0x4B, 0xFF, 0x50, 0xFF, 0x55, 0xFF, 0x59, 0xFF, 0x5E, 0xFF, 0x63, 0xFF, 0x68, 0xFF, 0x6D, 0xFF
	.byte 0x72, 0xFF, 0x78, 0xFF, 0x7D, 0xFF, 0x82, 0xFF, 0x88, 0xFF, 0x8D, 0xFF, 0x93, 0xFF, 0x99, 0xFF
	.byte 0x9F, 0xFF, 0xA4, 0xFF, 0xAA, 0xFF, 0xB0, 0xFF, 0xB6, 0xFF, 0xBC, 0xFF, 0xC2, 0xFF, 0xC8, 0xFF
	.byte 0xCF, 0xFF, 0xD5, 0xFF, 0xDB, 0xFF, 0xE1, 0xFF, 0xE7, 0xFF, 0xEE, 0xFF, 0xF4, 0xFF, 0xFA, 0xFF
	.byte 0x00, 0x00, 0x06, 0x00, 0x0C, 0x00, 0x12, 0x00, 0x19, 0x00, 0x1F, 0x00, 0x25, 0x00, 0x2B, 0x00
	.byte 0x31, 0x00, 0x38, 0x00, 0x3E, 0x00, 0x44, 0x00, 0x4A, 0x00, 0x50, 0x00, 0x56, 0x00, 0x5C, 0x00
	.byte 0x61, 0x00, 0x67, 0x00, 0x6D, 0x00, 0x73, 0x00, 0x78, 0x00, 0x7E, 0x00, 0x83, 0x00, 0x88, 0x00
	.byte 0x8E, 0x00, 0x93, 0x00, 0x98, 0x00, 0x9D, 0x00, 0xA2, 0x00, 0xA7, 0x00, 0xAB, 0x00, 0xB0, 0x00
	.byte 0xB5, 0x00, 0xB9, 0x00, 0xBD, 0x00, 0xC1, 0x00, 0xC5, 0x00, 0xC9, 0x00, 0xCD, 0x00, 0xD1, 0x00
	.byte 0xD4, 0x00, 0xD8, 0x00, 0xDB, 0x00, 0xDE, 0x00, 0xE1, 0x00, 0xE4, 0x00, 0xE7, 0x00, 0xEA, 0x00
	.byte 0xEC, 0x00, 0xEE, 0x00, 0xF1, 0x00, 0xF3, 0x00, 0xF4, 0x00, 0xF6, 0x00, 0xF8, 0x00, 0xF9, 0x00
	.byte 0xFB, 0x00, 0xFC, 0x00, 0xFD, 0x00, 0xFE, 0x00, 0xFE, 0x00, 0xFF, 0x00, 0xFF, 0x00, 0xFF, 0x00
	.byte 0x69, 0x15, 0x00, 0x02, 0xD9, 0x15, 0x00, 0x02, 0xF9, 0x15, 0x00, 0x02, 0x15, 0x16, 0x00, 0x02
	.byte 0x29, 0x16, 0x00, 0x02, 0x69, 0x15, 0x00, 0x02, 0x69, 0x15, 0x00, 0x02, 0x69, 0x15, 0x00, 0x02
	.byte 0x69, 0x15, 0x00, 0x02, 0x59, 0x16, 0x00, 0x02, 0x65, 0x16, 0x00, 0x02, 0x79, 0x16, 0x00, 0x02
	.byte 0x8D, 0x16, 0x00, 0x02, 0xBD, 0x16, 0x00, 0x02, 0xD1, 0x16, 0x00, 0x02, 0xE5, 0x16, 0x00, 0x02
	.byte 0xF9, 0x16, 0x00, 0x02, 0xE5, 0x1C, 0x00, 0x02, 0x0D, 0x17, 0x00, 0x02, 0xF9, 0x1C, 0x00, 0x02
	.byte 0x19, 0x17, 0x00, 0x02, 0x69, 0x15, 0x00, 0x02, 0x69, 0x15, 0x00, 0x02, 0x31, 0x17, 0x00, 0x02
	.byte 0x69, 0x15, 0x00, 0x02, 0x69, 0x15, 0x00, 0x02, 0x69, 0x15, 0x00, 0x02, 0x45, 0x17, 0x00, 0x02
	.byte 0x69, 0x15, 0x00, 0x02, 0x7D, 0x1C, 0x00, 0x02, 0x81, 0x22, 0x00, 0x02, 0x09, 0x1A, 0x00, 0x02
	.byte 0x35, 0x26, 0x00, 0x02, 0xB5, 0x26, 0x00, 0x02, 0x49, 0x15, 0x00, 0x02, 0x31, 0x15, 0x00, 0x02
	.byte 0xE0, 0xE1, 0xE2, 0xE3, 0xE4, 0xE5, 0xE6, 0xE7, 0xE8, 0xE9, 0xEA, 0xEB, 0xD0, 0xD1, 0xD2, 0xD3
	.byte 0xD4, 0xD5, 0xD6, 0xD7, 0xD8, 0xD9, 0xDA, 0xDB, 0xC0, 0xC1, 0xC2, 0xC3, 0xC4, 0xC5, 0xC6, 0xC7
	.byte 0xC8, 0xC9, 0xCA, 0xCB, 0xB0, 0xB1, 0xB2, 0xB3, 0xB4, 0xB5, 0xB6, 0xB7, 0xB8, 0xB9, 0xBA, 0xBB
	.byte 0xA0, 0xA1, 0xA2, 0xA3, 0xA4, 0xA5, 0xA6, 0xA7, 0xA8, 0xA9, 0xAA, 0xAB, 0x90, 0x91, 0x92, 0x93
	.byte 0x94, 0x95, 0x96, 0x97, 0x98, 0x99, 0x9A, 0x9B, 0x80, 0x81, 0x82, 0x83, 0x84, 0x85, 0x86, 0x87
	.byte 0x88, 0x89, 0x8A, 0x8B, 0x70, 0x71, 0x72, 0x73, 0x74, 0x75, 0x76, 0x77, 0x78, 0x79, 0x7A, 0x7B
	.byte 0x60, 0x61, 0x62, 0x63, 0x64, 0x65, 0x66, 0x67, 0x68, 0x69, 0x6A, 0x6B, 0x50, 0x51, 0x52, 0x53
	.byte 0x54, 0x55, 0x56, 0x57, 0x58, 0x59, 0x5A, 0x5B, 0x40, 0x41, 0x42, 0x43, 0x44, 0x45, 0x46, 0x47
	.byte 0x48, 0x49, 0x4A, 0x4B, 0x30, 0x31, 0x32, 0x33, 0x34, 0x35, 0x36, 0x37, 0x38, 0x39, 0x3A, 0x3B
	.byte 0x20, 0x21, 0x22, 0x23, 0x24, 0x25, 0x26, 0x27, 0x28, 0x29, 0x2A, 0x2B, 0x10, 0x11, 0x12, 0x13
	.byte 0x14, 0x15, 0x16, 0x17, 0x18, 0x19, 0x1A, 0x1B, 0x00, 0x01, 0x02, 0x03, 0x04, 0x05, 0x06, 0x07
	.byte 0x08, 0x09, 0x0A, 0x0B, 0x00, 0x00, 0x00, 0x80, 0x97, 0x7C, 0x9C, 0x87, 0x1E, 0xD6, 0xAC, 0x8F
	.byte 0x52, 0xF0, 0x37, 0x98, 0xCC, 0x17, 0x45, 0xA1, 0x48, 0x08, 0xDC, 0xAA, 0x34, 0xF3, 0x04, 0xB5
	.byte 0xBB, 0x86, 0xC8, 0xBF, 0x2A, 0xF5, 0x2F, 0xCB, 0xCB, 0xFC, 0x44, 0xD7, 0x3A, 0xF0, 0x11, 0xE4
	.byte 0x39, 0xBF, 0xA1, 0xF1, 0x60, 0x00, 0x84, 0x00, 0xB0, 0x00, 0xE0, 0x00, 0x08, 0x01, 0x30, 0x01
	.byte 0x60, 0x01, 0xC0, 0x01, 0x10, 0x02, 0x60, 0x02, 0xA0, 0x02, 0xC0, 0x02, 0x00, 0x01, 0x02, 0x03
	.byte 0x04, 0x05, 0x06, 0x07, 0x08, 0x09, 0x0A, 0x0B, 0x10, 0x11, 0x12, 0x13, 0x14, 0x15, 0x16, 0x17
	.byte 0x18, 0x19, 0x1A, 0x1B, 0x20, 0x21, 0x22, 0x23, 0x24, 0x25, 0x26, 0x27, 0x28, 0x29, 0x2A, 0x2B
	.byte 0x30, 0x31, 0x32, 0x33, 0x34, 0x35, 0x36, 0x37, 0x38, 0x39, 0x3A, 0x3B, 0x40, 0x41, 0x42, 0x43
	.byte 0x44, 0x45, 0x46, 0x47, 0x48, 0x49, 0x4A, 0x4B, 0x50, 0x51, 0x52, 0x53, 0x54, 0x55, 0x56, 0x57
	.byte 0x58, 0x59, 0x5A, 0x5B, 0x60, 0x61, 0x62, 0x63, 0x64, 0x65, 0x66, 0x67, 0x68, 0x69, 0x6A, 0x6B
	.byte 0x70, 0x71, 0x72, 0x73, 0x74, 0x75, 0x76, 0x77, 0x78, 0x79, 0x7A, 0x7B, 0x80, 0x81, 0x82, 0x83
	.byte 0x84, 0x85, 0x86, 0x87, 0x88, 0x89, 0x8A, 0x8B, 0x90, 0x91, 0x92, 0x93, 0x94, 0x95, 0x96, 0x97
	.byte 0x98, 0x99, 0x9A, 0x9B, 0xA0, 0xA1, 0xA2, 0xA3, 0xA4, 0xA5, 0xA6, 0xA7, 0xA8, 0xA9, 0xAA, 0xAB
	.byte 0x2C, 0xF8, 0x9D, 0xF8, 0x07, 0xF9, 0x6B, 0xF9, 0xC9, 0xF9, 0x23, 0xFA, 0x77, 0xFA, 0xC7, 0xFA
	.byte 0x12, 0xFB, 0x58, 0xFB, 0x9B, 0xFB, 0xDA, 0xFB, 0xD7, 0xD6, 0xD5, 0xD4, 0xC7, 0xC6, 0xC5, 0xC4
	.byte 0xB7, 0xB6, 0xB5, 0xB4, 0xA7, 0xA6, 0xA5, 0xA4, 0x97, 0x96, 0x95, 0x94, 0x87, 0x86, 0x85, 0x84
	.byte 0x77, 0x76, 0x75, 0x74, 0x67, 0x66, 0x65, 0x64, 0x57, 0x56, 0x55, 0x54, 0x47, 0x46, 0x45, 0x44
	.byte 0x37, 0x36, 0x35, 0x34, 0x27, 0x26, 0x25, 0x24, 0x17, 0x16, 0x15, 0x14, 0x07, 0x06, 0x05, 0x04
	.byte 0x03, 0x02, 0x01, 0x00, 0x00, 0x00, 0x60, 0x60, 0x60, 0x60, 0x40, 0x40, 0x40, 0x40, 0x80, 0x80
	.byte 0x80, 0x80, 0x20, 0x20, 0x00, 0x01, 0x02, 0x03, 0x04, 0x05, 0x06, 0x07, 0x08, 0x09, 0x0A, 0x0B
	.byte 0x0C, 0x0D, 0x0E, 0x0F, 0x10, 0x11, 0x12, 0x13, 0x14, 0x15, 0x16, 0x17, 0x18, 0x1C, 0x1E, 0x20
	.byte 0x24, 0x28, 0x2A, 0x2C, 0x30, 0x34, 0x36, 0x38, 0x3C, 0x40, 0x42, 0x44, 0x48, 0x4C, 0x4E, 0x50
	.byte 0x54, 0x58, 0x5A, 0x5C, 0x60, 0x00, 0x00, 0x00, 0xF9, 0x30, 0x00, 0x02, 0x0D, 0x31, 0x00, 0x02
	.byte 0x55, 0x31, 0x00, 0x02, 0xF9, 0x30, 0x00, 0x02, 0x69, 0x31, 0x00, 0x02, 0x7D, 0x31, 0x00, 0x02
	.byte 0x91, 0x31, 0x00, 0x02, 0xA5, 0x31, 0x00, 0x02, 0xB9, 0x31, 0x00, 0x02, 0xC5, 0x31, 0x00, 0x02
	.byte 0xD1, 0x31, 0x00, 0x02, 0xE5, 0x31, 0x00, 0x02, 0x0B, 0x3C, 0x00, 0x00, 0x54, 0xCA, 0x00, 0x02
	.byte 0x00, 0x00, 0x0D, 0x00, 0x01, 0x3C, 0x00, 0x00, 0x02, 0x00, 0x00, 0x00, 0x00, 0x00, 0x0F, 0x00
	.byte 0x0C, 0x3C, 0x00, 0x00, 0x00, 0x00, 0x00, 0x00, 0x00, 0x00, 0x0F, 0x00, 0x00, 0x00, 0x00, 0x00
	.byte 0x00, 0x00, 0x00, 0x00, 0x00, 0x00, 0x00, 0x00, 0x00, 0x00, 0x00, 0x00, 0x00, 0x00, 0x00, 0x00
	.byte 0x00, 0x00, 0x00, 0x00, 0x00, 0x00, 0x00, 0x00, 0x00, 0x00, 0x00, 0x00, 0x00, 0x00, 0x00, 0x00
	.byte 0x01, 0x01, 0x01, 0x01, 0x01, 0x01, 0x01, 0x01, 0x01, 0x01, 0x01, 0x01, 0x01, 0x01, 0x01, 0x01
	.byte 0x01, 0x01, 0x01, 0x01, 0x01, 0x01, 0x01, 0x01, 0x01, 0x01, 0x01, 0x01, 0x01, 0x01, 0x01, 0x01
	.byte 0x01, 0x01, 0x01, 0x01, 0x00, 0x00, 0x00, 0x00, 0x00, 0x00, 0x00, 0x00, 0x00, 0x00, 0x00, 0x00
	.byte 0x00, 0x00, 0x00, 0x00, 0x00, 0x00, 0x00, 0x00, 0x00, 0x00, 0x00, 0x00, 0x00, 0x00, 0x00, 0x00
	.byte 0x00, 0x00, 0x00, 0x00, 0x00, 0x00, 0x00, 0x00, 0x01, 0x01, 0x01, 0x01, 0x01, 0x01, 0x01, 0x01
	.byte 0x01, 0x01, 0x01, 0x01, 0x01, 0x01, 0x01, 0x01, 0x01, 0x01, 0x01, 0x01, 0x01, 0x01, 0x01, 0x01
	.byte 0x01, 0x01, 0x01, 0x01, 0x01, 0x01, 0x01, 0x01, 0x01, 0x01, 0x01, 0x01, 0x00, 0x11, 0x23, 0x56
	.byte 0x89, 0xAC, 0xDE, 0xEF, 0xFF, 0xEE, 0xDC, 0xA9, 0x86, 0x53, 0x21, 0x10, 0x01, 0x23, 0x45, 0x67
	.byte 0x89, 0xAB, 0xCD, 0xEF, 0xFE, 0xDC, 0xBA, 0x98, 0x76, 0x54, 0x32, 0x10, 0xFF, 0xEE, 0xDD, 0xCC
	.byte 0xBB, 0xAA, 0x99, 0x88, 0x77, 0x66, 0x55, 0x44, 0x33, 0x22, 0x11, 0x00, 0xFE, 0xDC, 0xBA, 0x99
	.byte 0x88, 0x88, 0x88, 0x88, 0x77, 0x77, 0x77, 0x77, 0x66, 0x54, 0x32, 0x10, 0xFF, 0xFF, 0x00, 0x00
	.byte 0x00, 0x00, 0x00, 0x00, 0x00, 0x00, 0x00, 0x00, 0x00, 0x00, 0x00, 0x00, 0xFF, 0xFF, 0xFF, 0xFF
	.byte 0x00, 0x00, 0x00, 0x00, 0x00, 0x00, 0x00, 0x00, 0x00, 0x00, 0x00, 0x00, 0xFF, 0xFF, 0xFF, 0xFF
	.byte 0xFF, 0xFF, 0x00, 0x00, 0x00, 0x00, 0x00, 0x00, 0x00, 0x00, 0x00, 0x00, 0xFF, 0xFF, 0xFF, 0xFF
	.byte 0xFF, 0xFF, 0xFF, 0xFF, 0x00, 0x00, 0x00, 0x00, 0x00, 0x00, 0x00, 0x00, 0x70, 0x8F, 0x03, 0x02
	.byte 0x00, 0x70, 0x03, 0x02, 0x08, 0x00, 0x00, 0x00, 0xB0, 0x8F, 0x03, 0x02, 0x80, 0x72, 0x03, 0x02
	.byte 0x06, 0x00, 0x00, 0x00, 0xF0, 0x8F, 0x03, 0x02, 0x60, 0x74, 0x03, 0x02, 0x02, 0x00, 0x00, 0x00
	.byte 0x40, 0x90, 0x03, 0x02, 0x00, 0x75, 0x03, 0x02, 0x02, 0x00, 0x00, 0x00, 0x6C, 0xCC, 0x00, 0x02
	.byte 0x00, 0x00, 0x00, 0x00, 0x6C, 0xCC, 0x00, 0x02, 0x00, 0x00, 0x00, 0x00, 0x6C, 0xCC, 0x00, 0x02
	.byte 0x00, 0x00, 0x00, 0x00, 0x6C, 0xCC, 0x00, 0x02, 0x00, 0x00, 0x00, 0x00, 0x6C, 0xCC, 0x00, 0x02
	.byte 0x00, 0x00, 0x00, 0x00, 0x6C, 0xCC, 0x00, 0x02, 0x00, 0x00, 0x00, 0x00, 0x6C, 0xCC, 0x00, 0x02
	.byte 0x00, 0x00, 0x00, 0x00, 0x6C, 0xCC, 0x00, 0x02, 0x00, 0x00, 0x00, 0x00, 0x6C, 0xCC, 0x00, 0x02
	.byte 0x00, 0x00, 0x00, 0x00, 0x6C, 0xCC, 0x00, 0x02, 0x00, 0x00, 0x00, 0x00, 0x6C, 0xCC, 0x00, 0x02
	.byte 0x00, 0x00, 0x00, 0x00, 0x6C, 0xCC, 0x00, 0x02, 0x00, 0x00, 0x00, 0x00, 0x6C, 0xCC, 0x00, 0x02
	.byte 0x00, 0x00, 0x00, 0x00, 0x6C, 0xCC, 0x00, 0x02, 0x00, 0x00, 0x00, 0x00, 0x6C, 0xCC, 0x00, 0x02
	.byte 0x00, 0x00, 0x00, 0x00, 0x6C, 0xCC, 0x00, 0x02, 0x00, 0x00, 0x00, 0x00, 0x6C, 0xCC, 0x00, 0x02
	.byte 0x00, 0x00, 0x00, 0x00, 0x6C, 0xCC, 0x00, 0x02, 0x00, 0x00, 0x00, 0x00, 0x6C, 0xCC, 0x00, 0x02
	.byte 0x00, 0x00, 0x00, 0x00, 0x6C, 0xCC, 0x00, 0x02, 0x00, 0x00, 0x00, 0x00, 0x6C, 0xCC, 0x00, 0x02
	.byte 0x00, 0x00, 0x00, 0x00, 0x6C, 0xCC, 0x00, 0x02, 0x00, 0x00, 0x00, 0x00, 0x6C, 0xCC, 0x00, 0x02
	.byte 0x00, 0x00, 0x00, 0x00, 0x6C, 0xCC, 0x00, 0x02, 0x00, 0x00, 0x00, 0x00, 0x6C, 0xCC, 0x00, 0x02
	.byte 0x00, 0x00, 0x00, 0x00, 0x6C, 0xCC, 0x00, 0x02, 0x00, 0x00, 0x00, 0x00, 0x6C, 0xCC, 0x00, 0x02
	.byte 0x00, 0x00, 0x00, 0x00, 0x6C, 0xCC, 0x00, 0x02, 0x00, 0x00, 0x00, 0x00, 0x6C, 0xCC, 0x00, 0x02
	.byte 0x00, 0x00, 0x00, 0x00, 0x6C, 0xCC, 0x00, 0x02, 0x00, 0x00, 0x00, 0x00, 0x6C, 0xCC, 0x00, 0x02
	.byte 0x00, 0x00, 0x00, 0x00, 0x6C, 0xCC, 0x00, 0x02, 0x00, 0x00, 0x00, 0x00, 0x6C, 0xCC, 0x00, 0x02
	.byte 0x00, 0x00, 0x00, 0x00, 0x6C, 0xCC, 0x00, 0x02, 0x00, 0x00, 0x00, 0x00, 0x6C, 0xCC, 0x00, 0x02
	.byte 0x00, 0x00, 0x00, 0x00, 0x6C, 0xCC, 0x00, 0x02, 0x00, 0x00, 0x00, 0x00, 0x6C, 0xCC, 0x00, 0x02
	.byte 0x00, 0x00, 0x00, 0x00, 0x6C, 0xCC, 0x00, 0x02, 0x00, 0x00, 0x00, 0x00, 0x6C, 0xCC, 0x00, 0x02
	.byte 0x00, 0x00, 0x00, 0x00, 0x6C, 0xCC, 0x00, 0x02, 0x00, 0x00, 0x00, 0x00, 0x6C, 0xCC, 0x00, 0x02
	.byte 0x00, 0x00, 0x00, 0x00, 0x6C, 0xCC, 0x00, 0x02, 0x00, 0x00, 0x00, 0x00, 0x6C, 0xCC, 0x00, 0x02
	.byte 0x00, 0x00, 0x00, 0x00, 0x6C, 0xCC, 0x00, 0x02, 0x00, 0x00, 0x00, 0x00, 0x6C, 0xCC, 0x00, 0x02
	.byte 0x00, 0x00, 0x00, 0x00, 0x6C, 0xCC, 0x00, 0x02, 0x00, 0x00, 0x00, 0x00, 0x6C, 0xCC, 0x00, 0x02
	.byte 0x00, 0x00, 0x00, 0x00, 0x6C, 0xCC, 0x00, 0x02, 0x00, 0x00, 0x00, 0x00, 0x80, 0xCC, 0x00, 0x02
	.byte 0x03, 0x00, 0x03, 0x00, 0x6C, 0xCC, 0x00, 0x02, 0x00, 0x00, 0x00, 0x00, 0x6C, 0xCC, 0x00, 0x02
	.byte 0x00, 0x00, 0x00, 0x00, 0x6C, 0xCC, 0x00, 0x02, 0x00, 0x00, 0x00, 0x00, 0x6C, 0xCC, 0x00, 0x02
	.byte 0x00, 0x00, 0x00, 0x00, 0x6C, 0xCC, 0x00, 0x02, 0x00, 0x00, 0x00, 0x00, 0x6C, 0xCC, 0x00, 0x02
	.byte 0x00, 0x00, 0x00, 0x00, 0x6C, 0xCC, 0x00, 0x02, 0x00, 0x00, 0x00, 0x00, 0xA4, 0xCC, 0x00, 0x02
	.byte 0x01, 0x00, 0x01, 0x00, 0x00, 0x00, 0x00, 0x00, 0xBE, 0x7F, 0xBC, 0x00, 0xBB, 0x3C, 0xBD, 0x02
	.byte 0xE7, 0x3C, 0x7F, 0xB0, 0xB0, 0xB0, 0xB0, 0xB1, 0x01, 0x00, 0x00, 0xB2, 0x40, 0xC9, 0x00, 0x02
	.byte 0x70, 0xCC, 0x00, 0x02, 0xBE, 0x7F, 0xBC, 0x00, 0xBB, 0x3C, 0xBD, 0x00, 0xCF, 0x3C, 0x48, 0xB0
	.byte 0xB0, 0xCE, 0xB2, 0x94, 0xCC, 0x00, 0x02, 0xB0, 0xB0, 0xB1, 0x00, 0x00, 0x01, 0x00, 0x00, 0xB2
	.byte 0x40, 0xC9, 0x00, 0x02, 0x8C, 0xCC, 0x00, 0x02, 0x35, 0x54, 0x48, 0x00, 0x34, 0x54, 0x48, 0x00
	.byte 0x33, 0x52, 0x44, 0x00, 0x32, 0x4E, 0x44, 0x00, 0x31, 0x53, 0x54, 0x00, 0x43, 0x4F, 0x4E, 0x54
	.byte 0x52, 0x4F, 0x4C, 0x4C, 0x4F, 0x21, 0x00, 0x00, 0x24, 0x43, 0x4F, 0x4E, 0x54, 0x52, 0x4F, 0x4C
	.byte 0x21, 0x00, 0x00, 0x00, 0x4B, 0x4F, 0x4E, 0x54, 0x52, 0x4F, 0x4C, 0x4C, 0x50, 0x55, 0x4E, 0x4B
	.byte 0x54, 0x00, 0x00, 0x00, 0x43, 0x4F, 0x4E, 0x54, 0x52, 0x4F, 0x4C, 0x45, 0x20, 0x21, 0x00, 0x00
	.byte 0x43, 0x48, 0x45, 0x43, 0x4B, 0x50, 0x4F, 0x49, 0x4E, 0x54, 0x21, 0x00, 0x54, 0x45, 0x4D, 0x50
	.byte 0x4F, 0x3A, 0x20, 0x25, 0x73, 0x00, 0x00, 0x00, 0x54, 0x49, 0x45, 0x4D, 0x50, 0x4F, 0x3A, 0x20
	.byte 0x25, 0x73, 0x00, 0x00, 0x52, 0x55, 0x4E, 0x44, 0x45, 0x3A, 0x20, 0x25, 0x73, 0x00, 0x00, 0x00
	.byte 0x54, 0x45, 0x4D, 0x50, 0x53, 0x20, 0x3A, 0x20, 0x25, 0x73, 0x00, 0x00, 0x4C, 0x41, 0x50, 0x20
	.byte 0x54, 0x49, 0x4D, 0x45, 0x3A, 0x20, 0x25, 0x73, 0x00, 0x00, 0x00, 0x00, 0x54, 0x45, 0x4D, 0x50
	.byte 0x4F, 0x20, 0x53, 0x43, 0x41, 0x44, 0x55, 0x54, 0x4F, 0x00, 0x00, 0x00, 0x46, 0x55, 0x45, 0x52
	.byte 0x41, 0x20, 0x44, 0x45, 0x20, 0x54, 0x49, 0x45, 0x4D, 0x50, 0x4F, 0x00, 0x5A, 0x45, 0x49, 0x54
	.byte 0x20, 0x41, 0x42, 0x47, 0x45, 0x4C, 0x41, 0x55, 0x46, 0x45, 0x4E, 0x00, 0x54, 0x45, 0x4D, 0x50
	.byte 0x53, 0x20, 0x45, 0x43, 0x4F, 0x55, 0x4C, 0x45, 0x00, 0x00, 0x00, 0x00, 0x4F, 0x55, 0x54, 0x20
	.byte 0x4F, 0x46, 0x20, 0x54, 0x49, 0x4D, 0x45, 0x00, 0x46, 0x49, 0x4E, 0x45, 0x20, 0x47, 0x41, 0x52
	.byte 0x41, 0x00, 0x00, 0x00, 0x46, 0x49, 0x4E, 0x20, 0x44, 0x45, 0x20, 0x43, 0x41, 0x52, 0x52, 0x45
	.byte 0x52, 0x41, 0x00, 0x00, 0x52, 0x45, 0x4E, 0x4E, 0x45, 0x4E, 0x20, 0x42, 0x45, 0x45, 0x4E, 0x44
	.byte 0x45, 0x54, 0x00, 0x00, 0x43, 0x4F, 0x55, 0x52, 0x53, 0x45, 0x20, 0x54, 0x45, 0x52, 0x4D, 0x49
	.byte 0x4E, 0x45, 0x45, 0x00, 0x52, 0x41, 0x43, 0x45, 0x20, 0x4F, 0x56, 0x45, 0x52, 0x00, 0x00, 0x00
	.byte 0x50, 0x41, 0x55, 0x53, 0x41, 0x00, 0x00, 0x00, 0x50, 0x41, 0x55, 0x53, 0x45, 0x00, 0x00, 0x00
	.byte 0x50, 0x52, 0x45, 0x4D, 0x49, 0x20, 0x53, 0x54, 0x41, 0x52, 0x54, 0x00, 0x50, 0x55, 0x4C, 0x53
	.byte 0x41, 0x20, 0x53, 0x54, 0x41, 0x52, 0x54, 0x00, 0x44, 0x52, 0x55, 0x43, 0x4B, 0x45, 0x20, 0x53
	.byte 0x54, 0x41, 0x52, 0x54, 0x00, 0x00, 0x00, 0x00, 0x41, 0x50, 0x50, 0x55, 0x59, 0x45, 0x52, 0x20
	.byte 0x53, 0x55, 0x52, 0x20, 0x53, 0x54, 0x41, 0x52, 0x54, 0x00, 0x00, 0x00, 0x50, 0x52, 0x45, 0x53
	.byte 0x53, 0x20, 0x53, 0x54, 0x41, 0x52, 0x54, 0x00, 0x49, 0x4E, 0x20, 0x41, 0x54, 0x54, 0x45, 0x53
	.byte 0x41, 0x00, 0x00, 0x00, 0x45, 0x4E, 0x20, 0x45, 0x53, 0x50, 0x45, 0x52, 0x41, 0x00, 0x00, 0x00
	.byte 0x57, 0x41, 0x52, 0x54, 0x45, 0x00, 0x00, 0x00, 0x45, 0x4E, 0x20, 0x41, 0x54, 0x54, 0x45, 0x4E
	.byte 0x54, 0x45, 0x00, 0x00, 0x57, 0x41, 0x49, 0x54, 0x49, 0x4E, 0x47, 0x00, 0x43, 0x4F, 0x4C, 0x4C
	.byte 0x45, 0x47, 0x41, 0x4D, 0x45, 0x4E, 0x54, 0x4F, 0x20, 0x46, 0x41, 0x4C, 0x4C, 0x49, 0x54, 0x4F
	.byte 0x00, 0x00, 0x00, 0x00, 0x46, 0x41, 0x4C, 0x4C, 0x4F, 0x20, 0x45, 0x4E, 0x4C, 0x41, 0x43, 0x45
	.byte 0x00, 0x00, 0x00, 0x00, 0x56, 0x45, 0x52, 0x42, 0x49, 0x4E, 0x44, 0x55, 0x4E, 0x47, 0x20, 0x47
	.byte 0x45, 0x53, 0x43, 0x48, 0x45, 0x49, 0x54, 0x45, 0x52, 0x54, 0x00, 0x00, 0x45, 0x43, 0x48, 0x45
	.byte 0x43, 0x20, 0x44, 0x45, 0x20, 0x4C, 0x49, 0x4E, 0x4B, 0x00, 0x00, 0x00, 0x4C, 0x49, 0x4E, 0x4B
	.byte 0x20, 0x46, 0x41, 0x49, 0x4C, 0x00, 0x00, 0x00, 0x50, 0x4C, 0x45, 0x41, 0x53, 0x45, 0x20, 0x54
	.byte 0x55, 0x52, 0x4E, 0x20, 0x4F, 0x46, 0x46, 0x20, 0x59, 0x4F, 0x55, 0x52, 0x00, 0x00, 0x00, 0x00
	.byte 0x47, 0x41, 0x4D, 0x45, 0x20, 0x42, 0x4F, 0x59, 0x26, 0x20, 0x41, 0x44, 0x56, 0x41, 0x4E, 0x43
	.byte 0x45, 0x2E, 0x00, 0x00, 0x50, 0x4C, 0x41, 0x59, 0x45, 0x52, 0x20, 0x31, 0x00, 0x00, 0x00, 0x00
	.byte 0x50, 0x4C, 0x41, 0x59, 0x45, 0x52, 0x20, 0x32, 0x00, 0x00, 0x00, 0x00, 0x50, 0x4C, 0x41, 0x59
	.byte 0x45, 0x52, 0x20, 0x33, 0x00, 0x00, 0x00, 0x00, 0x50, 0x4C, 0x41, 0x59, 0x45, 0x52, 0x20, 0x34
	.byte 0x00, 0x00, 0x00, 0x00, 0x50, 0x4C, 0x45, 0x41, 0x53, 0x45, 0x20, 0x54, 0x55, 0x52, 0x4E, 0x20
	.byte 0x4F, 0x46, 0x46, 0x20, 0x59, 0x4F, 0x55, 0x52, 0x00, 0x00, 0x00, 0x00, 0x47, 0x41, 0x4D, 0x45
	.byte 0x20, 0x42, 0x4F, 0x59, 0x26, 0x20, 0x41, 0x44, 0x56, 0x41, 0x4E, 0x43, 0x45, 0x00, 0x00, 0x00
	.byte 0x50, 0x49, 0x54, 0x20, 0x53, 0x54, 0x4F, 0x50, 0x20, 0x4E, 0x45, 0x45, 0x44, 0x45, 0x44, 0x21
	.byte 0x00, 0x00, 0x00, 0x00, 0x20, 0x20, 0x20, 0x20, 0x20, 0x20, 0x20, 0x20, 0x20, 0x20, 0x20, 0x20
	.byte 0x20, 0x20, 0x20, 0x20, 0x00, 0x00, 0x00, 0x00, 0x50, 0x4F, 0x53, 0x00, 0x20, 0x20, 0x20, 0x20
	.byte 0x20, 0x20, 0x20, 0x20, 0x20, 0x20, 0x20, 0x20, 0x00, 0x00, 0x00, 0x00, 0x4C, 0x41, 0x50, 0x00
	.byte 0x54, 0x49, 0x4D, 0x45, 0x3A, 0x00, 0x00, 0x00, 0x42, 0x45, 0x53, 0x54, 0x3A, 0x00, 0x00, 0x00
	.byte 0x30, 0x31, 0x32, 0x33, 0x34, 0x00, 0x00, 0x00, 0x20, 0x00, 0x00, 0x00, 0x20, 0x20, 0x20, 0x20
	.byte 0x20, 0x20, 0x20, 0x20, 0x20, 0x20, 0x20, 0x20, 0x20, 0x20, 0x20, 0x20, 0x20, 0x20, 0x20, 0x20
	.byte 0x20, 0x20, 0x20, 0x20, 0x20, 0x20, 0x20, 0x20, 0x20, 0x20, 0x00, 0x00, 0x4F, 0x4B, 0x00, 0x00
	.byte 0x44, 0x41, 0x4D, 0x41, 0x47, 0x45, 0x3A, 0x00, 0x46, 0x55, 0x45, 0x4C, 0x20, 0x20, 0x3A, 0x00
	.byte 0x54, 0x49, 0x52, 0x45, 0x53, 0x20, 0x3A, 0x00, 0x4E, 0x4F, 0x4E, 0x45, 0x20, 0x20, 0x20, 0x20
	.byte 0x20, 0x00, 0x00, 0x00, 0x52, 0x49, 0x47, 0x48, 0x54, 0x20, 0x32, 0x20, 0x20, 0x00, 0x00, 0x00
	.byte 0x4C, 0x45, 0x46, 0x54, 0x20, 0x32, 0x20, 0x20, 0x20, 0x00, 0x00, 0x00, 0x41, 0x4C, 0x4C, 0x20
	.byte 0x54, 0x49, 0x52, 0x45, 0x53, 0x00, 0x00, 0x00, 0x4E, 0x4F, 0x4E, 0x45, 0x20, 0x20, 0x20, 0x20
	.byte 0x20, 0x20, 0x20, 0x20, 0x20, 0x20, 0x20, 0x00, 0x53, 0x50, 0x4C, 0x41, 0x53, 0x48, 0x20, 0x41
	.byte 0x4E, 0x44, 0x20, 0x44, 0x41, 0x53, 0x48, 0x00, 0x46, 0x55, 0x4C, 0x4C, 0x20, 0x54, 0x41, 0x4E
	.byte 0x4B, 0x20, 0x20, 0x20, 0x20, 0x20, 0x20, 0x00, 0x4E, 0x4F, 0x20, 0x52, 0x45, 0x50, 0x41, 0x49
	.byte 0x52, 0x00, 0x00, 0x00, 0x52, 0x45, 0x50, 0x41, 0x49, 0x52, 0x20, 0x20, 0x20, 0x00, 0x00, 0x00
	.byte 0x20, 0x20, 0x20, 0x20, 0x20, 0x20, 0x20, 0x20, 0x00, 0x00, 0x00, 0x00, 0x20, 0x20, 0x20, 0x20
	.byte 0x20, 0x20, 0x20, 0x20, 0x20, 0x20, 0x20, 0x20, 0x20, 0x20, 0x20, 0x20, 0x20, 0x20, 0x20, 0x20
	.byte 0x20, 0x20, 0x20, 0x00, 0x20, 0x20, 0x20, 0x20, 0x20, 0x20, 0x20, 0x20, 0x20, 0x20, 0x20, 0x20
	.byte 0x20, 0x20, 0x20, 0x20, 0x20, 0x20, 0x20, 0x20, 0x20, 0x20, 0x20, 0x20, 0x20, 0x20, 0x20, 0x00
	.byte 0x50, 0x49, 0x54, 0x20, 0x4D, 0x45, 0x4E, 0x55, 0x00, 0x00, 0x00, 0x00, 0x20, 0x20, 0x20, 0x20
	.byte 0x20, 0x20, 0x20, 0x20, 0x20, 0x20, 0x20, 0x20, 0x20, 0x20, 0x20, 0x20, 0x20, 0x20, 0x00, 0x00
	.byte 0x54, 0x49, 0x4D, 0x45, 0x52, 0x00, 0x00, 0x00, 0x4D, 0x50, 0x48, 0x00, 0x20, 0x20, 0x20, 0x20
	.byte 0x20, 0x20, 0x00, 0x00, 0x20, 0x20, 0x20, 0x20, 0x20, 0x20, 0x20, 0x20, 0x20, 0x00, 0x00, 0x00
	.byte 0x20, 0x20, 0x20, 0x20, 0x20, 0x20, 0x20, 0x20, 0x20, 0x20, 0x20, 0x20, 0x20, 0x20, 0x20, 0x20
	.byte 0x00, 0x00, 0x00, 0x00, 0x44, 0x45, 0x4D, 0x4F, 0x00, 0x00, 0x00, 0x00, 0x44, 0x45, 0x4D, 0x4F
	.byte 0x20, 0x4D, 0x4F, 0x44, 0x45, 0x00, 0x00, 0x00, 0x20, 0x20, 0x20, 0x20, 0x20, 0x20, 0x20, 0x20
	.byte 0x20, 0x00, 0x00, 0x00, 0x4F, 0x55, 0x54, 0x20, 0x4F, 0x46, 0x20, 0x54, 0x49, 0x4D, 0x45, 0x00
	.byte 0x20, 0x20, 0x20, 0x20, 0x20, 0x20, 0x20, 0x20, 0x20, 0x20, 0x20, 0x20, 0x20, 0x20, 0x00, 0x00
	.byte 0x52, 0x45, 0x41, 0x52, 0x52, 0x49, 0x47, 0x48, 0x54, 0x00, 0x00, 0x00, 0x52, 0x45, 0x41, 0x52
	.byte 0x4C, 0x45, 0x46, 0x54, 0x00, 0x00, 0x00, 0x00, 0x46, 0x52, 0x4F, 0x4E, 0x54, 0x52, 0x49, 0x47
	.byte 0x48, 0x54, 0x00, 0x00, 0x46, 0x52, 0x4F, 0x4E, 0x54, 0x4C, 0x45, 0x46, 0x54, 0x00, 0x00, 0x00
	.byte 0x52, 0x49, 0x47, 0x48, 0x54, 0x00, 0x00, 0x00, 0x4C, 0x45, 0x46, 0x54, 0x00, 0x00, 0x00, 0x00
	.byte 0x46, 0x52, 0x4F, 0x4E, 0x54, 0x00, 0x00, 0x00, 0x42, 0x41, 0x43, 0x4B, 0x00, 0x00, 0x00, 0x00
	.byte 0x1F, 0x7E, 0x4B, 0x2D, 0x4A, 0x2D, 0x2A, 0x29, 0x2A, 0x29, 0xEF, 0x45, 0xEF, 0x45, 0xCE, 0x41
	.byte 0xAD, 0x3D, 0x1B, 0x5F, 0xB7, 0x56, 0x53, 0x4E, 0x6B, 0x31, 0x11, 0x46, 0xAE, 0x35, 0xF0, 0x3D
	.byte 0x1F, 0x7E, 0x4B, 0x2D, 0x4A, 0x2D, 0x2A, 0x29, 0x2A, 0x29, 0x4B, 0x2D, 0x4A, 0x2D, 0x2A, 0x29
	.byte 0x2A, 0x29, 0xFF, 0x7F, 0x19, 0x67, 0x32, 0x4A, 0x2B, 0x29, 0x4C, 0x2D, 0x4B, 0x29, 0x4C, 0x2D
	.byte 0x1F, 0x7C, 0x94, 0x52, 0x31, 0x46, 0x6B, 0x2D, 0x28, 0x21, 0xC5, 0x14, 0x84, 0x10, 0x63, 0x0C
	.byte 0x00, 0x00, 0x00, 0x7C, 0x00, 0x7C, 0x00, 0x7C, 0x00, 0x7C, 0x00, 0x7C, 0x00, 0x7C, 0x00, 0x7C
	.byte 0x7F, 0x7D, 0xFF, 0x7F, 0x17, 0x5F, 0x0F, 0x3E, 0x07, 0x1D, 0xA5, 0x14, 0x63, 0x0C, 0xFA, 0x3D
	.byte 0x1F, 0x00, 0x19, 0x00, 0x0D, 0x00, 0x00, 0x7C, 0x00, 0x7C, 0x00, 0x7C, 0x00, 0x7C, 0x00, 0x7C
	.byte 0x5F, 0x7E, 0x1B, 0x00, 0xFD, 0x3D, 0xFF, 0x7F, 0x9C, 0x73, 0x18, 0x63, 0x94, 0x52, 0x31, 0x46
	.byte 0xAD, 0x35, 0x29, 0x25, 0xC6, 0x18, 0x63, 0x0C, 0x80, 0x01, 0x20, 0x01, 0x2B, 0x04, 0x13, 0x00
	.byte 0x5F, 0x7E, 0x18, 0x00, 0xDC, 0x39, 0xBF, 0x77, 0x5C, 0x63, 0xD9, 0x52, 0x56, 0x42, 0xD3, 0x2D
	.byte 0x72, 0x25, 0xF1, 0x18, 0xAA, 0x14, 0x63, 0x0C, 0x80, 0x01, 0x20, 0x01, 0x06, 0x00, 0x0F, 0x00
	.byte 0x5F, 0x7E, 0xDF, 0x03, 0x7A, 0x3F, 0xD9, 0x7F, 0x56, 0x73, 0xD3, 0x66, 0x70, 0x5A, 0xED, 0x4D
	.byte 0x6A, 0x41, 0x29, 0x35, 0xC6, 0x20, 0x63, 0x0C, 0x80, 0x01, 0x20, 0x01, 0xD6, 0x05, 0xFB, 0x02
	.byte 0x5F, 0x7E, 0x92, 0x7D, 0x98, 0x7A, 0xBF, 0x77, 0x1C, 0x63, 0x78, 0x52, 0xF5, 0x3D, 0x8F, 0x39
	.byte 0x29, 0x31, 0xE7, 0x24, 0xA5, 0x18, 0x63, 0x0C, 0x80, 0x01, 0x20, 0x01, 0x2D, 0x5D, 0x92, 0x7D
	.byte 0x5F, 0x7E, 0x20, 0x6E, 0xAE, 0x5E, 0xFD, 0x73, 0x98, 0x63, 0x14, 0x4F, 0x8F, 0x3E, 0x0D, 0x3A
	.byte 0x8A, 0x31, 0x08, 0x29, 0xC5, 0x1C, 0x63, 0x0C, 0x80, 0x01, 0x20, 0x01, 0xE0, 0x2C, 0x60, 0x49
	.byte 0x3E, 0x64, 0x2F, 0x05, 0x0D, 0x05, 0xEB, 0x04, 0xA8, 0x04, 0xA5, 0x14, 0xE6, 0x14, 0x26, 0x11
	.byte 0x66, 0x0D, 0xA6, 0x09, 0xE7, 0x05, 0x08, 0x25, 0x6B, 0x35, 0xCE, 0x41, 0x10, 0x4A, 0x52, 0x52
	.byte 0x1F, 0x7E, 0xA6, 0x05, 0x86, 0x09, 0x66, 0x0D, 0x26, 0x11, 0xEF, 0x45, 0xEF, 0x45, 0xCE, 0x41
	.byte 0xAD, 0x3D, 0x1B, 0x5F, 0xB7, 0x56, 0x53, 0x4E, 0x6B, 0x31, 0x11, 0x46, 0xAE, 0x35, 0xF0, 0x3D
	.byte 0x00, 0x7C, 0x00, 0x7C, 0x00, 0x7C, 0x00, 0x7C, 0x00, 0x7C, 0x00, 0x7C, 0x00, 0x7C, 0x00, 0x7C
	.byte 0x00, 0x7C, 0x00, 0x7C, 0x00, 0x7C, 0x00, 0x7C, 0x00, 0x7C, 0x00, 0x7C, 0x00, 0x7C, 0x00, 0x7C
	.byte 0x00, 0x7C, 0x00, 0x7C, 0x00, 0x7C, 0x00, 0x7C, 0x00, 0x7C, 0x00, 0x7C, 0x00, 0x7C, 0x00, 0x7C
	.byte 0x00, 0x7C, 0x00, 0x7C, 0x00, 0x7C, 0x00, 0x7C, 0x00, 0x7C, 0x00, 0x7C, 0x00, 0x7C, 0x00, 0x7C
	.byte 0x00, 0x7C, 0x00, 0x7C, 0x00, 0x7C, 0x00, 0x7C, 0x00, 0x7C, 0x00, 0x7C, 0x00, 0x7C, 0x00, 0x7C
	.byte 0x00, 0x7C, 0x00, 0x7C, 0x00, 0x7C, 0x00, 0x7C, 0x00, 0x7C, 0x00, 0x7C, 0x00, 0x7C, 0x00, 0x7C
	.byte 0x00, 0x7C, 0x00, 0x7C, 0x00, 0x7C, 0x00, 0x7C, 0x00, 0x7C, 0x00, 0x7C, 0x00, 0x7C, 0x00, 0x7C
	.byte 0x00, 0x7C, 0x00, 0x7C, 0x00, 0x7C, 0x00, 0x7C, 0x00, 0x7C, 0x00, 0x7C, 0x00, 0x7C, 0x00, 0x7C
	.byte 0x00, 0x7C, 0x00, 0x7C, 0x00, 0x7C, 0x00, 0x7C, 0x00, 0x7C, 0x00, 0x7C, 0x00, 0x7C, 0x00, 0x7C
	.byte 0x00, 0x7C, 0x00, 0x7C, 0x00, 0x7C, 0x00, 0x7C, 0x00, 0x7C, 0x00, 0x7C, 0x00, 0x7C, 0x00, 0x7C
	.byte 0x00, 0x01, 0x00, 0x01, 0x00, 0x01, 0x00, 0x01, 0x00, 0x01, 0x00, 0x01, 0x00, 0x01, 0x00, 0x01
	.byte 0x00, 0x01, 0x00, 0x01, 0x00, 0x01, 0x00, 0x01, 0x00, 0x01, 0x00, 0x01, 0x00, 0x01, 0x00, 0x01
	.byte 0x00, 0x01, 0x00, 0x01, 0x00, 0x01, 0x00, 0x01, 0x00, 0x01, 0x00, 0x01, 0x00, 0x01, 0x00, 0x01
	.byte 0x00, 0x01, 0x00, 0x01, 0x00, 0x01, 0x00, 0x01, 0x00, 0x01, 0x00, 0x01, 0x00, 0x01, 0x00, 0x01
	.byte 0x00, 0x01, 0x00, 0x01, 0x00, 0x01, 0x00, 0x01, 0x00, 0x01, 0x00, 0x01, 0x00, 0x01, 0x00, 0x01
	.byte 0x00, 0x01, 0x00, 0x01, 0x00, 0x01, 0x00, 0x01, 0x00, 0x01, 0x00, 0x01, 0x00, 0x01, 0x00, 0x01
	.byte 0x00, 0x01, 0x00, 0x01, 0x00, 0x01, 0x00, 0x01, 0x00, 0x01, 0x00, 0x01, 0x00, 0x01, 0x00, 0x01
	.byte 0x00, 0x01, 0x00, 0x01, 0x00, 0x01, 0x00, 0x01, 0x00, 0x01, 0x00, 0x01, 0x00, 0x02, 0x03, 0x02
	.byte 0x03, 0x02, 0x03, 0x02, 0x03, 0x02, 0x03, 0x02, 0x03, 0x02, 0x03, 0x02, 0x03, 0x02, 0x03, 0x02
	.byte 0x03, 0x02, 0x03, 0x02, 0x03, 0x02, 0x03, 0x02, 0x03, 0x02, 0x03, 0x02, 0x03, 0x02, 0x03, 0x02
	.byte 0x03, 0x02, 0x03, 0x02, 0x03, 0x02, 0x03, 0x02, 0x03, 0x02, 0x03, 0x02, 0x03, 0x02, 0x03, 0x02
	.byte 0x03, 0x02, 0x03, 0x02, 0x03, 0x02, 0x03, 0x02, 0x03, 0x02, 0x03, 0x02, 0x03, 0x02, 0x03, 0x02
	.byte 0x03, 0x02, 0x03, 0x02, 0x03, 0x02, 0x03, 0x02, 0x03, 0x02, 0x03, 0x02, 0x03, 0x02, 0x03, 0x02
	.byte 0x03, 0x02, 0x03, 0x02, 0x03, 0x02, 0x03, 0x02, 0x03, 0x02, 0x03, 0x02, 0x03, 0x02, 0x03, 0x02
	.byte 0x03, 0x02, 0x03, 0x02, 0x03, 0x02, 0x03, 0x02, 0x03, 0x02, 0x03, 0x02, 0x03, 0x02, 0x03, 0x02
	.byte 0x03, 0x02, 0x03, 0x02, 0x03, 0x02, 0x03, 0x02, 0x03, 0x02, 0x00, 0x00, 0x01, 0x01, 0x00, 0x01
	.byte 0x00, 0x01, 0x00, 0x01, 0x00, 0x01, 0x00, 0x01, 0x00, 0x01, 0x00, 0x01, 0x00, 0x01, 0x00, 0x01
	.byte 0x00, 0x01, 0x00, 0x01, 0x00, 0x01, 0x00, 0x01, 0x00, 0x01, 0x00, 0x01, 0x00, 0x01, 0x00, 0x01
	.byte 0x00, 0x01, 0x00, 0x01, 0x00, 0x01, 0x00, 0x01, 0x00, 0x01, 0x00, 0x01, 0x00, 0x01, 0x00, 0x01
	.byte 0x00, 0x01, 0x00, 0x01, 0x00, 0x01, 0x00, 0x01, 0x00, 0x01, 0x00, 0x01, 0x00, 0x01, 0x00, 0x01
	.byte 0x00, 0x01, 0x00, 0x01, 0x00, 0x01, 0x00, 0x01, 0x00, 0x01, 0x00, 0x01, 0x00, 0x01, 0x00, 0x01
	.byte 0x00, 0x01, 0x00, 0x01, 0x00, 0x01, 0x00, 0x01, 0x00, 0x01, 0x00, 0x01, 0x00, 0x01, 0x00, 0x01
	.byte 0x00, 0x01, 0x00, 0x01, 0x00, 0x01, 0x00, 0x01, 0x00, 0x01, 0x00, 0x01, 0x00, 0x01, 0x00, 0x01
	.byte 0x00, 0x01, 0x00, 0x01, 0x00, 0x01, 0x00, 0x02, 0x02, 0x03, 0x03, 0x02, 0x03, 0x02, 0x03, 0x02
	.byte 0x03, 0x02, 0x03, 0x02, 0x03, 0x02, 0x03, 0x02, 0x03, 0x02, 0x03, 0x02, 0x03, 0x02, 0x03, 0x02
	.byte 0x03, 0x02, 0x03, 0x02, 0x03, 0x02, 0x03, 0x02, 0x03, 0x02, 0x03, 0x02, 0x03, 0x02, 0x03, 0x02
	.byte 0x03, 0x02, 0x03, 0x02, 0x03, 0x02, 0x03, 0x02, 0x03, 0x02, 0x03, 0x02, 0x03, 0x02, 0x03, 0x02
	.byte 0x03, 0x02, 0x03, 0x02, 0x03, 0x02, 0x03, 0x02, 0x03, 0x02, 0x03, 0x02, 0x03, 0x02, 0x03, 0x02
	.byte 0x03, 0x02, 0x03, 0x02, 0x03, 0x02, 0x03, 0x02, 0x03, 0x02, 0x03, 0x02, 0x03, 0x02, 0x03, 0x02
	.byte 0x03, 0x02, 0x03, 0x02, 0x03, 0x02, 0x03, 0x02, 0x03, 0x02, 0x03, 0x02, 0x03, 0x02, 0x03, 0x02
	.byte 0x03, 0x02, 0x03, 0x02, 0x03, 0x02, 0x03, 0x02, 0x03, 0x02, 0x03, 0x02, 0x03, 0x02, 0x03, 0x02
	.byte 0x03, 0x02, 0x03, 0x02, 0x00, 0x01, 0x00, 0x01, 0x00, 0x01, 0x00, 0x01, 0x00, 0x01, 0x00, 0x01
	.byte 0x00, 0x01, 0x00, 0x01, 0x00, 0x01, 0x00, 0x01, 0x00, 0x01, 0x00, 0x01, 0x00, 0x01, 0x00, 0x01
	.byte 0x00, 0x01, 0x00, 0x01, 0x00, 0x01, 0x00, 0x01, 0x00, 0x01, 0x00, 0x01, 0x00, 0x01, 0x00, 0x01
	.byte 0x00, 0x01, 0x00, 0x01, 0x00, 0x01, 0x00, 0x01, 0x00, 0x01, 0x00, 0x01, 0x00, 0x01, 0x00, 0x01
	.byte 0x00, 0x01, 0x00, 0x01, 0x00, 0x01, 0x00, 0x01, 0x00, 0x01, 0x00, 0x01, 0x00, 0x01, 0x00, 0x01
	.byte 0x00, 0x01, 0x00, 0x01, 0x00, 0x01, 0x00, 0x01, 0x00, 0x01, 0x00, 0x01, 0x00, 0x01, 0x00, 0x01
	.byte 0x00, 0x01, 0x00, 0x01, 0x00, 0x01, 0x00, 0x01, 0x00, 0x01, 0x00, 0x01, 0x00, 0x01, 0x00, 0x01
	.byte 0x00, 0x01, 0x00, 0x01, 0x00, 0x01, 0x00, 0x01, 0x00, 0x01, 0x00, 0x01, 0x00, 0x01, 0x00, 0x01
	.byte 0x00, 0x02, 0x03, 0x02, 0x03, 0x02, 0x03, 0x02, 0x03, 0x02, 0x03, 0x02, 0x03, 0x02, 0x03, 0x02
	.byte 0x03, 0x02, 0x03, 0x02, 0x03, 0x02, 0x03, 0x02, 0x03, 0x02, 0x03, 0x02, 0x03, 0x02, 0x03, 0x02
	.byte 0x03, 0x02, 0x03, 0x02, 0x03, 0x02, 0x03, 0x02, 0x03, 0x02, 0x03, 0x02, 0x03, 0x02, 0x03, 0x02
	.byte 0x03, 0x02, 0x03, 0x02, 0x03, 0x02, 0x03, 0x02, 0x03, 0x02, 0x03, 0x02, 0x03, 0x02, 0x03, 0x02
	.byte 0x03, 0x02, 0x03, 0x02, 0x03, 0x02, 0x03, 0x02, 0x03, 0x02, 0x03, 0x02, 0x03, 0x02, 0x03, 0x02
	.byte 0x03, 0x02, 0x03, 0x02, 0x03, 0x02, 0x03, 0x02, 0x03, 0x02, 0x03, 0x02, 0x03, 0x02, 0x03, 0x02
	.byte 0x03, 0x02, 0x03, 0x02, 0x03, 0x02, 0x03, 0x02, 0x03, 0x02, 0x03, 0x02, 0x03, 0x02, 0x03, 0x02
	.byte 0x03, 0x02, 0x03, 0x02, 0x03, 0x02, 0x03, 0x02, 0x03, 0x02, 0x03, 0x02, 0x03, 0x02, 0x00, 0x01
	.byte 0x00, 0x01, 0x00, 0x01, 0x00, 0x01, 0x00, 0x01, 0x00, 0x01, 0x00, 0x01, 0x00, 0x01, 0x00, 0x01
	.byte 0x00, 0x01, 0x00, 0x01, 0x00, 0x01, 0x00, 0x01, 0x00, 0x01, 0x00, 0x01, 0x00, 0x01, 0x00, 0x01
	.byte 0x00, 0x01, 0x00, 0x01, 0x00, 0x01, 0x00, 0x01, 0x00, 0x01, 0x00, 0x01, 0x00, 0x01, 0x00, 0x01
	.byte 0x00, 0x01, 0x00, 0x01, 0x00, 0x01, 0x00, 0x01, 0x00, 0x01, 0x00, 0x01, 0x00, 0x01, 0x00, 0x01
	.byte 0x00, 0x01, 0x00, 0x01, 0x00, 0x01, 0x00, 0x01, 0x00, 0x01, 0x00, 0x01, 0x00, 0x01, 0x00, 0x01
	.byte 0x00, 0x01, 0x00, 0x01, 0x00, 0x01, 0x00, 0x01, 0x00, 0x01, 0x00, 0x01, 0x00, 0x01, 0x00, 0x01
	.byte 0x00, 0x01, 0x00, 0x01, 0x00, 0x01, 0x00, 0x01, 0x00, 0x01, 0x00, 0x01, 0x00, 0x01, 0x00, 0x01
	.byte 0x00, 0x01, 0x00, 0x01, 0x00, 0x01, 0x00, 0x01, 0x00, 0x01, 0x00, 0x02, 0x03, 0x02, 0x03, 0x02
	.byte 0x03, 0x02, 0x03, 0x02, 0x03, 0x02, 0x03, 0x02, 0x03, 0x02, 0x03, 0x02, 0x03, 0x02, 0x03, 0x02
	.byte 0x03, 0x02, 0x03, 0x02, 0x03, 0x02, 0x03, 0x02, 0x03, 0x02, 0x03, 0x02, 0x03, 0x02, 0x03, 0x02
	.byte 0x03, 0x02, 0x03, 0x02, 0x03, 0x02, 0x03, 0x02, 0x03, 0x02, 0x03, 0x02, 0x03, 0x02, 0x03, 0x02
	.byte 0x03, 0x02, 0x03, 0x02, 0x03, 0x02, 0x03, 0x02, 0x03, 0x02, 0x03, 0x02, 0x03, 0x02, 0x03, 0x02
	.byte 0x03, 0x02, 0x03, 0x02, 0x03, 0x02, 0x03, 0x02, 0x03, 0x02, 0x03, 0x02, 0x03, 0x02, 0x03, 0x02
	.byte 0x03, 0x02, 0x03, 0x02, 0x03, 0x02, 0x03, 0x02, 0x03, 0x02, 0x03, 0x02, 0x03, 0x02, 0x03, 0x02
	.byte 0x03, 0x02, 0x03, 0x02, 0x03, 0x02, 0x03, 0x02, 0x03, 0x02, 0x03, 0x02, 0x03, 0x02, 0x03, 0x02
	.byte 0x03, 0x02, 0x03, 0x02, 0x03, 0x02, 0x03, 0x02, 0x00, 0x01, 0x00, 0x01, 0x00, 0x01, 0x00, 0x01
	.byte 0x00, 0x01, 0x00, 0x01, 0x00, 0x01, 0x00, 0x01, 0x00, 0x01, 0x00, 0x01, 0x00, 0x01, 0x00, 0x01
	.byte 0x00, 0x01, 0x00, 0x01, 0x00, 0x01, 0x00, 0x01, 0x00, 0x01, 0x00, 0x01, 0x00, 0x01, 0x00, 0x01
	.byte 0x00, 0x01, 0x00, 0x01, 0x00, 0x01, 0x00, 0x01, 0x00, 0x01, 0x00, 0x01, 0x00, 0x01, 0x00, 0x01
	.byte 0x00, 0x01, 0x00, 0x01, 0x00, 0x01, 0x00, 0x01, 0x00, 0x01, 0x00, 0x01, 0x00, 0x01, 0x00, 0x01
	.byte 0x00, 0x01, 0x00, 0x01, 0x00, 0x01, 0x00, 0x01, 0x00, 0x01, 0x00, 0x01, 0x00, 0x01, 0x00, 0x01
	.byte 0x00, 0x01, 0x00, 0x01, 0x00, 0x01, 0x00, 0x01, 0x00, 0x01, 0x00, 0x01, 0x00, 0x01, 0x00, 0x01
	.byte 0x00, 0x01, 0x00, 0x01, 0x00, 0x01, 0x00, 0x01, 0x00, 0x01, 0x00, 0x01, 0x00, 0x01, 0x00, 0x01
	.byte 0x00, 0x01, 0x00, 0x01, 0x00, 0x02, 0x03, 0x02, 0x03, 0x02, 0x03, 0x02, 0x03, 0x02, 0x03, 0x02
	.byte 0x03, 0x02, 0x03, 0x02, 0x03, 0x02, 0x03, 0x02, 0x03, 0x02, 0x03, 0x02, 0x03, 0x02, 0x03, 0x02
	.byte 0x03, 0x02, 0x03, 0x02, 0x03, 0x02, 0x03, 0x02, 0x03, 0x02, 0x03, 0x02, 0x03, 0x02, 0x03, 0x02
	.byte 0x03, 0x02, 0x03, 0x02, 0x03, 0x02, 0x03, 0x02, 0x03, 0x02, 0x03, 0x02, 0x03, 0x02, 0x03, 0x02
	.byte 0x03, 0x02, 0x03, 0x02, 0x03, 0x02, 0x03, 0x02, 0x03, 0x02, 0x03, 0x02, 0x03, 0x02, 0x03, 0x02
	.byte 0x03, 0x02, 0x03, 0x02, 0x03, 0x02, 0x03, 0x02, 0x03, 0x02, 0x03, 0x02, 0x03, 0x02, 0x03, 0x02
	.byte 0x03, 0x02, 0x03, 0x02, 0x03, 0x02, 0x03, 0x02, 0x03, 0x02, 0x03, 0x02, 0x03, 0x02, 0x03, 0x02
	.byte 0x03, 0x02, 0x03, 0x02, 0x03, 0x02, 0x03, 0x02, 0x03, 0x02, 0x03, 0x02, 0x03, 0x02, 0x03, 0x02
	.byte 0x03, 0x02, 0x00, 0x01, 0x00, 0x01, 0x00, 0x01, 0x00, 0x01, 0x00, 0x01, 0x00, 0x01, 0x00, 0x01
	.byte 0x00, 0x01, 0x00, 0x01, 0x00, 0x01, 0x00, 0x01, 0x00, 0x01, 0x00, 0x01, 0x00, 0x01, 0x00, 0x01
	.byte 0x00, 0x01, 0x00, 0x01, 0x00, 0x01, 0x00, 0x01, 0x00, 0x01, 0x00, 0x01, 0x00, 0x01, 0x00, 0x01
	.byte 0x00, 0x01, 0x00, 0x01, 0x00, 0x01, 0x00, 0x01, 0x00, 0x01, 0x00, 0x01, 0x00, 0x01, 0x00, 0x01
	.byte 0x00, 0x01, 0x00, 0x01, 0x00, 0x01, 0x00, 0x01, 0x00, 0x01, 0x00, 0x01, 0x00, 0x01, 0x00, 0x01
	.byte 0x00, 0x01, 0x00, 0x01, 0x00, 0x01, 0x00, 0x01, 0x00, 0x01, 0x00, 0x01, 0x00, 0x01, 0x00, 0x01
	.byte 0x00, 0x01, 0x00, 0x01, 0x00, 0x01, 0x00, 0x01, 0x00, 0x01, 0x00, 0x01, 0x00, 0x01, 0x00, 0x01
	.byte 0x00, 0x01, 0x00, 0x01, 0x00, 0x01, 0x00, 0x01, 0x00, 0x01, 0x00, 0x01, 0x00, 0x01, 0x00, 0x02
	.byte 0x03, 0x02, 0x03, 0x02, 0x03, 0x02, 0x03, 0x02, 0x03, 0x02, 0x03, 0x02, 0x03, 0x02, 0x03, 0x02
	.byte 0x03, 0x02, 0x03, 0x02, 0x03, 0x02, 0x03, 0x02, 0x03, 0x02, 0x03, 0x02, 0x03, 0x02, 0x03, 0x02
	.byte 0x03, 0x02, 0x03, 0x02, 0x03, 0x02, 0x03, 0x02, 0x03, 0x02, 0x03, 0x02, 0x03, 0x02, 0x03, 0x02
	.byte 0x03, 0x02, 0x03, 0x02, 0x03, 0x02, 0x03, 0x02, 0x03, 0x02, 0x03, 0x02, 0x03, 0x02, 0x03, 0x02
	.byte 0x03, 0x02, 0x03, 0x02, 0x03, 0x02, 0x03, 0x02, 0x03, 0x02, 0x03, 0x02, 0x03, 0x02, 0x03, 0x02
	.byte 0x03, 0x02, 0x03, 0x02, 0x03, 0x02, 0x03, 0x02, 0x03, 0x02, 0x03, 0x02, 0x03, 0x02, 0x03, 0x02
	.byte 0x03, 0x02, 0x03, 0x02, 0x03, 0x02, 0x03, 0x02, 0x03, 0x02, 0x03, 0x02, 0x03, 0x02, 0x03, 0x02
	.byte 0x03, 0x02, 0x03, 0x02, 0x03, 0x02, 0x03, 0x02, 0x03, 0x02, 0x03, 0x02, 0x00, 0x01, 0x00, 0x01
	.byte 0x00, 0x01, 0x00, 0x01, 0x00, 0x01, 0x00, 0x01, 0x00, 0x01, 0x00, 0x01, 0x00, 0x01, 0x00, 0x01
	.byte 0x00, 0x01, 0x00, 0x01, 0x00, 0x01, 0x00, 0x01, 0x00, 0x01, 0x00, 0x01, 0x00, 0x01, 0x00, 0x01
	.byte 0x00, 0x01, 0x00, 0x01, 0x00, 0x01, 0x00, 0x01, 0x00, 0x01, 0x00, 0x01, 0x00, 0x01, 0x00, 0x01
	.byte 0x00, 0x01, 0x00, 0x01, 0x00, 0x01, 0x00, 0x01, 0x00, 0x01, 0x00, 0x01, 0x00, 0x01, 0x00, 0x01
	.byte 0x00, 0x01, 0x00, 0x01, 0x00, 0x01, 0x00, 0x01, 0x00, 0x01, 0x00, 0x01, 0x00, 0x01, 0x00, 0x01
	.byte 0x00, 0x01, 0x00, 0x01, 0x00, 0x01, 0x00, 0x01, 0x00, 0x01, 0x00, 0x01, 0x00, 0x01, 0x00, 0x01
	.byte 0x00, 0x01, 0x00, 0x01, 0x00, 0x01, 0x00, 0x01, 0x00, 0x01, 0x00, 0x01, 0x00, 0x01, 0x00, 0x01
	.byte 0x00, 0x01, 0x00, 0x01, 0x00, 0x01, 0x00, 0x01, 0x00, 0x02, 0x03, 0x02, 0x03, 0x02, 0x03, 0x02
	.byte 0x03, 0x02, 0x03, 0x02, 0x03, 0x02, 0x03, 0x02, 0x03, 0x02, 0x03, 0x02, 0x03, 0x02, 0x03, 0x02
	.byte 0x03, 0x02, 0x03, 0x02, 0x03, 0x02, 0x03, 0x02, 0x03, 0x02, 0x03, 0x02, 0x03, 0x02, 0x03, 0x02
	.byte 0x03, 0x02, 0x03, 0x02, 0x03, 0x02, 0x03, 0x02, 0x03, 0x02, 0x03, 0x02, 0x03, 0x02, 0x02, 0x03
	.byte 0x02, 0x03, 0x02, 0x03, 0x02, 0x02, 0x03, 0x02, 0x03, 0x02, 0x03, 0x02, 0x03, 0x02, 0x03, 0x02
	.byte 0x03, 0x02, 0x03, 0x02, 0x03, 0x02, 0x03, 0x02, 0x03, 0x02, 0x03, 0x02, 0x03, 0x02, 0x03, 0x02
	.byte 0x03, 0x02, 0x03, 0x02, 0x03, 0x02, 0x03, 0x02, 0x03, 0x02, 0x03, 0x02, 0x03, 0x02, 0x03, 0x02
	.byte 0x03, 0x02, 0x03, 0x02, 0x03, 0x02, 0x03, 0x02, 0x03, 0x02, 0x03, 0x02, 0x03, 0x02, 0x03, 0x02
	.byte 0x03, 0x02, 0x03, 0x02, 0x03, 0x02, 0x00, 0x01, 0x00, 0x01, 0x00, 0x01, 0x00, 0x01, 0x00, 0x01
	.byte 0x00, 0x01, 0x00, 0x01, 0x00, 0x01, 0x00, 0x01, 0x00, 0x01, 0x00, 0x01, 0x00, 0x01, 0x00, 0x01
	.byte 0x00, 0x01, 0x00, 0x01, 0x00, 0x01, 0x00, 0x01, 0x00, 0x01, 0x00, 0x01, 0x00, 0x01, 0x00, 0x01
	.byte 0x00, 0x01, 0x00, 0x01, 0x00, 0x01, 0x00, 0x01, 0x00, 0x01, 0x00, 0x00, 0x01, 0x02, 0x03, 0x02
	.byte 0x03, 0x02, 0x03, 0x02, 0x00, 0x01, 0x00, 0x01, 0x00, 0x01, 0x00, 0x01, 0x00, 0x01, 0x00, 0x01
	.byte 0x00, 0x01, 0x00, 0x01, 0x00, 0x01, 0x00, 0x01, 0x00, 0x01, 0x00, 0x01, 0x00, 0x01, 0x00, 0x01
	.byte 0x00, 0x01, 0x00, 0x01, 0x00, 0x01, 0x00, 0x01, 0x00, 0x01, 0x00, 0x01, 0x00, 0x01, 0x00, 0x01
	.byte 0x00, 0x01, 0x00, 0x01, 0x00, 0x01, 0x00, 0x01, 0x00, 0x01, 0x00, 0x01, 0x00, 0x01, 0x00, 0x01
	.byte 0x00, 0x01, 0x00, 0x02, 0x03, 0x02, 0x03, 0x02, 0x03, 0x02, 0x03, 0x02, 0x03, 0x02, 0x03, 0x02
	.byte 0x03, 0x02, 0x03, 0x02, 0x03, 0x02, 0x03, 0x02, 0x03, 0x02, 0x03, 0x02, 0x03, 0x02, 0x03, 0x02
	.byte 0x03, 0x02, 0x03, 0x02, 0x03, 0x02, 0x03, 0x02, 0x03, 0x02, 0x03, 0x02, 0x03, 0x02, 0x03, 0x02
	.byte 0x03, 0x02, 0x03, 0x02, 0x03, 0x02, 0x03, 0x02, 0x02, 0x03, 0x00, 0x01, 0x00, 0x01, 0x00, 0x01
	.byte 0x00, 0x02, 0x03, 0x02, 0x03, 0x02, 0x03, 0x02, 0x03, 0x02, 0x03, 0x02, 0x03, 0x02, 0x03, 0x02
	.byte 0x03, 0x02, 0x03, 0x02, 0x03, 0x02, 0x03, 0x02, 0x03, 0x02, 0x03, 0x02, 0x03, 0x02, 0x03, 0x02
	.byte 0x03, 0x02, 0x03, 0x02, 0x03, 0x02, 0x03, 0x02, 0x03, 0x02, 0x03, 0x02, 0x03, 0x02, 0x03, 0x02
	.byte 0x03, 0x02, 0x03, 0x02, 0x03, 0x02, 0x03, 0x02, 0x03, 0x02, 0x03, 0x02, 0x03, 0x02, 0x03, 0x02
	.byte 0x00, 0x01, 0x00, 0x01, 0x00, 0x01, 0x00, 0x01, 0x00, 0x01, 0x00, 0x01, 0x00, 0x01, 0x00, 0x01
	.byte 0x00, 0x01, 0x00, 0x01, 0x00, 0x01, 0x00, 0x01, 0x00, 0x01, 0x00, 0x01, 0x00, 0x01, 0x00, 0x01
	.byte 0x00, 0x01, 0x00, 0x01, 0x00, 0x01, 0x00, 0x01, 0x00, 0x01, 0x00, 0x01, 0x00, 0x02, 0x03, 0x02
	.byte 0x03, 0x02, 0x03, 0x02, 0x00, 0x00, 0x01, 0x02, 0x03, 0x02, 0x03, 0x02, 0x03, 0x02, 0x00, 0x01
	.byte 0x00, 0x01, 0x00, 0x01, 0x00, 0x01, 0x00, 0x01, 0x00, 0x01, 0x00, 0x01, 0x00, 0x01, 0x00, 0x01
	.byte 0x00, 0x01, 0x00, 0x01, 0x00, 0x01, 0x00, 0x01, 0x00, 0x01, 0x00, 0x01, 0x00, 0x01, 0x00, 0x01
	.byte 0x00, 0x01, 0x00, 0x01, 0x00, 0x01, 0x00, 0x01, 0x00, 0x01, 0x00, 0x01, 0x00, 0x01, 0x00, 0x01
	.byte 0x00, 0x01, 0x00, 0x01, 0x00, 0x01, 0x00, 0x01, 0x00, 0x01, 0x00, 0x01, 0x00, 0x02, 0x03, 0x02
	.byte 0x03, 0x02, 0x03, 0x02, 0x03, 0x02, 0x03, 0x02, 0x03, 0x02, 0x03, 0x02, 0x03, 0x02, 0x03, 0x02
	.byte 0x03, 0x02, 0x03, 0x02, 0x03, 0x02, 0x03, 0x02, 0x03, 0x02, 0x03, 0x02, 0x03, 0x02, 0x03, 0x02
	.byte 0x03, 0x02, 0x03, 0x02, 0x03, 0x02, 0x03, 0x02, 0x03, 0x02, 0x02, 0x03, 0x02, 0x03, 0x02, 0x03
	.byte 0x02, 0x02, 0x03, 0x02, 0x00, 0x01, 0x00, 0x01, 0x00, 0x01, 0x00, 0x02, 0x03, 0x02, 0x03, 0x02
	.byte 0x03, 0x02, 0x03, 0x02, 0x03, 0x02, 0x03, 0x02, 0x03, 0x02, 0x03, 0x02, 0x03, 0x02, 0x03, 0x02
	.byte 0x03, 0x02, 0x03, 0x02, 0x03, 0x02, 0x03, 0x02, 0x03, 0x02, 0x03, 0x02, 0x03, 0x02, 0x03, 0x02
	.byte 0x03, 0x02, 0x03, 0x02, 0x03, 0x02, 0x03, 0x02, 0x03, 0x02, 0x03, 0x02, 0x03, 0x02, 0x03, 0x02
	.byte 0x03, 0x02, 0x03, 0x02, 0x03, 0x02, 0x03, 0x02, 0x03, 0x02, 0x00, 0x01, 0x00, 0x01, 0x00, 0x01
	.byte 0x00, 0x01, 0x00, 0x01, 0x00, 0x01, 0x00, 0x01, 0x00, 0x01, 0x00, 0x01, 0x00, 0x01, 0x00, 0x01
	.byte 0x00, 0x01, 0x00, 0x01, 0x00, 0x01, 0x00, 0x01, 0x00, 0x01, 0x00, 0x01, 0x00, 0x01, 0x00, 0x01
	.byte 0x00, 0x01, 0x00, 0x01, 0x00, 0x01, 0x00, 0x00, 0x01, 0x00, 0x01, 0x00, 0x01, 0x00, 0x00, 0x01
	.byte 0x00, 0x01, 0x00, 0x01, 0x04, 0x05, 0x06, 0x07, 0x08, 0x09, 0x0A, 0x0B, 0x0C, 0x0D, 0x0E, 0x03
	.byte 0x00, 0x01, 0x00, 0x01, 0x00, 0x01, 0x00, 0x01, 0x00, 0x01, 0x00, 0x01, 0x00, 0x02, 0x0F, 0x10
	.byte 0x11, 0x12, 0x13, 0x14, 0x15, 0x02, 0x03, 0x01, 0x00, 0x01, 0x00, 0x01, 0x00, 0x01, 0x00, 0x01
	.byte 0x00, 0x01, 0x00, 0x01, 0x00, 0x01, 0x00, 0x01, 0x00, 0x01, 0x00, 0x01, 0x00, 0x01, 0x00, 0x01
	.byte 0x00, 0x01, 0x00, 0x01, 0x00, 0x01, 0x00, 0x02, 0x03, 0x02, 0x03, 0x02, 0x03, 0x02, 0x03, 0x02
	.byte 0x03, 0x02, 0x03, 0x02, 0x03, 0x02, 0x03, 0x02, 0x03, 0x02, 0x03, 0x02, 0x03, 0x02, 0x03, 0x02
	.byte 0x03, 0x02, 0x03, 0x02, 0x03, 0x02, 0x03, 0x02, 0x03, 0x02, 0x03, 0x02, 0x03, 0x02, 0x03, 0x02
	.byte 0x03, 0x02, 0x03, 0x02, 0x02, 0x03, 0x02, 0x03, 0x02, 0x03, 0x02, 0x02, 0x03, 0x02, 0x16, 0x17
	.byte 0x18, 0x19, 0x1A, 0x1B, 0x15, 0x1A, 0x1B, 0x15, 0x1A, 0x1B, 0x15, 0x1C, 0x1D, 0x1E, 0x1F, 0x02
	.byte 0x03, 0x02, 0x03, 0x02, 0x03, 0x02, 0x03, 0x01, 0x00, 0x0F, 0x10, 0x11, 0x12, 0x13, 0x14, 0x15
	.byte 0x1A, 0x20, 0x21, 0x22, 0x03, 0x02, 0x03, 0x02, 0x03, 0x02, 0x03, 0x02, 0x03, 0x02, 0x03, 0x02
	.byte 0x03, 0x02, 0x03, 0x02, 0x03, 0x02, 0x03, 0x02, 0x03, 0x02, 0x03, 0x02, 0x03, 0x02, 0x03, 0x02
	.byte 0x03, 0x02, 0x03, 0x02, 0x00, 0x01, 0x00, 0x01, 0x00, 0x01, 0x00, 0x01, 0x00, 0x01, 0x00, 0x01
	.byte 0x00, 0x01, 0x00, 0x01, 0x00, 0x01, 0x00, 0x01, 0x00, 0x01, 0x00, 0x01, 0x00, 0x01, 0x00, 0x01
	.byte 0x00, 0x01, 0x00, 0x01, 0x00, 0x01, 0x00, 0x01, 0x00, 0x01, 0x00, 0x01, 0x00, 0x01, 0x00, 0x01
	.byte 0x00, 0x00, 0x01, 0x00, 0x01, 0x00, 0x01, 0x00, 0x00, 0x16, 0x10, 0x11, 0x12, 0x23, 0x24, 0x14
	.byte 0x23, 0x14, 0x14, 0x14, 0x14, 0x14, 0x23, 0x14, 0x14, 0x23, 0x25, 0x26, 0x27, 0x1F, 0x00, 0x01
	.byte 0x00, 0x01, 0x00, 0x01, 0x0F, 0x10, 0x11, 0x12, 0x13, 0x14, 0x15, 0x1A, 0x20, 0x21, 0x22, 0x28
	.byte 0x03, 0x01, 0x00, 0x01, 0x00, 0x01, 0x00, 0x01, 0x00, 0x01, 0x00, 0x01, 0x00, 0x01, 0x00, 0x01
	.byte 0x00, 0x01, 0x00, 0x01, 0x00, 0x01, 0x00, 0x01, 0x00, 0x01, 0x00, 0x01, 0x00, 0x01, 0x00, 0x01
	.byte 0x00, 0x02, 0x03, 0x02, 0x03, 0x02, 0x03, 0x02, 0x03, 0x02, 0x03, 0x02, 0x03, 0x02, 0x03, 0x02
	.byte 0x03, 0x02, 0x03, 0x02, 0x03, 0x02, 0x03, 0x02, 0x03, 0x02, 0x03, 0x02, 0x03, 0x02, 0x03, 0x02
	.byte 0x03, 0x02, 0x03, 0x02, 0x03, 0x02, 0x03, 0x02, 0x03, 0x02, 0x03, 0x02, 0x03, 0x02, 0x03, 0x02
	.byte 0x03, 0x02, 0x03, 0x02, 0x16, 0x10, 0x11, 0x12, 0x13, 0x29, 0x14, 0x13, 0x29, 0x2A, 0x13, 0x29
	.byte 0x2A, 0x13, 0x29, 0x2A, 0x13, 0x29, 0x14, 0x13, 0x29, 0x25, 0x26, 0x27, 0x2B, 0x01, 0x00, 0x0F
	.byte 0x10, 0x11, 0x12, 0x13, 0x14, 0x15, 0x15, 0x20, 0x21, 0x22, 0x28, 0x03, 0x03, 0x02, 0x03, 0x02
	.byte 0x03, 0x02, 0x03, 0x02, 0x03, 0x02, 0x03, 0x02, 0x03, 0x02, 0x03, 0x02, 0x03, 0x02, 0x03, 0x02
	.byte 0x03, 0x02, 0x03, 0x02, 0x03, 0x02, 0x03, 0x02, 0x03, 0x02, 0x03, 0x02, 0x03, 0x02, 0x00, 0x01
	.byte 0x00, 0x01, 0x00, 0x01, 0x00, 0x01, 0x00, 0x01, 0x00, 0x01, 0x00, 0x01, 0x00, 0x01, 0x00, 0x01
	.byte 0x00, 0x01, 0x00, 0x01, 0x00, 0x01, 0x00, 0x01, 0x00, 0x01, 0x00, 0x01, 0x00, 0x01, 0x00, 0x01
	.byte 0x00, 0x01, 0x00, 0x01, 0x00, 0x01, 0x00, 0x01, 0x00, 0x01, 0x00, 0x01, 0x00, 0x01, 0x00, 0x2C
	.byte 0x2D, 0x2E, 0x12, 0x1A, 0x1B, 0x14, 0x1A, 0x2F, 0x30, 0x31, 0x32, 0x33, 0x34, 0x34, 0x35, 0x36
	.byte 0x37, 0x38, 0x39, 0x3A, 0x15, 0x14, 0x1B, 0x24, 0x3B, 0x26, 0x27, 0x10, 0x11, 0x12, 0x1A, 0x14
	.byte 0x15, 0x1A, 0x20, 0x21, 0x22, 0x28, 0x03, 0x01, 0x00, 0x01, 0x00, 0x01, 0x00, 0x01, 0x00, 0x01
	.byte 0x00, 0x01, 0x00, 0x01, 0x00, 0x01, 0x00, 0x01, 0x00, 0x01, 0x00, 0x01, 0x00, 0x01, 0x00, 0x01
	.byte 0x00, 0x01, 0x00, 0x01, 0x00, 0x01, 0x00, 0x01, 0x00, 0x01, 0x00, 0x02, 0x03, 0x02, 0x03, 0x02
	.byte 0x03, 0x02, 0x03, 0x02, 0x03, 0x02, 0x03, 0x02, 0x03, 0x02, 0x03, 0x02, 0x03, 0x02, 0x03, 0x02
	.byte 0x03, 0x02, 0x03, 0x02, 0x03, 0x02, 0x03, 0x02, 0x03, 0x02, 0x03, 0x02, 0x03, 0x02, 0x03, 0x02
	.byte 0x03, 0x02, 0x02, 0x03, 0x02, 0x03, 0x02, 0x03, 0x02, 0x02, 0x03, 0x3C, 0x3D, 0x3E, 0x3F, 0x24
	.byte 0x14, 0x23, 0x40, 0x21, 0x22, 0x41, 0x03, 0x02, 0x03, 0x02, 0x03, 0x02, 0x03, 0x02, 0x03, 0x42
	.byte 0x43, 0x44, 0x45, 0x2A, 0x13, 0x14, 0x2A, 0x3B, 0x12, 0x14, 0x1A, 0x14, 0x15, 0x20, 0x21, 0x22
	.byte 0x28, 0x03, 0x03, 0x02, 0x03, 0x02, 0x03, 0x02, 0x03, 0x02, 0x03, 0x02, 0x03, 0x02, 0x03, 0x02
	.byte 0x03, 0x02, 0x03, 0x02, 0x03, 0x02, 0x03, 0x02, 0x03, 0x02, 0x03, 0x02, 0x03, 0x02, 0x03, 0x02
	.byte 0x03, 0x02, 0x03, 0x02, 0x03, 0x02, 0x03, 0x02, 0x00, 0x01, 0x00, 0x01, 0x00, 0x01, 0x00, 0x01
	.byte 0x00, 0x01, 0x00, 0x01, 0x00, 0x01, 0x00, 0x01, 0x00, 0x01, 0x00, 0x01, 0x00, 0x01, 0x00, 0x01
	.byte 0x00, 0x01, 0x00, 0x01, 0x00, 0x01, 0x00, 0x01, 0x00, 0x01, 0x00, 0x01, 0x00, 0x01, 0x00, 0x00
	.byte 0x01, 0x00, 0x01, 0x00, 0x01, 0x00, 0x00, 0x01, 0x46, 0x13, 0x29, 0x14, 0x13, 0x47, 0x21, 0x22
	.byte 0x48, 0x01, 0x00, 0x01, 0x00, 0x01, 0x00, 0x01, 0x00, 0x01, 0x00, 0x01, 0x00, 0x01, 0x49, 0x43
	.byte 0x44, 0x4A, 0x1A, 0x1B, 0x14, 0x1A, 0x14, 0x14, 0x20, 0x21, 0x22, 0x28, 0x02, 0x4B, 0x4C, 0x4D
	.byte 0x02, 0x03, 0x02, 0x03, 0x02, 0x03, 0x00, 0x01, 0x00, 0x01, 0x00, 0x01, 0x00, 0x01, 0x00, 0x01
	.byte 0x00, 0x01, 0x00, 0x01, 0x00, 0x01, 0x00, 0x01, 0x00, 0x01, 0x00, 0x01, 0x00, 0x01, 0x00, 0x01
	.byte 0x00, 0x01, 0x00, 0x01, 0x00, 0x02, 0x03, 0x02, 0x03, 0x02, 0x03, 0x02, 0x03, 0x02, 0x03, 0x02
	.byte 0x03, 0x02, 0x03, 0x02, 0x03, 0x02, 0x03, 0x02, 0x03, 0x02, 0x03, 0x02, 0x03, 0x02, 0x03, 0x02
	.byte 0x03, 0x02, 0x03, 0x02, 0x03, 0x02, 0x03, 0x02, 0x03, 0x02, 0x03, 0x02, 0x02, 0x03, 0x02, 0x03
	.byte 0x02, 0x03, 0x02, 0x02, 0x4E, 0x4F, 0x15, 0x1A, 0x1B, 0x50, 0x51, 0x28, 0x03, 0x02, 0x03, 0x02
	.byte 0x03, 0x02, 0x03, 0x02, 0x03, 0x02, 0x03, 0x02, 0x03, 0x02, 0x00, 0x0F, 0x10, 0x11, 0x12, 0x14
	.byte 0x13, 0x24, 0x14, 0x14, 0x24, 0x3B, 0x26, 0x27, 0x1F, 0x03, 0x01, 0x02, 0x02, 0x02, 0x01, 0x00
	.byte 0x01, 0x00, 0x01, 0x02, 0x03, 0x02, 0x03, 0x02, 0x03, 0x02, 0x03, 0x02, 0x03, 0x02, 0x03, 0x02
	.byte 0x03, 0x02, 0x03, 0x02, 0x03, 0x02, 0x03, 0x02, 0x03, 0x02, 0x03, 0x02, 0x03, 0x02, 0x03, 0x02
	.byte 0x03, 0x02, 0x00, 0x01, 0x00, 0x01, 0x00, 0x01, 0x00, 0x01, 0x00, 0x01, 0x00, 0x01, 0x00, 0x01
	.byte 0x00, 0x01, 0x00, 0x01, 0x00, 0x01, 0x00, 0x01, 0x00, 0x01, 0x00, 0x01, 0x00, 0x01, 0x00, 0x01
	.byte 0x00, 0x01, 0x00, 0x01, 0x00, 0x01, 0x00, 0x01, 0x00, 0x00, 0x01, 0x00, 0x01, 0x00, 0x01, 0x00
	.byte 0x00, 0x52, 0x53, 0x14, 0x14, 0x54, 0x55, 0x01, 0x00, 0x01, 0x00, 0x01, 0x00, 0x01, 0x00, 0x01
	.byte 0x00, 0x01, 0x00, 0x01, 0x00, 0x02, 0x0F, 0x10, 0x11, 0x12, 0x13, 0x14, 0x13, 0x14, 0x20, 0x45
	.byte 0x2A, 0x13, 0x14, 0x23, 0x25, 0x26, 0x27, 0x1F, 0x03, 0x02, 0x00, 0x4D, 0x4C, 0x56, 0x02, 0x03
	.byte 0x00, 0x01, 0x00, 0x01, 0x00, 0x01, 0x00, 0x01, 0x00, 0x01, 0x00, 0x01, 0x00, 0x01, 0x00, 0x01
	.byte 0x00, 0x01, 0x00, 0x01, 0x00, 0x01, 0x00, 0x01, 0x00, 0x01, 0x00, 0x01, 0x00, 0x01, 0x00, 0x02
	.byte 0x03, 0x02, 0x03, 0x02, 0x03, 0x02, 0x03, 0x02, 0x03, 0x02, 0x03, 0x02, 0x03, 0x02, 0x03, 0x02
	.byte 0x03, 0x02, 0x03, 0x02, 0x03, 0x02, 0x03, 0x02, 0x03, 0x02, 0x03, 0x02, 0x03, 0x02, 0x03, 0x02
	.byte 0x03, 0x02, 0x03, 0x02, 0x03, 0x02, 0x03, 0x02, 0x03, 0x02, 0x03, 0x02, 0x03, 0x02, 0x57, 0x2A
	.byte 0x14, 0x29, 0x58, 0x59, 0x03, 0x02, 0x03, 0x02, 0x03, 0x02, 0x03, 0x02, 0x03, 0x02, 0x03, 0x02
	.byte 0x03, 0x02, 0x10, 0x11, 0x12, 0x15, 0x14, 0x15, 0x1A, 0x20, 0x21, 0x22, 0x43, 0x44, 0x45, 0x29
	.byte 0x14, 0x13, 0x29, 0x25, 0x26, 0x27, 0x1F, 0x03, 0x01, 0x00, 0x01, 0x00, 0x4D, 0x4C, 0x56, 0x02
	.byte 0x03, 0x02, 0x03, 0x02, 0x03, 0x02, 0x03, 0x02, 0x03, 0x02, 0x03, 0x02, 0x03, 0x02, 0x03, 0x02
	.byte 0x03, 0x02, 0x03, 0x02, 0x03, 0x02, 0x03, 0x02, 0x03, 0x02, 0x03, 0x02, 0x00, 0x01, 0x00, 0x01
	.byte 0x00, 0x01, 0x00, 0x01, 0x00, 0x01, 0x00, 0x01, 0x00, 0x01, 0x00, 0x01, 0x00, 0x01, 0x00, 0x01
	.byte 0x00, 0x01, 0x00, 0x01, 0x00, 0x01, 0x00, 0x01, 0x00, 0x01, 0x00, 0x01, 0x00, 0x01, 0x00, 0x01
	.byte 0x00, 0x01, 0x00, 0x01, 0x00, 0x01, 0x00, 0x01, 0x00, 0x01, 0x00, 0x5A, 0x1B, 0x14, 0x1A, 0x5B
	.byte 0x5C, 0x01, 0x00, 0x01, 0x00, 0x01, 0x00, 0x01, 0x00, 0x01, 0x00, 0x01, 0x00, 0x01, 0x00, 0x12
	.byte 0x13, 0x14, 0x15, 0x1A, 0x20, 0x21, 0x22, 0x28, 0x00, 0x01, 0x49, 0x43, 0x44, 0x4A, 0x15, 0x14
	.byte 0x1B, 0x15, 0x25, 0x26, 0x27, 0x1F, 0x02, 0x03, 0x02, 0x03, 0x02, 0x03, 0x02, 0x01, 0x00, 0x01
	.byte 0x00, 0x01, 0x00, 0x01, 0x00, 0x01, 0x00, 0x01, 0x00, 0x01, 0x00, 0x01, 0x00, 0x01, 0x00, 0x01
	.byte 0x00, 0x01, 0x00, 0x01, 0x00, 0x01, 0x00, 0x01, 0x00, 0x02, 0x03, 0x02, 0x03, 0x02, 0x03, 0x02
	.byte 0x03, 0x02, 0x03, 0x02, 0x03, 0x02, 0x03, 0x02, 0x03, 0x02, 0x03, 0x02, 0x03, 0x02, 0x03, 0x02
	.byte 0x03, 0x02, 0x03, 0x02, 0x03, 0x02, 0x03, 0x02, 0x03, 0x02, 0x03, 0x02, 0x03, 0x02, 0x03, 0x02
	.byte 0x03, 0x02, 0x03, 0x02, 0x03, 0x02, 0x03, 0x02, 0x5D, 0x23, 0x14, 0x14, 0x5E, 0x5C, 0x03, 0x02
	.byte 0x03, 0x02, 0x03, 0x02, 0x03, 0x02, 0x03, 0x02, 0x03, 0x02, 0x03, 0x02, 0x14, 0x15, 0x1A, 0x20
	.byte 0x21, 0x22, 0x28, 0x03, 0x00, 0x02, 0x03, 0x02, 0x03, 0x5F, 0x43, 0x44, 0x45, 0x23, 0x14, 0x14
	.byte 0x23, 0x25, 0x26, 0x27, 0x1F, 0x03, 0x02, 0x02, 0x02, 0x03, 0x03, 0x02, 0x03, 0x02, 0x03, 0x02
	.byte 0x03, 0x02, 0x03, 0x02, 0x03, 0x02, 0x03, 0x02, 0x03, 0x02, 0x03, 0x02, 0x03, 0x02, 0x03, 0x02
	.byte 0x03, 0x02, 0x03, 0x02, 0x03, 0x02, 0x00, 0x01, 0x00, 0x01, 0x00, 0x01, 0x00, 0x01, 0x00, 0x01
	.byte 0x00, 0x01, 0x00, 0x01, 0x00, 0x01, 0x00, 0x01, 0x00, 0x01, 0x00, 0x01, 0x00, 0x01, 0x00, 0x01
	.byte 0x00, 0x01, 0x00, 0x01, 0x00, 0x01, 0x00, 0x01, 0x00, 0x01, 0x00, 0x01, 0x00, 0x01, 0x00, 0x01
	.byte 0x00, 0x01, 0x00, 0x01, 0x00, 0x60, 0x61, 0x14, 0x14, 0x62, 0x63, 0x01, 0x00, 0x01, 0x00, 0x01
	.byte 0x00, 0x01, 0x00, 0x01, 0x00, 0x01, 0x00, 0x01, 0x00, 0x1A, 0x20, 0x21, 0x22, 0x28, 0x03, 0x01
	.byte 0x00, 0x01, 0x00, 0x01, 0x00, 0x01, 0x00, 0x01, 0x49, 0x43, 0x44, 0x45, 0x29, 0x14, 0x13, 0x29
	.byte 0x25, 0x26, 0x27, 0x1F, 0x03, 0x02, 0x01, 0x01, 0x00, 0x01, 0x00, 0x01, 0x00, 0x01, 0x00, 0x01
	.byte 0x00, 0x01, 0x00, 0x01, 0x00, 0x01, 0x00, 0x01, 0x00, 0x01, 0x00, 0x01, 0x00, 0x01, 0x00, 0x01
	.byte 0x00, 0x01, 0x00, 0x02, 0x03, 0x02, 0x03, 0x02, 0x03, 0x02, 0x03, 0x02, 0x03, 0x02, 0x03, 0x02
	.byte 0x03, 0x02, 0x03, 0x02, 0x03, 0x02, 0x03, 0x02, 0x03, 0x02, 0x03, 0x02, 0x03, 0x02, 0x03, 0x02
	.byte 0x03, 0x02, 0x03, 0x02, 0x03, 0x02, 0x03, 0x02, 0x03, 0x02, 0x02, 0x03, 0x02, 0x03, 0x02, 0x03
	.byte 0x02, 0x02, 0x64, 0x65, 0x15, 0x1A, 0x1B, 0x66, 0x67, 0x1F, 0x03, 0x02, 0x03, 0x02, 0x03, 0x02
	.byte 0x03, 0x02, 0x03, 0x02, 0x03, 0x02, 0x21, 0x22, 0x28, 0x03, 0x03, 0x02, 0x03, 0x02, 0x03, 0x02
	.byte 0x03, 0x02, 0x03, 0x02, 0x03, 0x02, 0x03, 0x49, 0x43, 0x44, 0x4A, 0x15, 0x14, 0x1B, 0x15, 0x25
	.byte 0x26, 0x27, 0x1F, 0x03, 0x02, 0x02, 0x02, 0x03, 0x02, 0x03, 0x02, 0x03, 0x02, 0x02, 0x03, 0x02
	.byte 0x01, 0x00, 0x03, 0x02, 0x03, 0x02, 0x03, 0x02, 0x03, 0x02, 0x03, 0x02, 0x03, 0x02, 0x03, 0x02
	.byte 0x00, 0x01, 0x00, 0x01, 0x00, 0x01, 0x00, 0x01, 0x00, 0x01, 0x00, 0x01, 0x00, 0x01, 0x00, 0x01
	.byte 0x00, 0x01, 0x00, 0x01, 0x00, 0x01, 0x00, 0x01, 0x00, 0x01, 0x00, 0x01, 0x00, 0x01, 0x00, 0x01
	.byte 0x00, 0x01, 0x00, 0x01, 0x00, 0x01, 0x00, 0x00, 0x01, 0x00, 0x01, 0x00, 0x01, 0x00, 0x00, 0x01
	.byte 0x68, 0x1B, 0x14, 0x14, 0x24, 0x69, 0x26, 0x67, 0x1F, 0x01, 0x00, 0x01, 0x00, 0x01, 0x00, 0x01
	.byte 0x00, 0x01, 0x00, 0x01, 0x00, 0x01, 0x00, 0x01, 0x00, 0x01, 0x00, 0x01, 0x00, 0x01, 0x00, 0x01
	.byte 0x00, 0x01, 0x00, 0x01, 0x00, 0x01, 0x5F, 0x43, 0x44, 0x45, 0x23, 0x14, 0x14, 0x23, 0x25, 0x26
	.byte 0x27, 0x1F, 0x03, 0x02, 0x01, 0x00, 0x01, 0x00, 0x01, 0x00, 0x00, 0x01, 0x0F, 0x10, 0x11, 0x01
	.byte 0x00, 0x01, 0x00, 0x01, 0x00, 0x01, 0x00, 0x01, 0x00, 0x01, 0x00, 0x01, 0x00, 0x02, 0x03, 0x02
	.byte 0x03, 0x02, 0x03, 0x02, 0x03, 0x02, 0x03, 0x02, 0x03, 0x02, 0x03, 0x02, 0x03, 0x02, 0x03, 0x02
	.byte 0x03, 0x02, 0x03, 0x02, 0x03, 0x02, 0x03, 0x02, 0x03, 0x02, 0x03, 0x02, 0x03, 0x02, 0x03, 0x02
	.byte 0x03, 0x02, 0x03, 0x02, 0x02, 0x03, 0x02, 0x03, 0x02, 0x03, 0x02, 0x02, 0x03, 0x6A, 0x6B, 0x6C
	.byte 0x14, 0x13, 0x14, 0x2A, 0x6D, 0x6E, 0x6F, 0x70, 0x03, 0x02, 0x03, 0x02, 0x03, 0x02, 0x03, 0x02
	.byte 0x03, 0x02, 0x03, 0x02, 0x03, 0x02, 0x03, 0x02, 0x03, 0x02, 0x03, 0x02, 0x03, 0x02, 0x03, 0x02
	.byte 0x03, 0x02, 0x03, 0x02, 0x03, 0x49, 0x43, 0x44, 0x45, 0x29, 0x14, 0x13, 0x29, 0x25, 0x26, 0x27
	.byte 0x1F, 0x03, 0x02, 0x03, 0x02, 0x03, 0x02, 0x0F, 0x10, 0x11, 0x71, 0x13, 0x13, 0x02, 0x03, 0x02
	.byte 0x03, 0x02, 0x03, 0x02, 0x03, 0x02, 0x03, 0x02, 0x03, 0x02, 0x00, 0x01, 0x00, 0x01, 0x00, 0x01
	.byte 0x00, 0x01, 0x00, 0x01, 0x00, 0x01, 0x00, 0x01, 0x00, 0x01, 0x00, 0x01, 0x00, 0x01, 0x00, 0x01
	.byte 0x00, 0x01, 0x00, 0x01, 0x00, 0x01, 0x00, 0x01, 0x00, 0x01, 0x00, 0x01, 0x00, 0x01, 0x00, 0x01
	.byte 0x00, 0x00, 0x01, 0x00, 0x01, 0x00, 0x01, 0x00, 0x00, 0x01, 0x00, 0x72, 0x73, 0x44, 0x4A, 0x3F
	.byte 0x1B, 0x14, 0x1A, 0x74, 0x75, 0x76, 0x00, 0x01, 0x00, 0x01, 0x00, 0x01, 0x00, 0x01, 0x00, 0x01
	.byte 0x00, 0x01, 0x00, 0x01, 0x00, 0x01, 0x00, 0x01, 0x00, 0x01, 0x00, 0x01, 0x00, 0x01, 0x00, 0x01
	.byte 0x00, 0x01, 0x00, 0x01, 0x49, 0x43, 0x44, 0x4A, 0x15, 0x14, 0x1B, 0x15, 0x25, 0x26, 0x27, 0x1F
	.byte 0x00, 0x01, 0x0F, 0x10, 0x11, 0x71, 0x13, 0x14, 0x13, 0x13, 0x13, 0x01, 0x00, 0x01, 0x00, 0x01
	.byte 0x00, 0x01, 0x00, 0x01, 0x00, 0x01, 0x00, 0x02, 0x03, 0x02, 0x03, 0x02, 0x03, 0x02, 0x03, 0x02
	.byte 0x03, 0x02, 0x03, 0x02, 0x03, 0x02, 0x03, 0x02, 0x03, 0x02, 0x03, 0x02, 0x03, 0x02, 0x03, 0x02
	.byte 0x03, 0x02, 0x03, 0x02, 0x03, 0x02, 0x03, 0x02, 0x03, 0x02, 0x03, 0x02, 0x03, 0x02, 0x03, 0x02
	.byte 0x03, 0x02, 0x03, 0x02, 0x03, 0x02, 0x03, 0x02, 0x03, 0x02, 0x5F, 0x43, 0x44, 0x77, 0x2A, 0x14
	.byte 0x14, 0x24, 0x78, 0x79, 0x03, 0x02, 0x03, 0x02, 0x03, 0x02, 0x03, 0x02, 0x03, 0x02, 0x03, 0x02
	.byte 0x03, 0x02, 0x03, 0x02, 0x03, 0x02, 0x03, 0x02, 0x03, 0x02, 0x03, 0x02, 0x03, 0x02, 0x03, 0x02
	.byte 0x03, 0x02, 0x03, 0x5F, 0x43, 0x44, 0x45, 0x23, 0x14, 0x14, 0x23, 0x25, 0x26, 0x27, 0x10, 0x11
	.byte 0x12, 0x1A, 0x14, 0x15, 0x1A, 0x20, 0x21, 0x22, 0x28, 0x02, 0x03, 0x02, 0x03, 0x02, 0x03, 0x02
	.byte 0x03, 0x02, 0x03, 0x02, 0x00, 0x01, 0x00, 0x01, 0x00, 0x01, 0x00, 0x01, 0x00, 0x01, 0x00, 0x01
	.byte 0x00, 0x00, 0x01, 0x00, 0x01, 0x00, 0x00, 0x01, 0x00, 0x01, 0x00, 0x01, 0x00, 0x01, 0x00, 0x01
	.byte 0x00, 0x01, 0x00, 0x01, 0x00, 0x01, 0x00, 0x01, 0x00, 0x01, 0x00, 0x01, 0x00, 0x01, 0x00, 0x01
	.byte 0x00, 0x01, 0x00, 0x01, 0x00, 0x01, 0x00, 0x01, 0x00, 0x5F, 0x7A, 0x7B, 0x7C, 0x14, 0x13, 0x29
	.byte 0x7D, 0x5C, 0x00, 0x01, 0x00, 0x01, 0x00, 0x01, 0x00, 0x01, 0x00, 0x01, 0x00, 0x01, 0x00, 0x01
	.byte 0x00, 0x01, 0x00, 0x01, 0x00, 0x01, 0x00, 0x01, 0x00, 0x01, 0x00, 0x01, 0x00, 0x01, 0x00, 0x01
	.byte 0x00, 0x01, 0x49, 0x43, 0x44, 0x45, 0x29, 0x14, 0x13, 0x29, 0x25, 0x12, 0x14, 0x1A, 0x14, 0x23
	.byte 0x20, 0x21, 0x22, 0x28, 0x02, 0x03, 0x00, 0x01, 0x00, 0x01, 0x00, 0x01, 0x00, 0x01, 0x00, 0x01
	.byte 0x00, 0x02, 0x03, 0x02, 0x03, 0x02, 0x03, 0x02, 0x03, 0x02, 0x03, 0x02, 0x03, 0x00, 0x01, 0x00
	.byte 0x01, 0x00, 0x02, 0x02, 0x03, 0x02, 0x03, 0x02, 0x03, 0x02, 0x03, 0x02, 0x03, 0x02, 0x03, 0x02
	.byte 0x03, 0x02, 0x03, 0x02, 0x03, 0x02, 0x03, 0x02, 0x03, 0x02, 0x03, 0x02, 0x03, 0x02, 0x03, 0x02
	.byte 0x03, 0x02, 0x03, 0x02, 0x03, 0x02, 0x03, 0x02, 0x7E, 0x7F, 0x80, 0x14, 0x14, 0x81, 0x82, 0x02
	.byte 0x03, 0x02, 0x03, 0x02, 0x03, 0x02, 0x03, 0x02, 0x03, 0x02, 0x03, 0x02, 0x03, 0x02, 0x03, 0x02
	.byte 0x03, 0x02, 0x03, 0x02, 0x03, 0x02, 0x03, 0x02, 0x03, 0x02, 0x03, 0x02, 0x03, 0x02, 0x03, 0x02
	.byte 0x03, 0x49, 0x43, 0x44, 0x4A, 0x15, 0x14, 0x1B, 0x15, 0x13, 0x14, 0x20, 0x21, 0x22, 0x28, 0x02
	.byte 0x00, 0x01, 0x00, 0x4C, 0x4D, 0x4C, 0x56, 0x02, 0x03, 0x02, 0x03, 0x02, 0x03, 0x02, 0x00, 0x00
	.byte 0x01, 0x00, 0x01, 0x00, 0x00, 0x01, 0x00, 0x01, 0x00, 0x01, 0x02, 0x03, 0x02, 0x03, 0x02, 0x00
	.byte 0x00, 0x01, 0x00, 0x01, 0x00, 0x01, 0x00, 0x01, 0x00, 0x01, 0x00, 0x01, 0x00, 0x01, 0x00, 0x01
	.byte 0x00, 0x01, 0x00, 0x01, 0x00, 0x01, 0x00, 0x01, 0x00, 0x01, 0x00, 0x01, 0x00, 0x01, 0x00, 0x01
	.byte 0x00, 0x01, 0x00, 0x01, 0x00, 0x01, 0x00, 0x83, 0x14, 0x14, 0x23, 0x84, 0x00, 0x01, 0x00, 0x01
	.byte 0x00, 0x01, 0x00, 0x01, 0x00, 0x01, 0x00, 0x01, 0x00, 0x01, 0x00, 0x01, 0x00, 0x01, 0x00, 0x01
	.byte 0x00, 0x01, 0x00, 0x01, 0x00, 0x01, 0x00, 0x01, 0x00, 0x01, 0x00, 0x01, 0x00, 0x03, 0x0F, 0x10
	.byte 0x11, 0x12, 0x14, 0x13, 0x23, 0x14, 0x14, 0x23, 0x25, 0x26, 0x27, 0x1F, 0x00, 0x02, 0x00, 0x01
	.byte 0x00, 0x00, 0x01, 0x00, 0x00, 0x01, 0x00, 0x01, 0x00, 0x01, 0x00, 0x02, 0x02, 0x03, 0x02, 0x03
	.byte 0x02, 0x01, 0x00, 0x01, 0x00, 0x02, 0x03, 0x00, 0x01, 0x00, 0x01, 0x00, 0x03, 0x02, 0x03, 0x02
	.byte 0x03, 0x02, 0x03, 0x02, 0x03, 0x02, 0x03, 0x02, 0x03, 0x02, 0x03, 0x02, 0x03, 0x02, 0x03, 0x02
	.byte 0x02, 0x0F, 0x10, 0x11, 0x12, 0x13, 0x14, 0x15, 0x02, 0x03, 0x03, 0x02, 0x03, 0x02, 0x03, 0x02
	.byte 0x03, 0x02, 0x03, 0x02, 0x85, 0x13, 0x14, 0x2A, 0x86, 0x02, 0x03, 0x02, 0x03, 0x02, 0x03, 0x02
	.byte 0x03, 0x02, 0x03, 0x02, 0x03, 0x02, 0x03, 0x02, 0x03, 0x02, 0x03, 0x02, 0x03, 0x02, 0x03, 0x02
	.byte 0x03, 0x02, 0x03, 0x02, 0x03, 0x02, 0x03, 0x02, 0x03, 0x0F, 0x10, 0x11, 0x71, 0x13, 0x14, 0x13
	.byte 0x14, 0x20, 0x45, 0x29, 0x14, 0x13, 0x29, 0x25, 0x26, 0x27, 0x1F, 0x02, 0x03, 0x00, 0x01, 0x00
	.byte 0x00, 0x02, 0x03, 0x02, 0x03, 0x02, 0x03, 0x02, 0x00, 0x00, 0x01, 0x00, 0x01, 0x00, 0x03, 0x02
	.byte 0x03, 0x02, 0x00, 0x01, 0x00, 0x5C, 0x04, 0x05, 0x06, 0x07, 0x08, 0x09, 0x0A, 0x0B, 0x0C, 0x0D
	.byte 0x0E, 0x01, 0x00, 0x01, 0x00, 0x01, 0x00, 0x01, 0x00, 0x01, 0x01, 0x00, 0x0F, 0x10, 0x11, 0x12
	.byte 0x13, 0x14, 0x15, 0x1A, 0x20, 0x21, 0x22, 0x01, 0x00, 0x01, 0x00, 0x01, 0x00, 0x01, 0x00, 0x01
	.byte 0x00, 0x87, 0x15, 0x14, 0x1B, 0x88, 0x00, 0x01, 0x00, 0x01, 0x00, 0x01, 0x00, 0x01, 0x00, 0x01
	.byte 0x00, 0x01, 0x00, 0x01, 0x00, 0x01, 0x00, 0x01, 0x00, 0x01, 0x00, 0x01, 0x00, 0x01, 0x00, 0x01
	.byte 0x00, 0x01, 0x00, 0x03, 0x0F, 0x10, 0x11, 0x71, 0x1A, 0x14, 0x15, 0x1A, 0x20, 0x21, 0x22, 0x43
	.byte 0x44, 0x45, 0x15, 0x14, 0x1B, 0x15, 0x25, 0x26, 0x27, 0x1F, 0x02, 0x03, 0x02, 0x02, 0x00, 0x01
	.byte 0x00, 0x01, 0x00, 0x01, 0x00, 0x02, 0x03, 0x02, 0x03, 0x02, 0x00, 0x01, 0x00, 0x01, 0x00, 0x02
	.byte 0x16, 0x17, 0x18, 0x19, 0x89, 0x24, 0x8A, 0x23, 0x8B, 0x14, 0x8C, 0x24, 0x3F, 0x1C, 0x1D, 0x1E
	.byte 0x1F, 0x02, 0x03, 0x02, 0x03, 0x02, 0x03, 0x0F, 0x10, 0x11, 0x12, 0x13, 0x14, 0x15, 0x1A, 0x20
	.byte 0x21, 0x22, 0x28, 0x03, 0x03, 0x02, 0x03, 0x02, 0x03, 0x02, 0x03, 0x02, 0x03, 0x02, 0x8D, 0x24
	.byte 0x14, 0x23, 0x8E, 0x02, 0x03, 0x02, 0x03, 0x02, 0x03, 0x02, 0x03, 0x02, 0x03, 0x02, 0x03, 0x02
	.byte 0x03, 0x02, 0x03, 0x02, 0x03, 0x02, 0x03, 0x02, 0x03, 0x02, 0x03, 0x02, 0x03, 0x02, 0x03, 0x0F
	.byte 0x10, 0x11, 0x12, 0x1A, 0x14, 0x14, 0x23, 0x20, 0x21, 0x22, 0x28, 0x02, 0x03, 0x49, 0x43, 0x44
	.byte 0x45, 0x23, 0x14, 0x14, 0x1A, 0x74, 0x75, 0x76, 0x00, 0x01, 0x00, 0x02, 0x03, 0x02, 0x03, 0x02
	.byte 0x03, 0x02, 0x00, 0x01, 0x00, 0x01, 0x00, 0x01, 0x00, 0x01, 0x00, 0x16, 0x10, 0x11, 0x12, 0x14
	.byte 0x29, 0x14, 0x14, 0x14, 0x14, 0x14, 0x14, 0x14, 0x13, 0x14, 0x2A, 0x8F, 0x25, 0x26, 0x27, 0x2B
	.byte 0x01, 0x00, 0x0F, 0x10, 0x11, 0x12, 0x13, 0x14, 0x15, 0x15, 0x20, 0x21, 0x22, 0x28, 0x03, 0x4D
	.byte 0x4C, 0x56, 0x00, 0x01, 0x00, 0x01, 0x00, 0x01, 0x00, 0x01, 0x00, 0x90, 0x13, 0x14, 0x2A, 0x91
	.byte 0x00, 0x01, 0x00, 0x01, 0x00, 0x01, 0x00, 0x01, 0x00, 0x01, 0x00, 0x01, 0x00, 0x01, 0x00, 0x01
	.byte 0x00, 0x01, 0x00, 0x01, 0x00, 0x01, 0x00, 0x01, 0x00, 0x01, 0x00, 0x01, 0x11, 0x12, 0x14, 0x14
	.byte 0x14, 0x23, 0x20, 0x21, 0x22, 0x28, 0x00, 0x01, 0x00, 0x01, 0x00, 0x01, 0x49, 0x43, 0x44, 0x45
	.byte 0x2A, 0x14, 0x14, 0x24, 0x78, 0x79, 0x03, 0x02, 0x00, 0x01, 0x00, 0x01, 0x00, 0x01, 0x00, 0x02
	.byte 0x03, 0x02, 0x03, 0x02, 0x03, 0x02, 0x2C, 0x2D, 0x11, 0x12, 0x14, 0x1B, 0x14, 0x1A, 0x92, 0x15
	.byte 0x93, 0x1B, 0x94, 0x1A, 0x95, 0x15, 0x96, 0x1B, 0x14, 0x1A, 0x24, 0x3B, 0x26, 0x27, 0x10, 0x11
	.byte 0x12, 0x1A, 0x14, 0x15, 0x1A, 0x20, 0x21, 0x22, 0x28, 0x03, 0x01, 0x00, 0x01, 0x00, 0x01, 0x02
	.byte 0x03, 0x02, 0x03, 0x02, 0x03, 0x02, 0x03, 0x97, 0x98, 0x15, 0x14, 0x1B, 0x99, 0x02, 0x03, 0x02
	.byte 0x03, 0x02, 0x03, 0x02, 0x03, 0x02, 0x03, 0x02, 0x03, 0x02, 0x03, 0x02, 0x03, 0x02, 0x03, 0x02
	.byte 0x03, 0x02, 0x03, 0x02, 0x03, 0x02, 0x03, 0x02, 0x03, 0x02, 0x14, 0x14, 0x14, 0x20, 0x21, 0x22
	.byte 0x28, 0x00, 0x01, 0x02, 0x03, 0x02, 0x03, 0x02, 0x03, 0x02, 0x03, 0x49, 0x43, 0x7B, 0x7C, 0x14
	.byte 0x13, 0x29, 0x7D, 0x5C, 0x00, 0x02, 0x03, 0x02, 0x03, 0x02, 0x03, 0x02, 0x00, 0x01, 0x00, 0x01
	.byte 0x00, 0x01, 0x3C, 0x3D, 0x3E, 0x3F, 0x24, 0x14, 0x23, 0x2F, 0x30, 0x31, 0x32, 0x33, 0x34, 0x34
	.byte 0x35, 0x36, 0x37, 0x38, 0x39, 0x3A, 0x2A, 0x13, 0x14, 0x2A, 0x3B, 0x12, 0x14, 0x1A, 0x14, 0x15
	.byte 0x20, 0x21, 0x22, 0x28, 0x03, 0x02, 0x02, 0x03, 0x00, 0x01, 0x00, 0x01, 0x5C, 0x9A, 0x5C, 0x9A
	.byte 0x5C, 0x9A, 0x5C, 0x0F, 0x9B, 0x9C, 0x14, 0x14, 0x9D, 0x9E, 0x00, 0x01, 0x00, 0x01, 0x00, 0x01
	.byte 0x00, 0x01, 0x00, 0x01, 0x00, 0x01, 0x00, 0x01, 0x00, 0x01, 0x00, 0x01, 0x00, 0x01, 0x00, 0x01
	.byte 0x00, 0x01, 0x00, 0x01, 0x00, 0x01, 0x00, 0x01, 0x20, 0x21, 0x22, 0x28, 0x00, 0x01, 0x00, 0x01
	.byte 0x00, 0x01, 0x00, 0x01, 0x00, 0x01, 0x00, 0x01, 0x00, 0x01, 0x7E, 0x7F, 0x80, 0x14, 0x14, 0x81
	.byte 0x82, 0x02, 0x00, 0x01, 0x00, 0x01, 0x00, 0x01, 0x00, 0x02, 0x03, 0x02, 0x03, 0x02, 0x03, 0x46
	.byte 0x9F, 0x29, 0x14, 0x13, 0x47, 0x21, 0x22, 0x41, 0x03, 0x02, 0x03, 0x02, 0x03, 0x02, 0x03, 0x02
	.byte 0x03, 0x42, 0x43, 0x44, 0x4A, 0x1A, 0x1B, 0x14, 0x1A, 0x14, 0x14, 0x20, 0x21, 0x22, 0x28, 0x03
	.byte 0x00, 0x01, 0x00, 0x02, 0x03, 0x02, 0x03, 0x02, 0x03, 0xA0, 0xA1, 0xA0, 0xA1, 0xA0, 0xA2, 0x10
	.byte 0x11, 0xA3, 0x14, 0x13, 0x29, 0xA4, 0x03, 0x02, 0x03, 0x02, 0x03, 0x02, 0x03, 0x02, 0x03, 0x02
	.byte 0x03, 0x02, 0x03, 0x02, 0x03, 0x02, 0x03, 0x02, 0x03, 0x02, 0x03, 0x02, 0x03, 0x02, 0x03, 0x02
	.byte 0x03, 0x02, 0x03, 0x02, 0x03, 0x22, 0x28, 0x00, 0x03, 0x02, 0x03, 0x02, 0x03, 0x02, 0x03, 0x02
	.byte 0x03, 0x02, 0x03, 0x02, 0x03, 0x02, 0x03, 0x01, 0x00, 0x83, 0x24, 0x14, 0x23, 0x84, 0x00, 0x02
	.byte 0x03, 0x02, 0x03, 0x02, 0x03, 0x02, 0x00, 0x01, 0x00, 0x01, 0x00, 0x4E, 0x4F, 0x15, 0x14, 0x1B
	.byte 0x50, 0x51, 0x28, 0x01, 0x00, 0x01, 0x00, 0x01, 0x00, 0x01, 0x00, 0x01, 0x00, 0x00, 0x0F, 0x10
	.byte 0x11, 0x12, 0x14, 0x13, 0x24, 0x14, 0x14, 0x24, 0x3B, 0xA5, 0xA6, 0xA7, 0xA8, 0xA9, 0xA9, 0xA9
	.byte 0xA9, 0xA9, 0xA9, 0xA9, 0xA9, 0xA9, 0xAA, 0xAA, 0xAB, 0xAC, 0xAD, 0xAE, 0xAF, 0xB0, 0x1A, 0x14
	.byte 0x15, 0xB1, 0xB2, 0x01, 0x00, 0x01, 0x00, 0x01, 0x00, 0x01, 0x00, 0x01, 0x00, 0x01, 0x00, 0x01
	.byte 0x00, 0x01, 0x00, 0x01, 0x00, 0x01, 0x00, 0x01, 0x00, 0x01, 0x00, 0x01, 0x00, 0x01, 0x00, 0x01
	.byte 0x00, 0x01, 0x00, 0x01, 0x00, 0x01, 0x00, 0x01, 0x00, 0x01, 0x00, 0x01, 0x00, 0x01, 0x00, 0x01
	.byte 0x00, 0x01, 0x00, 0x01, 0x03, 0x02, 0x85, 0x13, 0x14, 0x2A, 0x86, 0x02, 0x00, 0x01, 0x00, 0x01
	.byte 0x00, 0x01, 0x00, 0x4C, 0x4D, 0x4C, 0x56, 0x02, 0x52, 0x53, 0x14, 0x14, 0x54, 0x55, 0x03, 0x02
	.byte 0x03, 0x02, 0x03, 0x02, 0x03, 0x02, 0x03, 0x02, 0x02, 0x0F, 0x10, 0x11, 0x12, 0x13, 0x14, 0x13
	.byte 0x14, 0x20, 0x45, 0x2A, 0x13, 0x14, 0x24, 0xB3, 0x23, 0x24, 0x14, 0x23, 0x24, 0x23, 0x24, 0x23
	.byte 0x24, 0x23, 0x24, 0xB4, 0x8F, 0xB5, 0xB4, 0x29, 0xB5, 0x14, 0x8F, 0x14, 0xB6, 0xB7, 0xB8, 0x02
	.byte 0x03, 0x02, 0x03, 0x02, 0x03, 0x02, 0x03, 0x02, 0x03, 0x02, 0x03, 0x02, 0x03, 0x02, 0x03, 0x02
	.byte 0x03, 0x02, 0x03, 0x02, 0x03, 0x02, 0x03, 0x02, 0x03, 0x02, 0x03, 0x02, 0x03, 0x02, 0x03, 0x02
	.byte 0x03, 0x02, 0x03, 0x02, 0x03, 0x02, 0x03, 0x02, 0x03, 0x02, 0x03, 0x02, 0x03, 0x02, 0x03, 0x02
	.byte 0x03, 0x02, 0x03, 0x87, 0x15, 0x14, 0x1B, 0x88, 0x02, 0x03, 0x03, 0x02, 0x03, 0x02, 0x03, 0x02
	.byte 0x01, 0x00, 0x01, 0x00, 0x00, 0xB9, 0x2A, 0x14, 0x29, 0x58, 0x00, 0x01, 0x00, 0x01, 0x00, 0x01
	.byte 0x00, 0x01, 0x00, 0x01, 0x00, 0x10, 0x11, 0x12, 0x15, 0x14, 0x15, 0x1A, 0x20, 0x21, 0x22, 0x43
	.byte 0x44, 0x4A, 0x2A, 0x13, 0x14, 0x2A, 0x14, 0x29, 0x14, 0x14, 0x14, 0x14, 0x14, 0x14, 0x14, 0x14
	.byte 0x14, 0x14, 0x14, 0xBA, 0x14, 0xBB, 0xBA, 0x20, 0x21, 0xBC, 0xBD, 0x01, 0x00, 0x01, 0x00, 0x01
	.byte 0x00, 0x01, 0x00, 0x01, 0x00, 0x01, 0x00, 0x01, 0x00, 0x01, 0x00, 0x01, 0x00, 0x01, 0x00, 0x01
	.byte 0x00, 0x01, 0x00, 0x01, 0x00, 0x01, 0x00, 0x01, 0x00, 0x01, 0x00, 0x01, 0x00, 0x01, 0x00, 0x01
	.byte 0x00, 0x01, 0x00, 0x01, 0x00, 0x01, 0x00, 0x01, 0x00, 0x01, 0x00, 0x01, 0x00, 0x01, 0x01, 0x00
	.byte 0x90, 0x13, 0x13, 0x2A, 0x91, 0x00, 0x01, 0x01, 0x00, 0x01, 0x00, 0x01, 0x00, 0x03, 0x02, 0x03
	.byte 0x02, 0x02, 0xBE, 0x8C, 0x14, 0x3F, 0xBF, 0x02, 0x03, 0x02, 0x03, 0x02, 0x03, 0x02, 0x03, 0x02
	.byte 0x03, 0x02, 0x12, 0x13, 0x14, 0x15, 0x1A, 0x20, 0x21, 0x22, 0x28, 0x02, 0x03, 0x5F, 0xC0, 0xC1
	.byte 0xC2, 0x1A, 0x1B, 0x15, 0x1A, 0x1B, 0x15, 0x1B, 0x15, 0x1B, 0x15, 0x1B, 0x15, 0xC3, 0xB0, 0xC4
	.byte 0xC3, 0xB0, 0xC5, 0xC6, 0xC7, 0x48, 0x03, 0x02, 0x03, 0x02, 0x03, 0x02, 0x03, 0x02, 0x03, 0x02
	.byte 0x03, 0x02, 0x03, 0x02, 0x03, 0x02, 0x03, 0x02, 0x03, 0x02, 0x03, 0x02, 0x03, 0x02, 0x03, 0x02
	.byte 0x03, 0x02, 0x03, 0x02, 0x03, 0x02, 0x03, 0x02, 0x03, 0x02, 0x03, 0x02, 0x03, 0x02, 0x03, 0x02
	.byte 0x03, 0x02, 0x03, 0x02, 0x03, 0x02, 0x03, 0x02, 0x03, 0x02, 0x03, 0x03, 0x97, 0x98, 0x15, 0x14
	.byte 0x1B, 0x99, 0x02, 0x03, 0x03, 0x02, 0x03, 0x02, 0x03, 0x02, 0x01, 0x00, 0x01, 0x00, 0x00, 0xC8
	.byte 0x23, 0x14, 0x14, 0xBF, 0x00, 0x01, 0x00, 0x01, 0x00, 0x01, 0x00, 0x01, 0x00, 0x01, 0x00, 0x14
	.byte 0x15, 0x1A, 0x20, 0x21, 0x22, 0x28, 0x03, 0x00, 0x00, 0x01, 0x00, 0x02, 0xC9, 0xCA, 0xCB, 0xCC
	.byte 0xCD, 0xCE, 0xCF, 0xD0, 0xCF, 0xD0, 0xCF, 0xD0, 0xCF, 0xD0, 0xD1, 0xD2, 0xD3, 0xD4, 0xD5, 0xD6
	.byte 0x59, 0x9A, 0x00, 0x01, 0x00, 0x01, 0x00, 0x01, 0x00, 0x01, 0x00, 0x01, 0x00, 0x01, 0x00, 0x01
	.byte 0x00, 0x01, 0x00, 0x01, 0x00, 0x01, 0x00, 0x01, 0x00, 0x01, 0x00, 0x01, 0x00, 0x01, 0x00, 0x01
	.byte 0x00, 0x01, 0x00, 0x01, 0x00, 0x01, 0x00, 0x01, 0x00, 0x01, 0x00, 0x01, 0x00, 0x01, 0x00, 0x01
	.byte 0x00, 0x01, 0x00, 0x01, 0x00, 0x01, 0x00, 0x01, 0x0F, 0x9B, 0x9C, 0x14, 0x14, 0x9D, 0x9E, 0x00
	.byte 0x01, 0x01, 0x00, 0x01, 0x00, 0x01, 0x00, 0x02, 0x03, 0x02, 0x03, 0x02, 0x57, 0x2A, 0x14, 0x29
	.byte 0x5B, 0x02, 0x00, 0x01, 0x00, 0x00, 0x01, 0x00, 0x01, 0x00, 0x03, 0x02, 0x1A, 0x20, 0x21, 0x22
	.byte 0x28, 0x03, 0x03, 0x02, 0x03, 0x02, 0x03, 0x02, 0x00, 0x01, 0x00, 0x01, 0x00, 0x01, 0x00, 0x01
	.byte 0x00, 0x00, 0x01, 0x00, 0x01, 0x00, 0xA1, 0xA0, 0xA1, 0xA0, 0xA1, 0xA0, 0xA1, 0xA0, 0xA1, 0x02
	.byte 0x03, 0x02, 0x03, 0x02, 0x03, 0x02, 0x03, 0x02, 0x03, 0x02, 0x03, 0x02, 0x03, 0x02, 0x03, 0x02
	.byte 0x03, 0x02, 0x03, 0x02, 0x03, 0x02, 0x03, 0x02, 0x03, 0x02, 0x03, 0x02, 0x03, 0x02, 0x03, 0x02
	.byte 0x03, 0x02, 0x03, 0x02, 0x03, 0x02, 0x01, 0x00, 0x01, 0x03, 0x03, 0x03, 0x03, 0x03, 0x03, 0x03
	.byte 0x03, 0xD7, 0xD7, 0xD8, 0x10, 0x11, 0xA3, 0x14, 0x13, 0x29, 0xA4, 0x03, 0x03, 0x02, 0x03, 0x02
	.byte 0x03, 0x02, 0x03, 0x02, 0x00, 0x01, 0x00, 0x01, 0x00, 0x57, 0x1B, 0x14, 0x1A, 0x5B, 0x00, 0x02
	.byte 0x03, 0x02, 0x02, 0x03, 0x02, 0x03, 0x02, 0x01, 0x00, 0x21, 0x22, 0x28, 0x03, 0x01, 0x00, 0x01
	.byte 0x00, 0x01, 0x00, 0x01, 0x00, 0x01, 0x00, 0x01, 0x00, 0x01, 0x00, 0x01, 0x00, 0x01, 0x02, 0x03
	.byte 0x02, 0x03, 0x02, 0x01, 0x00, 0x01, 0x00, 0x01, 0x00, 0x01, 0x00, 0x01, 0x00, 0x01, 0x00, 0x01
	.byte 0x00, 0x01, 0x00, 0x01, 0x00, 0x01, 0x00, 0x01, 0x00, 0x01, 0x00, 0x01, 0x00, 0x01, 0x00, 0x01
	.byte 0x00, 0x01, 0x00, 0x01, 0x00, 0x01, 0x00, 0x01, 0x00, 0x01, 0x00, 0x01, 0x00, 0x01, 0x00, 0x01
	.byte 0x00, 0xD9, 0xD9, 0xD9, 0xD9, 0xD9, 0xD9, 0xD9, 0xD9, 0xD9, 0xD9, 0xD9, 0xD9, 0xD9, 0xD9, 0xD9
	.byte 0xDA, 0x71, 0xB0, 0x1A, 0x14, 0x15, 0xB1, 0xB2, 0x01, 0x01, 0x00, 0x01, 0x00, 0x01, 0x00, 0x01
	.byte 0x00, 0x02, 0x03, 0x02, 0x03, 0x02, 0x57, 0x2A, 0x14, 0x29, 0x5B, 0x02, 0x00, 0x01, 0x00, 0x00
	.byte 0x01, 0x00, 0x01, 0x00, 0x03, 0x02, 0x03, 0x02, 0x03, 0x02, 0x03, 0x02, 0x03, 0x02, 0x03, 0x02
	.byte 0x03, 0x02, 0x03, 0x02, 0x03, 0x02, 0x03, 0x02, 0x03, 0x02, 0x03, 0x00, 0x01, 0x00, 0x01, 0x00
	.byte 0x03, 0x02, 0x03, 0x02, 0x03, 0x02, 0x03, 0x02, 0x03, 0x02, 0x03, 0x02, 0x02, 0x03, 0x02, 0x03
	.byte 0x02, 0x02, 0x03, 0x02, 0x03, 0x02, 0x03, 0x02, 0x03, 0x02, 0x03, 0x02, 0x03, 0x02, 0x03, 0x02
	.byte 0x03, 0x02, 0x03, 0x02, 0x03, 0x02, 0x03, 0x02, 0x03, 0x01, 0x00, 0x01, 0x03, 0x02, 0x15, 0x15
	.byte 0x15, 0x15, 0x15, 0x15, 0x24, 0x15, 0x24, 0x15, 0x24, 0x15, 0x14, 0x14, 0x14, 0x29, 0x14, 0x8F
	.byte 0x14, 0xB6, 0xB7, 0xB8, 0x02, 0x03, 0x03, 0x02, 0x03, 0x02, 0x03, 0x02, 0x03, 0x02, 0x00, 0x01
	.byte 0x00, 0x01, 0x00, 0x57, 0x2A, 0x14, 0x29, 0x5B, 0x00, 0x00, 0x01, 0x00, 0x02, 0x03, 0x02, 0x03
	.byte 0x02, 0x01, 0x00, 0x01, 0x00, 0x01, 0x00, 0x01, 0x00, 0x01, 0x00, 0x01, 0x00, 0x01, 0x00, 0x01
	.byte 0x00, 0x01, 0x00, 0x01, 0x00, 0x01, 0x00, 0x01, 0x02, 0x03, 0x02, 0x03, 0x02, 0x01, 0x00, 0x01
	.byte 0x00, 0x01, 0x00, 0x01, 0x00, 0x01, 0x00, 0x01, 0x00, 0x00, 0x01, 0x00, 0x01, 0x00, 0x00, 0x01
	.byte 0x00, 0x01, 0x00, 0x01, 0x00, 0x01, 0x00, 0x01, 0x00, 0x01, 0x00, 0x01, 0x00, 0x01, 0x00, 0x01
	.byte 0x00, 0x01, 0x00, 0x01, 0x02, 0x01, 0x03, 0x02, 0x03, 0x01, 0x00, 0x29, 0x29, 0x29, 0x29, 0x29
	.byte 0x29, 0x13, 0x29, 0x13, 0x29, 0x14, 0x14, 0x14, 0x29, 0x14, 0x29, 0x13, 0x20, 0x21, 0xBC, 0xBD
	.byte 0x01, 0x00, 0x01, 0x01, 0x00, 0x01, 0x00, 0x01, 0x00, 0x01, 0x00, 0x4C, 0x4D, 0x4C, 0x56, 0x02
	.byte 0x57, 0x2A, 0x14, 0x29, 0x5B, 0x02, 0x03, 0x02, 0x03, 0x00, 0x01, 0x00, 0x01, 0x00, 0x03, 0x02
	.byte 0x03, 0x02, 0x03, 0x02, 0x03, 0x02, 0x03, 0x02, 0x03, 0x02, 0x03, 0x02, 0x03, 0x02, 0x03, 0x02
	.byte 0x01, 0x00, 0x01, 0x00, 0x01, 0x00, 0x01, 0x00, 0x01, 0x00, 0x03, 0x02, 0x03, 0x02, 0x03, 0x02
	.byte 0x03, 0x02, 0x03, 0x02, 0x03, 0x02, 0x02, 0x03, 0x02, 0x03, 0x02, 0x02, 0x03, 0x02, 0x03, 0x02
	.byte 0x03, 0x02, 0x03, 0x02, 0x03, 0x02, 0x03, 0x02, 0x03, 0x02, 0x03, 0x02, 0x03, 0x02, 0x03, 0x01
	.byte 0x00, 0x01, 0x03, 0x01, 0x01, 0x00, 0x01, 0x00, 0x29, 0x29, 0x29, 0x29, 0x29, 0x29, 0x13, 0x13
	.byte 0x14, 0x14, 0x14, 0x1A, 0x14, 0x15, 0x1A, 0x20, 0x21, 0x22, 0x28, 0x02, 0x03, 0x02, 0x02, 0x03
	.byte 0x02, 0x03, 0x02, 0x02, 0x03, 0x02, 0x03, 0x02, 0x01, 0x00, 0x01, 0x00, 0x00, 0x57, 0x23, 0x14
	.byte 0x14, 0x5B, 0x00, 0x01, 0x00, 0x01, 0x00, 0x01, 0x00, 0x01, 0x00, 0x01, 0x00, 0x01, 0x00, 0x01
	.byte 0x00, 0x01, 0x00, 0x01, 0x00, 0x01, 0x00, 0x01, 0x00, 0x01, 0x00, 0x01, 0x00, 0x03, 0x02, 0x03
	.byte 0x02, 0x03, 0x02, 0x03, 0x02, 0x03, 0x02, 0x01, 0x00, 0x01, 0x00, 0x01, 0x00, 0x01, 0x00, 0x01
	.byte 0x00, 0x01, 0x00, 0x00, 0x01, 0x00, 0x01, 0x00, 0x00, 0x01, 0x00, 0x01, 0x00, 0x01, 0x00, 0x01
	.byte 0x00, 0x01, 0x00, 0x01, 0x00, 0x01, 0x00, 0x01, 0x00, 0x01, 0x00, 0x01, 0x03, 0x02, 0x03, 0x01
	.byte 0x00, 0x03, 0x02, 0x01, 0x00, 0xDB, 0xDB, 0xDB, 0xDB, 0xDB, 0xDC, 0xDD, 0xDE, 0x14, 0x23, 0x14
	.byte 0x14, 0x23, 0x20, 0x21, 0x22, 0x28, 0x00, 0x01, 0x00, 0x01, 0x00, 0x00, 0x01, 0x00, 0x01, 0x00
	.byte 0x00, 0x01, 0x00, 0x01, 0x00, 0x03, 0x02, 0x03, 0x02, 0x02, 0x57, 0x2A, 0x14, 0x29, 0x5B, 0x02
	.byte 0x03, 0x02, 0x03, 0x02, 0x03, 0x02, 0x03, 0x02, 0x03, 0x02, 0x03, 0x02, 0x03, 0x02, 0x03, 0x02
	.byte 0x03, 0x02, 0x03, 0x02, 0x03, 0x02, 0x03, 0x02, 0x03, 0x02, 0x01, 0x00, 0x01, 0x00, 0x01, 0x00
	.byte 0x01, 0x00, 0x01, 0x00, 0x03, 0x02, 0x03, 0x02, 0x03, 0x02, 0x03, 0x02, 0x03, 0x02, 0x03, 0x02
	.byte 0x03, 0x02, 0x03, 0x02, 0x03, 0x02, 0x03, 0x02, 0x03, 0x02, 0x03, 0x02, 0x03, 0x02, 0x03, 0x02
	.byte 0x03, 0x02, 0x03, 0x02, 0x03, 0x02, 0x03, 0x02, 0x01, 0x00, 0x01, 0x01, 0x01, 0x01, 0x00, 0x01
	.byte 0x03, 0x02, 0x03, 0x01, 0x00, 0x0F, 0x10, 0x11, 0x71, 0x13, 0x14, 0x2A, 0x13, 0x20, 0x21, 0x22
	.byte 0x28, 0x02, 0x03, 0x02, 0x03, 0x02, 0x03, 0x02, 0x02, 0x03, 0x02, 0x03, 0x02, 0x02, 0x03, 0x02
	.byte 0x03, 0x02, 0x01, 0x00, 0x01, 0x00, 0x00, 0x57, 0x1B, 0x14, 0x1A, 0x5B, 0x00, 0x01, 0x00, 0x01
	.byte 0x00, 0x01, 0x00, 0x01, 0x00, 0x01, 0x00, 0x01, 0x00, 0x01, 0x00, 0x01, 0x00, 0x01, 0x00, 0x01
	.byte 0x00, 0x01, 0x00, 0x01, 0x00, 0x01, 0x00, 0x03, 0x02, 0x03, 0x02, 0x03, 0x02, 0x03, 0x02, 0x03
	.byte 0x02, 0x01, 0x00, 0x01, 0x00, 0x01, 0x00, 0x01, 0x00, 0x01, 0x00, 0x01, 0x00, 0x01, 0x00, 0x01
	.byte 0x00, 0x01, 0x00, 0x01, 0x00, 0x01, 0x00, 0x01, 0x00, 0x01, 0x00, 0x01, 0x00, 0x01, 0x00, 0x01
	.byte 0x02, 0x01, 0x00, 0x01, 0x00, 0x03, 0x02, 0x03, 0x02, 0x03, 0x03, 0x02, 0x03, 0x01, 0x00, 0x01
	.byte 0x0F, 0x10, 0x11, 0x71, 0x1A, 0x14, 0x15, 0x1A, 0x20, 0x21, 0x22, 0x28, 0x00, 0x01, 0x00, 0x01
	.byte 0x00, 0x01, 0x00, 0x01, 0x00, 0x00, 0x01, 0x00, 0x01, 0x00, 0x00, 0x01, 0x00, 0x01, 0x00, 0x02
	.byte 0x03, 0x02, 0x03, 0x02, 0x57, 0x2A, 0x14, 0x29, 0x5B, 0x02, 0x03, 0x02, 0x03, 0x02, 0x03, 0x02
	.byte 0x03, 0x02, 0x03, 0x02, 0x03, 0x02, 0x03, 0x02, 0x03, 0x02, 0x03, 0x02, 0x03, 0x02, 0x03, 0x02
	.byte 0x03, 0x02, 0x03, 0x02, 0x01, 0x00, 0x01, 0x00, 0x01, 0x00, 0x01, 0x00, 0x01, 0x00, 0x03, 0x02
	.byte 0x03, 0x02, 0x03, 0x02, 0x03, 0x02, 0x03, 0x02, 0x03, 0x02, 0x03, 0x02, 0x03, 0x02, 0x03, 0x02
	.byte 0x03, 0x02, 0x03, 0x02, 0x03, 0x02, 0x03, 0x02, 0x03, 0x02, 0x01, 0x00, 0x01, 0x00, 0x03, 0x02
	.byte 0x03, 0x02, 0x01, 0x00, 0x01, 0x01, 0x01, 0x01, 0x00, 0x01, 0x03, 0x0F, 0x10, 0x11, 0x71, 0x23
	.byte 0x14, 0x14, 0x23, 0x20, 0x21, 0x22, 0x28, 0x02, 0x03, 0x02, 0x03, 0x02, 0x03, 0x02, 0x03, 0x02
	.byte 0x03, 0x02, 0x00, 0x01, 0x00, 0x01, 0x00, 0x02, 0x03, 0x02, 0x03, 0x02, 0x00, 0x01, 0x00, 0x01
	.byte 0x00, 0x57, 0x2A, 0x14, 0x29, 0x5B, 0x00, 0x01, 0x00, 0x01, 0x00, 0x01, 0x00, 0x01, 0x00, 0x01
	.byte 0x00, 0x01, 0x00, 0x01, 0x00, 0x01, 0x00, 0x01, 0x00, 0x01, 0x00, 0x01, 0x00, 0x01, 0x00, 0x01
	.byte 0x00, 0x03, 0x02, 0x03, 0x02, 0x03, 0x02, 0x03, 0x02, 0x03, 0x02, 0x01, 0x00, 0x01, 0x00, 0x01
	.byte 0x00, 0x01, 0x00, 0x01, 0x00, 0x01, 0x00, 0x01, 0x00, 0x01, 0x00, 0x01, 0x00, 0x01, 0x00, 0x01
	.byte 0x00, 0x01, 0x00, 0x01, 0x00, 0x01, 0x00, 0x03, 0x02, 0x03, 0x02, 0x01, 0x00, 0x01, 0x00, 0x01
	.byte 0x01, 0x02, 0x03, 0x01, 0x00, 0x01, 0x16, 0x10, 0x11, 0x71, 0x13, 0x14, 0x2A, 0x13, 0x20, 0x21
	.byte 0x22, 0x28, 0x00, 0x01, 0x00, 0x01, 0x00, 0x01, 0x00, 0x01, 0x00, 0x01, 0x00, 0x01, 0x00, 0x01
	.byte 0x00, 0x01, 0x00, 0x01, 0x00, 0x01, 0x00, 0x01, 0x00, 0x02, 0x03, 0x02, 0x03, 0x02, 0x5A, 0x23
	.byte 0x14, 0x14, 0x5B, 0x02, 0x03, 0x02, 0x03, 0x02, 0x03, 0x02, 0x03, 0x02, 0x03, 0x02, 0x03, 0x02
	.byte 0x03, 0x02, 0x03, 0x02, 0x03, 0x02, 0x03, 0x02, 0x03, 0x02, 0x03, 0x02, 0x03, 0x02, 0x01, 0x00
	.byte 0x01, 0x00, 0x01, 0x00, 0x01, 0x00, 0x01, 0x00, 0x03, 0x02, 0x03, 0x02, 0x03, 0x02, 0x03, 0x02
	.byte 0x03, 0x02, 0x03, 0x02, 0x03, 0x02, 0x03, 0x02, 0x03, 0x02, 0x03, 0x02, 0x03, 0x02, 0x03, 0x02
	.byte 0x03, 0x02, 0x03, 0x02, 0x01, 0x00, 0x01, 0x00, 0x01, 0x01, 0x00, 0x03, 0x02, 0x03, 0x00, 0x01
	.byte 0x03, 0x0F, 0x10, 0x11, 0x12, 0x1A, 0x14, 0x15, 0x1A, 0x20, 0x21, 0x22, 0x28, 0x02, 0x03, 0x02
	.byte 0x03, 0x02, 0x03, 0x02, 0x03, 0x02, 0x03, 0x02, 0x03, 0x02, 0x03, 0x02, 0x03, 0x02, 0x03, 0x02
	.byte 0x03, 0x02, 0x03, 0x02, 0x03, 0x02, 0x00, 0x01, 0x00, 0x01, 0x00, 0x5D, 0x23, 0x14, 0x14, 0x5E
	.byte 0x00, 0x01, 0x00, 0x01, 0x00, 0x01, 0x00, 0x01, 0x00, 0x01, 0x00, 0x01, 0x00, 0x01, 0x00, 0x01
	.byte 0x00, 0x01, 0x00, 0x01, 0x00, 0x01, 0x00, 0x01, 0x00, 0x01, 0x00, 0x03, 0x02, 0x03, 0x02, 0x03
	.byte 0x02, 0x03, 0x02, 0x03, 0x02, 0x01, 0x00, 0x01, 0x00, 0x01, 0x00, 0x01, 0x00, 0x01, 0x00, 0x01
	.byte 0x00, 0x01, 0x00, 0x01, 0x00, 0x01, 0x00, 0x01, 0x00, 0x01, 0x00, 0x01, 0x00, 0x01, 0x01, 0x01
	.byte 0x00, 0x01, 0x01, 0x00, 0x03, 0x02, 0x03, 0x02, 0x01, 0x00, 0x01, 0x01, 0x16, 0x10, 0x11, 0x71
	.byte 0x23, 0x14, 0x14, 0x23, 0x20, 0x21, 0x22, 0x28, 0x00, 0x01, 0x00, 0x01, 0x00, 0x01, 0x00, 0x01
	.byte 0x00, 0x01, 0x00, 0x01, 0x00, 0x01, 0x00, 0x01, 0x00, 0x01, 0x00, 0x01, 0x00, 0x01, 0x00, 0x01
	.byte 0x00, 0x01, 0x00, 0x4C, 0x4D, 0x4C, 0x56, 0x02, 0x60, 0x61, 0x14, 0x14, 0x62, 0x63, 0x03, 0x02
	.byte 0x03, 0x02, 0x02, 0x03, 0x03, 0x02, 0x03, 0x02, 0x03, 0x02, 0x03, 0x02, 0x03, 0x02, 0x03, 0x02
	.byte 0x03, 0x02, 0x03, 0x02, 0x03, 0x02, 0x03, 0x02, 0x03, 0x02, 0x03, 0x02, 0x03, 0x02, 0x03, 0x02
	.byte 0x03, 0x02, 0x03, 0x02, 0x03, 0x02, 0x03, 0x02, 0x03, 0x02, 0x03, 0x02, 0x03, 0x02, 0x03, 0x02
	.byte 0x03, 0x02, 0x03, 0x02, 0x03, 0x02, 0x03, 0x02, 0x03, 0x02, 0x03, 0x03, 0x02, 0x01, 0x00, 0x01
	.byte 0x02, 0x01, 0x00, 0x01, 0x00, 0x01, 0x03, 0x0F, 0x10, 0x11, 0x12, 0x13, 0x14, 0x2A, 0x13, 0x20
	.byte 0x21, 0x22, 0x28, 0x02, 0x03, 0x02, 0x03, 0x02, 0x03, 0x02, 0x03, 0x02, 0x03, 0x02, 0x03, 0x02
	.byte 0x03, 0x02, 0x03, 0x02, 0x03, 0x02, 0x03, 0x02, 0x03, 0x02, 0x03, 0x02, 0x03, 0x02, 0x03, 0x02
	.byte 0x01, 0x00, 0x01, 0x00, 0x00, 0x64, 0x65, 0x15, 0x1A, 0x1B, 0x66, 0x67, 0x1F, 0x01, 0x00, 0x00
	.byte 0x01, 0x01, 0x00, 0x01, 0x00, 0x01, 0x00, 0x01, 0x00, 0x01, 0x00, 0x01, 0x00, 0x01, 0x00, 0x01
	.byte 0x00, 0x01, 0x00, 0x01, 0x00, 0x01, 0x00, 0x01, 0x00, 0x01, 0x00, 0x01, 0x00, 0x01, 0x00, 0x01
	.byte 0x00, 0x01, 0x00, 0x01, 0x00, 0x01, 0x00, 0x01, 0x00, 0x01, 0x00, 0x01, 0x00, 0x01, 0x00, 0x01
	.byte 0x00, 0x03, 0x01, 0x00, 0x01, 0x00, 0x01, 0x00, 0x01, 0x01, 0x03, 0x02, 0x03, 0x00, 0x01, 0x01
	.byte 0x00, 0x01, 0x0F, 0x10, 0x11, 0x71, 0x1A, 0x14, 0x15, 0x1A, 0x20, 0x21, 0x22, 0x28, 0x00, 0x01
	.byte 0x00, 0x01, 0x00, 0x01, 0x00, 0x01, 0x00, 0x01, 0x00, 0x01, 0x00, 0x01, 0x00, 0x01, 0x00, 0x01
	.byte 0x00, 0x01, 0x00, 0x01, 0x00, 0x01, 0x00, 0x01, 0x00, 0x01, 0x00, 0x01, 0x00, 0x03, 0x02, 0x03
	.byte 0x02, 0x02, 0x03, 0x68, 0x24, 0x14, 0x14, 0x24, 0x69, 0x26, 0x27, 0x2B, 0x03, 0x02, 0x03, 0x02
	.byte 0x03, 0x02, 0x03, 0x02, 0x03, 0x02, 0x03, 0x02, 0x03, 0x02, 0x03, 0x02, 0x03, 0x02, 0x03, 0x02
	.byte 0x03, 0x02, 0x03, 0x02, 0x03, 0x02, 0x03, 0x02, 0x03, 0x02, 0x03, 0x02, 0x03, 0x02, 0x0F, 0x10
	.byte 0x11, 0x02, 0x03, 0x02, 0x03, 0x02, 0x03, 0x02, 0x03, 0x02, 0x03, 0x00, 0x01, 0x00, 0x01, 0x03
	.byte 0x02, 0x01, 0x00, 0x01, 0x00, 0x01, 0x03, 0x01, 0x00, 0x01, 0x03, 0x02, 0x03, 0x0F, 0x10, 0x11
	.byte 0x71, 0x23, 0x14, 0x14, 0x23, 0x20, 0x21, 0x22, 0x28, 0x02, 0x03, 0x02, 0x03, 0x02, 0x03, 0x02
	.byte 0x03, 0x02, 0x03, 0x02, 0x03, 0x02, 0x03, 0x02, 0x03, 0x02, 0x03, 0x02, 0x03, 0x02, 0x03, 0x02
	.byte 0x03, 0x02, 0x03, 0x02, 0x03, 0x02, 0x03, 0x02, 0x03, 0x02, 0x01, 0x00, 0x01, 0x00, 0x00, 0x01
	.byte 0x6A, 0x6B, 0x6C, 0x2A, 0x13, 0x14, 0x2A, 0x3B, 0x26, 0x27, 0xDF, 0x01, 0x00, 0x01, 0x00, 0x01
	.byte 0x00, 0x01, 0x00, 0x01, 0x00, 0x01, 0x00, 0x01, 0x00, 0x01, 0x00, 0x01, 0x00, 0x01, 0x00, 0x01
	.byte 0x00, 0x01, 0x00, 0x01, 0x00, 0x01, 0x00, 0x01, 0x00, 0x0F, 0x10, 0x11, 0x12, 0x15, 0x00, 0x01
	.byte 0x00, 0x01, 0x00, 0x01, 0x00, 0x01, 0x00, 0x01, 0x02, 0x03, 0x02, 0x03, 0x01, 0x00, 0x01, 0x00
	.byte 0x01, 0x02, 0x03, 0x01, 0x00, 0x01, 0x00, 0x01, 0x0F, 0x10, 0x11, 0x71, 0x13, 0x14, 0x2A, 0x13
	.byte 0x20, 0x21, 0x22, 0x28, 0x00, 0x01, 0x00, 0x01, 0x00, 0x01, 0x00, 0x01, 0x00, 0x01, 0x00, 0x01
	.byte 0x00, 0x01, 0x00, 0x01, 0x00, 0x01, 0x00, 0x01, 0x00, 0x01, 0x00, 0x01, 0x00, 0x01, 0x00, 0x01
	.byte 0x00, 0x01, 0x00, 0x01, 0x00, 0x01, 0x00, 0x02, 0x03, 0x02, 0x03, 0x02, 0x03, 0x02, 0x72, 0x73
	.byte 0xE0, 0x4A, 0x14, 0x1B, 0x14, 0x1A, 0xE1, 0xA5, 0xA6, 0xA7, 0xA8, 0xA9, 0xA9, 0xA9, 0xA9, 0xE2
	.byte 0xE3, 0xE4, 0xE5, 0xE6, 0xE7, 0x02, 0x03, 0x00, 0x01, 0x00, 0x4C, 0x4D, 0x4C, 0x56, 0x03, 0x02
	.byte 0x03, 0x02, 0x03, 0x02, 0x0F, 0x10, 0x11, 0x12, 0x13, 0x14, 0x15, 0x02, 0x03, 0x02, 0x03, 0x02
	.byte 0x03, 0x02, 0x03, 0x02, 0x03, 0x00, 0xBE, 0x8C, 0x3F, 0x3F, 0xBF, 0x03, 0x02, 0x03, 0x00, 0x01
	.byte 0x03, 0x02, 0x03, 0x16, 0x10, 0x11, 0x71, 0x1A, 0x14, 0x15, 0x1A, 0x20, 0x21, 0x22, 0x28, 0x02
	.byte 0x03, 0x02, 0x03, 0x02, 0x03, 0x02, 0x03, 0x02, 0x03, 0x02, 0x03, 0x02, 0x03, 0x02, 0x03, 0x02
	.byte 0x03, 0x02, 0x03, 0x02, 0x03, 0x02, 0x03, 0x02, 0x03, 0x02, 0x03, 0x02, 0x03, 0x02, 0x03, 0x02
	.byte 0x03, 0x02, 0x03, 0x02, 0x00, 0x01, 0x00, 0x01, 0x00, 0x01, 0x00, 0x01, 0x00, 0x5F, 0x43, 0x44
	.byte 0x4A, 0x24, 0x14, 0x14, 0x24, 0xB3, 0x23, 0x24, 0x14, 0x23, 0x24, 0x14, 0x23, 0x24, 0x14, 0xE8
	.byte 0xE9, 0xEA, 0xEB, 0xEC, 0x56, 0x03, 0x02, 0x00, 0x00, 0x01, 0x00, 0x01, 0x00, 0x01, 0x00, 0x0F
	.byte 0x10, 0x11, 0x12, 0x13, 0x14, 0x15, 0x1A, 0x20, 0x21, 0x22, 0x00, 0x01, 0x00, 0x01, 0x00, 0x01
	.byte 0x00, 0x01, 0x02, 0xBE, 0x8C, 0x3F, 0x3F, 0xBF, 0x01, 0x00, 0x01, 0x01, 0x00, 0x01, 0x0F, 0x10
	.byte 0x11, 0x12, 0x23, 0x14, 0x14, 0x23, 0x20, 0x21, 0x22, 0x28, 0x00, 0x01, 0x00, 0x01, 0x00, 0x01
	.byte 0x00, 0x01, 0x00, 0x01, 0x00, 0x01, 0x00, 0x01, 0x00, 0x01, 0x00, 0x01, 0x00, 0x01, 0x00, 0x01
	.byte 0x00, 0x01, 0x00, 0x01, 0x00, 0x01, 0x00, 0x01, 0x00, 0x01, 0x00, 0x01, 0x00, 0x01, 0x00, 0x01
	.byte 0x00, 0x02, 0x03, 0x02, 0x03, 0x02, 0x03, 0x02, 0x03, 0x02, 0x03, 0x02, 0x5F, 0x43, 0x44, 0x4A
	.byte 0x2A, 0x13, 0x14, 0x14, 0x14, 0x14, 0x14, 0x13, 0x14, 0x14, 0x14, 0x14, 0x14, 0x14, 0x14, 0x2A
	.byte 0xED, 0xEE, 0x27, 0x2B, 0x9A, 0x56, 0x03, 0x02, 0x03, 0x02, 0x0F, 0x10, 0x11, 0x12, 0x13, 0x14
	.byte 0x15, 0x1A, 0x20, 0x21, 0x22, 0x28, 0x03, 0x02, 0x03, 0x02, 0x03, 0x02, 0x03, 0x02, 0x03, 0x00
	.byte 0xBE, 0x8C, 0x3F, 0x3F, 0xBF, 0x03, 0x03, 0x00, 0x03, 0x16, 0x10, 0x11, 0x71, 0x13, 0x14, 0x2A
	.byte 0x13, 0x20, 0x21, 0x22, 0x28, 0x02, 0x03, 0x02, 0x03, 0x02, 0x03, 0x02, 0x03, 0x02, 0x03, 0x02
	.byte 0x03, 0x02, 0x03, 0x02, 0x03, 0x02, 0x03, 0x02, 0x03, 0x02, 0x03, 0x02, 0x03, 0x02, 0x03, 0x02
	.byte 0x03, 0x02, 0x03, 0x02, 0x03, 0x02, 0x03, 0x02, 0x03, 0x02, 0x03, 0x02, 0x03, 0x02, 0x00, 0x01
	.byte 0x00, 0x01, 0x00, 0x01, 0x00, 0x01, 0x00, 0x01, 0x00, 0x01, 0x00, 0x5F, 0xC0, 0xC1, 0xC2, 0x1A
	.byte 0x1B, 0x15, 0x1A, 0x1B, 0x15, 0x1A, 0x1B, 0x15, 0x1A, 0x1B, 0x15, 0x14, 0x1B, 0x14, 0x1A, 0xEF
	.byte 0x26, 0x27, 0x2B, 0x9A, 0x02, 0x0F, 0x10, 0x11, 0x12, 0x13, 0x14, 0x15, 0x15, 0x20, 0x21, 0x22
	.byte 0x28, 0x03, 0x00, 0x01, 0x00, 0x01, 0x00, 0x01, 0x00, 0x01, 0x00, 0x01, 0x02, 0xBE, 0x8C, 0x3F
	.byte 0x3F, 0xBF, 0x01, 0x01, 0x0F, 0x10, 0x11, 0x12, 0x1A, 0x14, 0x15, 0x1A, 0x20, 0x21, 0x22, 0x28
	.byte 0x00, 0x01, 0x00, 0x01, 0x00, 0x01, 0x00, 0x01, 0x00, 0x01, 0x00, 0x01, 0x00, 0x01, 0x00, 0x01
	.byte 0x00, 0x01, 0x00, 0x01, 0x00, 0x01, 0x00, 0x01, 0x00, 0x01, 0x00, 0x01, 0x00, 0x01, 0x00, 0x01
	.byte 0x00, 0x01, 0x00, 0x01, 0x00, 0x01, 0x00, 0x01, 0x00, 0x01, 0x00, 0x02, 0x03, 0x02, 0x03, 0x02
	.byte 0x03, 0x02, 0x03, 0x02, 0x03, 0x02, 0x03, 0x02, 0x03, 0x02, 0xC9, 0xCA, 0xCB, 0xCC, 0xCD, 0xCE
	.byte 0xCF, 0xD0, 0xD0, 0xF0, 0xF1, 0xF1, 0xF2, 0xF3, 0xF4, 0x23, 0x24, 0x14, 0x14, 0x24, 0x3B, 0x26
	.byte 0x27, 0x10, 0x11, 0x12, 0x1A, 0x14, 0x15, 0x1A, 0x20, 0x21, 0x22, 0x28, 0x03, 0x02, 0x03, 0x02
	.byte 0x03, 0x02, 0x03, 0x02, 0x03, 0x02, 0x03, 0x02, 0x03, 0x02, 0xBE, 0x8C, 0x3F, 0x3F, 0xBF, 0x0F
	.byte 0x10, 0x11, 0x71, 0x23, 0x14, 0x14, 0x23, 0x20, 0x21, 0x22, 0x28, 0x02, 0x03, 0x02, 0x03, 0x02
	.byte 0x03, 0x02, 0x03, 0x02, 0x03, 0x02, 0x03, 0x02, 0x03, 0x02, 0x03, 0x02, 0x03, 0x02, 0x03, 0x02
	.byte 0x03, 0x02, 0x03, 0x02, 0x03, 0x02, 0x03, 0x02, 0x03, 0x02, 0x03, 0x02, 0x03, 0x02, 0x03, 0x02
	.byte 0x03, 0x02, 0x03, 0x02, 0x03, 0x02, 0x03, 0x02, 0x00, 0x01, 0x00, 0x01, 0x00, 0x01, 0x00, 0x01
	.byte 0x00, 0x01, 0x00, 0x01, 0x00, 0x01, 0x00, 0x01, 0x00, 0x01, 0x00, 0x01, 0x00, 0x01, 0x00, 0x01
	.byte 0x00, 0x01, 0x00, 0x01, 0x00, 0xF5, 0xF6, 0xF7, 0xF8, 0x2A, 0x13, 0x14, 0x2A, 0x3B, 0x12, 0x14
	.byte 0x1A, 0x14, 0x15, 0x20, 0x21, 0x22, 0x28, 0x03, 0x00, 0x01, 0x00, 0x01, 0x00, 0x01, 0x00, 0x01
	.byte 0x00, 0x01, 0x00, 0x01, 0x00, 0x01, 0x00, 0xBE, 0x8C, 0x3F, 0x29, 0xF9, 0xFA, 0x71, 0x13, 0x14
	.byte 0x2A, 0x13, 0x20, 0x21, 0x22, 0x28, 0x00, 0x01, 0x00, 0x01, 0x00, 0x01, 0x00, 0x01, 0x00, 0x01
	.byte 0x00, 0x01, 0x00, 0x01, 0x00, 0x01, 0x00, 0x01, 0x00, 0x01, 0x00, 0x01, 0x00, 0x01, 0x00, 0x01
	.byte 0x00, 0x01, 0x00, 0x01, 0x00, 0x01, 0x00, 0x01, 0x00, 0x01, 0x00, 0x01, 0x00, 0x01, 0x00, 0x01
	.byte 0x00, 0x01, 0x00, 0x01, 0x00, 0x02, 0x03, 0x02, 0x00, 0x01, 0x00, 0x01, 0x00, 0x4C, 0x56, 0x02
	.byte 0x03, 0x02, 0x03, 0x02, 0x03, 0x02, 0x03, 0x02, 0x03, 0x02, 0x03, 0x02, 0x03, 0x02, 0x03, 0x02
	.byte 0x03, 0x02, 0x03, 0x02, 0xFB, 0xFC, 0x44, 0x4A, 0x1A, 0x1B, 0x14, 0x1A, 0x14, 0x14, 0x20, 0x21
	.byte 0x22, 0x28, 0x03, 0x02, 0x03, 0x02, 0x03, 0x02, 0x03, 0x02, 0x03, 0x02, 0x03, 0x9A, 0x5C, 0x9A
	.byte 0x5C, 0x9A, 0x5C, 0x9A, 0xBE, 0x29, 0x14, 0x14, 0x14, 0x1A, 0x14, 0x15, 0x1A, 0x20, 0x21, 0x22
	.byte 0x28, 0x02, 0x03, 0x02, 0x03, 0x02, 0x03, 0x02, 0x03, 0x02, 0x03, 0x02, 0x03, 0x02, 0x03, 0x02
	.byte 0x03, 0x02, 0x03, 0x02, 0x03, 0x02, 0x03, 0x02, 0x03, 0x02, 0x03, 0x02, 0x03, 0x02, 0x03, 0x02
	.byte 0x03, 0x02, 0x03, 0x02, 0x03, 0x02, 0x03, 0x02, 0x03, 0x02, 0x03, 0x02, 0x03, 0x02, 0x03, 0x02
	.byte 0x03, 0x02, 0x00, 0x01, 0x00, 0x02, 0x03, 0x00, 0x01, 0x00, 0x01, 0x00, 0x00, 0x01, 0x00, 0x01
	.byte 0x00, 0x01, 0x00, 0x01, 0x00, 0x01, 0x00, 0x01, 0x00, 0x01, 0x00, 0x01, 0x00, 0x01, 0x00, 0x01
	.byte 0x00, 0x0F, 0x10, 0x11, 0x12, 0x14, 0x13, 0x24, 0x14, 0x14, 0x24, 0x3B, 0x26, 0x27, 0xDF, 0x01
	.byte 0x00, 0x01, 0x00, 0x01, 0x00, 0x01, 0x00, 0x01, 0x00, 0x01, 0xA1, 0xA0, 0xA1, 0xA0, 0xA1, 0xA0
	.byte 0xA2, 0xFD, 0x14, 0x23, 0x23, 0x14, 0x14, 0x23, 0x20, 0x21, 0x22, 0x28, 0x00, 0x01, 0x00, 0x01
	.byte 0x00, 0x01, 0x00, 0x01, 0x00, 0x01, 0x00, 0x01, 0x00, 0x01, 0x00, 0x01, 0x00, 0x01, 0x00, 0x01
	.byte 0x00, 0x01, 0x00, 0x01, 0x00, 0x01, 0x00, 0x01, 0x00, 0x01, 0x00, 0x01, 0x00, 0x01, 0x00, 0x01
	.byte 0x00, 0x01, 0x00, 0x01, 0x00, 0x01, 0x00, 0x01, 0x00, 0x01, 0x00, 0x01, 0x00, 0x01, 0x00, 0x02
	.byte 0x03, 0x02, 0x00, 0x01, 0x02, 0x03, 0x02, 0x03, 0x02, 0x02, 0x03, 0x02, 0x03, 0x02, 0x03, 0x02
	.byte 0x03, 0x02, 0x03, 0x02, 0x03, 0x02, 0x03, 0x02, 0x03, 0x02, 0x03, 0x02, 0x0F, 0x10, 0x11, 0x12
	.byte 0x13, 0x14, 0x13, 0x14, 0x20, 0x45, 0x2A, 0x13, 0x14, 0x2A, 0xE1, 0xA5, 0xA6, 0xA7, 0xA8, 0xA9
	.byte 0xA9, 0xA9, 0xA9, 0xA9, 0xA9, 0xA9, 0xAA, 0xAA, 0xAA, 0xAA, 0xAB, 0xAC, 0xAD, 0xAE, 0xAF, 0xB0
	.byte 0x14, 0x2A, 0x13, 0x20, 0x21, 0x22, 0x28, 0x02, 0x03, 0x02, 0x03, 0x02, 0x03, 0x02, 0x03, 0x02
	.byte 0x03, 0x02, 0x03, 0x02, 0x03, 0x02, 0x03, 0x02, 0x03, 0x02, 0x03, 0x02, 0x03, 0x02, 0x03, 0x02
	.byte 0x03, 0x02, 0x03, 0x02, 0x03, 0x02, 0x03, 0x02, 0x03, 0x02, 0x03, 0x02, 0x03, 0x02, 0x03, 0x02
	.byte 0x03, 0x02, 0x03, 0x02, 0x03, 0x02, 0x03, 0x02, 0x03, 0x02, 0x03, 0x02, 0x00, 0x01, 0x00, 0x01
	.byte 0x00, 0x00, 0x01, 0x00, 0x01, 0x00, 0x00, 0x01, 0x00, 0x01, 0x00, 0x01, 0x00, 0x01, 0x00, 0x01
	.byte 0x00, 0x01, 0x00, 0x01, 0x00, 0x01, 0x00, 0x0F, 0x10, 0x11, 0x12, 0x15, 0x14, 0x15, 0x1A, 0x20
	.byte 0x21, 0x22, 0x43, 0x44, 0x4A, 0x1A, 0x1B, 0x14, 0x1A, 0x1B, 0x15, 0x1A, 0x1B, 0x15, 0x1A, 0x1B
	.byte 0x15, 0x1A, 0x1B, 0x15, 0xB5, 0xB4, 0x8F, 0xB5, 0xB4, 0x29, 0xB5, 0x14, 0x8F, 0x1A, 0x20, 0x21
	.byte 0x22, 0x28, 0x00, 0x01, 0x00, 0x01, 0x00, 0x01, 0x00, 0x01, 0x00, 0x01, 0x00, 0x01, 0x00, 0x01
	.byte 0x00, 0x01, 0x00, 0x01, 0x00, 0x01, 0x00, 0x01, 0x00, 0x01, 0x00, 0x01, 0x00, 0x01, 0x00, 0x01
	.byte 0x00, 0x01, 0x00, 0x01, 0x00, 0x01, 0x00, 0x01, 0x00, 0x01, 0x00, 0x01, 0x00, 0x01, 0x00, 0x01
	.byte 0x00, 0x01, 0x00, 0x01, 0x00, 0x01, 0x00, 0x01, 0x00, 0x02, 0x03, 0x02, 0x03, 0x02, 0x03, 0x02
	.byte 0x03, 0x02, 0x03, 0x02, 0x03, 0x00, 0x01, 0x00, 0x01, 0x00, 0x01, 0x00, 0x03, 0x02, 0x03, 0x02
	.byte 0x03, 0x00, 0x0F, 0x10, 0x11, 0x12, 0x13, 0x14, 0x15, 0x1A, 0x20, 0x21, 0x22, 0x28, 0x03, 0x02
	.byte 0x5F, 0x43, 0x44, 0x4A, 0x24, 0x14, 0x14, 0x24, 0x14, 0x14, 0x14, 0x14, 0x14, 0x14, 0x14, 0x14
	.byte 0x14, 0x14, 0x14, 0x14, 0x14, 0xBA, 0x14, 0xBB, 0xBA, 0x20, 0x21, 0x22, 0x28, 0x02, 0x03, 0x02
	.byte 0x03, 0x02, 0x03, 0x02, 0x03, 0x02, 0x03, 0x02, 0x03, 0x02, 0x03, 0x02, 0x03, 0x02, 0x03, 0x02
	.byte 0x03, 0x02, 0x03, 0x02, 0x03, 0x02, 0x03, 0x02, 0x03, 0x02, 0x03, 0x02, 0x03, 0x02, 0x03, 0x02
	.byte 0x03, 0x02, 0x03, 0x02, 0x03, 0x02, 0x03, 0x02, 0x03, 0x02, 0x03, 0x02, 0x03, 0x02, 0x03, 0x02
	.byte 0x03, 0x02, 0x03, 0x02, 0x03, 0x02, 0x00, 0x01, 0x00, 0x01, 0x00, 0x01, 0x00, 0x01, 0x00, 0x01
	.byte 0x00, 0x01, 0x02, 0x03, 0x02, 0x00, 0x01, 0x00, 0x01, 0x00, 0x00, 0x01, 0x00, 0x01, 0x00, 0x4C
	.byte 0x56, 0x13, 0x14, 0x15, 0x1A, 0x20, 0x21, 0x22, 0x28, 0x03, 0x00, 0x01, 0x00, 0x01, 0x00, 0x5F
	.byte 0xC0, 0xC1, 0xC2, 0x2A, 0x13, 0x29, 0x2A, 0x13, 0x29, 0x2A, 0x13, 0x29, 0x2A, 0x13, 0xC4, 0xC3
	.byte 0xB0, 0xC4, 0xC3, 0xB0, 0xC5, 0xC6, 0xC7, 0x28, 0x00, 0x01, 0x00, 0x01, 0x00, 0x01, 0x00, 0x01
	.byte 0x00, 0x01, 0x00, 0x01, 0x00, 0x01, 0x00, 0x01, 0x00, 0x01, 0x00, 0x01, 0x00, 0x01, 0x00, 0x01
	.byte 0x00, 0x01, 0x00, 0x01, 0x00, 0x01, 0x00, 0x01, 0x00, 0x01, 0x00, 0x01, 0x00, 0x01, 0x00, 0x01
	.byte 0x00, 0x01, 0x00, 0x01, 0x00, 0x01, 0x00, 0x01, 0x00, 0x01, 0x00, 0x01, 0x00, 0x01, 0x00, 0x01
	.byte 0x00, 0x01, 0x00, 0x02, 0x03, 0x02, 0x03, 0x02, 0x03, 0x02, 0x03, 0x02, 0x03, 0x02, 0x03, 0x00
	.byte 0x01, 0x00, 0x02, 0x03, 0x02, 0x03, 0x02, 0x02, 0x03, 0x00, 0x01, 0x00, 0x01, 0x00, 0x15, 0x1A
	.byte 0x20, 0x21, 0x22, 0x28, 0x03, 0x02, 0x03, 0x02, 0x03, 0x02, 0x03, 0x02, 0x03, 0x02, 0x03, 0xCA
	.byte 0xCB, 0xCC, 0xCD, 0xCE, 0xCF, 0xD0, 0xD0, 0xCF, 0xD0, 0xD0, 0xFE, 0xFE, 0xD1, 0xD2, 0xD3, 0xD4
	.byte 0xD5, 0xD6, 0x59, 0x9A, 0x03, 0x02, 0x03, 0x02, 0x03, 0x02, 0x03, 0x02, 0x03, 0x02, 0x03, 0x02
	.byte 0x03, 0x02, 0x03, 0x02, 0x03, 0x02, 0x03, 0x02, 0x03, 0x02, 0x03, 0x02, 0x03, 0x02, 0x03, 0x02
	.byte 0x03, 0x02, 0x03, 0x02, 0x03, 0x02, 0x03, 0x02, 0x03, 0x02, 0x03, 0x02, 0x03, 0x02, 0x03, 0x02
	.byte 0x03, 0x02, 0x03, 0x02, 0x03, 0x02, 0x03, 0x02, 0x03, 0x02, 0x03, 0x02, 0x03, 0x02, 0x03, 0x02
	.byte 0x00, 0x01, 0x00, 0x01, 0x00, 0x01, 0x00, 0x01, 0x00, 0x01, 0x00, 0x01, 0x00, 0x01, 0x00, 0x00
	.byte 0x01, 0x00, 0x01, 0x00, 0x00, 0x01, 0x02, 0x03, 0x02, 0x03, 0x02, 0x20, 0x21, 0x22, 0x28, 0x03
	.byte 0x00, 0x01, 0x00, 0x01, 0x00, 0x01, 0x00, 0x01, 0x00, 0x01, 0x00, 0x01, 0x00, 0x01, 0x00, 0x01
	.byte 0x00, 0x01, 0x00, 0x01, 0x00, 0x01, 0x00, 0x01, 0xA1, 0xA0, 0xA1, 0xA0, 0xA1, 0xA0, 0xA1, 0xA0
	.byte 0xA1, 0x01, 0x00, 0x01, 0x00, 0x01, 0x00, 0x01, 0x00, 0x01, 0x00, 0x01, 0x00, 0x01, 0x00, 0x01
	.byte 0x00, 0x01, 0x00, 0x01, 0x00, 0x01, 0x00, 0x01, 0x00, 0x01, 0x00, 0x01, 0x00, 0x01, 0x00, 0x01
	.byte 0x00, 0x01, 0x00, 0x01, 0x00, 0x01, 0x00, 0x01, 0x00, 0x01, 0x00, 0x01, 0x00, 0x01, 0x00, 0x01
	.byte 0x00, 0x01, 0x00, 0x01, 0x00, 0x01, 0x00, 0x01, 0x00, 0x01, 0x00, 0x01, 0x00, 0x02, 0x03, 0x02
	.byte 0x03, 0x02, 0x03, 0x02, 0x03, 0x02, 0x03, 0x02, 0x03, 0x02, 0x03, 0x02, 0x03, 0x02, 0x03, 0x02
	.byte 0x03, 0x02, 0x03, 0x00, 0x01, 0x00, 0x01, 0x00, 0x03, 0x02, 0x03, 0x02, 0x03, 0x02, 0x03, 0x02
	.byte 0x03, 0x02, 0x03, 0x02, 0x03, 0x02, 0x03, 0x02, 0x03, 0x02, 0x03, 0x02, 0x03, 0x02, 0x03, 0x02
	.byte 0x03, 0x02, 0x03, 0x02, 0x03, 0x02, 0x03, 0x02, 0x03, 0x02, 0x03, 0x02, 0x03, 0x02, 0x03, 0x02
	.byte 0x03, 0x02, 0x03, 0x02, 0x03, 0x02, 0x03, 0x02, 0x03, 0x02, 0x03, 0x02, 0x03, 0x02, 0x03, 0x02
	.byte 0x03, 0x02, 0x03, 0x02, 0x03, 0x02, 0x03, 0x02, 0x03, 0x02, 0x03, 0x02, 0x03, 0x02, 0x03, 0x02
	.byte 0x03, 0x02, 0x03, 0x02, 0x03, 0x02, 0x03, 0x02, 0x03, 0x02, 0x03, 0x02, 0x03, 0x02, 0x03, 0x02
	.byte 0x03, 0x02, 0x03, 0x02, 0x03, 0x02, 0x03, 0x02, 0x03, 0x02, 0x00, 0x01, 0x00, 0x01, 0x00, 0x01
	.byte 0x00, 0x01, 0x00, 0x01, 0x00, 0x01, 0x00, 0x01, 0x00, 0x01, 0x00, 0x01, 0x00, 0x01, 0x00, 0x01
	.byte 0x00, 0x01, 0x00, 0x01, 0x00, 0x01, 0x00, 0x01, 0x00, 0x01, 0x00, 0x02, 0x03, 0x02, 0x03, 0x02
	.byte 0x4C, 0x56, 0x00, 0x01, 0x00, 0x01, 0x00, 0x01, 0x00, 0x01, 0x00, 0x01, 0x00, 0x01, 0x00, 0x01
	.byte 0x00, 0x01, 0x00, 0x01, 0x00, 0x01, 0x00, 0x01, 0x00, 0x01, 0x00, 0x01, 0x00, 0x01, 0x00, 0x01
	.byte 0x00, 0x01, 0x00, 0x01, 0x00, 0x01, 0x00, 0x01, 0x00, 0x01, 0x00, 0x01, 0x00, 0x01, 0x00, 0x01
	.byte 0x00, 0x01, 0x00, 0x01, 0x00, 0x01, 0x00, 0x01, 0x00, 0x01, 0x00, 0x01, 0x00, 0x01, 0x00, 0x01
	.byte 0x00, 0x01, 0x00, 0x01, 0x00, 0x01, 0x00, 0x01, 0x00, 0x01, 0x00, 0x01, 0x00, 0x01, 0x00, 0x01
	.byte 0x00, 0x01, 0x00, 0x01, 0x00, 0x01, 0x00, 0x02, 0x03, 0x02, 0x03, 0x02, 0x03, 0x02, 0x03, 0x02
	.byte 0x03, 0x02, 0x03, 0x02, 0x03, 0x02, 0x03, 0x02, 0x03, 0x02, 0x03, 0x02, 0x03, 0x02, 0x03, 0x02
	.byte 0x03, 0x02, 0x03, 0x02, 0x03, 0x02, 0x03, 0x02, 0x00, 0x01, 0x02, 0x03, 0x02, 0x03, 0x02, 0x02
	.byte 0x03, 0x02, 0x03, 0x02, 0x03, 0x02, 0x03, 0x02, 0x03, 0x02, 0x03, 0x02, 0x03, 0x02, 0x03, 0x02
	.byte 0x03, 0x02, 0x03, 0x02, 0x03, 0x02, 0x03, 0x02, 0x03, 0x02, 0x03, 0x02, 0x03, 0x02, 0x03, 0x02
	.byte 0x03, 0x02, 0x03, 0x02, 0x03, 0x02, 0x03, 0x02, 0x03, 0x02, 0x03, 0x02, 0x03, 0x02, 0x03, 0x02
	.byte 0x03, 0x02, 0x03, 0x02, 0x03, 0x02, 0x03, 0x02, 0x03, 0x02, 0x03, 0x02, 0x03, 0x02, 0x03, 0x02
	.byte 0x03, 0x02, 0x03, 0x02, 0x03, 0x02, 0x03, 0x02, 0x03, 0x02, 0x03, 0x02, 0x03, 0x02, 0x03, 0x02
	.byte 0x03, 0x02, 0x03, 0x02, 0x00, 0x01, 0x00, 0x01, 0x00, 0x01, 0x00, 0x01, 0x00, 0x01, 0x00, 0x01
	.byte 0x00, 0x01, 0x00, 0x01, 0x00, 0x01, 0x00, 0x01, 0x00, 0x01, 0x00, 0x01, 0x00, 0x01, 0x00, 0x01
	.byte 0x00, 0x01, 0x00, 0x01, 0x00, 0x02, 0x03, 0x00, 0x01, 0x00, 0x01, 0x00, 0x00, 0x01, 0x00, 0x01
	.byte 0x00, 0x01, 0x00, 0x01, 0x00, 0x01, 0x00, 0x01, 0x00, 0x01, 0x00, 0x01, 0x00, 0x01, 0x00, 0x01
	.byte 0x00, 0x01, 0x00, 0x01, 0x00, 0x01, 0x00, 0x01, 0x00, 0x01, 0x00, 0x01, 0x00, 0x01, 0x00, 0x01
	.byte 0x00, 0x01, 0x00, 0x01, 0x00, 0x01, 0x00, 0x01, 0x00, 0x01, 0x00, 0x01, 0x00, 0x01, 0x00, 0x01
	.byte 0x00, 0x01, 0x00, 0x01, 0x00, 0x01, 0x00, 0x01, 0x00, 0x01, 0x00, 0x01, 0x00, 0x01, 0x00, 0x01
	.byte 0x00, 0x01, 0x00, 0x01, 0x00, 0x01, 0x00, 0x01, 0x00, 0x01, 0x00, 0x01, 0x00, 0x01, 0x00, 0x01
	.byte 0x00, 0x02, 0x03, 0x02, 0x03, 0x02, 0x03, 0x02, 0x03, 0x02, 0x03, 0x02, 0x03, 0x02, 0x03, 0x02
	.byte 0x03, 0x02, 0x03, 0x02, 0x03, 0x02, 0x03, 0x02, 0x03, 0x02, 0x03, 0x02, 0x03, 0x02, 0x03, 0x02
	.byte 0x03, 0x02, 0x00, 0x01, 0x02, 0x03, 0x02, 0x03, 0x02, 0x02, 0x03, 0x02, 0x03, 0x02, 0x03, 0x02
	.byte 0x03, 0x02, 0x03, 0x02, 0x03, 0x02, 0x03, 0x02, 0x03, 0x02, 0x03, 0x02, 0x03, 0x02, 0x03, 0x02
	.byte 0x03, 0x02, 0x03, 0x02, 0x03, 0x02, 0x03, 0x02, 0x03, 0x02, 0x03, 0x02, 0x03, 0x02, 0x03, 0x02
	.byte 0x03, 0x02, 0x03, 0x02, 0x03, 0x02, 0x03, 0x02, 0x03, 0x02, 0x03, 0x02, 0x03, 0x02, 0x03, 0x02
	.byte 0x03, 0x02, 0x03, 0x02, 0x03, 0x02, 0x03, 0x02, 0x03, 0x02, 0x03, 0x02, 0x03, 0x02, 0x03, 0x02
	.byte 0x03, 0x02, 0x03, 0x02, 0x03, 0x02, 0x03, 0x02, 0x03, 0x02, 0x03, 0x02, 0x03, 0x02, 0x00, 0x01
	.byte 0x00, 0x01, 0x00, 0x01, 0x00, 0x01, 0x00, 0x01, 0x00, 0x01, 0x00, 0x01, 0x00, 0x01, 0x00, 0x01
	.byte 0x00, 0x01, 0x00, 0x01, 0x00, 0x01, 0x00, 0x01, 0x00, 0x01, 0x00, 0x01, 0x00, 0x01, 0x00, 0x01
	.byte 0x00, 0x00, 0x01, 0x00, 0x01, 0x00, 0x00, 0x01, 0x00, 0x01, 0x00, 0x01, 0x00, 0x01, 0x00, 0x01
	.byte 0x00, 0x01, 0x00, 0x01, 0x00, 0x01, 0x00, 0x01, 0x00, 0x01, 0x00, 0x01, 0x00, 0x01, 0x00, 0x01
	.byte 0x00, 0x01, 0x00, 0x01, 0x00, 0x01, 0x00, 0x01, 0x00, 0x01, 0x00, 0x01, 0x00, 0x01, 0x00, 0x01
	.byte 0x00, 0x01, 0x00, 0x01, 0x00, 0x01, 0x00, 0x01, 0x00, 0x01, 0x00, 0x01, 0x00, 0x01, 0x00, 0x01
	.byte 0x00, 0x01, 0x00, 0x01, 0x00, 0x01, 0x00, 0x01, 0x00, 0x01, 0x00, 0x01, 0x00, 0x01, 0x00, 0x01
	.byte 0x00, 0x01, 0x00, 0x01, 0x00, 0x01, 0x00, 0x01, 0x00, 0x01, 0x00, 0x02, 0x03, 0x02, 0x03, 0x02
	.byte 0x03, 0x02, 0x03, 0x02, 0x03, 0x02, 0x03, 0x02, 0x03, 0x02, 0x03, 0x02, 0x03, 0x02, 0x03, 0x02
	.byte 0x03, 0x02, 0x03, 0x02, 0x03, 0x02, 0x03, 0x02, 0x03, 0x02, 0x03, 0x02, 0x03, 0x02, 0x03, 0x02
	.byte 0x03, 0x02, 0x03, 0x02, 0x03, 0x02, 0x03, 0x02, 0x03, 0x02, 0x03, 0x02, 0x03, 0x02, 0x03, 0x02
	.byte 0x03, 0x02, 0x03, 0x02, 0x03, 0x02, 0x03, 0x02, 0x03, 0x02, 0x03, 0x02, 0x03, 0x02, 0x03, 0x02
	.byte 0x03, 0x02, 0x03, 0x02, 0x03, 0x02, 0x03, 0x02, 0x03, 0x02, 0x03, 0x02, 0x03, 0x02, 0x03, 0x02
	.byte 0x03, 0x02, 0x03, 0x02, 0x03, 0x02, 0x03, 0x02, 0x03, 0x02, 0x03, 0x02, 0x03, 0x02, 0x03, 0x02
	.byte 0x03, 0x02, 0x03, 0x02, 0x03, 0x02, 0x03, 0x02, 0x03, 0x02, 0x03, 0x02, 0x03, 0x02, 0x03, 0x02
	.byte 0x03, 0x02, 0x03, 0x02, 0x03, 0x02, 0x03, 0x02, 0x00, 0x01, 0x00, 0x01, 0x00, 0x01, 0x00, 0x01
	.byte 0x00, 0x01, 0x00, 0x01, 0x00, 0x01, 0x00, 0x01, 0x00, 0x01, 0x00, 0x01, 0x00, 0x01, 0x00, 0x01
	.byte 0x00, 0x01, 0x00, 0x01, 0x00, 0x01, 0x00, 0x01, 0x00, 0x01, 0x00, 0x01, 0x00, 0x01, 0x00, 0x01
	.byte 0x00, 0x01, 0x00, 0x01, 0x00, 0x01, 0x00, 0x01, 0x00, 0x01, 0x00, 0x01, 0x00, 0x01, 0x00, 0x01
	.byte 0x00, 0x01, 0x00, 0x01, 0x00, 0x01, 0x00, 0x01, 0x00, 0x01, 0x00, 0x01, 0x00, 0x01, 0x00, 0x01
	.byte 0x00, 0x01, 0x00, 0x01, 0x00, 0x01, 0x00, 0x01, 0x00, 0x01, 0x00, 0x01, 0x00, 0x01, 0x00, 0x01
	.byte 0x00, 0x01, 0x00, 0x01, 0x00, 0x01, 0x00, 0x01, 0x00, 0x01, 0x00, 0x01, 0x00, 0x01, 0x00, 0x01
	.byte 0x00, 0x01, 0x00, 0x01, 0x00, 0x01, 0x00, 0x01, 0x00, 0x01, 0x00, 0x01, 0x00, 0x01, 0x00, 0x01
	.byte 0x00, 0x01, 0x00, 0x01, 0x00, 0x02, 0x03, 0x02, 0x03, 0x02, 0x03, 0x02, 0x03, 0x02, 0x03, 0x02
	.byte 0x03, 0x02, 0x03, 0x02, 0x03, 0x02, 0x03, 0x02, 0x03, 0x02, 0x03, 0x02, 0x03, 0x02, 0x03, 0x02
	.byte 0x03, 0x02, 0x03, 0x02, 0x03, 0x02, 0x03, 0x02, 0x03, 0x02, 0x03, 0x02, 0x03, 0x02, 0x03, 0x02
	.byte 0x03, 0x02, 0x03, 0x02, 0x03, 0x02, 0x03, 0x02, 0x03, 0x02, 0x03, 0x02, 0x03, 0x02, 0x03, 0x02
	.byte 0x03, 0x02, 0x03, 0x02, 0x03, 0x02, 0x03, 0x02, 0x03, 0x02, 0x03, 0x02, 0x03, 0x02, 0x03, 0x02
	.byte 0x03, 0x02, 0x03, 0x02, 0x03, 0x02, 0x03, 0x02, 0x03, 0x02, 0x03, 0x02, 0x03, 0x02, 0x03, 0x02
	.byte 0x03, 0x02, 0x03, 0x02, 0x03, 0x02, 0x03, 0x02, 0x03, 0x02, 0x03, 0x02, 0x03, 0x02, 0x03, 0x02
	.byte 0x03, 0x02, 0x03, 0x02, 0x03, 0x02, 0x03, 0x02, 0x03, 0x02, 0x03, 0x02, 0x03, 0x02, 0x03, 0x02
	.byte 0x03, 0x02, 0x00, 0x01, 0x00, 0x01, 0x00, 0x01, 0x00, 0x01, 0x00, 0x01, 0x00, 0x01, 0x00, 0x01
	.byte 0x00, 0x01, 0x00, 0x01, 0x00, 0x01, 0x00, 0x01, 0x00, 0x01, 0x00, 0x01, 0x00, 0x01, 0x00, 0x01
	.byte 0x00, 0x01, 0x00, 0x01, 0x00, 0x01, 0x00, 0x01, 0x00, 0x01, 0x00, 0x01, 0x00, 0x01, 0x00, 0x01
	.byte 0x00, 0x01, 0x00, 0x01, 0x00, 0x01, 0x00, 0x01, 0x00, 0x01, 0x00, 0x01, 0x00, 0x01, 0x00, 0x01
	.byte 0x00, 0x01, 0x00, 0x01, 0x00, 0x01, 0x00, 0x01, 0x00, 0x01, 0x00, 0x01, 0x00, 0x01, 0x00, 0x01
	.byte 0x00, 0x01, 0x00, 0x01, 0x00, 0x01, 0x00, 0x01, 0x00, 0x01, 0x00, 0x01, 0x00, 0x01, 0x00, 0x01
	.byte 0x00, 0x01, 0x00, 0x01, 0x00, 0x01, 0x00, 0x01, 0x00, 0x01, 0x00, 0x01, 0x00, 0x01, 0x00, 0x01
	.byte 0x00, 0x01, 0x00, 0x01, 0x00, 0x01, 0x00, 0x01, 0x00, 0x01, 0x00, 0x01, 0x00, 0x01, 0x00, 0x02
	.byte 0x03, 0x02, 0x03, 0x02, 0x03, 0x02, 0x03, 0x02, 0x03, 0x02, 0x03, 0x02, 0x03, 0x02, 0x03, 0x02
	.byte 0x03, 0x02, 0x03, 0x02, 0x03, 0x02, 0x03, 0x02, 0x03, 0x02, 0x03, 0x02, 0x03, 0x02, 0x03, 0x02
	.byte 0x03, 0x02, 0x03, 0x02, 0x03, 0x02, 0x03, 0x02, 0x03, 0x02, 0x03, 0x02, 0x03, 0x02, 0x03, 0x02
	.byte 0x03, 0x02, 0x03, 0x02, 0x03, 0x02, 0x03, 0x02, 0x03, 0x02, 0x03, 0x02, 0x03, 0x02, 0x03, 0x02
	.byte 0x03, 0x02, 0x03, 0x02, 0x03, 0x02, 0x03, 0x02, 0x03, 0x02, 0x03, 0x02, 0x03, 0x02, 0x03, 0x02
	.byte 0x03, 0x02, 0x03, 0x02, 0x03, 0x02, 0x03, 0x02, 0x03, 0x02, 0x03, 0x02, 0x03, 0x02, 0x03, 0x02
	.byte 0x03, 0x02, 0x03, 0x02, 0x03, 0x02, 0x03, 0x02, 0x03, 0x02, 0x03, 0x02, 0x03, 0x02, 0x03, 0x02
	.byte 0x03, 0x02, 0x03, 0x02, 0x03, 0x02, 0x03, 0x02, 0x03, 0x02, 0x03, 0x02, 0x00, 0x01, 0x00, 0x01
	.byte 0x00, 0x01, 0x00, 0x01, 0x00, 0x01, 0x00, 0x01, 0x00, 0x01, 0x00, 0x01, 0x00, 0x01, 0x00, 0x01
	.byte 0x00, 0x01, 0x00, 0x01, 0x00, 0x01, 0x00, 0x01, 0x00, 0x01, 0x00, 0x01, 0x00, 0x01, 0x00, 0x01
	.byte 0x00, 0x01, 0x00, 0x01, 0x00, 0x01, 0x00, 0x01, 0x00, 0x01, 0x00, 0x01, 0x00, 0x01, 0x00, 0x01
	.byte 0x00, 0x01, 0x00, 0x01, 0x00, 0x01, 0x00, 0x01, 0x00, 0x01, 0x00, 0x01, 0x00, 0x01, 0x00, 0x01
	.byte 0x00, 0x01, 0x00, 0x01, 0x00, 0x01, 0x00, 0x01, 0x00, 0x01, 0x00, 0x01, 0x00, 0x01, 0x00, 0x01
	.byte 0x00, 0x01, 0x00, 0x01, 0x00, 0x01, 0x00, 0x01, 0x00, 0x01, 0x00, 0x01, 0x00, 0x01, 0x00, 0x01
	.byte 0x00, 0x01, 0x00, 0x01, 0x00, 0x01, 0x00, 0x01, 0x00, 0x01, 0x00, 0x01, 0x00, 0x01, 0x00, 0x01
	.byte 0x00, 0x01, 0x00, 0x01, 0x00, 0x01, 0x00, 0x01, 0x00, 0x02, 0x03, 0x02, 0x03, 0x02, 0x03, 0x02
	.byte 0x03, 0x02, 0x03, 0x02, 0x03, 0x02, 0x03, 0x02, 0x03, 0x02, 0x03, 0x02, 0x03, 0x02, 0x03, 0x02
	.byte 0x03, 0x02, 0x03, 0x02, 0x03, 0x02, 0x03, 0x02, 0x03, 0x02, 0x03, 0x02, 0x03, 0x02, 0x03, 0x02
	.byte 0x03, 0x02, 0x03, 0x02, 0x03, 0x02, 0x03, 0x02, 0x03, 0x02, 0x03, 0x02, 0x03, 0x02, 0x03, 0x02
	.byte 0x03, 0x02, 0x03, 0x02, 0x03, 0x02, 0x03, 0x02, 0x03, 0x02, 0x03, 0x02, 0x03, 0x02, 0x03, 0x02
	.byte 0x03, 0x02, 0x03, 0x02, 0x03, 0x02, 0x03, 0x02, 0x03, 0x02, 0x03, 0x02, 0x03, 0x02, 0x03, 0x02
	.byte 0x03, 0x02, 0x03, 0x02, 0x03, 0x02, 0x03, 0x02, 0x03, 0x02, 0x03, 0x02, 0x03, 0x02, 0x03, 0x02
	.byte 0x03, 0x02, 0x03, 0x02, 0x03, 0x02, 0x03, 0x02, 0x03, 0x02, 0x03, 0x02, 0x03, 0x02, 0x03, 0x02
	.byte 0x03, 0x02, 0x03, 0x02, 0x03, 0x02, 0x00, 0x01, 0x00, 0x01, 0x00, 0x01, 0x00, 0x01, 0x00, 0x01
	.byte 0x00, 0x01, 0x00, 0x01, 0x00, 0x01, 0x00, 0x01, 0x00, 0x01, 0x00, 0x01, 0x00, 0x01, 0x00, 0x01
	.byte 0x00, 0x01, 0x00, 0x01, 0x00, 0x01, 0x00, 0x01, 0x00, 0x01, 0x00, 0x01, 0x00, 0x01, 0x00, 0x01
	.byte 0x00, 0x01, 0x00, 0x01, 0x00, 0x01, 0x00, 0x01, 0x00, 0x01, 0x00, 0x01, 0x00, 0x01, 0x00, 0x01
	.byte 0x00, 0x01, 0x00, 0x01, 0x00, 0x01, 0x00, 0x01, 0x00, 0x01, 0x00, 0x01, 0x00, 0x01, 0x00, 0x01
	.byte 0x00, 0x01, 0x00, 0x01, 0x00, 0x01, 0x00, 0x01, 0x00, 0x01, 0x00, 0x01, 0x00, 0x01, 0x00, 0x01
	.byte 0x00, 0x01, 0x00, 0x01, 0x00, 0x01, 0x00, 0x01, 0x00, 0x01, 0x00, 0x01, 0x00, 0x01, 0x00, 0x01
	.byte 0x00, 0x01, 0x00, 0x01, 0x00, 0x01, 0x00, 0x01, 0x00, 0x01, 0x00, 0x01, 0x00, 0x01, 0x00, 0x01
	.byte 0x00, 0x01, 0x00, 0x02, 0x03, 0x02, 0x03, 0x02, 0x03, 0x02, 0x03, 0x02, 0x03, 0x02, 0x03, 0x02
	.byte 0x03, 0x02, 0x03, 0x02, 0x03, 0x02, 0x03, 0x02, 0x03, 0x02, 0x03, 0x02, 0x03, 0x02, 0x03, 0x02
	.byte 0x03, 0x02, 0x03, 0x02, 0x03, 0x02, 0x03, 0x02, 0x03, 0x02, 0x03, 0x02, 0x03, 0x02, 0x03, 0x02
	.byte 0x03, 0x02, 0x03, 0x02, 0x03, 0x02, 0x03, 0x02, 0x03, 0x02, 0x03, 0x02, 0x03, 0x02, 0x03, 0x02
	.byte 0x03, 0x02, 0x03, 0x02, 0x03, 0x02, 0x03, 0x02, 0x03, 0x02, 0x03, 0x02, 0x03, 0x02, 0x03, 0x02
	.byte 0x03, 0x02, 0x03, 0x02, 0x03, 0x02, 0x03, 0x02, 0x03, 0x02, 0x03, 0x02, 0x03, 0x02, 0x03, 0x02
	.byte 0x03, 0x02, 0x03, 0x02, 0x03, 0x02, 0x03, 0x02, 0x03, 0x02, 0x03, 0x02, 0x03, 0x02, 0x03, 0x02
	.byte 0x03, 0x02, 0x03, 0x02, 0x03, 0x02, 0x03, 0x02, 0x03, 0x02, 0x03, 0x02, 0x03, 0x02, 0x03, 0x02
	.byte 0x00, 0x01, 0x00, 0x01, 0x00, 0x01, 0x00, 0x01, 0x00, 0x01, 0x00, 0x01, 0x00, 0x01, 0x00, 0x01
	.byte 0x00, 0x01, 0x00, 0x01, 0x00, 0x01, 0x00, 0x01, 0x00, 0x01, 0x00, 0x01, 0x00, 0x01, 0x00, 0x01
	.byte 0x00, 0x01, 0x00, 0x01, 0x00, 0x01, 0x00, 0x01, 0x00, 0x01, 0x00, 0x01, 0x00, 0x01, 0x00, 0x01
	.byte 0x00, 0x01, 0x00, 0x01, 0x00, 0x01, 0x00, 0x01, 0x00, 0x01, 0x00, 0x01, 0x00, 0x01, 0x00, 0x01
	.byte 0x00, 0x01, 0x00, 0x01, 0x00, 0x01, 0x00, 0x01, 0x00, 0x01, 0x00, 0x01, 0x00, 0x01, 0x00, 0x01
	.byte 0x00, 0x01, 0x00, 0x01, 0x00, 0x01, 0x00, 0x01, 0x00, 0x01, 0x00, 0x01, 0x00, 0x01, 0x00, 0x01
	.byte 0x00, 0x01, 0x00, 0x01, 0x00, 0x01, 0x00, 0x01, 0x00, 0x01, 0x00, 0x01, 0x00, 0x01, 0x00, 0x01
	.byte 0x00, 0x01, 0x00, 0x01, 0x00, 0x01, 0x00, 0x01, 0x00, 0x01, 0x00, 0x01, 0x00, 0x02, 0x03, 0x02
	.byte 0x03, 0x02, 0x03, 0x02, 0x03, 0x02, 0x03, 0x02, 0x03, 0x02, 0x03, 0x02, 0x03, 0x02, 0x03, 0x02
	.byte 0x03, 0x02, 0x03, 0x02, 0x03, 0x02, 0x03, 0x02, 0x03, 0x02, 0x03, 0x02, 0x03, 0x02, 0x03, 0x02
	.byte 0x03, 0x02, 0x03, 0x02, 0x03, 0x02, 0x03, 0x02, 0x03, 0x02, 0x03, 0x02, 0x03, 0x02, 0x03, 0x02
	.byte 0x03, 0x02, 0x03, 0x02, 0x03, 0x02, 0x03, 0x02, 0x03, 0x02, 0x03, 0x02, 0x03, 0x02, 0x03, 0x02
	.byte 0x03, 0x02, 0x03, 0x02, 0x03, 0x02, 0x03, 0x02, 0x03, 0x02, 0x03, 0x02, 0x03, 0x02, 0x03, 0x02
	.byte 0x03, 0x02, 0x03, 0x02, 0x03, 0x02, 0x03, 0x02, 0x03, 0x02, 0x03, 0x02, 0x03, 0x02, 0x03, 0x02
	.byte 0x03, 0x02, 0x03, 0x02, 0x03, 0x02, 0x03, 0x02, 0x03, 0x02, 0x03, 0x02, 0x03, 0x02, 0x03, 0x02
	.byte 0x03, 0x02, 0x03, 0x02, 0x03, 0x02, 0x03, 0x02, 0x03, 0x02, 0x00, 0x01, 0x00, 0x01, 0x00, 0x01
	.byte 0x00, 0x01, 0x00, 0x01, 0x00, 0x01, 0x00, 0x01, 0x00, 0x01, 0x00, 0x01, 0x00, 0x01, 0x00, 0x01
	.byte 0x00, 0x01, 0x00, 0x01, 0x00, 0x01, 0x00, 0x01, 0x00, 0x01, 0x00, 0x01, 0x00, 0x01, 0x00, 0x01
	.byte 0x00, 0x01, 0x00, 0x01, 0x00, 0x01, 0x00, 0x01, 0x00, 0x01, 0x00, 0x01, 0x00, 0x01, 0x00, 0x01
	.byte 0x00, 0x01, 0x00, 0x01, 0x00, 0x01, 0x00, 0x01, 0x00, 0x01, 0x00, 0x01, 0x00, 0x01, 0x00, 0x01
	.byte 0x00, 0x01, 0x00, 0x01, 0x00, 0x01, 0x00, 0x01, 0x00, 0x01, 0x00, 0x01, 0x00, 0x01, 0x00, 0x01
	.byte 0x00, 0x01, 0x00, 0x01, 0x00, 0x01, 0x00, 0x01, 0x00, 0x01, 0x00, 0x01, 0x00, 0x01, 0x00, 0x01
	.byte 0x00, 0x01, 0x00, 0x01, 0x00, 0x01, 0x00, 0x01, 0x00, 0x01, 0x00, 0x01, 0x00, 0x01, 0x00, 0x01
	.byte 0x00, 0x01, 0x00, 0x01, 0x00, 0x01, 0x00, 0x02, 0x03, 0x02, 0x03, 0x02, 0x03, 0x02, 0x03, 0x02
	.byte 0x03, 0x02, 0x03, 0x02, 0x03, 0x02, 0x03, 0x02, 0x03, 0x02, 0x03, 0x02, 0x03, 0x02, 0x03, 0x02
	.byte 0x03, 0x02, 0x03, 0x02, 0x03, 0x02, 0x03, 0x02, 0x03, 0x02, 0x03, 0x02, 0x03, 0x02, 0x03, 0x02
	.byte 0x03, 0x02, 0x03, 0x02, 0x03, 0x02, 0x03, 0x02, 0x03, 0x02, 0x03, 0x02, 0x03, 0x02, 0x03, 0x02
	.byte 0x03, 0x02, 0x03, 0x02, 0x03, 0x02, 0x03, 0x02, 0x03, 0x02, 0x03, 0x02, 0x03, 0x02, 0x03, 0x02
	.byte 0x03, 0x02, 0x03, 0x02, 0x03, 0x02, 0x03, 0x02, 0x03, 0x02, 0x03, 0x02, 0x03, 0x02, 0x03, 0x02
	.byte 0x03, 0x02, 0x03, 0x02, 0x03, 0x02, 0x03, 0x02, 0x03, 0x02, 0x03, 0x02, 0x03, 0x02, 0x03, 0x02
	.byte 0x03, 0x02, 0x03, 0x02, 0x03, 0x02, 0x03, 0x02, 0x03, 0x02, 0x03, 0x02, 0x03, 0x02, 0x03, 0x02
	.byte 0x03, 0x02, 0x03, 0x02, 0x00, 0x00, 0x01, 0x00, 0x02, 0x00, 0x03, 0x00, 0x04, 0x00, 0x00, 0x00
	.byte 0x01, 0x00, 0x05, 0x00, 0x06, 0x00, 0x07, 0x00, 0x08, 0x00, 0x00, 0x00, 0x09, 0x00, 0x0A, 0x00
	.byte 0x0B, 0x00, 0x0C, 0x00, 0x0D, 0x00, 0x0E, 0x00, 0x00, 0x00, 0x01, 0x00, 0x07, 0x00, 0x01, 0x00
	.byte 0x05, 0x00, 0x0F, 0x00, 0x10, 0x00, 0x11, 0x00, 0x00, 0x00, 0x01, 0x00, 0x01, 0x00, 0x12, 0x00
	.byte 0x10, 0x00, 0x11, 0x00, 0x13, 0x00, 0x10, 0x00, 0x11, 0x00, 0x14, 0x00, 0x00, 0x00, 0x01, 0x00
	.byte 0x12, 0x00, 0x05, 0x00, 0x00, 0x00, 0x07, 0x00, 0x08, 0x00, 0x00, 0x00, 0x04, 0x00, 0x08, 0x00
	.byte 0x12, 0x00, 0x05, 0x00, 0x10, 0x00, 0x11, 0x00, 0x01, 0x00, 0x12, 0x00, 0x01, 0x00, 0x12, 0x00
	.byte 0x10, 0x00, 0x11, 0x00, 0x01, 0x00, 0x07, 0x00, 0x01, 0x00, 0x12, 0x00, 0x09, 0x00, 0x0A, 0x00
	.byte 0x0B, 0x00, 0x0C, 0x00, 0x01, 0x0C, 0x01, 0x0C, 0x01, 0x0C, 0x12, 0x0C, 0x12, 0x0C, 0x01, 0x0C
	.byte 0x12, 0x0C, 0x12, 0x0C, 0x11, 0x0C, 0x10, 0x0C, 0x11, 0x0C, 0x11, 0x0C, 0x10, 0x0C, 0x01, 0x0C
	.byte 0x15, 0x00, 0x16, 0x00, 0x01, 0x0C, 0x12, 0x0C, 0x01, 0x0C, 0x12, 0x0C, 0x01, 0x0C, 0x11, 0x0C
	.byte 0x10, 0x0C, 0x11, 0x0C, 0x10, 0x0C, 0x01, 0x0C, 0x17, 0x00, 0x18, 0x00, 0x19, 0x00, 0x1A, 0x00
	.byte 0x1B, 0x00, 0x1C, 0x00, 0x12, 0x0C, 0x01, 0x0C, 0x11, 0x0C, 0x10, 0x0C, 0x11, 0x0C, 0x10, 0x0C
	.byte 0x01, 0x0C, 0x01, 0x0C, 0x1D, 0x00, 0x1E, 0x00, 0x1F, 0x00, 0x20, 0x00, 0x21, 0x00, 0x22, 0x00
	.byte 0x23, 0x00, 0x24, 0x00, 0x12, 0x0C, 0x11, 0x0C, 0x10, 0x0C, 0x12, 0x0C, 0x25, 0x00, 0x26, 0x00
	.byte 0x27, 0x00, 0x28, 0x00, 0x29, 0x00, 0x2A, 0x00, 0x2B, 0x00, 0x2C, 0x00, 0x2D, 0x00, 0x2E, 0x00
	.byte 0x2F, 0x00, 0x30, 0x00, 0x12, 0x04, 0x01, 0x04, 0x07, 0x04, 0x01, 0x04, 0x31, 0x00, 0x32, 0x00
	.byte 0x33, 0x00, 0x34, 0x00, 0x30, 0x00, 0x35, 0x00, 0x36, 0x00, 0x37, 0x00, 0x38, 0x00, 0x37, 0x00
	.byte 0x36, 0x00, 0x39, 0x00, 0x12, 0x04, 0x01, 0x04, 0x07, 0x04, 0x01, 0x04, 0x3A, 0x00, 0x3B, 0x00
	.byte 0x3C, 0x00, 0x3B, 0x00, 0x36, 0x00, 0x37, 0x00, 0x36, 0x00, 0x39, 0x00, 0x38, 0x00, 0x37, 0x00
	.byte 0x36, 0x00, 0x39, 0x00, 0x01, 0x00, 0x07, 0x00, 0x01, 0x00, 0x12, 0x00, 0x34, 0x04, 0x33, 0x04
	.byte 0x32, 0x04, 0x31, 0x04, 0x37, 0x04, 0x36, 0x04, 0x35, 0x04, 0x30, 0x04, 0x39, 0x04, 0x36, 0x04
	.byte 0x37, 0x04, 0x38, 0x04, 0x12, 0x08, 0x10, 0x08, 0x11, 0x08, 0x12, 0x08, 0x28, 0x04, 0x27, 0x04
	.byte 0x26, 0x04, 0x25, 0x04, 0x2C, 0x04, 0x2B, 0x04, 0x2A, 0x04, 0x29, 0x04, 0x30, 0x04, 0x2F, 0x04
	.byte 0x2E, 0x04, 0x2D, 0x04, 0x10, 0x08, 0x11, 0x08, 0x01, 0x08, 0x12, 0x08, 0x01, 0x08, 0x01, 0x08
	.byte 0x10, 0x08, 0x11, 0x08, 0x20, 0x04, 0x1F, 0x04, 0x1E, 0x04, 0x1D, 0x04, 0x24, 0x04, 0x23, 0x04
	.byte 0x22, 0x04, 0x21, 0x04, 0x12, 0x08, 0x01, 0x08, 0x12, 0x08, 0x01, 0x08, 0x11, 0x08, 0x10, 0x08
	.byte 0x11, 0x08, 0x01, 0x08, 0x18, 0x04, 0x17, 0x04, 0x01, 0x08, 0x10, 0x08, 0x1C, 0x04, 0x1B, 0x04
	.byte 0x1A, 0x04, 0x19, 0x04, 0x12, 0x08, 0x01, 0x08, 0x01, 0x08, 0x01, 0x08, 0x12, 0x08, 0x12, 0x08
	.byte 0x01, 0x08, 0x12, 0x08, 0x11, 0x08, 0x11, 0x08, 0x10, 0x08, 0x11, 0x08, 0x16, 0x04, 0x15, 0x04
	.byte 0x01, 0x08, 0x10, 0x08, 0x10, 0x00, 0x11, 0x00, 0x01, 0x00, 0x12, 0x00, 0x01, 0x00, 0x12, 0x00
	.byte 0x10, 0x00, 0x11, 0x00, 0x01, 0x00, 0x07, 0x00, 0x01, 0x00, 0x12, 0x00, 0x09, 0x00, 0x0A, 0x00
	.byte 0x0B, 0x00, 0x3D, 0x00, 0x10, 0x00, 0x11, 0x00, 0x10, 0x00, 0x11, 0x00, 0x3E, 0x00, 0x3F, 0x00
	.byte 0x3E, 0x00, 0x40, 0x00, 0x41, 0x00, 0x3D, 0x00, 0x42, 0x00, 0x43, 0x00, 0x42, 0x00, 0x43, 0x00
	.byte 0x44, 0x00, 0x45, 0x00, 0x11, 0x00, 0x3D, 0x00, 0x42, 0x00, 0x43, 0x00, 0x46, 0x00, 0x43, 0x00
	.byte 0x44, 0x00, 0x45, 0x00, 0x44, 0x00, 0x47, 0x00, 0x30, 0x0C, 0x48, 0x00, 0x49, 0x00, 0x4A, 0x00
	.byte 0x35, 0x0C, 0x30, 0x0C, 0x44, 0x00, 0x45, 0x00, 0x4B, 0x00, 0x4C, 0x00, 0x4D, 0x00, 0x48, 0x00
	.byte 0x4E, 0x00, 0x4F, 0x00, 0x50, 0x00, 0x35, 0x0C, 0x30, 0x0C, 0x2F, 0x0C, 0x39, 0x0C, 0x36, 0x0C
	.byte 0x37, 0x0C, 0x38, 0x0C, 0x24, 0x0C, 0x23, 0x0C, 0x22, 0x0C, 0x21, 0x0C, 0x51, 0x00, 0x52, 0x00
	.byte 0x53, 0x00, 0x54, 0x00, 0x55, 0x00, 0x56, 0x00, 0x4B, 0x00, 0x4C, 0x00, 0x50, 0x00, 0x35, 0x0C
	.byte 0x30, 0x0C, 0x2F, 0x0C, 0x57, 0x00, 0x58, 0x00, 0x55, 0x00, 0x56, 0x00, 0x59, 0x00, 0x5A, 0x00
	.byte 0x39, 0x0C, 0x36, 0x0C, 0x2E, 0x0C, 0x5B, 0x00, 0x24, 0x0C, 0x23, 0x0C, 0x5C, 0x00, 0x5A, 0x00
	.byte 0x39, 0x0C, 0x36, 0x0C, 0x50, 0x00, 0x35, 0x0C, 0x30, 0x0C, 0x2F, 0x0C, 0x39, 0x0C, 0x36, 0x0C
	.byte 0x37, 0x0C, 0x38, 0x0C, 0x24, 0x0C, 0x23, 0x0C, 0x22, 0x0C, 0x21, 0x0C, 0x35, 0x0C, 0x30, 0x0C
	.byte 0x53, 0x00, 0x54, 0x00, 0x00, 0x00, 0x01, 0x00, 0x02, 0x00, 0x03, 0x00, 0x04, 0x00, 0x00, 0x00
	.byte 0x01, 0x00, 0x05, 0x00, 0x06, 0x00, 0x07, 0x00, 0x08, 0x00, 0x00, 0x00, 0x09, 0x00, 0x0A, 0x00
	.byte 0x0B, 0x00, 0x3D, 0x00, 0x10, 0x00, 0x11, 0x00, 0x10, 0x00, 0x11, 0x00, 0x3E, 0x00, 0x3F, 0x00
	.byte 0x10, 0x0C, 0x10, 0x0C, 0x41, 0x00, 0x10, 0x0C, 0x5D, 0x00, 0x5E, 0x00, 0x42, 0x00, 0x5F, 0x00
	.byte 0x60, 0x00, 0x36, 0x00, 0x10, 0x0C, 0x10, 0x0C, 0x01, 0x0C, 0x61, 0x00, 0x62, 0x00, 0x63, 0x00
	.byte 0x64, 0x00, 0x65, 0x00, 0x66, 0x00, 0x67, 0x00, 0x36, 0x00, 0x48, 0x00, 0x37, 0x00, 0x36, 0x00
	.byte 0x35, 0x0C, 0x30, 0x0C, 0x68, 0x00, 0x69, 0x00, 0x6A, 0x00, 0x6B, 0x00, 0x6C, 0x00, 0x30, 0x00
	.byte 0x35, 0x00, 0x59, 0x0C, 0x56, 0x0C, 0x55, 0x0C, 0x58, 0x0C, 0x57, 0x0C, 0x52, 0x0C, 0x51, 0x0C
	.byte 0x6D, 0x00, 0x6E, 0x00, 0x2E, 0x0C, 0x2D, 0x0C, 0x50, 0x00, 0x35, 0x0C, 0x5C, 0x00, 0x5A, 0x00
	.byte 0x39, 0x0C, 0x36, 0x0C, 0x6F, 0x00, 0x5B, 0x00, 0x24, 0x0C, 0x23, 0x0C, 0x6E, 0x0C, 0x6D, 0x0C
	.byte 0x51, 0x00, 0x52, 0x00, 0x30, 0x0C, 0x2F, 0x0C, 0x2E, 0x0C, 0x2D, 0x0C, 0x5A, 0x00, 0x39, 0x0C
	.byte 0x36, 0x0C, 0x5A, 0x00, 0x5B, 0x00, 0x24, 0x0C, 0x23, 0x0C, 0x5B, 0x00, 0x6F, 0x00, 0x5B, 0x00
	.byte 0x24, 0x0C, 0x23, 0x0C, 0x6B, 0x04, 0x6A, 0x04, 0x69, 0x04, 0x68, 0x04, 0x59, 0x08, 0x35, 0x04
	.byte 0x30, 0x04, 0x6C, 0x04, 0x57, 0x08, 0x58, 0x08, 0x55, 0x08, 0x56, 0x08, 0x6E, 0x04, 0x6D, 0x04
	.byte 0x51, 0x08, 0x52, 0x08, 0x61, 0x04, 0x01, 0x08, 0x10, 0x08, 0x10, 0x08, 0x65, 0x04, 0x64, 0x04
	.byte 0x63, 0x04, 0x62, 0x04, 0x48, 0x04, 0x36, 0x04, 0x67, 0x04, 0x66, 0x04, 0x30, 0x08, 0x35, 0x08
	.byte 0x36, 0x04, 0x37, 0x04, 0x11, 0x04, 0x10, 0x04, 0x11, 0x04, 0x10, 0x04, 0x10, 0x08, 0x10, 0x08
	.byte 0x3F, 0x04, 0x3E, 0x04, 0x5E, 0x04, 0x5D, 0x04, 0x10, 0x08, 0x41, 0x04, 0x36, 0x04, 0x60, 0x04
	.byte 0x5F, 0x04, 0x42, 0x04, 0x03, 0x04, 0x02, 0x04, 0x01, 0x04, 0x00, 0x04, 0x05, 0x04, 0x01, 0x04
	.byte 0x00, 0x04, 0x04, 0x04, 0x00, 0x04, 0x08, 0x04, 0x07, 0x04, 0x06, 0x04, 0x3D, 0x04, 0x0B, 0x04
	.byte 0x0A, 0x04, 0x09, 0x04, 0x38, 0x00, 0x37, 0x00, 0x36, 0x00, 0x39, 0x00, 0x2F, 0x00, 0x30, 0x00
	.byte 0x35, 0x00, 0x50, 0x0C, 0x4F, 0x0C, 0x4E, 0x0C, 0x48, 0x0C, 0x4D, 0x0C, 0x4C, 0x0C, 0x4B, 0x0C
	.byte 0x45, 0x0C, 0x44, 0x0C, 0x30, 0x00, 0x35, 0x00, 0x4A, 0x0C, 0x49, 0x0C, 0x48, 0x0C, 0x30, 0x00
	.byte 0x47, 0x0C, 0x44, 0x0C, 0x45, 0x0C, 0x44, 0x0C, 0x43, 0x0C, 0x46, 0x0C, 0x43, 0x0C, 0x42, 0x0C
	.byte 0x3D, 0x0C, 0x11, 0x0C, 0x45, 0x0C, 0x44, 0x0C, 0x43, 0x0C, 0x42, 0x0C, 0x43, 0x0C, 0x42, 0x0C
	.byte 0x3D, 0x0C, 0x41, 0x0C, 0x40, 0x0C, 0x3E, 0x0C, 0x3F, 0x0C, 0x3E, 0x0C, 0x11, 0x0C, 0x10, 0x0C
	.byte 0x11, 0x0C, 0x10, 0x0C, 0x6E, 0x0C, 0x6D, 0x0C, 0x51, 0x00, 0x52, 0x00, 0x57, 0x00, 0x58, 0x00
	.byte 0x55, 0x00, 0x56, 0x00, 0x59, 0x00, 0x35, 0x0C, 0x30, 0x0C, 0x48, 0x00, 0x37, 0x0C, 0x36, 0x0C
	.byte 0x35, 0x0C, 0x30, 0x0C, 0x36, 0x0C, 0x37, 0x0C, 0x4B, 0x00, 0x4C, 0x00, 0x4D, 0x00, 0x48, 0x00
	.byte 0x4E, 0x00, 0x4F, 0x00, 0x50, 0x00, 0x35, 0x0C, 0x30, 0x0C, 0x2F, 0x0C, 0x39, 0x0C, 0x36, 0x0C
	.byte 0x37, 0x0C, 0x38, 0x0C, 0x4C, 0x04, 0x4B, 0x04, 0x45, 0x04, 0x44, 0x04, 0x4F, 0x04, 0x4E, 0x04
	.byte 0x48, 0x04, 0x4D, 0x04, 0x2F, 0x08, 0x30, 0x08, 0x35, 0x08, 0x50, 0x04, 0x38, 0x08, 0x37, 0x08
	.byte 0x36, 0x08, 0x39, 0x08, 0x43, 0x04, 0x42, 0x04, 0x3D, 0x04, 0x11, 0x04, 0x45, 0x04, 0x44, 0x04
	.byte 0x43, 0x04, 0x46, 0x04, 0x48, 0x04, 0x30, 0x08, 0x47, 0x04, 0x44, 0x04, 0x30, 0x08, 0x35, 0x08
	.byte 0x4A, 0x04, 0x49, 0x04, 0x11, 0x04, 0x10, 0x04, 0x11, 0x04, 0x10, 0x04, 0x40, 0x04, 0x3E, 0x04
	.byte 0x3F, 0x04, 0x3E, 0x04, 0x43, 0x04, 0x42, 0x04, 0x3D, 0x04, 0x41, 0x04, 0x45, 0x04, 0x44, 0x04
	.byte 0x43, 0x04, 0x42, 0x04, 0x3D, 0x0C, 0x0B, 0x0C, 0x0A, 0x0C, 0x09, 0x0C, 0x00, 0x0C, 0x08, 0x0C
	.byte 0x07, 0x0C, 0x06, 0x0C, 0x05, 0x0C, 0x01, 0x0C, 0x00, 0x0C, 0x04, 0x0C, 0x03, 0x0C, 0x02, 0x0C
	.byte 0x01, 0x0C, 0x00, 0x0C, 0x6F, 0x00, 0x5B, 0x00, 0x24, 0x0C, 0x23, 0x0C, 0x6E, 0x0C, 0x6D, 0x0C
	.byte 0x51, 0x00, 0x52, 0x00, 0x57, 0x00, 0x58, 0x00, 0x55, 0x00, 0x56, 0x00, 0x2E, 0x0C, 0x2D, 0x0C
	.byte 0x50, 0x00, 0x35, 0x0C, 0x22, 0x0C, 0x21, 0x0C, 0x36, 0x0C, 0x37, 0x0C, 0x53, 0x00, 0x54, 0x00
	.byte 0x6E, 0x0C, 0x6D, 0x0C, 0x4B, 0x00, 0x4C, 0x00, 0x57, 0x00, 0x58, 0x00, 0x30, 0x0C, 0x2F, 0x0C
	.byte 0x2E, 0x0C, 0x2D, 0x0C, 0x12, 0x04, 0x01, 0x04, 0x11, 0x04, 0x10, 0x04, 0x11, 0x04, 0x10, 0x04
	.byte 0x12, 0x04, 0x01, 0x04, 0x12, 0x04, 0x01, 0x04, 0x07, 0x04, 0x01, 0x04, 0x3D, 0x04, 0x0B, 0x04
	.byte 0x0A, 0x04, 0x09, 0x04, 0x0C, 0x0C, 0x0B, 0x0C, 0x0A, 0x0C, 0x09, 0x0C, 0x12, 0x0C, 0x01, 0x0C
	.byte 0x07, 0x0C, 0x01, 0x0C, 0x11, 0x0C, 0x10, 0x0C, 0x12, 0x0C, 0x01, 0x0C, 0x12, 0x0C, 0x01, 0x0C
	.byte 0x11, 0x0C, 0x70, 0x00, 0x12, 0x0C, 0x01, 0x0C, 0x07, 0x0C, 0x12, 0x0C, 0x01, 0x0C, 0x10, 0x0C
	.byte 0x11, 0x00, 0x3D, 0x00, 0x10, 0x0C, 0x71, 0x00, 0x42, 0x00, 0x43, 0x00, 0x72, 0x00, 0x73, 0x00
	.byte 0x44, 0x00, 0x47, 0x00, 0x11, 0x00, 0x3D, 0x00, 0x42, 0x00, 0x43, 0x00, 0x42, 0x00, 0x43, 0x00
	.byte 0x44, 0x00, 0x45, 0x00, 0x44, 0x00, 0x47, 0x00, 0x30, 0x0C, 0x48, 0x00, 0x30, 0x0C, 0x4A, 0x00
	.byte 0x35, 0x0C, 0x30, 0x0C, 0x38, 0x00, 0x37, 0x00, 0x36, 0x00, 0x39, 0x00, 0x2F, 0x00, 0x30, 0x00
	.byte 0x35, 0x00, 0x50, 0x0C, 0x4F, 0x0C, 0x4E, 0x0C, 0x35, 0x00, 0x35, 0x00, 0x35, 0x00, 0x50, 0x0C
	.byte 0x35, 0x00, 0x44, 0x0C, 0x30, 0x00, 0x35, 0x00, 0x4A, 0x0C, 0x49, 0x0C, 0x35, 0x00, 0x50, 0x0C
	.byte 0x35, 0x00, 0x50, 0x0C, 0x50, 0x0C, 0x50, 0x0C, 0x74, 0x00, 0x75, 0x00, 0x76, 0x00, 0x77, 0x00
	.byte 0x78, 0x00, 0x11, 0x0C, 0x35, 0x00, 0x50, 0x0C, 0x53, 0x0C, 0x52, 0x0C, 0x35, 0x00, 0x79, 0x00
	.byte 0x7A, 0x00, 0x7B, 0x00, 0x7C, 0x00, 0x7D, 0x00, 0x7E, 0x00, 0x11, 0x0C, 0x11, 0x0C, 0x10, 0x0C
	.byte 0x11, 0x0C, 0x10, 0x0C, 0x38, 0x00, 0x7F, 0x00, 0x80, 0x00, 0x81, 0x00, 0x82, 0x00, 0x83, 0x00
	.byte 0x84, 0x00, 0x85, 0x00, 0x11, 0x0C, 0x10, 0x0C, 0x01, 0x0C, 0x11, 0x0C, 0x10, 0x0C, 0x12, 0x0C
	.byte 0x01, 0x0C, 0x12, 0x0C, 0x86, 0x00, 0x87, 0x00, 0x88, 0x00, 0x89, 0x00, 0x12, 0x0C, 0x01, 0x0C
	.byte 0x11, 0x0C, 0x12, 0x0C, 0x11, 0x0C, 0x10, 0x0C, 0x01, 0x0C, 0x11, 0x0C, 0x01, 0x0C, 0x11, 0x0C
	.byte 0x10, 0x0C, 0x12, 0x0C, 0x3C, 0x08, 0x3B, 0x08, 0x3C, 0x08, 0x3B, 0x08, 0x07, 0x0C, 0x01, 0x0C
	.byte 0x07, 0x0C, 0x01, 0x0C, 0x11, 0x0C, 0x10, 0x0C, 0x12, 0x0C, 0x01, 0x0C, 0x12, 0x0C, 0x01, 0x0C
	.byte 0x11, 0x0C, 0x10, 0x0C, 0x3B, 0x0C, 0x3C, 0x0C, 0x3B, 0x0C, 0x3C, 0x0C, 0x01, 0x08, 0x07, 0x08
	.byte 0x01, 0x08, 0x07, 0x08, 0x01, 0x08, 0x12, 0x08, 0x10, 0x08, 0x11, 0x08, 0x10, 0x08, 0x11, 0x08
	.byte 0x01, 0x08, 0x12, 0x08, 0x89, 0x04, 0x88, 0x04, 0x87, 0x04, 0x86, 0x04, 0x12, 0x08, 0x11, 0x08
	.byte 0x01, 0x08, 0x12, 0x08, 0x11, 0x08, 0x01, 0x08, 0x10, 0x08, 0x11, 0x08, 0x12, 0x08, 0x10, 0x08
	.byte 0x11, 0x08, 0x01, 0x08, 0x81, 0x04, 0x80, 0x04, 0x7F, 0x04, 0x38, 0x04, 0x85, 0x04, 0x84, 0x04
	.byte 0x83, 0x04, 0x82, 0x04, 0x11, 0x08, 0x01, 0x08, 0x10, 0x08, 0x11, 0x08, 0x12, 0x08, 0x01, 0x08
	.byte 0x12, 0x08, 0x10, 0x08, 0x52, 0x08, 0x53, 0x08, 0x50, 0x08, 0x35, 0x04, 0x7B, 0x04, 0x7A, 0x04
	.byte 0x79, 0x04, 0x35, 0x04, 0x11, 0x08, 0x7E, 0x04, 0x7D, 0x04, 0x7C, 0x04, 0x10, 0x08, 0x11, 0x08
	.byte 0x10, 0x08, 0x11, 0x08, 0x49, 0x08, 0x4A, 0x08, 0x35, 0x04, 0x30, 0x04, 0x50, 0x08, 0x35, 0x04
	.byte 0x50, 0x08, 0x35, 0x04, 0x75, 0x04, 0x74, 0x04, 0x50, 0x08, 0x50, 0x08, 0x11, 0x08, 0x78, 0x04
	.byte 0x77, 0x04, 0x76, 0x04, 0x39, 0x04, 0x36, 0x04, 0x37, 0x04, 0x38, 0x04, 0x50, 0x08, 0x35, 0x04
	.byte 0x30, 0x04, 0x2F, 0x04, 0x35, 0x04, 0x35, 0x04, 0x4E, 0x08, 0x4F, 0x08, 0x44, 0x08, 0x35, 0x04
	.byte 0x50, 0x08, 0x35, 0x04, 0x8A, 0x00, 0x8B, 0x00, 0x45, 0x04, 0x44, 0x04, 0x4F, 0x04, 0x4E, 0x04
	.byte 0x48, 0x04, 0x4D, 0x04, 0x2F, 0x08, 0x30, 0x08, 0x35, 0x08, 0x50, 0x04, 0x38, 0x08, 0x37, 0x08
	.byte 0x36, 0x08, 0x39, 0x08, 0x0C, 0x0C, 0x0B, 0x0C, 0x0A, 0x0C, 0x09, 0x0C, 0x12, 0x0C, 0x01, 0x0C
	.byte 0x07, 0x0C, 0x01, 0x0C, 0x11, 0x0C, 0x01, 0x0C, 0x11, 0x0C, 0x01, 0x0C, 0x01, 0x0C, 0x11, 0x0C
	.byte 0x12, 0x0C, 0x8C, 0x00, 0x10, 0x0C, 0x12, 0x0C, 0x8D, 0x00, 0x8E, 0x00, 0x12, 0x0C, 0x8F, 0x00
	.byte 0x90, 0x00, 0x23, 0x04, 0x91, 0x00, 0x92, 0x00, 0x39, 0x04, 0x36, 0x04, 0x93, 0x00, 0x58, 0x08
	.byte 0x55, 0x08, 0x56, 0x08, 0x94, 0x00, 0x2D, 0x04, 0x50, 0x08, 0x35, 0x04, 0x57, 0x08, 0x58, 0x08
	.byte 0x55, 0x08, 0x56, 0x08, 0x6E, 0x04, 0x6D, 0x04, 0x51, 0x08, 0x52, 0x08, 0x6F, 0x08, 0x5B, 0x08
	.byte 0x24, 0x04, 0x23, 0x04, 0x5C, 0x08, 0x5A, 0x08, 0x39, 0x04, 0x36, 0x04, 0x2E, 0x04, 0x5B, 0x08
	.byte 0x24, 0x04, 0x23, 0x04, 0x59, 0x08, 0x5A, 0x08, 0x39, 0x04, 0x36, 0x04, 0x57, 0x08, 0x58, 0x08
	.byte 0x55, 0x08, 0x56, 0x08, 0x38, 0x00, 0x37, 0x00, 0x36, 0x00, 0x39, 0x00, 0x2F, 0x00, 0x30, 0x00
	.byte 0x35, 0x00, 0x50, 0x0C, 0x4F, 0x0C, 0x4E, 0x0C, 0x48, 0x0C, 0x4D, 0x0C, 0x8A, 0x08, 0x8B, 0x08
	.byte 0x45, 0x0C, 0x44, 0x0C, 0x40, 0x0C, 0x11, 0x0C, 0x10, 0x0C, 0x09, 0x0C, 0x12, 0x0C, 0x01, 0x0C
	.byte 0x07, 0x0C, 0x01, 0x0C, 0x11, 0x0C, 0x10, 0x0C, 0x12, 0x0C, 0x01, 0x0C, 0x12, 0x0C, 0x01, 0x0C
	.byte 0x11, 0x0C, 0x10, 0x0C, 0x09, 0x08, 0x10, 0x08, 0x11, 0x08, 0x40, 0x08, 0x01, 0x08, 0x07, 0x08
	.byte 0x01, 0x08, 0x12, 0x08, 0x01, 0x08, 0x12, 0x08, 0x10, 0x08, 0x11, 0x08, 0x10, 0x08, 0x11, 0x08
	.byte 0x01, 0x08, 0x12, 0x08, 0x42, 0x08, 0x43, 0x08, 0x44, 0x08, 0x45, 0x08, 0x41, 0x08, 0x3D, 0x08
	.byte 0x42, 0x08, 0x43, 0x08, 0x3E, 0x08, 0x3F, 0x08, 0x3E, 0x08, 0x40, 0x08, 0x10, 0x08, 0x11, 0x08
	.byte 0x10, 0x08, 0x11, 0x08, 0x49, 0x08, 0x4A, 0x08, 0x35, 0x04, 0x30, 0x04, 0x44, 0x08, 0x47, 0x08
	.byte 0x30, 0x04, 0x48, 0x08, 0x46, 0x08, 0x43, 0x08, 0x44, 0x08, 0x45, 0x08, 0x11, 0x08, 0x3D, 0x08
	.byte 0x42, 0x08, 0x43, 0x08, 0x39, 0x04, 0x36, 0x04, 0x37, 0x04, 0x38, 0x04, 0x50, 0x08, 0x35, 0x04
	.byte 0x30, 0x04, 0x2F, 0x04, 0x4D, 0x08, 0x48, 0x08, 0x4E, 0x08, 0x4F, 0x08, 0x44, 0x08, 0x45, 0x08
	.byte 0x8B, 0x0C, 0x8A, 0x0C, 0x10, 0x0C, 0x12, 0x0C, 0x95, 0x00, 0x96, 0x00, 0x11, 0x0C, 0x97, 0x00
	.byte 0x98, 0x00, 0x2F, 0x04, 0x12, 0x0C, 0x99, 0x00, 0x9A, 0x00, 0x4F, 0x08, 0x9B, 0x00, 0x9C, 0x00
	.byte 0x4B, 0x08, 0x4C, 0x08, 0x39, 0x04, 0x36, 0x04, 0x37, 0x04, 0x38, 0x04, 0x50, 0x08, 0x35, 0x04
	.byte 0x30, 0x04, 0x2F, 0x04, 0x4D, 0x08, 0x48, 0x08, 0x4E, 0x08, 0x4F, 0x08, 0x36, 0x04, 0x37, 0x04
	.byte 0x4B, 0x08, 0x44, 0x0C, 0x3D, 0x0C, 0x0B, 0x0C, 0x0A, 0x0C, 0x09, 0x0C, 0x12, 0x0C, 0x01, 0x0C
	.byte 0x07, 0x0C, 0x01, 0x0C, 0x11, 0x0C, 0x10, 0x0C, 0x12, 0x0C, 0x01, 0x0C, 0x12, 0x0C, 0x01, 0x0C
	.byte 0x11, 0x0C, 0x10, 0x0C, 0x09, 0x08, 0x0A, 0x08, 0x0B, 0x08, 0x3D, 0x08, 0x01, 0x08, 0x07, 0x08
	.byte 0x01, 0x08, 0x12, 0x08, 0x01, 0x08, 0x12, 0x08, 0x10, 0x08, 0x11, 0x08, 0x10, 0x08, 0x11, 0x08
	.byte 0x01, 0x08, 0x12, 0x08, 0x39, 0x04, 0x36, 0x04, 0x37, 0x04, 0x38, 0x04, 0x50, 0x08, 0x35, 0x04
	.byte 0x30, 0x04, 0x2F, 0x04, 0x4D, 0x08, 0x48, 0x08, 0x4E, 0x08, 0x4F, 0x08, 0x44, 0x08, 0x45, 0x08
	.byte 0x4B, 0x08, 0x4C, 0x08, 0x0D, 0x00, 0x0E, 0x00, 0x00, 0x00, 0x01, 0x00, 0x07, 0x00, 0x01, 0x00
	.byte 0x05, 0x00, 0x0F, 0x00, 0x00, 0x00, 0x06, 0x00, 0x07, 0x00, 0x08, 0x00, 0x05, 0x00, 0x09, 0x00
	.byte 0x0A, 0x00, 0x0B, 0x00, 0x00, 0x00, 0x01, 0x00, 0x02, 0x00, 0x03, 0x00, 0x04, 0x00, 0x00, 0x00
	.byte 0x01, 0x00, 0x05, 0x00, 0x00, 0x00, 0x10, 0x00, 0x11, 0x00, 0x00, 0x00, 0x0C, 0x00, 0x01, 0x00
	.byte 0x12, 0x00, 0x10, 0x00, 0x0D, 0x00, 0x0E, 0x00, 0x00, 0x00, 0x01, 0x00, 0x07, 0x00, 0x01, 0x00
	.byte 0x05, 0x00, 0x0F, 0x00, 0x01, 0x00, 0x06, 0x00, 0x07, 0x00, 0x08, 0x00, 0x11, 0x00, 0x09, 0x00
	.byte 0x0A, 0x00, 0x0B, 0x00, 0x0C, 0x0C, 0x0B, 0x0C, 0x01, 0x0C, 0x11, 0x0C, 0x12, 0x0C, 0x01, 0x0C
	.byte 0x10, 0x0C, 0x12, 0x0C, 0x11, 0x0C, 0x10, 0x0C, 0x12, 0x0C, 0x9D, 0x00, 0x12, 0x0C, 0x01, 0x0C
	.byte 0x11, 0x0C, 0x9E, 0x00, 0x9F, 0x00, 0xA0, 0x00, 0x53, 0x08, 0x54, 0x08, 0xA1, 0x00, 0x5C, 0x08
	.byte 0x5A, 0x08, 0x39, 0x04, 0xA2, 0x00, 0x2E, 0x04, 0x2D, 0x04, 0x50, 0x08, 0xA3, 0x00, 0x2E, 0x04
	.byte 0x2D, 0x04, 0x50, 0x08, 0x6F, 0x08, 0x5B, 0x08, 0x24, 0x04, 0x23, 0x04, 0x5B, 0x08, 0x24, 0x04
	.byte 0x23, 0x04, 0xA4, 0x00, 0x5A, 0x08, 0x39, 0x04, 0xA5, 0x00, 0xA6, 0x00, 0xA7, 0x00, 0xA8, 0x00
	.byte 0xA9, 0x00, 0x01, 0x0C, 0x45, 0x0C, 0x44, 0x0C, 0x43, 0x0C, 0x46, 0x0C, 0x43, 0x0C, 0x42, 0x0C
	.byte 0x3D, 0x0C, 0x11, 0x0C, 0x3D, 0x0C, 0x0B, 0x0C, 0x0A, 0x0C, 0x09, 0x0C, 0x11, 0x0C, 0x12, 0x0C
	.byte 0x10, 0x0C, 0x12, 0x0C, 0x0C, 0x0C, 0x0B, 0x0C, 0x0A, 0x0C, 0xAA, 0x00, 0x12, 0x0C, 0x01, 0x0C
	.byte 0x07, 0x0C, 0xAB, 0x00, 0x11, 0x0C, 0x10, 0x0C, 0x12, 0x0C, 0xAC, 0x00, 0x12, 0x0C, 0x01, 0x0C
	.byte 0x11, 0x0C, 0xAD, 0x00, 0xAE, 0x00, 0x57, 0x08, 0x58, 0x08, 0x55, 0x08, 0xAF, 0x00, 0x6E, 0x04
	.byte 0x6D, 0x04, 0x51, 0x08, 0x2F, 0x04, 0x2E, 0x04, 0x2D, 0x04, 0x50, 0x08, 0x2F, 0x04, 0x2E, 0x04
	.byte 0x2D, 0x04, 0x50, 0x08, 0x2E, 0x04, 0x2D, 0x04, 0x50, 0x08, 0x35, 0x04, 0x57, 0x08, 0x58, 0x08
	.byte 0x55, 0x08, 0xB0, 0x00, 0x6E, 0x04, 0x6D, 0x04, 0xB1, 0x00, 0xB2, 0x00, 0x6F, 0x08, 0x5B, 0x08
	.byte 0xB3, 0x00, 0xB4, 0x00, 0xB5, 0x00, 0xB6, 0x00, 0x01, 0x0C, 0x11, 0x0C, 0xB7, 0x00, 0x01, 0x0C
	.byte 0x11, 0x0C, 0x12, 0x0C, 0x11, 0x0C, 0x10, 0x0C, 0x12, 0x0C, 0x11, 0x0C, 0x01, 0x0C, 0x11, 0x0C
	.byte 0x12, 0x0C, 0x12, 0x0C, 0x0D, 0x00, 0x0E, 0x00, 0x00, 0x00, 0x01, 0x00, 0x07, 0x00, 0x01, 0x00
	.byte 0x05, 0x00, 0x0F, 0x00, 0x01, 0x00, 0x11, 0x00, 0x00, 0x00, 0x01, 0x00, 0x11, 0x00, 0x12, 0x00
	.byte 0x10, 0x00, 0x11, 0x00, 0x11, 0x04, 0x10, 0x04, 0x12, 0x04, 0xB8, 0x00, 0x12, 0x04, 0x01, 0x04
	.byte 0x11, 0x04, 0xB9, 0x00, 0x07, 0x04, 0x01, 0x04, 0x12, 0x04, 0xB8, 0x00, 0x0A, 0x04, 0x09, 0x04
	.byte 0x0C, 0x04, 0xB9, 0x00, 0x39, 0x04, 0x36, 0x04, 0xBA, 0x00, 0xBB, 0x00, 0x50, 0x08, 0x35, 0x04
	.byte 0xBC, 0x00, 0x01, 0x0C, 0x4D, 0x08, 0x48, 0x08, 0xBD, 0x00, 0x10, 0x0C, 0x36, 0x04, 0x37, 0x04
	.byte 0xBE, 0x00, 0x10, 0x0C, 0x0C, 0x0C, 0x0B, 0x0C, 0x0A, 0x0C, 0x09, 0x0C, 0x12, 0x0C, 0x01, 0x0C
	.byte 0x07, 0x0C, 0x01, 0x0C, 0x11, 0x0C, 0x10, 0x0C, 0x12, 0x0C, 0x01, 0x0C, 0x12, 0x0C, 0x01, 0x0C
	.byte 0x11, 0x0C, 0x10, 0x0C, 0x11, 0x04, 0x10, 0x04, 0x12, 0x04, 0xB8, 0x00, 0x12, 0x04, 0x01, 0x04
	.byte 0x11, 0x04, 0xB9, 0x00, 0x07, 0x04, 0x01, 0x04, 0x12, 0x04, 0xB8, 0x00, 0x0A, 0x04, 0x09, 0x04
	.byte 0x12, 0x04, 0xB8, 0x00, 0x57, 0x00, 0x58, 0x00, 0xB8, 0x04, 0x00, 0x04, 0x59, 0x00, 0x5A, 0x00
	.byte 0xB8, 0x04, 0x04, 0x04, 0x2E, 0x0C, 0x5B, 0x00, 0xB9, 0x04, 0x06, 0x04, 0x5C, 0x00, 0x5A, 0x00
	.byte 0xB8, 0x04, 0x09, 0x04, 0x12, 0x04, 0x01, 0x04, 0x11, 0x04, 0x10, 0x04, 0x11, 0x04, 0x10, 0x04
	.byte 0x12, 0x04, 0x01, 0x04, 0x12, 0x04, 0x01, 0x04, 0x07, 0x04, 0x01, 0x04, 0x0C, 0x04, 0x0B, 0x04
	.byte 0x0A, 0x04, 0x09, 0x04, 0x12, 0x04, 0x01, 0x04, 0x12, 0x04, 0xB8, 0x00, 0x11, 0x04, 0x10, 0x04
	.byte 0x11, 0x04, 0xB9, 0x00, 0x12, 0x04, 0x01, 0x04, 0x07, 0x04, 0xBF, 0x00, 0x0C, 0x04, 0x0B, 0x04
	.byte 0x0A, 0x04, 0xC0, 0x00, 0x36, 0x0C, 0x37, 0x0C, 0xBE, 0x08, 0x10, 0x04, 0x4D, 0x00, 0x48, 0x00
	.byte 0xBD, 0x08, 0x10, 0x04, 0x50, 0x00, 0x35, 0x0C, 0xBC, 0x08, 0x01, 0x04, 0x39, 0x0C, 0x36, 0x0C
	.byte 0xBA, 0x08, 0xBB, 0x08, 0x09, 0x08, 0x0A, 0x08, 0x0B, 0x08, 0x3D, 0x08, 0x06, 0x08, 0x07, 0x08
	.byte 0x08, 0x08, 0x00, 0x08, 0x04, 0x08, 0x00, 0x08, 0x01, 0x08, 0x05, 0x08, 0x00, 0x08, 0x01, 0x08
	.byte 0x02, 0x08, 0x03, 0x08, 0x12, 0x04, 0x01, 0x04, 0x11, 0x04, 0xAD, 0x08, 0x11, 0x04, 0x10, 0x04
	.byte 0x12, 0x04, 0xAC, 0x08, 0x12, 0x04, 0x01, 0x04, 0x07, 0x04, 0xAB, 0x08, 0x0C, 0x04, 0x0B, 0x04
	.byte 0x0A, 0x04, 0xAA, 0x08, 0x2F, 0x0C, 0x2E, 0x0C, 0x2D, 0x0C, 0x50, 0x00, 0x2F, 0x0C, 0x2E, 0x0C
	.byte 0x2D, 0x0C, 0x50, 0x00, 0xAF, 0x08, 0x6E, 0x0C, 0x6D, 0x0C, 0x51, 0x00, 0xAE, 0x08, 0x57, 0x00
	.byte 0x58, 0x00, 0x55, 0x00, 0x6F, 0x00, 0x5B, 0x00, 0xB3, 0x08, 0xB4, 0x08, 0x6E, 0x0C, 0x6D, 0x0C
	.byte 0xB1, 0x08, 0xB2, 0x08, 0x57, 0x00, 0x58, 0x00, 0x55, 0x00, 0xB0, 0x08, 0x2E, 0x0C, 0x2D, 0x0C
	.byte 0x50, 0x00, 0x35, 0x0C, 0x01, 0x04, 0x11, 0x04, 0x12, 0x04, 0x12, 0x04, 0x11, 0x04, 0x10, 0x04
	.byte 0x12, 0x04, 0x11, 0x04, 0xB7, 0x08, 0x01, 0x04, 0x11, 0x04, 0x12, 0x04, 0xB5, 0x08, 0xB6, 0x08
	.byte 0x01, 0x04, 0x11, 0x04, 0x12, 0x04, 0x01, 0x04, 0x11, 0x04, 0x9E, 0x08, 0x11, 0x04, 0x10, 0x04
	.byte 0x12, 0x04, 0x9D, 0x08, 0x12, 0x04, 0x01, 0x04, 0x10, 0x04, 0x12, 0x04, 0x0C, 0x04, 0x0B, 0x04
	.byte 0x01, 0x04, 0x11, 0x04, 0xA3, 0x08, 0x2E, 0x0C, 0x2D, 0x0C, 0x50, 0x00, 0xA2, 0x08, 0x2E, 0x0C
	.byte 0x2D, 0x0C, 0x50, 0x00, 0xA1, 0x08, 0x5C, 0x00, 0x5A, 0x00, 0x39, 0x0C, 0x9F, 0x08, 0xA0, 0x08
	.byte 0x53, 0x00, 0x54, 0x00, 0xA7, 0x08, 0xA8, 0x08, 0xA9, 0x08, 0x01, 0x04, 0x5A, 0x00, 0x39, 0x0C
	.byte 0xA5, 0x08, 0xA6, 0x08, 0x5B, 0x00, 0x24, 0x0C, 0x23, 0x0C, 0xA4, 0x08, 0x6F, 0x00, 0x5B, 0x00
	.byte 0x24, 0x0C, 0x23, 0x0C, 0x11, 0x04, 0x12, 0x04, 0x10, 0x04, 0x12, 0x04, 0x3D, 0x04, 0x0B, 0x04
	.byte 0x0A, 0x04, 0x09, 0x04, 0x43, 0x04, 0x42, 0x04, 0x3D, 0x04, 0x11, 0x04, 0x45, 0x04, 0x44, 0x04
	.byte 0x43, 0x04, 0x46, 0x04, 0x9B, 0x08, 0x9C, 0x08, 0x4B, 0x00, 0x4C, 0x00, 0x12, 0x04, 0x99, 0x08
	.byte 0x9A, 0x08, 0x4F, 0x00, 0x11, 0x04, 0x97, 0x08, 0x98, 0x08, 0x2F, 0x0C, 0x10, 0x04, 0x12, 0x04
	.byte 0x95, 0x08, 0x96, 0x08, 0x36, 0x0C, 0x37, 0x0C, 0x4B, 0x00, 0x44, 0x04, 0x4D, 0x00, 0x48, 0x00
	.byte 0x4E, 0x00, 0x4F, 0x00, 0x50, 0x00, 0x35, 0x0C, 0x30, 0x0C, 0x2F, 0x0C, 0x39, 0x0C, 0x36, 0x0C
	.byte 0x37, 0x0C, 0x38, 0x0C, 0x01, 0x04, 0x11, 0x04, 0x12, 0x04, 0x8C, 0x08, 0x11, 0x04, 0x01, 0x04
	.byte 0x11, 0x04, 0x01, 0x04, 0x12, 0x04, 0x01, 0x04, 0x07, 0x04, 0x01, 0x04, 0x0C, 0x04, 0x0B, 0x04
	.byte 0x0A, 0x04, 0x09, 0x04, 0x93, 0x08, 0x58, 0x00, 0x55, 0x00, 0x56, 0x00, 0x91, 0x08, 0x92, 0x08
	.byte 0x39, 0x0C, 0x36, 0x0C, 0x12, 0x04, 0x8F, 0x08, 0x90, 0x08, 0x23, 0x0C, 0x10, 0x04, 0x12, 0x04
	.byte 0x8D, 0x08, 0x8E, 0x08, 0x6F, 0x00, 0x5B, 0x00, 0x24, 0x0C, 0x23, 0x0C, 0x6E, 0x0C, 0x6D, 0x0C
	.byte 0x51, 0x00, 0x52, 0x00, 0x57, 0x00, 0x58, 0x00, 0x55, 0x00, 0x56, 0x00, 0x94, 0x08, 0x2D, 0x0C
	.byte 0x50, 0x00, 0x35, 0x0C, 0x36, 0x0C, 0x37, 0x0C, 0x4B, 0x00, 0x44, 0x04, 0x4D, 0x00, 0x48, 0x00
	.byte 0x4E, 0x00, 0x4F, 0x00, 0x56, 0x04, 0x55, 0x04, 0x58, 0x04, 0x57, 0x04, 0x36, 0x08, 0x39, 0x08
	.byte 0x5A, 0x04, 0x59, 0x04, 0x43, 0x04, 0x42, 0x04, 0x3D, 0x04, 0x11, 0x04, 0x45, 0x04, 0x44, 0x04
	.byte 0x43, 0x04, 0x46, 0x04, 0x4C, 0x04, 0x4B, 0x04, 0x45, 0x04, 0x44, 0x04, 0x4F, 0x04, 0x4E, 0x04
	.byte 0x48, 0x04, 0x4D, 0x04, 0x11, 0x04, 0x12, 0x04, 0x10, 0x04, 0x12, 0x04, 0x3D, 0x04, 0x0B, 0x04
	.byte 0x0A, 0x04, 0x09, 0x04, 0x43, 0x04, 0x42, 0x04, 0x3D, 0x04, 0x11, 0x04, 0x45, 0x04, 0x44, 0x04
	.byte 0x43, 0x04, 0x42, 0x04, 0x03, 0x04, 0x02, 0x04, 0x01, 0x04, 0x00, 0x04, 0x05, 0x04, 0x01, 0x04
	.byte 0x00, 0x04, 0x04, 0x04, 0x12, 0x08, 0x07, 0x08, 0x01, 0x08, 0x12, 0x08, 0x3D, 0x04, 0x11, 0x04
	.byte 0x10, 0x08, 0x01, 0x08, 0x44, 0x00, 0x45, 0x00, 0x8B, 0x04, 0x8A, 0x04, 0x4D, 0x00, 0x48, 0x00
	.byte 0x4E, 0x00, 0x4F, 0x00, 0x50, 0x00, 0x35, 0x0C, 0x30, 0x0C, 0x2F, 0x0C, 0x39, 0x0C, 0x36, 0x0C
	.byte 0x37, 0x0C, 0x38, 0x0C, 0x12, 0x04, 0x01, 0x04, 0x11, 0x04, 0x70, 0x08, 0x11, 0x04, 0x10, 0x04
	.byte 0x12, 0x04, 0x01, 0x04, 0x12, 0x04, 0x01, 0x04, 0x07, 0x04, 0x01, 0x04, 0x0C, 0x04, 0x0B, 0x04
	.byte 0x0A, 0x04, 0x09, 0x04, 0x72, 0x08, 0x73, 0x08, 0x44, 0x08, 0x47, 0x08, 0x10, 0x04, 0x71, 0x08
	.byte 0x42, 0x08, 0x43, 0x08, 0x01, 0x04, 0x10, 0x04, 0x11, 0x08, 0x3D, 0x08, 0x12, 0x04, 0x01, 0x04
	.byte 0x07, 0x04, 0x12, 0x04, 0x48, 0x04, 0x30, 0x08, 0x47, 0x04, 0x44, 0x04, 0x30, 0x08, 0x35, 0x08
	.byte 0x4A, 0x04, 0x30, 0x08, 0x36, 0x00, 0x39, 0x00, 0x5A, 0x0C, 0x5C, 0x0C, 0x23, 0x00, 0x24, 0x00
	.byte 0x5B, 0x0C, 0x2E, 0x00, 0x43, 0x04, 0x42, 0x04, 0x71, 0x04, 0x10, 0x08, 0x47, 0x04, 0x44, 0x04
	.byte 0x73, 0x04, 0x72, 0x04, 0x35, 0x00, 0x50, 0x0C, 0x2D, 0x00, 0x94, 0x04, 0x56, 0x0C, 0x55, 0x0C
	.byte 0x58, 0x0C, 0x57, 0x0C, 0x01, 0x08, 0x12, 0x08, 0x10, 0x08, 0x11, 0x08, 0x70, 0x04, 0x11, 0x08
	.byte 0x01, 0x08, 0x12, 0x08, 0x8E, 0x04, 0x8D, 0x04, 0x12, 0x08, 0x10, 0x08, 0x23, 0x00, 0x90, 0x04
	.byte 0x8F, 0x04, 0x12, 0x08, 0x59, 0x08, 0x5A, 0x08, 0x39, 0x04, 0x36, 0x04, 0xC1, 0x00, 0xC2, 0x00
	.byte 0x55, 0x08, 0x56, 0x08, 0x49, 0x08, 0x4A, 0x08, 0x35, 0x04, 0x30, 0x04, 0x44, 0x08, 0x47, 0x08
	.byte 0x30, 0x04, 0x48, 0x08, 0x36, 0x00, 0x39, 0x00, 0x92, 0x04, 0x91, 0x04, 0x56, 0x0C, 0x55, 0x0C
	.byte 0x58, 0x0C, 0x93, 0x04, 0x23, 0x00, 0x24, 0x00, 0x5B, 0x0C, 0x6F, 0x0C, 0x5B, 0x0C, 0x23, 0x00
	.byte 0x24, 0x00, 0x5B, 0x0C, 0x01, 0x08, 0x11, 0x08, 0x01, 0x08, 0x11, 0x08, 0x8C, 0x04, 0x12, 0x08
	.byte 0x11, 0x08, 0x01, 0x08, 0x96, 0x04, 0x95, 0x04, 0x12, 0x08, 0x10, 0x08, 0x2F, 0x00, 0x98, 0x04
	.byte 0x97, 0x04, 0x11, 0x08, 0x46, 0x08, 0x43, 0x08, 0x44, 0x08, 0x45, 0x08, 0x11, 0x08, 0x3D, 0x08
	.byte 0x42, 0x08, 0x43, 0x08, 0x09, 0x08, 0x0A, 0x08, 0x0B, 0x08, 0x3D, 0x08, 0x06, 0x08, 0x07, 0x08
	.byte 0x08, 0x08, 0x00, 0x08, 0x4F, 0x0C, 0x4E, 0x0C, 0x48, 0x0C, 0x4D, 0x0C, 0x44, 0x08, 0x4B, 0x0C
	.byte 0x37, 0x00, 0x36, 0x00, 0x46, 0x08, 0x43, 0x08, 0x44, 0x08, 0x45, 0x08, 0x11, 0x08, 0x3D, 0x08
	.byte 0x42, 0x08, 0x43, 0x08, 0x5A, 0x0C, 0x36, 0x00, 0x39, 0x00, 0x5A, 0x0C, 0x2D, 0x00, 0x2E, 0x00
	.byte 0x2F, 0x00, 0x30, 0x00, 0x23, 0x00, 0x24, 0x00, 0x5B, 0x0C, 0x6F, 0x0C, 0xA4, 0x04, 0x23, 0x00
	.byte 0x24, 0x00, 0x5B, 0x0C, 0x4F, 0x0C, 0x9A, 0x04, 0x99, 0x04, 0x12, 0x08, 0x4C, 0x0C, 0x4B, 0x0C
	.byte 0x9C, 0x04, 0x9B, 0x04, 0x54, 0x0C, 0x53, 0x0C, 0xA0, 0x04, 0x9F, 0x04, 0x39, 0x00, 0x5A, 0x0C
	.byte 0x5C, 0x0C, 0xA1, 0x04, 0x09, 0x08, 0x0A, 0x08, 0x0B, 0x08, 0x3D, 0x08, 0x12, 0x08, 0x10, 0x08
	.byte 0x12, 0x08, 0x11, 0x08, 0x09, 0x08, 0x0A, 0x08, 0x0B, 0x08, 0x0C, 0x08, 0x01, 0x08, 0x07, 0x08
	.byte 0x01, 0x08, 0x12, 0x08, 0xA6, 0x04, 0xA5, 0x04, 0x39, 0x00, 0x5A, 0x0C, 0x01, 0x08, 0xA9, 0x04
	.byte 0xA8, 0x04, 0xA7, 0x04, 0x11, 0x08, 0x01, 0x08, 0xB6, 0x04, 0xB5, 0x04, 0x12, 0x08, 0x11, 0x08
	.byte 0x01, 0x08, 0xB7, 0x04, 0x52, 0x0C, 0x51, 0x0C, 0x6D, 0x00, 0x6E, 0x00, 0x23, 0x00, 0x24, 0x00
	.byte 0x5B, 0x0C, 0x6F, 0x0C, 0x35, 0x00, 0x50, 0x0C, 0x2D, 0x00, 0x2E, 0x00, 0xB0, 0x04, 0x55, 0x0C
	.byte 0x58, 0x0C, 0x57, 0x0C, 0x50, 0x0C, 0x2D, 0x00, 0x2E, 0x00, 0xA2, 0x04, 0x50, 0x0C, 0x2D, 0x00
	.byte 0x2E, 0x00, 0xA3, 0x04, 0x55, 0x0C, 0x58, 0x0C, 0x57, 0x0C, 0xAE, 0x04, 0x51, 0x0C, 0x6D, 0x00
	.byte 0x6E, 0x00, 0xAF, 0x04, 0x9D, 0x04, 0x12, 0x08, 0x10, 0x08, 0x11, 0x08, 0x9E, 0x04, 0x11, 0x08
	.byte 0x01, 0x08, 0x12, 0x08, 0xAA, 0x04, 0x0A, 0x08, 0x0B, 0x08, 0x0C, 0x08, 0xAB, 0x04, 0x07, 0x08
	.byte 0x01, 0x08, 0x12, 0x08, 0xB2, 0x04, 0xB1, 0x04, 0x6D, 0x00, 0x6E, 0x00, 0xB4, 0x04, 0xB3, 0x04
	.byte 0x5B, 0x0C, 0x6F, 0x0C, 0xBB, 0x04, 0xBA, 0x04, 0x36, 0x00, 0x39, 0x00, 0x01, 0x08, 0xBC, 0x04
	.byte 0x35, 0x00, 0x50, 0x0C, 0xAC, 0x04, 0x12, 0x08, 0x10, 0x08, 0x11, 0x08, 0xAD, 0x04, 0x11, 0x08
	.byte 0x01, 0x08, 0x12, 0x08, 0xC0, 0x0C, 0x0A, 0x08, 0x0B, 0x08, 0x0C, 0x08, 0xBF, 0x0C, 0x07, 0x08
	.byte 0x01, 0x08, 0x12, 0x08, 0x10, 0x08, 0xBD, 0x04, 0x48, 0x0C, 0x4D, 0x0C, 0x10, 0x08, 0xBE, 0x04
	.byte 0x37, 0x00, 0x36, 0x00, 0x09, 0x08, 0xB8, 0x08, 0x5A, 0x0C, 0x5C, 0x0C, 0x06, 0x08, 0xB9, 0x08
	.byte 0x5B, 0x0C, 0x2E, 0x00, 0xB9, 0x0C, 0x11, 0x08, 0x10, 0x08, 0x11, 0x08, 0xB8, 0x0C, 0x12, 0x08
	.byte 0x01, 0x08, 0x12, 0x08, 0xB8, 0x0C, 0x12, 0x08, 0x09, 0x08, 0x0A, 0x08, 0xB8, 0x0C, 0x12, 0x08
	.byte 0x01, 0x08, 0x07, 0x08, 0x04, 0x08, 0xB8, 0x08, 0x5A, 0x0C, 0x59, 0x0C, 0x00, 0x08, 0xB8, 0x08
	.byte 0x58, 0x0C, 0x57, 0x0C, 0x09, 0x08, 0xB8, 0x08, 0x5A, 0x0C, 0x5C, 0x0C, 0x06, 0x08, 0xB9, 0x08
	.byte 0x5B, 0x0C, 0x2E, 0x00, 0xB9, 0x0C, 0x11, 0x08, 0x01, 0x08, 0x12, 0x08, 0xB8, 0x0C, 0x12, 0x08
	.byte 0x10, 0x08, 0x11, 0x08, 0xB9, 0x0C, 0x0C, 0x08, 0x09, 0x08, 0x0A, 0x08, 0xB8, 0x0C, 0x12, 0x08
	.byte 0x01, 0x08, 0x07, 0x08, 0x36, 0x00, 0x39, 0x00, 0x5A, 0x0C, 0x5C, 0x0C, 0x23, 0x00, 0x24, 0x00
	.byte 0x5B, 0x0C, 0x2E, 0x00, 0x36, 0x00, 0x39, 0x00, 0x5A, 0x0C, 0x59, 0x0C, 0x56, 0x0C, 0x55, 0x0C
	.byte 0x58, 0x0C, 0x57, 0x0C, 0x30, 0x00, 0x35, 0x00, 0x36, 0x00, 0x37, 0x00, 0x48, 0x0C, 0x30, 0x00
	.byte 0x35, 0x00, 0x59, 0x0C, 0x56, 0x0C, 0x55, 0x0C, 0x58, 0x0C, 0x57, 0x0C, 0x52, 0x0C, 0x51, 0x0C
	.byte 0x6D, 0x00, 0x6E, 0x00, 0x38, 0x00, 0x37, 0x00, 0x36, 0x00, 0x39, 0x00, 0x2F, 0x00, 0x30, 0x00
	.byte 0x35, 0x00, 0x50, 0x0C, 0x4F, 0x0C, 0x4E, 0x0C, 0x48, 0x0C, 0x4D, 0x0C, 0x4C, 0x0C, 0x4B, 0x0C
	.byte 0x37, 0x00, 0x36, 0x00, 0x37, 0x04, 0x36, 0x04, 0x35, 0x04, 0x30, 0x04, 0x59, 0x08, 0x35, 0x04
	.byte 0x30, 0x04, 0x48, 0x08, 0x57, 0x08, 0x58, 0x08, 0x55, 0x08, 0x56, 0x08, 0x6E, 0x04, 0x6D, 0x04
	.byte 0x51, 0x08, 0x52, 0x08, 0x06, 0x00, 0xB9, 0x00, 0x5B, 0x04, 0x2E, 0x08, 0x09, 0x00, 0xB8, 0x00
	.byte 0x5A, 0x04, 0x5C, 0x04, 0x00, 0x00, 0xB8, 0x00, 0x58, 0x04, 0x57, 0x04, 0x04, 0x00, 0xB8, 0x00
	.byte 0x5A, 0x04, 0x59, 0x04, 0xB8, 0x04, 0x12, 0x00, 0x01, 0x00, 0x07, 0x00, 0xB9, 0x04, 0x0C, 0x00
	.byte 0x09, 0x00, 0x0A, 0x00, 0xB8, 0x04, 0x12, 0x00, 0x10, 0x00, 0x11, 0x00, 0xB9, 0x04, 0x11, 0x00
	.byte 0x01, 0x00, 0x12, 0x00, 0x56, 0x04, 0x55, 0x04, 0x58, 0x04, 0x57, 0x04, 0x36, 0x08, 0x39, 0x08
	.byte 0x5A, 0x04, 0x59, 0x04, 0x23, 0x08, 0x24, 0x08, 0x5B, 0x04, 0x2E, 0x08, 0x36, 0x08, 0x39, 0x08
	.byte 0x5A, 0x04, 0x5C, 0x04, 0x06, 0x00, 0xB9, 0x00, 0x5B, 0x04, 0x2E, 0x08, 0x09, 0x00, 0xB8, 0x00
	.byte 0x5A, 0x04, 0x5C, 0x04, 0x10, 0x00, 0xBE, 0x0C, 0x37, 0x08, 0x36, 0x08, 0x10, 0x00, 0xBD, 0x0C
	.byte 0x48, 0x04, 0x4D, 0x04, 0xB8, 0x04, 0x12, 0x00, 0x01, 0x00, 0x07, 0x00, 0xB8, 0x04, 0x12, 0x00
	.byte 0x09, 0x00, 0x0A, 0x00, 0xB8, 0x04, 0x12, 0x00, 0x01, 0x00, 0x12, 0x00, 0xB9, 0x04, 0x11, 0x00
	.byte 0x10, 0x00, 0x11, 0x00, 0x35, 0x00, 0x50, 0x0C, 0x2D, 0x00, 0x2E, 0x00, 0x56, 0x0C, 0x55, 0x0C
	.byte 0x58, 0x0C, 0x57, 0x0C, 0x52, 0x0C, 0x51, 0x0C, 0x6D, 0x00, 0x6E, 0x00, 0x23, 0x00, 0x24, 0x00
	.byte 0x5B, 0x0C, 0x6F, 0x0C, 0x2D, 0x00, 0x2E, 0x00, 0x2F, 0x00, 0x30, 0x00, 0x58, 0x0C, 0x57, 0x0C
	.byte 0x4C, 0x0C, 0x4B, 0x0C, 0x6D, 0x00, 0x6E, 0x00, 0x54, 0x0C, 0x53, 0x0C, 0x37, 0x00, 0x36, 0x00
	.byte 0x21, 0x00, 0x22, 0x00, 0x54, 0x0C, 0x53, 0x0C, 0x30, 0x00, 0x35, 0x00, 0x21, 0x00, 0x22, 0x00
	.byte 0x23, 0x00, 0x24, 0x00, 0x38, 0x00, 0x37, 0x00, 0x36, 0x00, 0x39, 0x00, 0x2F, 0x00, 0x30, 0x00
	.byte 0x35, 0x00, 0x50, 0x0C, 0x30, 0x04, 0x2F, 0x04, 0x2E, 0x04, 0x2D, 0x04, 0x4B, 0x08, 0x4C, 0x08
	.byte 0x57, 0x08, 0x58, 0x08, 0x53, 0x08, 0x54, 0x08, 0x6E, 0x04, 0x6D, 0x04, 0x22, 0x04, 0x21, 0x04
	.byte 0x36, 0x04, 0x37, 0x04, 0x2E, 0x04, 0x2D, 0x04, 0x50, 0x08, 0x35, 0x04, 0x57, 0x08, 0x58, 0x08
	.byte 0x55, 0x08, 0x56, 0x08, 0x6E, 0x04, 0x6D, 0x04, 0x51, 0x08, 0x52, 0x08, 0x6F, 0x08, 0x5B, 0x08
	.byte 0x24, 0x04, 0x23, 0x04, 0x01, 0x00, 0x07, 0x00, 0x01, 0x00, 0x12, 0x00, 0x09, 0x00, 0x0A, 0x00
	.byte 0x0B, 0x00, 0x0C, 0x00, 0x12, 0x00, 0x12, 0x00, 0x11, 0x00, 0x01, 0x00, 0x11, 0x00, 0x12, 0x00
	.byte 0x10, 0x00, 0x11, 0x00, 0x01, 0x00, 0xBC, 0x0C, 0x35, 0x08, 0x50, 0x04, 0xBB, 0x0C, 0xBA, 0x0C
	.byte 0x36, 0x08, 0x39, 0x08, 0xB4, 0x0C, 0xB3, 0x0C, 0x5B, 0x04, 0x6F, 0x04, 0xB2, 0x0C, 0xB1, 0x0C
	.byte 0x6D, 0x08, 0x6E, 0x08, 0xBF, 0x04, 0x07, 0x00, 0x01, 0x00, 0x12, 0x00, 0xC0, 0x04, 0x0A, 0x00
	.byte 0x0B, 0x00, 0x0C, 0x00, 0xAD, 0x0C, 0x11, 0x00, 0x01, 0x00, 0x12, 0x00, 0xAC, 0x0C, 0x12, 0x00
	.byte 0x10, 0x00, 0x11, 0x00, 0x14, 0x04, 0x11, 0x04, 0x10, 0x04, 0x13, 0x04, 0x05, 0x04, 0x12, 0x04
	.byte 0x01, 0x04, 0x00, 0x04, 0x00, 0x04, 0x08, 0x04, 0x07, 0x04, 0x00, 0x04, 0x05, 0x04, 0x12, 0x04
	.byte 0x08, 0x04, 0x04, 0x04, 0x12, 0x00, 0x11, 0x00, 0x01, 0x00, 0xB7, 0x0C, 0x11, 0x00, 0x01, 0x00
	.byte 0xB6, 0x0C, 0xB5, 0x0C, 0x01, 0x00, 0xA9, 0x0C, 0xA8, 0x0C, 0xA7, 0x0C, 0xA6, 0x0C, 0xA5, 0x0C
	.byte 0x39, 0x08, 0x5A, 0x04, 0xB0, 0x0C, 0x55, 0x04, 0x58, 0x04, 0x57, 0x04, 0x35, 0x08, 0x50, 0x04
	.byte 0x2D, 0x08, 0x2E, 0x08, 0x23, 0x08, 0x24, 0x08, 0x5B, 0x04, 0x6F, 0x04, 0x52, 0x04, 0x51, 0x04
	.byte 0x6D, 0x08, 0x6E, 0x08, 0x51, 0x04, 0x6D, 0x08, 0x6E, 0x08, 0xAF, 0x0C, 0x55, 0x04, 0x58, 0x04
	.byte 0x57, 0x04, 0xAE, 0x0C, 0x50, 0x04, 0x2D, 0x08, 0x2E, 0x08, 0xA3, 0x0C, 0x50, 0x04, 0x2D, 0x08
	.byte 0x2E, 0x08, 0xA2, 0x0C, 0xAB, 0x0C, 0x07, 0x00, 0x01, 0x00, 0x12, 0x00, 0xAA, 0x0C, 0x0A, 0x00
	.byte 0x0B, 0x00, 0x0C, 0x00, 0x9E, 0x0C, 0x11, 0x00, 0x01, 0x00, 0x12, 0x00, 0x9D, 0x0C, 0x12, 0x00
	.byte 0x10, 0x00, 0x11, 0x00, 0x6F, 0x08, 0x5B, 0x08, 0x24, 0x04, 0x23, 0x04, 0x5B, 0x08, 0x24, 0x04
	.byte 0x23, 0x04, 0x5B, 0x08, 0x5A, 0x08, 0x39, 0x04, 0x36, 0x04, 0x5A, 0x08, 0x30, 0x04, 0x2F, 0x04
	.byte 0x2E, 0x04, 0x2D, 0x04, 0x01, 0x04, 0x00, 0x04, 0x0E, 0x04, 0x0D, 0x04, 0x0F, 0x04, 0x05, 0x04
	.byte 0x01, 0x04, 0x07, 0x04, 0x01, 0x04, 0x00, 0x04, 0x11, 0x04, 0x10, 0x04, 0x11, 0x04, 0x10, 0x04
	.byte 0x12, 0x04, 0x01, 0x04, 0x03, 0x04, 0x02, 0x04, 0x01, 0x04, 0x00, 0x04, 0x05, 0x04, 0x01, 0x04
	.byte 0x00, 0x04, 0x04, 0x04, 0x00, 0x04, 0x08, 0x04, 0x07, 0x04, 0x06, 0x04, 0x0C, 0x04, 0x0B, 0x04
	.byte 0x0A, 0x04, 0x09, 0x04, 0x10, 0x00, 0x11, 0x00, 0x01, 0x00, 0x12, 0x00, 0x01, 0x00, 0x12, 0x00
	.byte 0x10, 0x00, 0x11, 0x00, 0x01, 0x00, 0x07, 0x00, 0x01, 0x00, 0x12, 0x00, 0x09, 0x00, 0x10, 0x00
	.byte 0x11, 0x00, 0x40, 0x00, 0xA4, 0x0C, 0x23, 0x08, 0x24, 0x08, 0x5B, 0x04, 0x23, 0x08, 0x24, 0x08
	.byte 0x5B, 0x04, 0x6F, 0x04, 0x2D, 0x08, 0x2E, 0x08, 0x2F, 0x08, 0x30, 0x08, 0x5A, 0x04, 0x36, 0x08
	.byte 0x39, 0x08, 0x5A, 0x04, 0x39, 0x08, 0x5A, 0x04, 0x5C, 0x04, 0xA1, 0x0C, 0x54, 0x04, 0x53, 0x04
	.byte 0xA0, 0x0C, 0x9F, 0x0C, 0x4C, 0x04, 0x4B, 0x04, 0x9C, 0x0C, 0x9B, 0x0C, 0x4F, 0x04, 0x9A, 0x0C
	.byte 0x99, 0x0C, 0x12, 0x00, 0x76, 0x08, 0x77, 0x08, 0x78, 0x08, 0x11, 0x04, 0x50, 0x04, 0x50, 0x04
	.byte 0x74, 0x08, 0x75, 0x08, 0x35, 0x08, 0x50, 0x04, 0x35, 0x08, 0x50, 0x04, 0x30, 0x08, 0x35, 0x08
	.byte 0x4A, 0x04, 0x49, 0x04, 0x11, 0x04, 0x10, 0x04, 0x11, 0x04, 0x10, 0x04, 0x7C, 0x08, 0x7D, 0x08
	.byte 0x7E, 0x08, 0x11, 0x04, 0x35, 0x08, 0x79, 0x08, 0x7A, 0x08, 0x7B, 0x08, 0x35, 0x08, 0x50, 0x04
	.byte 0x53, 0x04, 0x52, 0x04, 0x10, 0x04, 0x12, 0x04, 0x01, 0x04, 0x12, 0x04, 0x11, 0x04, 0x10, 0x04
	.byte 0x01, 0x04, 0x11, 0x04, 0x82, 0x08, 0x83, 0x08, 0x84, 0x08, 0x85, 0x08, 0x38, 0x08, 0x7F, 0x08
	.byte 0x80, 0x08, 0x81, 0x08, 0x01, 0x04, 0x11, 0x04, 0x10, 0x04, 0x12, 0x04, 0x11, 0x04, 0x10, 0x04
	.byte 0x01, 0x04, 0x11, 0x04, 0x12, 0x04, 0x01, 0x04, 0x11, 0x04, 0x12, 0x04, 0x86, 0x08, 0x87, 0x08
	.byte 0x88, 0x08, 0x89, 0x08, 0x12, 0x04, 0x01, 0x04, 0x11, 0x04, 0x10, 0x04, 0x11, 0x04, 0x10, 0x04
	.byte 0x12, 0x04, 0x01, 0x04, 0x07, 0x04, 0x01, 0x04, 0x07, 0x04, 0x01, 0x04, 0x3C, 0x00, 0x3B, 0x00
	.byte 0x3C, 0x00, 0x3B, 0x00, 0x10, 0x00, 0x11, 0x00, 0x01, 0x00, 0x12, 0x00, 0x01, 0x00, 0x12, 0x00
	.byte 0x10, 0x00, 0x11, 0x00, 0x01, 0x00, 0x07, 0x00, 0x01, 0x00, 0x07, 0x00, 0x3B, 0x04, 0x3C, 0x04
	.byte 0x3B, 0x04, 0x3C, 0x04, 0x12, 0x00, 0x10, 0x00, 0x11, 0x00, 0x01, 0x00, 0x11, 0x00, 0x01, 0x00
	.byte 0x10, 0x00, 0x11, 0x00, 0x12, 0x00, 0x11, 0x00, 0x01, 0x00, 0x12, 0x00, 0x89, 0x0C, 0x88, 0x0C
	.byte 0x87, 0x0C, 0x86, 0x0C, 0x12, 0x00, 0x01, 0x00, 0x12, 0x00, 0x10, 0x00, 0x11, 0x00, 0x01, 0x00
	.byte 0x10, 0x00, 0x11, 0x00, 0x85, 0x0C, 0x84, 0x0C, 0x83, 0x0C, 0x82, 0x0C, 0x81, 0x0C, 0x80, 0x0C
	.byte 0x7F, 0x0C, 0x38, 0x0C, 0x10, 0x00, 0x11, 0x00, 0x10, 0x00, 0x11, 0x00, 0x11, 0x00, 0x7E, 0x0C
	.byte 0x7D, 0x0C, 0x7C, 0x0C, 0x7B, 0x0C, 0x7A, 0x0C, 0x79, 0x0C, 0x35, 0x0C, 0x52, 0x00, 0x53, 0x00
	.byte 0x50, 0x00, 0x35, 0x0C, 0x11, 0x00, 0x78, 0x0C, 0x77, 0x0C, 0x76, 0x0C, 0x75, 0x0C, 0x74, 0x0C
	.byte 0x50, 0x00, 0x50, 0x00, 0x50, 0x00, 0x35, 0x0C, 0x50, 0x00, 0x35, 0x0C, 0x49, 0x00, 0x4A, 0x00
	.byte 0x35, 0x0C, 0x30, 0x0C, 0x44, 0x00, 0x35, 0x0C, 0x50, 0x00, 0x35, 0x0C, 0x35, 0x0C, 0x35, 0x0C
	.byte 0x4E, 0x00, 0x4F, 0x00, 0x50, 0x00, 0x35, 0x0C, 0x30, 0x0C, 0x2F, 0x0C, 0x39, 0x0C, 0x36, 0x0C
	.byte 0x37, 0x0C, 0x38, 0x0C, 0x35, 0x08, 0x50, 0x04, 0x2D, 0x08, 0x2E, 0x08, 0x36, 0x08, 0x39, 0x08
	.byte 0x5A, 0x04, 0x5C, 0x04, 0x23, 0x08, 0x24, 0x08, 0x5B, 0x04, 0x6F, 0x04, 0x52, 0x04, 0x51, 0x04
	.byte 0x6D, 0x08, 0x6E, 0x08, 0x5B, 0x04, 0x23, 0x08, 0x24, 0x08, 0x5B, 0x04, 0x23, 0x08, 0x24, 0x08
	.byte 0x5B, 0x04, 0x6F, 0x04, 0x56, 0x04, 0x55, 0x04, 0x58, 0x04, 0x93, 0x0C, 0x36, 0x08, 0x39, 0x08
	.byte 0x92, 0x0C, 0x91, 0x0C, 0x2F, 0x08, 0x98, 0x0C, 0x97, 0x0C, 0x11, 0x00, 0x96, 0x0C, 0x95, 0x0C
	.byte 0x12, 0x00, 0x10, 0x00, 0x8C, 0x0C, 0x12, 0x00, 0x11, 0x00, 0x01, 0x00, 0x01, 0x00, 0x11, 0x00
	.byte 0x01, 0x00, 0x11, 0x00, 0x23, 0x08, 0x24, 0x08, 0x5B, 0x04, 0x6F, 0x04, 0x52, 0x04, 0x51, 0x04
	.byte 0x6D, 0x08, 0x6E, 0x08, 0x56, 0x04, 0x55, 0x04, 0x58, 0x04, 0x57, 0x04, 0x35, 0x08, 0x50, 0x04
	.byte 0x2D, 0x08, 0x2E, 0x08, 0x52, 0x04, 0x51, 0x04, 0x6D, 0x08, 0x6E, 0x08, 0x56, 0x04, 0x55, 0x04
	.byte 0x58, 0x04, 0x57, 0x04, 0x48, 0x04, 0x30, 0x08, 0x35, 0x08, 0x59, 0x04, 0x30, 0x08, 0x35, 0x08
	.byte 0x36, 0x08, 0x37, 0x08, 0x4C, 0x04, 0x4B, 0x04, 0x37, 0x08, 0x36, 0x08, 0x4F, 0x04, 0x4E, 0x04
	.byte 0x48, 0x04, 0x4D, 0x04, 0x2F, 0x08, 0x30, 0x08, 0x35, 0x08, 0x50, 0x04, 0x38, 0x08, 0x37, 0x08
	.byte 0x36, 0x08, 0x39, 0x08, 0x23, 0x08, 0x24, 0x08, 0x5B, 0x04, 0x2E, 0x08, 0x36, 0x08, 0x39, 0x08
	.byte 0x5A, 0x04, 0x5C, 0x04, 0x30, 0x00, 0x35, 0x00, 0x4A, 0x0C, 0x30, 0x00, 0x48, 0x0C, 0x30, 0x00
	.byte 0x47, 0x0C, 0x44, 0x0C, 0x56, 0x04, 0x55, 0x04, 0x58, 0x04, 0x57, 0x04, 0x35, 0x08, 0x50, 0x04
	.byte 0x2D, 0x08, 0x94, 0x0C, 0x47, 0x0C, 0x44, 0x0C, 0x73, 0x0C, 0x72, 0x0C, 0x43, 0x0C, 0x42, 0x0C
	.byte 0x71, 0x0C, 0x10, 0x00, 0x23, 0x08, 0x90, 0x0C, 0x8F, 0x0C, 0x12, 0x00, 0x8E, 0x0C, 0x8D, 0x0C
	.byte 0x12, 0x00, 0x10, 0x00, 0x70, 0x0C, 0x11, 0x00, 0x01, 0x00, 0x12, 0x00, 0x01, 0x00, 0x12, 0x00
	.byte 0x10, 0x00, 0x11, 0x00, 0x0C, 0x0C, 0x0B, 0x0C, 0x0A, 0x0C, 0xC0, 0x08, 0x12, 0x0C, 0x01, 0x0C
	.byte 0x07, 0x0C, 0xBF, 0x08, 0x11, 0x0C, 0x10, 0x0C, 0x11, 0x0C, 0xB9, 0x08, 0x12, 0x0C, 0x01, 0x0C
	.byte 0x12, 0x0C, 0xB8, 0x08, 0x37, 0x08, 0x36, 0x08, 0x21, 0x08, 0x22, 0x08, 0x6D, 0x08, 0x6E, 0x08
	.byte 0x54, 0x04, 0x53, 0x04, 0x58, 0x04, 0x57, 0x04, 0x4C, 0x04, 0x4B, 0x04, 0x2D, 0x08, 0x2E, 0x08
	.byte 0x2F, 0x08, 0x30, 0x08, 0x21, 0x08, 0x22, 0x08, 0x23, 0x08, 0x24, 0x08, 0x54, 0x04, 0x53, 0x04
	.byte 0x52, 0x04, 0x51, 0x04, 0x4C, 0x04, 0x4B, 0x04, 0x56, 0x04, 0x55, 0x04, 0x2F, 0x08, 0x30, 0x08
	.byte 0x35, 0x08, 0x50, 0x04, 0x45, 0x0C, 0x44, 0x0C, 0x43, 0x0C, 0x42, 0x0C, 0x43, 0x0C, 0x42, 0x0C
	.byte 0x3D, 0x0C, 0x11, 0x0C, 0x3D, 0x0C, 0x0B, 0x0C, 0x0A, 0x0C, 0x09, 0x0C, 0x11, 0x0C, 0x12, 0x0C
	.byte 0x10, 0x0C, 0x12, 0x0C, 0x3D, 0x0C, 0x11, 0x0C, 0x10, 0x00, 0x01, 0x00, 0x12, 0x00, 0x07, 0x00
	.byte 0x01, 0x00, 0x12, 0x00, 0x05, 0x0C, 0x01, 0x0C, 0x00, 0x0C, 0x04, 0x0C, 0x03, 0x0C, 0x02, 0x0C
	.byte 0x01, 0x0C, 0x00, 0x0C, 0x0A, 0x0C, 0x09, 0x0C, 0x12, 0x0C, 0xB8, 0x08, 0x07, 0x0C, 0x01, 0x0C
	.byte 0x12, 0x0C, 0xB8, 0x08, 0x12, 0x0C, 0x01, 0x0C, 0x11, 0x0C, 0xB9, 0x08, 0x11, 0x0C, 0x10, 0x0C
	.byte 0x12, 0x0C, 0xB8, 0x08, 0x5C, 0x08, 0x5A, 0x08, 0xB8, 0x0C, 0x09, 0x0C, 0x2E, 0x04, 0x5B, 0x08
	.byte 0xB9, 0x0C, 0x06, 0x0C, 0x59, 0x08, 0x5A, 0x08, 0xB8, 0x0C, 0x04, 0x0C, 0x57, 0x08, 0x58, 0x08
	.byte 0xB8, 0x0C, 0x00, 0x0C, 0x42, 0x08, 0x5F, 0x08, 0x60, 0x08, 0x36, 0x08, 0x41, 0x08, 0x10, 0x04
	.byte 0x5D, 0x08, 0x5E, 0x08, 0x3E, 0x08, 0x3F, 0x08, 0x10, 0x04, 0x10, 0x04, 0x10, 0x08, 0x11, 0x08
	.byte 0x10, 0x08, 0x11, 0x08, 0x37, 0x08, 0x36, 0x08, 0x35, 0x04, 0x30, 0x04, 0x66, 0x08, 0x67, 0x08
	.byte 0x36, 0x08, 0x48, 0x08, 0x62, 0x08, 0x63, 0x08, 0x64, 0x08, 0x65, 0x08, 0x10, 0x04, 0x10, 0x04
	.byte 0x01, 0x04, 0x61, 0x08, 0x52, 0x04, 0x51, 0x04, 0x6D, 0x08, 0x6E, 0x08, 0x56, 0x04, 0x55, 0x04
	.byte 0x58, 0x04, 0x57, 0x04, 0x6C, 0x08, 0x30, 0x08, 0x35, 0x08, 0x59, 0x04, 0x68, 0x08, 0x69, 0x08
	.byte 0x6A, 0x08, 0x6B, 0x08, 0x2D, 0x08, 0x2E, 0x08, 0x2F, 0x08, 0x30, 0x08, 0x5A, 0x04, 0x36, 0x08
	.byte 0x39, 0x08, 0x5A, 0x04, 0x5B, 0x04, 0x23, 0x08, 0x24, 0x08, 0x5B, 0x04, 0x23, 0x08, 0x24, 0x08
	.byte 0x5B, 0x04, 0x6F, 0x04, 0x2F, 0x08, 0x30, 0x08, 0x35, 0x08, 0x50, 0x04, 0x38, 0x08, 0x37, 0x08
	.byte 0x36, 0x08, 0x39, 0x08, 0x21, 0x08, 0x22, 0x08, 0x23, 0x08, 0x24, 0x08, 0x54, 0x04, 0x53, 0x04
	.byte 0x30, 0x08, 0x35, 0x08, 0x6E, 0x0C, 0x6D, 0x0C, 0x51, 0x00, 0x52, 0x00, 0x57, 0x00, 0x58, 0x00
	.byte 0x55, 0x00, 0x56, 0x00, 0x59, 0x00, 0x35, 0x0C, 0x30, 0x0C, 0x6C, 0x0C, 0x6B, 0x0C, 0x6A, 0x0C
	.byte 0x69, 0x0C, 0x68, 0x0C, 0x30, 0x00, 0x35, 0x00, 0x36, 0x0C, 0x37, 0x0C, 0x48, 0x0C, 0x36, 0x0C
	.byte 0x67, 0x0C, 0x66, 0x0C, 0x65, 0x0C, 0x64, 0x0C, 0x63, 0x0C, 0x62, 0x0C, 0x61, 0x0C, 0x01, 0x00
	.byte 0x10, 0x00, 0x10, 0x00, 0x36, 0x0C, 0x60, 0x0C, 0x5F, 0x0C, 0x42, 0x0C, 0x5E, 0x0C, 0x5D, 0x0C
	.byte 0x10, 0x00, 0x41, 0x0C, 0x10, 0x00, 0x10, 0x00, 0x3F, 0x0C, 0x3E, 0x0C, 0x11, 0x0C, 0x10, 0x0C
	.byte 0x11, 0x0C, 0x10, 0x0C, 0x0A, 0x0C, 0x09, 0x0C, 0x0C, 0x0C, 0xB9, 0x08, 0x07, 0x0C, 0x01, 0x0C
	.byte 0x12, 0x0C, 0xB8, 0x08, 0x12, 0x0C, 0x01, 0x0C, 0x11, 0x0C, 0xB9, 0x08, 0x11, 0x0C, 0x10, 0x0C
	.byte 0x12, 0x0C, 0xB8, 0x08, 0x09, 0x08, 0x0A, 0x08, 0x0B, 0x08, 0x0C, 0x08, 0x01, 0x08, 0x07, 0x08
	.byte 0x01, 0x08, 0x12, 0x08, 0x01, 0x08, 0x12, 0x08, 0x10, 0x08, 0x11, 0x08, 0x10, 0x08, 0x11, 0x08
	.byte 0x01, 0x08, 0x12, 0x08, 0x10, 0x04, 0x01, 0x04, 0x15, 0x08, 0x16, 0x08, 0x11, 0x04, 0x10, 0x04
	.byte 0x11, 0x04, 0x11, 0x04, 0x12, 0x04, 0x01, 0x04, 0x12, 0x04, 0x12, 0x04, 0x01, 0x04, 0x01, 0x04
	.byte 0x01, 0x04, 0x12, 0x04, 0x19, 0x08, 0x1A, 0x08, 0x1B, 0x08, 0x1C, 0x08, 0x10, 0x04, 0x01, 0x04
	.byte 0x17, 0x08, 0x18, 0x08, 0x01, 0x04, 0x11, 0x04, 0x10, 0x04, 0x11, 0x04, 0x01, 0x04, 0x12, 0x04
	.byte 0x01, 0x04, 0x12, 0x04, 0x21, 0x08, 0x22, 0x08, 0x23, 0x08, 0x24, 0x08, 0x1D, 0x08, 0x1E, 0x08
	.byte 0x1F, 0x08, 0x20, 0x08, 0x11, 0x04, 0x10, 0x04, 0x01, 0x04, 0x01, 0x04, 0x12, 0x04, 0x01, 0x04
	.byte 0x11, 0x04, 0x10, 0x04, 0x2D, 0x08, 0x2E, 0x08, 0x2F, 0x08, 0x30, 0x08, 0x29, 0x08, 0x2A, 0x08
	.byte 0x2B, 0x08, 0x2C, 0x08, 0x25, 0x08, 0x26, 0x08, 0x27, 0x08, 0x28, 0x08, 0x12, 0x04, 0x11, 0x04
	.byte 0x10, 0x04, 0x12, 0x04, 0x38, 0x08, 0x37, 0x08, 0x36, 0x08, 0x39, 0x08, 0x30, 0x08, 0x35, 0x08
	.byte 0x36, 0x08, 0x37, 0x08, 0x31, 0x08, 0x32, 0x08, 0x33, 0x08, 0x34, 0x08, 0x12, 0x0C, 0x01, 0x0C
	.byte 0x07, 0x0C, 0x01, 0x0C, 0x38, 0x08, 0x37, 0x08, 0x36, 0x08, 0x39, 0x08, 0x36, 0x08, 0x37, 0x08
	.byte 0x36, 0x08, 0x39, 0x08, 0x3A, 0x08, 0x3B, 0x08, 0x3C, 0x08, 0x3B, 0x08, 0x12, 0x0C, 0x01, 0x0C
	.byte 0x07, 0x0C, 0x01, 0x0C, 0x37, 0x08, 0x36, 0x08, 0x21, 0x08, 0x22, 0x08, 0x37, 0x08, 0x36, 0x08
	.byte 0x39, 0x08, 0x37, 0x08, 0x3B, 0x08, 0x3C, 0x08, 0x3B, 0x08, 0x3B, 0x08, 0x01, 0x0C, 0x07, 0x0C
	.byte 0x01, 0x0C, 0x01, 0x0C, 0x39, 0x0C, 0x36, 0x0C, 0x37, 0x0C, 0x38, 0x0C, 0x39, 0x0C, 0x36, 0x0C
	.byte 0x37, 0x0C, 0x36, 0x0C, 0x3B, 0x0C, 0x3C, 0x0C, 0x3B, 0x0C, 0x3A, 0x0C, 0x01, 0x08, 0x07, 0x08
	.byte 0x01, 0x08, 0x12, 0x08, 0x39, 0x0C, 0x36, 0x0C, 0x37, 0x0C, 0x38, 0x0C, 0x37, 0x0C, 0x36, 0x0C
	.byte 0x35, 0x0C, 0x30, 0x0C, 0x34, 0x0C, 0x33, 0x0C, 0x32, 0x0C, 0x31, 0x0C, 0x01, 0x08, 0x07, 0x08
	.byte 0x01, 0x08, 0x12, 0x08, 0x30, 0x0C, 0x2F, 0x0C, 0x2E, 0x0C, 0x2D, 0x0C, 0x2C, 0x0C, 0x2B, 0x0C
	.byte 0x2A, 0x0C, 0x29, 0x0C, 0x28, 0x0C, 0x27, 0x0C, 0x26, 0x0C, 0x25, 0x0C, 0x12, 0x00, 0x10, 0x00
	.byte 0x11, 0x00, 0x12, 0x00, 0x24, 0x0C, 0x23, 0x0C, 0x22, 0x0C, 0x21, 0x0C, 0x20, 0x0C, 0x1F, 0x0C
	.byte 0x1E, 0x0C, 0x1D, 0x0C, 0x01, 0x00, 0x01, 0x00, 0x10, 0x00, 0x11, 0x00, 0x10, 0x00, 0x11, 0x00
	.byte 0x01, 0x00, 0x12, 0x00, 0x1C, 0x0C, 0x1B, 0x0C, 0x1A, 0x0C, 0x19, 0x0C, 0x18, 0x0C, 0x17, 0x0C
	.byte 0x01, 0x00, 0x10, 0x00, 0x11, 0x00, 0x10, 0x00, 0x11, 0x00, 0x01, 0x00, 0x12, 0x00, 0x01, 0x00
	.byte 0x12, 0x00, 0x01, 0x00, 0x16, 0x0C, 0x15, 0x0C, 0x01, 0x00, 0x10, 0x00, 0x11, 0x00, 0x11, 0x00
	.byte 0x10, 0x00, 0x11, 0x00, 0x12, 0x00, 0x12, 0x00, 0x01, 0x00, 0x12, 0x00, 0x12, 0x00, 0x01, 0x00
	.byte 0x01, 0x00, 0x01, 0x00, 0x12, 0x04, 0x01, 0x04, 0x11, 0x04, 0x10, 0x04, 0x11, 0x04, 0x10, 0x04
	.byte 0x12, 0x04, 0x01, 0x04, 0x07, 0x04, 0x01, 0x04, 0x07, 0x04, 0x01, 0x04, 0x12, 0x04, 0x01, 0x04
	.byte 0x12, 0x04, 0x01, 0x04, 0x12, 0x04, 0x01, 0x04, 0x11, 0x04, 0x10, 0x04, 0x11, 0x04, 0x10, 0x04
	.byte 0x12, 0x04, 0x01, 0x04, 0x07, 0x04, 0x01, 0x04, 0x07, 0x04, 0x3F, 0x00, 0x3E, 0x00, 0x3F, 0x00
	.byte 0x3E, 0x00, 0x3D, 0x00, 0x07, 0x04, 0x01, 0x04, 0x07, 0x04, 0x01, 0x04, 0x3C, 0x00, 0x3B, 0x00
	.byte 0x3C, 0x00, 0x3B, 0x00, 0x6F, 0x00, 0x5B, 0x00, 0x24, 0x0C, 0x23, 0x0C, 0x6E, 0x0C, 0x6D, 0x0C
	.byte 0x51, 0x00, 0x52, 0x00, 0x41, 0x00, 0x3D, 0x00, 0x42, 0x00, 0x43, 0x00, 0x3C, 0x00, 0x43, 0x00
	.byte 0x44, 0x00, 0x36, 0x0C, 0x50, 0x00, 0x45, 0x00, 0x8B, 0x04, 0x23, 0x0C, 0x4D, 0x00, 0x48, 0x00
	.byte 0x4E, 0x00, 0x52, 0x00, 0x3C, 0x08, 0x3B, 0x08, 0x3C, 0x08, 0x3B, 0x08, 0x07, 0x0C, 0x01, 0x0C
	.byte 0x07, 0x0C, 0x01, 0x0C, 0x11, 0x0C, 0x10, 0x0C, 0x12, 0x0C, 0x01, 0x0C, 0x12, 0x0C, 0x01, 0x0C
	.byte 0x11, 0x0C, 0x01, 0x00, 0x3C, 0x08, 0x3B, 0x08, 0x3C, 0x08, 0x3B, 0x08, 0x07, 0x0C, 0x01, 0x0C
	.byte 0x07, 0x0C, 0x01, 0x0C, 0x11, 0x0C, 0x10, 0x0C, 0x12, 0x0C, 0x01, 0x0C, 0x12, 0x0C, 0x01, 0x0C
	.byte 0x11, 0x0C, 0x3D, 0x00, 0x3B, 0x08, 0x3C, 0x08, 0x3B, 0x08, 0x3C, 0x08, 0x3E, 0x00, 0x3F, 0x00
	.byte 0x3E, 0x00, 0x40, 0x00, 0x41, 0x00, 0x3D, 0x00, 0x42, 0x00, 0x43, 0x00, 0x42, 0x00, 0x43, 0x00
	.byte 0x44, 0x00, 0x45, 0x00, 0x3B, 0x08, 0xC3, 0x00, 0xC4, 0x00, 0xC5, 0x00, 0x46, 0x00, 0x43, 0x00
	.byte 0x44, 0x00, 0x45, 0x00, 0x44, 0x00, 0x45, 0x00, 0x4B, 0x00, 0x4C, 0x00, 0x49, 0x00, 0x4A, 0x00
	.byte 0x35, 0x0C, 0x30, 0x0C, 0x12, 0x04, 0x01, 0x04, 0x11, 0x04, 0x10, 0x04, 0x11, 0x04, 0x10, 0x04
	.byte 0x12, 0x04, 0x01, 0x04, 0x12, 0x04, 0x01, 0x04, 0x07, 0x04, 0x01, 0x04, 0x40, 0x04, 0x11, 0x04
	.byte 0x10, 0x04, 0x09, 0x04, 0x30, 0x04, 0x4A, 0x08, 0x35, 0x04, 0x30, 0x04, 0x44, 0x08, 0x47, 0x08
	.byte 0x30, 0x04, 0x48, 0x08, 0x42, 0x08, 0x43, 0x08, 0x44, 0x08, 0x45, 0x08, 0x11, 0x08, 0x3D, 0x08
	.byte 0x42, 0x08, 0x43, 0x08, 0x35, 0x08, 0x50, 0x04, 0x35, 0x08, 0x44, 0x04, 0x4F, 0x04, 0x4E, 0x04
	.byte 0x35, 0x08, 0x35, 0x08, 0x2F, 0x08, 0x30, 0x08, 0x35, 0x08, 0x50, 0x04, 0x38, 0x08, 0x37, 0x08
	.byte 0x36, 0x08, 0x39, 0x08, 0x05, 0x08, 0x07, 0x08, 0x01, 0x08, 0x05, 0x08, 0x00, 0x08, 0x0D, 0x08
	.byte 0x0E, 0x08, 0x00, 0x08, 0x01, 0x00, 0x01, 0x00, 0x07, 0x00, 0x01, 0x00, 0x3B, 0x04, 0x3B, 0x04
	.byte 0x3C, 0x04, 0x3B, 0x04, 0x07, 0x08, 0x01, 0x08, 0x05, 0x08, 0x0F, 0x08, 0x0D, 0x08, 0x0E, 0x08
	.byte 0x00, 0x08, 0x01, 0x08, 0x01, 0x00, 0x07, 0x00, 0x01, 0x00, 0x12, 0x00, 0x3B, 0x04, 0x3C, 0x04
	.byte 0x3B, 0x04, 0x3A, 0x04, 0x07, 0x08, 0x01, 0x08, 0x05, 0x08, 0x0F, 0x08, 0x0D, 0x08, 0x0E, 0x08
	.byte 0x00, 0x08, 0x01, 0x08, 0x01, 0x00, 0x07, 0x00, 0x01, 0x00, 0x12, 0x00, 0x34, 0x04, 0x33, 0x04
	.byte 0x32, 0x04, 0x31, 0x04, 0x12, 0x04, 0x01, 0x04, 0x07, 0x04, 0x01, 0x04, 0x0C, 0x04, 0x0B, 0x04
	.byte 0x0A, 0x04, 0x09, 0x04, 0x12, 0x08, 0x10, 0x08, 0x11, 0x08, 0x12, 0x08, 0x28, 0x04, 0x27, 0x04
	.byte 0x26, 0x04, 0x25, 0x04, 0x12, 0x04, 0x01, 0x04, 0x07, 0x04, 0x01, 0x04, 0x0C, 0x04, 0x0B, 0x04
	.byte 0x0A, 0x04, 0x09, 0x04, 0x10, 0x08, 0x11, 0x08, 0x01, 0x08, 0x12, 0x08, 0x01, 0x08, 0x01, 0x08
	.byte 0x10, 0x08, 0x11, 0x08, 0x12, 0x04, 0x01, 0x04, 0x07, 0x04, 0x01, 0x04, 0x0C, 0x04, 0x0B, 0x04
	.byte 0x0A, 0x04, 0x09, 0x04, 0x12, 0x08, 0x01, 0x08, 0x12, 0x08, 0x01, 0x08, 0x11, 0x08, 0x10, 0x08
	.byte 0x11, 0x08, 0x01, 0x08, 0x2C, 0x04, 0x2B, 0x04, 0x2A, 0x04, 0x29, 0x04, 0x30, 0x04, 0x2F, 0x04
	.byte 0x2E, 0x04, 0x2D, 0x04, 0x37, 0x04, 0x36, 0x04, 0x35, 0x04, 0x30, 0x04, 0x59, 0x08, 0x35, 0x04
	.byte 0x30, 0x04, 0x48, 0x08, 0x20, 0x04, 0x1F, 0x04, 0x1E, 0x04, 0x1D, 0x04, 0x24, 0x04, 0x23, 0x04
	.byte 0x22, 0x04, 0x21, 0x04, 0x39, 0x04, 0x36, 0x04, 0x37, 0x04, 0x38, 0x04, 0x50, 0x08, 0x35, 0x04
	.byte 0x30, 0x04, 0x2F, 0x04, 0x18, 0x04, 0x17, 0x04, 0x01, 0x08, 0x10, 0x08, 0x1C, 0x04, 0x1B, 0x04
	.byte 0x1A, 0x04, 0x19, 0x04, 0x5C, 0x08, 0x5A, 0x08, 0x39, 0x04, 0x36, 0x04, 0x2E, 0x04, 0x5B, 0x08
	.byte 0x24, 0x04, 0x23, 0x04, 0x11, 0x08, 0x11, 0x08, 0x10, 0x08, 0x11, 0x08, 0x16, 0x04, 0x15, 0x04
	.byte 0x01, 0x08, 0x10, 0x08, 0x6B, 0x04, 0x6A, 0x04, 0x69, 0x04, 0x68, 0x04, 0x59, 0x08, 0x35, 0x04
	.byte 0x30, 0x04, 0x6C, 0x04, 0x12, 0x04, 0x01, 0x04, 0x07, 0x04, 0x01, 0x04, 0x0C, 0x04, 0x0B, 0x04
	.byte 0x0A, 0x04, 0x09, 0x04, 0x61, 0x04, 0x01, 0x08, 0x10, 0x08, 0x10, 0x08, 0x65, 0x04, 0x64, 0x04
	.byte 0x63, 0x04, 0x62, 0x04, 0x48, 0x04, 0x36, 0x04, 0x67, 0x04, 0x66, 0x04, 0x30, 0x08, 0x35, 0x08
	.byte 0x36, 0x04, 0x37, 0x04, 0x56, 0x04, 0x55, 0x04, 0x58, 0x04, 0x57, 0x04, 0x36, 0x08, 0x39, 0x08
	.byte 0x5A, 0x04, 0x59, 0x04, 0x5E, 0x04, 0x5D, 0x04, 0x10, 0x08, 0x41, 0x04, 0x36, 0x04, 0x60, 0x04
	.byte 0x5F, 0x04, 0x42, 0x04, 0x4C, 0x04, 0x4B, 0x04, 0x45, 0x04, 0x44, 0x04, 0x4F, 0x04, 0x4E, 0x04
	.byte 0x48, 0x04, 0x4D, 0x04, 0x48, 0x04, 0x30, 0x08, 0x47, 0x04, 0x44, 0x04, 0x30, 0x08, 0x35, 0x08
	.byte 0x4A, 0x04, 0x4D, 0x04, 0x03, 0x14, 0x02, 0x14, 0x01, 0x14, 0x50, 0x04, 0x05, 0x14, 0x01, 0x14
	.byte 0x00, 0x14, 0x39, 0x08, 0x53, 0x08, 0x54, 0x08, 0x6E, 0x04, 0x6D, 0x04, 0x22, 0x04, 0x21, 0x04
	.byte 0x36, 0x04, 0x37, 0x04, 0x3B, 0x0C, 0x3C, 0x0C, 0x3B, 0x0C, 0x3C, 0x0C, 0x01, 0x08, 0x07, 0x08
	.byte 0x01, 0x08, 0x07, 0x08, 0x39, 0x04, 0x36, 0x04, 0x37, 0x04, 0x38, 0x04, 0x50, 0x08, 0x35, 0x04
	.byte 0x30, 0x04, 0x2F, 0x04, 0x3B, 0x0C, 0x3C, 0x0C, 0x3B, 0x0C, 0x3C, 0x0C, 0x01, 0x08, 0x07, 0x08
	.byte 0x01, 0x08, 0x07, 0x08, 0x53, 0x08, 0x54, 0x08, 0x6E, 0x04, 0x6D, 0x04, 0x22, 0x04, 0x21, 0x04
	.byte 0x36, 0x04, 0x37, 0x04, 0x89, 0x04, 0x88, 0x04, 0x87, 0x04, 0x86, 0x04, 0x12, 0x08, 0x11, 0x08
	.byte 0x01, 0x08, 0x12, 0x08, 0x51, 0x08, 0x52, 0x08, 0x53, 0x08, 0x54, 0x08, 0x24, 0x04, 0x23, 0x04
	.byte 0x22, 0x04, 0x21, 0x04, 0x81, 0x04, 0x80, 0x04, 0x7F, 0x04, 0x38, 0x04, 0x85, 0x04, 0x84, 0x04
	.byte 0x83, 0x04, 0x82, 0x04, 0x6E, 0x04, 0x6D, 0x04, 0x51, 0x08, 0x52, 0x08, 0x6F, 0x08, 0x5B, 0x08
	.byte 0x24, 0x04, 0x23, 0x04, 0x52, 0x08, 0x53, 0x08, 0x50, 0x08, 0x35, 0x04, 0x7B, 0x04, 0x7A, 0x04
	.byte 0x79, 0x04, 0x35, 0x04, 0x11, 0x08, 0x7E, 0x04, 0x7D, 0x04, 0x7C, 0x04, 0x10, 0x08, 0x11, 0x08
	.byte 0x10, 0x08, 0x11, 0x08, 0x09, 0x08, 0x0A, 0x08, 0x0B, 0x08, 0x0C, 0x08, 0x01, 0x08, 0x07, 0x08
	.byte 0x01, 0x08, 0x12, 0x08, 0x75, 0x04, 0x74, 0x04, 0x50, 0x08, 0x50, 0x08, 0x11, 0x08, 0x78, 0x04
	.byte 0x77, 0x04, 0x76, 0x04, 0x09, 0x08, 0x10, 0x08, 0x11, 0x08, 0x40, 0x08, 0x01, 0x08, 0x07, 0x08
	.byte 0x01, 0x08, 0x12, 0x08, 0x35, 0x04, 0x35, 0x04, 0x4E, 0x08, 0x4F, 0x08, 0x44, 0x08, 0x35, 0x04
	.byte 0x50, 0x08, 0x35, 0x04, 0x42, 0x08, 0x43, 0x08, 0x44, 0x08, 0x45, 0x08, 0x41, 0x08, 0x3D, 0x08
	.byte 0x42, 0x08, 0x43, 0x08, 0x59, 0x08, 0x5A, 0x08, 0x39, 0x04, 0x36, 0x04, 0x57, 0x08, 0x58, 0x08
	.byte 0x55, 0x08, 0x56, 0x08, 0x49, 0x08, 0x4A, 0x08, 0x35, 0x04, 0x30, 0x04, 0x44, 0x08, 0x47, 0x08
	.byte 0x30, 0x04, 0x48, 0x08, 0x57, 0x00, 0x58, 0x00, 0xB8, 0x0C, 0x12, 0x00, 0x59, 0x00, 0x5A, 0x00
	.byte 0xB8, 0x0C, 0x3D, 0x00, 0x2E, 0x0C, 0x5B, 0x00, 0xC6, 0x00, 0xC7, 0x00, 0x5C, 0x00, 0x5A, 0x00
	.byte 0xC8, 0x00, 0xC9, 0x00, 0x41, 0x00, 0x3D, 0x00, 0x42, 0x00, 0x43, 0x00, 0x42, 0x00, 0x43, 0x00
	.byte 0x44, 0x00, 0x45, 0x00, 0x44, 0x00, 0x47, 0x00, 0x30, 0x0C, 0x48, 0x00, 0x49, 0x00, 0x4A, 0x00
	.byte 0x35, 0x0C, 0x30, 0x0C, 0x3E, 0x08, 0x3F, 0x08, 0x3E, 0x08, 0x40, 0x08, 0x10, 0x08, 0x11, 0x08
	.byte 0x10, 0x08, 0x11, 0x08, 0x09, 0x08, 0x0A, 0x08, 0x0B, 0x08, 0x0C, 0x08, 0x01, 0x08, 0x07, 0x08
	.byte 0x01, 0x08, 0x12, 0x08, 0x46, 0x08, 0x43, 0x08, 0x44, 0x08, 0x45, 0x08, 0x11, 0x08, 0x3D, 0x08
	.byte 0x42, 0x08, 0x43, 0x08, 0x09, 0x08, 0x0A, 0x08, 0x0B, 0x08, 0x3D, 0x08, 0x01, 0x08, 0x07, 0x08
	.byte 0x01, 0x08, 0x12, 0x08, 0x10, 0x00, 0x11, 0x00, 0x10, 0x00, 0xB8, 0x08, 0x3E, 0x00, 0x3F, 0x00
	.byte 0x3E, 0x00, 0xCA, 0x00, 0x41, 0x00, 0x3D, 0x00, 0x42, 0x00, 0xCB, 0x00, 0x42, 0x00, 0x43, 0x00
	.byte 0x44, 0x00, 0x45, 0x00, 0x22, 0x0C, 0x21, 0x0C, 0x36, 0x0C, 0x37, 0x0C, 0x37, 0x0C, 0x39, 0x0C
	.byte 0x36, 0x0C, 0x37, 0x0C, 0x3B, 0x0C, 0x3B, 0x0C, 0x3C, 0x0C, 0x3B, 0x0C, 0x01, 0x08, 0x01, 0x08
	.byte 0x07, 0x08, 0x01, 0x08, 0x76, 0x67, 0x58, 0x66, 0x77, 0x65, 0x56, 0x77, 0x55, 0x76, 0x66, 0x75
	.byte 0x77, 0x66, 0x76, 0x66, 0x77, 0x67, 0x86, 0x56, 0x67, 0x55, 0x76, 0x67, 0x67, 0x55, 0x76, 0x55
	.byte 0x65, 0x67, 0x76, 0x55, 0x65, 0x56, 0x67, 0x66, 0x55, 0x66, 0x57, 0x68, 0x56, 0x77, 0x66, 0x76
	.byte 0x67, 0x76, 0x75, 0x76, 0x66, 0x77, 0x76, 0x66, 0x67, 0x57, 0x75, 0x67, 0x67, 0x66, 0x66, 0x67
	.byte 0x66, 0x76, 0x56, 0x66, 0x78, 0x76, 0x76, 0x66, 0x77, 0x66, 0x65, 0x66, 0x77, 0x57, 0x66, 0x56
	.byte 0x66, 0x57, 0x77, 0x67, 0x65, 0x67, 0x68, 0x77, 0x65, 0x77, 0x56, 0x58, 0x76, 0x66, 0x56, 0x76
	.byte 0x65, 0x66, 0x66, 0x75, 0x66, 0x76, 0x75, 0x65, 0x66, 0x77, 0x76, 0x76, 0x56, 0x68, 0x76, 0x57
	.byte 0x65, 0x68, 0x66, 0x66, 0x66, 0x67, 0x66, 0x56, 0x55, 0x57, 0x75, 0x76, 0x68, 0x65, 0x86, 0x76
	.byte 0x67, 0x65, 0x66, 0x67, 0x65, 0x76, 0x66, 0x66, 0x65, 0x65, 0x57, 0x65, 0x78, 0x55, 0x66, 0x55
	.byte 0x67, 0x57, 0x66, 0x56, 0x67, 0x56, 0x56, 0x66, 0x66, 0x56, 0x56, 0x67, 0x65, 0x57, 0x67, 0x56
	.byte 0x77, 0x57, 0x56, 0x66, 0x77, 0x55, 0x58, 0x56, 0x77, 0x67, 0x56, 0x67, 0x76, 0x65, 0x75, 0x67
	.byte 0x76, 0x66, 0x56, 0x67, 0x55, 0x68, 0x66, 0x78, 0x57, 0x67, 0x67, 0x67, 0x66, 0x57, 0x66, 0x66
	.byte 0x66, 0x67, 0x66, 0x75, 0x65, 0x67, 0x67, 0x56, 0x66, 0x58, 0x67, 0x57, 0x76, 0x77, 0x66, 0x67
	.byte 0x65, 0x76, 0x66, 0x77, 0x66, 0x56, 0x68, 0x78, 0x75, 0x77, 0x66, 0x78, 0x67, 0x85, 0x66, 0x67
	.byte 0x66, 0x65, 0x76, 0x57, 0x76, 0x66, 0x65, 0x57, 0x65, 0x67, 0x76, 0x75, 0x66, 0x77, 0x67, 0x55
	.byte 0x56, 0x67, 0x77, 0x55, 0x65, 0x67, 0x76, 0x65, 0x75, 0x65, 0x65, 0x77, 0x66, 0x56, 0x65, 0x56
	.byte 0x66, 0x55, 0x66, 0x67, 0x77, 0x66, 0x66, 0x77, 0x56, 0x57, 0x57, 0x76, 0x57, 0x56, 0x57, 0x76
	.byte 0x78, 0x65, 0x66, 0x67, 0x78, 0x57, 0x66, 0x67, 0x66, 0x67, 0x75, 0x56, 0x77, 0x65, 0x86, 0x77
	.byte 0x65, 0x65, 0x76, 0x66, 0x56, 0x75, 0x67, 0x57, 0x68, 0x66, 0x78, 0x66, 0x56, 0x77, 0x65, 0x76
	.byte 0x56, 0x66, 0x76, 0x75, 0x66, 0x66, 0x75, 0x57, 0x66, 0x86, 0x56, 0x67, 0x65, 0x66, 0x65, 0x86
	.byte 0x76, 0x65, 0x66, 0x85, 0x66, 0x56, 0x57, 0x76, 0x67, 0x57, 0x76, 0x57, 0x66, 0x76, 0x76, 0x56
	.byte 0x67, 0x77, 0x55, 0x66, 0x66, 0x67, 0x55, 0x67, 0x65, 0x58, 0x67, 0x66, 0x66, 0x67, 0x67, 0x76
	.byte 0x66, 0x76, 0x56, 0x67, 0x65, 0x57, 0x56, 0x66, 0x65, 0x68, 0x76, 0x66, 0x65, 0x56, 0x56, 0x76
	.byte 0x66, 0x56, 0x55, 0x77, 0x65, 0x66, 0x76, 0x65, 0x66, 0x85, 0x56, 0x65, 0x75, 0x66, 0x76, 0x67
	.byte 0x75, 0x57, 0x86, 0x56, 0x67, 0x56, 0x66, 0x66, 0x66, 0x65, 0x77, 0x65, 0x75, 0x55, 0x77, 0x65
	.byte 0x75, 0x56, 0x66, 0x68, 0x56, 0x66, 0x67, 0x77, 0x65, 0x66, 0x66, 0x85, 0x65, 0x66, 0x67, 0x75
	.byte 0x76, 0x56, 0x75, 0x76, 0x76, 0x77, 0x85, 0x55, 0x76, 0x65, 0x66, 0x65, 0x76, 0x66, 0x66, 0x65
	.byte 0x67, 0x67, 0x67, 0x67, 0x66, 0x68, 0x67, 0x77, 0x77, 0x66, 0x76, 0x65, 0x86, 0x66, 0x75, 0x55
	.byte 0x85, 0x67, 0x75, 0x66, 0x66, 0x67, 0x57, 0x77, 0x76, 0x68, 0x67, 0x75, 0x77, 0x55, 0x67, 0x75
	.byte 0x66, 0x67, 0x77, 0x65, 0x65, 0x56, 0x77, 0x55, 0x76, 0x57, 0x67, 0x55, 0x76, 0x66, 0x68, 0x67
	.byte 0x75, 0x66, 0x66, 0x68, 0x75, 0x77, 0x66, 0x57, 0x75, 0x87, 0x75, 0x65, 0x76, 0x86, 0x65, 0x68
	.byte 0x76, 0x86, 0x66, 0x77, 0x75, 0x75, 0x77, 0x67, 0x65, 0x75, 0x57, 0x77, 0x75, 0x77, 0x65, 0x57
	.byte 0x66, 0x56, 0x66, 0x57, 0x66, 0x76, 0x65, 0x77, 0x67, 0x68, 0x65, 0x77, 0x56, 0x76, 0x57, 0x77
	.byte 0x67, 0x76, 0x86, 0x67, 0x66, 0x77, 0x85, 0x66, 0x66, 0x75, 0x76, 0x66, 0x66, 0x87, 0x66, 0x76
	.byte 0x67, 0x67, 0x75, 0x87, 0x66, 0x65, 0x86, 0x66, 0x65, 0x76, 0x66, 0x66, 0x65, 0x56, 0x66, 0x68
	.byte 0x76, 0x55, 0x56, 0x77, 0x67, 0x56, 0x68, 0x66, 0x56, 0x56, 0x77, 0x66, 0x55, 0x57, 0x67, 0x66
	.byte 0x65, 0x77, 0x56, 0x58, 0x75, 0x65, 0x67, 0x56, 0x77, 0x65, 0x67, 0x56, 0x66, 0x66, 0x77, 0x67
	.byte 0x65, 0x77, 0x75, 0x57, 0x66, 0x66, 0x75, 0x66, 0x66, 0x67, 0x66, 0x65, 0x66, 0x67, 0x76, 0x56
	.byte 0x67, 0x67, 0x66, 0x66, 0x67, 0x65, 0x65, 0x65, 0x77, 0x55, 0x86, 0x66, 0x67, 0x55, 0x75, 0x67
	.byte 0x67, 0x65, 0x66, 0x57, 0x66, 0x65, 0x67, 0x56, 0x76, 0x66, 0x65, 0x57, 0x66, 0x65, 0x56, 0x66
	.byte 0x66, 0x77, 0x56, 0x75, 0x86, 0x66, 0x55, 0x66, 0x86, 0x56, 0x65, 0x76, 0x75, 0x56, 0x75, 0x85
	.byte 0x76, 0x75, 0x66, 0x67, 0x76, 0x77, 0x66, 0x66, 0x55, 0x67, 0x77, 0x65, 0x76, 0x66, 0x56, 0x77
	.byte 0x65, 0x56, 0x77, 0x57, 0x66, 0x76, 0x76, 0x67, 0x76, 0x76, 0x76, 0x66, 0x76, 0x66, 0x76, 0x67
	.byte 0x67, 0x67, 0x67, 0x66, 0x66, 0x66, 0x67, 0x7D, 0x76, 0x77, 0x66, 0x67, 0x7D, 0x66, 0xBD, 0xAB
	.byte 0xBD, 0xBB, 0xAA, 0x99, 0x66, 0x66, 0x67, 0x66, 0x77, 0x67, 0xD6, 0x76, 0x66, 0x77, 0x66, 0x66
	.byte 0x66, 0x66, 0x67, 0x76, 0x76, 0xD6, 0xBD, 0xBB, 0xDD, 0xAB, 0xAA, 0x99, 0x9A, 0x99, 0x99, 0xAA
	.byte 0x99, 0xAA, 0xDB, 0x8D, 0x66, 0x76, 0x66, 0x66, 0x66, 0x77, 0x76, 0x67, 0x66, 0x77, 0x66, 0x66
	.byte 0x67, 0x66, 0x67, 0x7D, 0x6D, 0x66, 0x67, 0x76, 0x66, 0x67, 0x76, 0x66, 0x6D, 0x66, 0xD6, 0xBB
	.byte 0xDD, 0xAB, 0xAA, 0x9A, 0x66, 0x76, 0x76, 0x67, 0x76, 0x76, 0x76, 0x66, 0x76, 0x66, 0x76, 0x67
	.byte 0x67, 0x68, 0x67, 0xD6, 0x66, 0x66, 0xD6, 0x66, 0x7D, 0xD6, 0xBB, 0xAB, 0xAB, 0xAA, 0x99, 0x99
	.byte 0x99, 0x99, 0xA9, 0xAA, 0x67, 0x76, 0x76, 0x67, 0x66, 0x87, 0x76, 0x66, 0x76, 0xD7, 0xD6, 0xBB
	.byte 0xBD, 0xAB, 0xAA, 0x99, 0xAA, 0x99, 0x99, 0xA9, 0x99, 0xA9, 0xBB, 0x8F, 0xBB, 0x7F, 0x2C, 0x32
	.byte 0xCC, 0x22, 0x32, 0x22, 0x66, 0x66, 0xB7, 0xBB, 0xD6, 0xAB, 0xAA, 0x99, 0xAA, 0x99, 0x99, 0xA9
	.byte 0x99, 0xA9, 0xBA, 0xED, 0xBA, 0x8D, 0xCC, 0x32, 0x2C, 0x32, 0x32, 0x32, 0x23, 0x22, 0x22, 0x22
	.byte 0x23, 0x23, 0x23, 0x33, 0xAA, 0x99, 0x99, 0x99, 0x99, 0xA9, 0xBA, 0xFB, 0xBA, 0xFD, 0x2C, 0x22
	.byte 0xCC, 0x22, 0x32, 0x22, 0x32, 0x33, 0x22, 0x22, 0x23, 0x33, 0x23, 0x23, 0x23, 0x23, 0x32, 0x22
	.byte 0x32, 0x22, 0x23, 0x23, 0xAA, 0xBB, 0xFB, 0xC7, 0xE7, 0x22, 0x23, 0x32, 0x33, 0x22, 0x33, 0x23
	.byte 0x33, 0x33, 0x22, 0x22, 0x33, 0x22, 0x23, 0x23, 0x32, 0x22, 0x33, 0x32, 0x32, 0x33, 0x32, 0x22
	.byte 0x22, 0x32, 0x32, 0x22, 0x66, 0x66, 0x67, 0x66, 0x77, 0x67, 0xD6, 0x76, 0x66, 0x67, 0x66, 0x66
	.byte 0x66, 0x66, 0x66, 0xBD, 0xBD, 0xBB, 0xAB, 0xAA, 0xAA, 0x99, 0x99, 0x99, 0x99, 0x99, 0xBA, 0xBB
	.byte 0xBB, 0x7D, 0xCE, 0x22, 0x67, 0x86, 0x76, 0x67, 0x66, 0x87, 0x76, 0x66, 0x7D, 0xD6, 0xBD, 0xAB
	.byte 0xBB, 0xAA, 0x9A, 0x99, 0x99, 0x99, 0x99, 0xAA, 0xAA, 0xBA, 0xDB, 0x8F, 0x8D, 0xCE, 0x22, 0x32
	.byte 0x32, 0x23, 0x23, 0x32, 0x66, 0x76, 0x6D, 0xD6, 0xD6, 0xBB, 0xBA, 0xAA, 0xAA, 0x9A, 0x99, 0x99
	.byte 0x99, 0xA9, 0xAA, 0xBB, 0xBB, 0xDB, 0x8F, 0xC2, 0xCC, 0x22, 0x22, 0x23, 0x22, 0x23, 0x22, 0x32
	.byte 0x22, 0x23, 0x22, 0x32, 0xBD, 0xBB, 0xAB, 0xAA, 0xAA, 0x9A, 0x99, 0x99, 0x99, 0xA9, 0xAA, 0xBA
	.byte 0xDB, 0xDF, 0x8F, 0xCE, 0x23, 0x22, 0x22, 0x22, 0x22, 0x22, 0x32, 0x22, 0x22, 0x23, 0x32, 0x22
	.byte 0x22, 0x22, 0x32, 0x22, 0x34, 0x11, 0x22, 0x34, 0x21, 0x12, 0x22, 0x22, 0x22, 0x13, 0x22, 0x22
	.byte 0x13, 0x13, 0x22, 0x21, 0x22, 0x32, 0x23, 0x21, 0x12, 0x22, 0x22, 0x23, 0x22, 0x31, 0x32, 0x21
	.byte 0x23, 0x31, 0x32, 0x22, 0x31, 0x22, 0x32, 0x22, 0x21, 0x33, 0x22, 0x23, 0x22, 0x43, 0x31, 0x23
	.byte 0x21, 0x32, 0x21, 0x13, 0x32, 0x22, 0x22, 0x14, 0x23, 0x13, 0x34, 0x33, 0x33, 0x23, 0x33, 0x12
	.byte 0x13, 0x23, 0x23, 0x22, 0x12, 0x23, 0x23, 0x21, 0x12, 0x33, 0x14, 0x21, 0x12, 0x43, 0x13, 0x23
	.byte 0x22, 0x33, 0x13, 0x12, 0x33, 0x23, 0x13, 0x13, 0x13, 0x34, 0x22, 0x13, 0x11, 0x24, 0x31, 0x33
	.byte 0x23, 0x22, 0x31, 0x22, 0x22, 0x23, 0x12, 0x12, 0x33, 0x24, 0x12, 0x33, 0x21, 0x13, 0x32, 0x22
	.byte 0x32, 0x22, 0x31, 0x43, 0x32, 0x22, 0x12, 0x43, 0x23, 0x31, 0x21, 0x31, 0x23, 0x31, 0x31, 0x21
	.byte 0x33, 0x22, 0x22, 0x33, 0x66, 0x76, 0x76, 0x67, 0x76, 0x76, 0x76, 0x66, 0x76, 0x66, 0x76, 0x67
	.byte 0x66, 0x66, 0x67, 0xD6, 0x6D, 0x66, 0x67, 0x66, 0x86, 0x77, 0x66, 0x67, 0x76, 0x66, 0x86, 0x67
	.byte 0xD6, 0xDD, 0xBB, 0xBB, 0x66, 0x66, 0x68, 0x66, 0x77, 0x67, 0xD6, 0x76, 0x66, 0x68, 0x66, 0x66
	.byte 0x66, 0x66, 0x76, 0x66, 0x66, 0x86, 0x66, 0x66, 0x67, 0x66, 0x66, 0x67, 0xD6, 0x66, 0xBD, 0xBB
	.byte 0xBB, 0xAA, 0xAA, 0xA9, 0x67, 0x76, 0x76, 0x66, 0x76, 0x76, 0x76, 0x66, 0x76, 0x66, 0x76, 0x67
	.byte 0x66, 0x68, 0x67, 0x66, 0x66, 0x66, 0x67, 0x66, 0xD7, 0x66, 0xD6, 0xDB, 0xBB, 0xAB, 0xAA, 0xAA
	.byte 0x99, 0x99, 0x99, 0x99, 0x66, 0x86, 0x66, 0x77, 0x67, 0x76, 0x66, 0x76, 0x76, 0x6D, 0x76, 0x66
	.byte 0x7D, 0x67, 0x66, 0x76, 0x66, 0xD6, 0x67, 0x66, 0xBB, 0xBB, 0xAA, 0xAA, 0x9A, 0x99, 0x99, 0x99
	.byte 0x99, 0xAA, 0xBA, 0xBB, 0xAA, 0xAA, 0xAA, 0x99, 0x99, 0x99, 0xA9, 0xAA, 0xBB, 0xDB, 0xFD, 0x8F
	.byte 0x22, 0x32, 0x22, 0x23, 0x33, 0x22, 0x33, 0x33, 0x32, 0x22, 0x23, 0x23, 0x22, 0x23, 0x33, 0x23
	.byte 0x32, 0x32, 0x33, 0x23, 0x99, 0x99, 0x99, 0xAA, 0xAA, 0xBB, 0xDB, 0xDD, 0xC8, 0x22, 0x22, 0x32
	.byte 0x33, 0x32, 0x32, 0x22, 0x32, 0x22, 0x22, 0x23, 0x32, 0x23, 0x22, 0x23, 0x32, 0x23, 0x32, 0x33
	.byte 0x23, 0x32, 0x22, 0x33, 0xAA, 0xBA, 0xBB, 0xDB, 0x8F, 0xCE, 0x2C, 0x2C, 0x22, 0x22, 0x32, 0x22
	.byte 0x22, 0x23, 0x23, 0x22, 0x32, 0x23, 0x33, 0x22, 0x32, 0x32, 0x22, 0x32, 0x22, 0x32, 0x22, 0x33
	.byte 0x32, 0x32, 0x22, 0x23, 0xDD, 0x8F, 0xCE, 0x22, 0x32, 0x22, 0x33, 0x23, 0x33, 0x32, 0x33, 0x22
	.byte 0x32, 0x33, 0x23, 0x23, 0x33, 0x22, 0x23, 0x33, 0x32, 0x32, 0x23, 0x23, 0x22, 0x23, 0x33, 0x23
	.byte 0x32, 0x22, 0x33, 0x23, 0x22, 0x21, 0x23, 0x22, 0x32, 0x22, 0x22, 0x32, 0x32, 0x13, 0x31, 0x32
	.byte 0x22, 0x23, 0x33, 0x22, 0x23, 0x13, 0x23, 0x32, 0x23, 0x22, 0x33, 0x21, 0x42, 0x31, 0x22, 0x11
	.byte 0x22, 0x32, 0x21, 0x12, 0x11, 0x23, 0x32, 0x12, 0x11, 0x23, 0x11, 0x32, 0x32, 0x23, 0x11, 0x32
	.byte 0x21, 0x24, 0x32, 0x33, 0x22, 0x23, 0x22, 0x33, 0x13, 0x22, 0x23, 0x11, 0x33, 0x21, 0x12, 0x33
	.byte 0x22, 0x41, 0x32, 0x23, 0x42, 0x22, 0x22, 0x13, 0x32, 0x42, 0x22, 0x23, 0x11, 0x32, 0x31, 0x23
	.byte 0x11, 0x33, 0x21, 0x12, 0x12, 0x33, 0x32, 0x22, 0x13, 0x32, 0x11, 0x33, 0x13, 0x32, 0x42, 0x23
	.byte 0x33, 0x31, 0x32, 0x22, 0x22, 0x13, 0x32, 0x14, 0x11, 0x13, 0x22, 0x24, 0x12, 0x23, 0x22, 0x33
	.byte 0x33, 0x32, 0x42, 0x22, 0x32, 0x32, 0x32, 0x32, 0x12, 0x22, 0x22, 0x23, 0x12, 0x22, 0x12, 0x23
	.byte 0x11, 0x14, 0x33, 0x23, 0x67, 0x7D, 0x67, 0x66, 0x66, 0x76, 0x67, 0x67, 0x76, 0x66, 0x67, 0x76
	.byte 0x67, 0x66, 0x66, 0x67, 0xDD, 0xBB, 0xAB, 0xAA, 0xAA, 0x99, 0x99, 0x99, 0x99, 0xA9, 0xAA, 0xAA
	.byte 0xBB, 0x6D, 0x76, 0xCE, 0x76, 0x66, 0x67, 0x67, 0x66, 0x67, 0x67, 0x67, 0x67, 0x66, 0x66, 0x66
	.byte 0xD6, 0xBD, 0xBB, 0xBB, 0xAA, 0xA9, 0x9A, 0x99, 0x99, 0x99, 0x99, 0xAA, 0xBA, 0xBB, 0xDD, 0x8F
	.byte 0x2C, 0x3C, 0x22, 0x32, 0x67, 0x76, 0x76, 0x67, 0x67, 0x76, 0x76, 0x66, 0x76, 0x66, 0x7D, 0xD7
	.byte 0xBA, 0xAB, 0xAB, 0xAA, 0x99, 0x99, 0x99, 0x99, 0xAA, 0xAA, 0xBA, 0xBB, 0x88, 0xEE, 0xCC, 0x2C
	.byte 0x33, 0x3C, 0x32, 0x22, 0x66, 0x86, 0x66, 0x77, 0x67, 0x76, 0x66, 0x76, 0x66, 0x6D, 0x66, 0xD6
	.byte 0xAA, 0xAA, 0xAA, 0xAA, 0x99, 0x99, 0x99, 0x99, 0xBB, 0xBB, 0xBB, 0xBB, 0x22, 0x22, 0x22, 0x2C
	.byte 0x23, 0x23, 0x23, 0x22, 0x32, 0x22, 0x12, 0x32, 0x23, 0x24, 0x12, 0x42, 0x23, 0x13, 0x31, 0x11
	.byte 0x21, 0x22, 0x32, 0x22, 0x22, 0x22, 0x42, 0x12, 0x31, 0x23, 0x42, 0x21, 0x23, 0x23, 0x33, 0x22
	.byte 0x12, 0x13, 0x23, 0x22, 0x13, 0x22, 0x32, 0x22, 0x22, 0x22, 0x31, 0x22, 0x32, 0x32, 0x32, 0x31
	.byte 0x43, 0x22, 0x42, 0x11, 0x32, 0x21, 0x22, 0x23, 0x32, 0x13, 0x12, 0x23, 0x32, 0x21, 0x32, 0x33
	.byte 0x21, 0x41, 0x11, 0x33, 0x21, 0x12, 0x33, 0x21, 0x42, 0x11, 0x33, 0x33, 0x31, 0x21, 0x31, 0x23
	.byte 0x32, 0x32, 0x31, 0x12, 0x33, 0x23, 0x31, 0x23, 0x22, 0x12, 0x21, 0x12, 0x22, 0x21, 0x12, 0x32
	.byte 0x42, 0x22, 0x22, 0x34, 0x33, 0x22, 0x32, 0x23, 0x32, 0x14, 0x23, 0x31, 0x32, 0x33, 0x22, 0x31
	.byte 0x32, 0x42, 0x22, 0x11, 0x21, 0x22, 0x32, 0x13, 0x21, 0x22, 0x31, 0x33, 0x32, 0x22, 0x22, 0x32
	.byte 0x32, 0x12, 0x42, 0x12, 0x22, 0x22, 0x32, 0x32, 0x21, 0x23, 0x32, 0x22, 0x12, 0x22, 0x32, 0x22
	.byte 0x22, 0x13, 0x22, 0x22, 0x31, 0x13, 0x33, 0x12, 0x32, 0x33, 0x22, 0x22, 0x21, 0x32, 0x12, 0x33
	.byte 0x21, 0x32, 0x12, 0x13, 0x66, 0x87, 0x66, 0x86, 0x77, 0x77, 0x77, 0x77, 0xBB, 0xBB, 0xBB, 0xBB
	.byte 0x99, 0x99, 0x99, 0x99, 0xAA, 0xAA, 0xAA, 0xAA, 0x66, 0x66, 0x66, 0x66, 0x11, 0x24, 0x31, 0x33
	.byte 0x12, 0x13, 0x23, 0x22, 0x66, 0x87, 0x66, 0x86, 0x77, 0x77, 0x77, 0x77, 0xBB, 0xBB, 0xBB, 0xBB
	.byte 0x99, 0x99, 0x99, 0x99, 0xAA, 0xAA, 0xAA, 0xAA, 0x66, 0x66, 0x66, 0x66, 0xCC, 0xCC, 0xCC, 0xCC
	.byte 0x22, 0x23, 0x23, 0x43, 0x66, 0x87, 0x66, 0x86, 0x77, 0x77, 0x77, 0x77, 0xBB, 0xBB, 0xBB, 0xBB
	.byte 0x99, 0x99, 0x99, 0x99, 0xAA, 0xAA, 0xAA, 0xAA, 0x66, 0x66, 0x66, 0x66, 0xCC, 0xCC, 0xCC, 0xCC
	.byte 0x12, 0x13, 0x23, 0x22, 0x67, 0x67, 0x66, 0x66, 0x67, 0x56, 0x66, 0x66, 0x66, 0x65, 0x77, 0x65
	.byte 0x75, 0x55, 0x77, 0x65, 0x75, 0x56, 0x66, 0x68, 0x56, 0x66, 0x67, 0x77, 0x65, 0x66, 0x66, 0x66
	.byte 0x65, 0x66, 0x67, 0xAB, 0x67, 0x67, 0x75, 0x87, 0x65, 0x56, 0x67, 0x66, 0x55, 0x66, 0x57, 0x68
	.byte 0x56, 0x77, 0x66, 0x76, 0x67, 0x76, 0x75, 0x76, 0x66, 0x77, 0x76, 0x66, 0x67, 0x57, 0x75, 0x67
	.byte 0x67, 0x66, 0x66, 0x67, 0x65, 0x77, 0x56, 0x58, 0x75, 0x65, 0x67, 0x56, 0x77, 0x65, 0x67, 0x56
	.byte 0x66, 0x66, 0x77, 0x67, 0x65, 0x77, 0x75, 0x57, 0x66, 0x66, 0x75, 0x66, 0x66, 0x67, 0x66, 0x65
	.byte 0x66, 0x67, 0x76, 0x56, 0x65, 0x77, 0x56, 0x58, 0x67, 0x56, 0x66, 0x66, 0x66, 0x65, 0x77, 0x65
	.byte 0x75, 0x55, 0x77, 0x65, 0x75, 0x56, 0x66, 0x68, 0x56, 0x66, 0x67, 0x77, 0x65, 0x66, 0x66, 0x66
	.byte 0x65, 0x66, 0x67, 0xAB, 0x66, 0x76, 0x56, 0x66, 0x66, 0x65, 0x86, 0x66, 0x65, 0x76, 0x66, 0x66
	.byte 0x65, 0x56, 0x66, 0x68, 0x76, 0x55, 0x56, 0x77, 0x67, 0x56, 0x68, 0x66, 0x56, 0x56, 0x77, 0x66
	.byte 0x55, 0x57, 0x67, 0x66, 0x66, 0x76, 0x56, 0x66, 0x56, 0x75, 0x67, 0x57, 0x68, 0x66, 0x78, 0x66
	.byte 0x56, 0x77, 0x65, 0xAB, 0x56, 0x66, 0xAB, 0x99, 0x66, 0xAB, 0x99, 0xBA, 0xAB, 0x99, 0xBA, 0x86
	.byte 0x99, 0xBA, 0x86, 0x1C, 0x76, 0x56, 0xAB, 0x99, 0x66, 0xAB, 0x99, 0xBA, 0xAB, 0x99, 0xBA, 0x86
	.byte 0x99, 0xBA, 0x86, 0x2C, 0xBA, 0x86, 0x2C, 0x33, 0x86, 0x3C, 0x33, 0x23, 0x2C, 0x31, 0x13, 0x33
	.byte 0x31, 0x33, 0x21, 0x13, 0xBA, 0x86, 0x1C, 0x22, 0x86, 0x2C, 0x23, 0x12, 0x3C, 0x21, 0x23, 0x12
	.byte 0x22, 0x22, 0x33, 0x23, 0x21, 0x33, 0x31, 0x13, 0x22, 0x22, 0x31, 0x22, 0x22, 0x23, 0x22, 0x21
	.byte 0x22, 0x23, 0x32, 0x12, 0x22, 0x12, 0x22, 0x13, 0x33, 0x11, 0x14, 0x12, 0x33, 0x23, 0x12, 0x23
	.byte 0x32, 0x21, 0x31, 0x23, 0x32, 0x22, 0x12, 0x23, 0x11, 0x24, 0x22, 0x34, 0x13, 0x23, 0x23, 0x23
	.byte 0x22, 0x13, 0x22, 0x22, 0x65, 0x77, 0x56, 0x58, 0x56, 0x75, 0x67, 0x57, 0x68, 0x66, 0x78, 0x66
	.byte 0x56, 0x77, 0x65, 0xAB, 0x56, 0x66, 0xAB, 0x99, 0x66, 0xAB, 0x99, 0xBA, 0xAB, 0x99, 0xBA, 0x86
	.byte 0x99, 0xBA, 0x86, 0x1C, 0x22, 0x32, 0x31, 0x21, 0x22, 0x33, 0x32, 0x32, 0x12, 0x24, 0x32, 0x13
	.byte 0x22, 0x24, 0x22, 0x22, 0x21, 0x23, 0x22, 0x12, 0x12, 0x13, 0x31, 0x32, 0x21, 0x21, 0x42, 0x32
	.byte 0x24, 0x21, 0x22, 0x23, 0x32, 0x13, 0x22, 0x12, 0x22, 0x22, 0x22, 0x13, 0x32, 0x21, 0x23, 0x13
	.byte 0x32, 0x22, 0x42, 0x32, 0x32, 0x33, 0x24, 0x42, 0x31, 0x21, 0x14, 0x11, 0x31, 0x13, 0x32, 0x22
	.byte 0x11, 0x13, 0x22, 0x22, 0x23, 0x23, 0x22, 0x22, 0x43, 0x22, 0x22, 0x24, 0x23, 0x21, 0x12, 0x22
	.byte 0x21, 0x12, 0x21, 0x22, 0x32, 0x13, 0x32, 0x33, 0x21, 0x13, 0x23, 0x23, 0x32, 0x13, 0x12, 0x13
	.byte 0x33, 0x33, 0x11, 0x24, 0x33, 0x11, 0x14, 0x12, 0x33, 0x23, 0x12, 0x23, 0x33, 0x21, 0x31, 0x23
	.byte 0x32, 0x22, 0x12, 0x23, 0x12, 0x24, 0x22, 0x34, 0x11, 0x23, 0x23, 0x23, 0x23, 0x13, 0x22, 0x22
	.byte 0x22, 0x23, 0x22, 0x31, 0x23, 0x12, 0x31, 0x23, 0x22, 0x11, 0x22, 0x33, 0x21, 0x21, 0x22, 0x21
	.byte 0x11, 0x23, 0x42, 0x33, 0x13, 0x22, 0x41, 0x32, 0x23, 0x22, 0x23, 0x32, 0x22, 0x12, 0x23, 0x22
	.byte 0x32, 0x13, 0x31, 0x22, 0x31, 0x12, 0x21, 0x12, 0x22, 0x11, 0x31, 0x13, 0x13, 0x32, 0x12, 0x32
	.byte 0x21, 0x22, 0x13, 0x32, 0x31, 0x13, 0x23, 0x32, 0x22, 0x33, 0x13, 0x33, 0x22, 0x13, 0x12, 0x33
	.byte 0x23, 0x13, 0x11, 0x33, 0x22, 0x42, 0x23, 0x32, 0x11, 0x23, 0x23, 0x11, 0x32, 0x13, 0x13, 0x21
	.byte 0x23, 0x34, 0x22, 0x22, 0x33, 0x33, 0x31, 0x12, 0x23, 0x42, 0x21, 0x24, 0x13, 0x22, 0x31, 0x33
	.byte 0x21, 0x32, 0x23, 0x23, 0x33, 0x22, 0x22, 0x21, 0x12, 0x32, 0x23, 0x33, 0x22, 0x22, 0x22, 0x32
	.byte 0x12, 0x22, 0x32, 0x22, 0x22, 0x32, 0x22, 0x22, 0x23, 0x23, 0x22, 0x21, 0x22, 0x32, 0x24, 0x22
	.byte 0x33, 0x21, 0x42, 0x21, 0x21, 0x32, 0x11, 0x22, 0x31, 0x22, 0x22, 0x22, 0x13, 0x41, 0x23, 0x32
	.byte 0x22, 0x21, 0x22, 0x32, 0x31, 0x32, 0x12, 0x23, 0x31, 0x22, 0x22, 0x12, 0x32, 0x12, 0x22, 0x21
	.byte 0x21, 0x31, 0x22, 0x22, 0x34, 0x32, 0x32, 0x22, 0x33, 0x22, 0x21, 0x22, 0x33, 0x13, 0x22, 0x12
	.byte 0x22, 0x13, 0x33, 0x23, 0x21, 0x23, 0x24, 0x33, 0x21, 0x33, 0x12, 0x14, 0x32, 0x22, 0x12, 0x32
	.byte 0x21, 0x22, 0x22, 0x31, 0x21, 0x13, 0x12, 0x22, 0x21, 0x24, 0x32, 0x22, 0x21, 0x12, 0x12, 0x32
	.byte 0x22, 0x12, 0x11, 0x33, 0x21, 0x22, 0x32, 0x21, 0x22, 0x41, 0x12, 0x21, 0x31, 0x22, 0x32, 0x23
	.byte 0x31, 0x13, 0x42, 0x12, 0x23, 0x12, 0x22, 0x22, 0x22, 0x21, 0x33, 0x21, 0x31, 0x11, 0x33, 0x21
	.byte 0x31, 0x12, 0x22, 0x24, 0x12, 0x22, 0x23, 0x33, 0x21, 0x22, 0x22, 0x41, 0x21, 0x22, 0x23, 0x31
	.byte 0x32, 0x12, 0x31, 0x32, 0x14, 0x32, 0x31, 0x14, 0x14, 0x12, 0x42, 0x23, 0x13, 0x12, 0x23, 0x31
	.byte 0x13, 0x32, 0x22, 0x32, 0x12, 0x42, 0x13, 0x31, 0x23, 0x31, 0x22, 0x21, 0x34, 0x21, 0x31, 0x14
	.byte 0x23, 0x22, 0x21, 0x13, 0x11, 0x23, 0x22, 0x23, 0x11, 0x33, 0x13, 0x13, 0x32, 0x22, 0x34, 0x23
	.byte 0x42, 0x11, 0x43, 0x23, 0x41, 0x11, 0x21, 0x13, 0x32, 0x31, 0x31, 0x23, 0x13, 0x22, 0x31, 0x42
	.byte 0x33, 0x22, 0x21, 0x22, 0x22, 0x21, 0x42, 0x22, 0x21, 0x32, 0x22, 0x22, 0x21, 0x12, 0x22, 0x24
	.byte 0x32, 0x11, 0x12, 0x33, 0x23, 0x12, 0x24, 0x22, 0x12, 0x12, 0x33, 0x22, 0x11, 0x13, 0x23, 0x22
	.byte 0x21, 0x33, 0x12, 0x14, 0x42, 0x22, 0x11, 0x22, 0x42, 0x12, 0x21, 0x32, 0x31, 0x12, 0x31, 0x41
	.byte 0x32, 0x31, 0x22, 0x23, 0x32, 0x33, 0x22, 0x22, 0x11, 0x23, 0x33, 0x21, 0x32, 0x22, 0x12, 0x33
	.byte 0x21, 0x12, 0x33, 0x13, 0x23, 0x21, 0x21, 0x21, 0x33, 0x11, 0x42, 0x22, 0x23, 0x11, 0x31, 0x23
	.byte 0x23, 0x21, 0x22, 0x13, 0x22, 0x21, 0x23, 0x12, 0x32, 0x22, 0x21, 0x13, 0x22, 0x21, 0x12, 0x22
	.byte 0x22, 0x33, 0x12, 0x31, 0x22, 0x32, 0x21, 0x33, 0x23, 0x24, 0x21, 0x33, 0x12, 0x32, 0x13, 0x33
	.byte 0x23, 0x32, 0x42, 0x23, 0x22, 0x33, 0x41, 0x22, 0x22, 0x31, 0x32, 0x22, 0x22, 0x43, 0x22, 0x32
	.byte 0x23, 0x23, 0x31, 0x43, 0x22, 0x33, 0x22, 0x42, 0x31, 0x13, 0x31, 0x23, 0x12, 0x22, 0x23, 0x12
	.byte 0x13, 0x31, 0x23, 0x12, 0x32, 0x12, 0x32, 0x22, 0x31, 0x32, 0x13, 0x22, 0x31, 0x23, 0x13, 0x22
	.byte 0x22, 0x24, 0x43, 0x12, 0x31, 0x33, 0x22, 0x13, 0x31, 0x43, 0x31, 0x21, 0x32, 0x42, 0x21, 0x24
	.byte 0x32, 0x42, 0x22, 0x33, 0x31, 0x31, 0x33, 0x23, 0x21, 0x31, 0x13, 0x33, 0x31, 0x33, 0x21, 0x13
	.byte 0x22, 0x12, 0x22, 0x13, 0x32, 0x22, 0x21, 0x13, 0x21, 0x23, 0x32, 0x31, 0x22, 0x33, 0x23, 0x11
	.byte 0x12, 0x23, 0x33, 0x11, 0x21, 0x23, 0x32, 0x21, 0x31, 0x21, 0x21, 0x33, 0x22, 0x12, 0x21, 0x12
	.byte 0x22, 0x11, 0x22, 0x23, 0x21, 0x32, 0x22, 0x22, 0x21, 0x21, 0x13, 0x21, 0x34, 0x11, 0x22, 0x11
	.byte 0x23, 0x13, 0x22, 0x12, 0x23, 0x12, 0x12, 0x22, 0x22, 0x12, 0x12, 0x23, 0x21, 0x13, 0x23, 0x12
	.byte 0x33, 0x13, 0x12, 0x22, 0x67, 0x86, 0x76, 0x67, 0x66, 0x67, 0x76, 0x66, 0x76, 0x86, 0x66, 0x66
	.byte 0x66, 0x66, 0x76, 0x66, 0x66, 0x66, 0x76, 0xBB, 0x66, 0xD6, 0xAB, 0x9A, 0xD6, 0xAB, 0x9A, 0xA9
	.byte 0xAA, 0x99, 0xA9, 0xDB, 0x66, 0x86, 0x66, 0xD6, 0x67, 0x77, 0xB6, 0xAB, 0xD6, 0xB6, 0xAB, 0x99
	.byte 0xBB, 0x9A, 0x99, 0xBA, 0x9A, 0x99, 0xBA, 0xEF, 0x99, 0xBA, 0x28, 0x2C, 0xDB, 0x2E, 0x32, 0x22
	.byte 0x2C, 0x32, 0x32, 0x22, 0x66, 0x66, 0xBD, 0xAA, 0x66, 0xBD, 0xAA, 0x99, 0xBB, 0xAA, 0x99, 0xBA
	.byte 0x9A, 0x99, 0xBA, 0xC8, 0xA9, 0xDB, 0x28, 0x32, 0xFB, 0x2C, 0x22, 0x23, 0x2C, 0x22, 0x22, 0x23
	.byte 0x22, 0x23, 0x33, 0x23, 0x99, 0xA9, 0x8B, 0x3C, 0xBA, 0x86, 0x22, 0x32, 0xCF, 0xC2, 0x33, 0x22
	.byte 0x2C, 0x32, 0x32, 0x22, 0x22, 0x22, 0x32, 0x23, 0x32, 0x33, 0x32, 0x22, 0x23, 0x23, 0x33, 0x22
	.byte 0x22, 0x23, 0x23, 0x23, 0x67, 0x76, 0x76, 0x67, 0x66, 0x87, 0x76, 0x66, 0x76, 0x67, 0x77, 0x66
	.byte 0x76, 0x67, 0x67, 0x66, 0x76, 0x66, 0x66, 0x66, 0x76, 0x66, 0xD6, 0xBD, 0xD6, 0xDD, 0xAB, 0x9A
	.byte 0xBB, 0xAA, 0x99, 0x99, 0x66, 0x66, 0x68, 0x66, 0x77, 0x67, 0xD6, 0x76, 0x66, 0x68, 0x66, 0x66
	.byte 0x67, 0x66, 0x76, 0x7D, 0x76, 0x66, 0x77, 0x66, 0x66, 0x66, 0x66, 0xBD, 0x76, 0x67, 0xBB, 0x9A
	.byte 0xDD, 0xAB, 0x9A, 0xA9, 0x67, 0x76, 0x76, 0x67, 0x66, 0x87, 0x76, 0x66, 0x66, 0x67, 0x76, 0xD6
	.byte 0x76, 0xD7, 0xBB, 0xAA, 0xBD, 0xAB, 0x9A, 0x99, 0x9A, 0x99, 0xA9, 0xBA, 0x99, 0xBA, 0xFD, 0xC8
	.byte 0xBA, 0xCF, 0x22, 0x22, 0x66, 0x86, 0xDD, 0xAB, 0x67, 0xBD, 0xAA, 0x99, 0xBB, 0x9A, 0x99, 0xAA
	.byte 0x99, 0x99, 0xBA, 0xE7, 0xA9, 0xDB, 0xCE, 0x23, 0x8F, 0x23, 0x22, 0x23, 0x22, 0x23, 0x32, 0x33
	.byte 0x23, 0x23, 0x23, 0x22, 0x99, 0x99, 0xA9, 0xDB, 0xA9, 0xBA, 0xED, 0x32, 0xFB, 0x28, 0x32, 0x23
	.byte 0x22, 0x32, 0x32, 0x22, 0x33, 0x23, 0x32, 0x23, 0x22, 0x22, 0x22, 0x22, 0x32, 0x22, 0x32, 0x32
	.byte 0x32, 0x22, 0x22, 0x33, 0xAB, 0x99, 0xA9, 0xDA, 0x99, 0xA9, 0xFB, 0x2E, 0xA9, 0xFB, 0x22, 0x33
	.byte 0xED, 0x22, 0x32, 0x22, 0x32, 0x22, 0x22, 0x23, 0x32, 0x23, 0x22, 0x23, 0x33, 0x22, 0x32, 0x33
	.byte 0x22, 0x32, 0x22, 0x33, 0xCC, 0x23, 0x33, 0x22, 0x32, 0x22, 0x33, 0x33, 0x32, 0x22, 0x32, 0x23
	.byte 0x32, 0x32, 0x32, 0x22, 0x33, 0x23, 0x32, 0x23, 0x23, 0x22, 0x22, 0x22, 0x22, 0x22, 0x22, 0x32
	.byte 0x32, 0x23, 0x23, 0x33, 0x66, 0x66, 0x67, 0x66, 0x77, 0x67, 0x66, 0x76, 0x66, 0x68, 0xD6, 0xD6
	.byte 0x66, 0xD6, 0xBB, 0xAA, 0xB6, 0xAB, 0x9A, 0x99, 0xAB, 0x99, 0xA9, 0xBA, 0x99, 0xAA, 0xFB, 0xCE
	.byte 0xBA, 0xCD, 0x22, 0x22, 0x67, 0x66, 0xB7, 0xBB, 0x7D, 0xBD, 0xAA, 0x99, 0xAB, 0x9A, 0x99, 0xA9
	.byte 0x9A, 0x99, 0xBA, 0x8D, 0xA9, 0xDB, 0x28, 0x22, 0x8D, 0x22, 0x32, 0x22, 0x22, 0x23, 0x33, 0x32
	.byte 0x22, 0x33, 0x32, 0x22, 0xAA, 0x99, 0x99, 0xA9, 0x99, 0xAA, 0xDB, 0x8D, 0xBB, 0xED, 0x3C, 0x32
	.byte 0x2C, 0x22, 0x32, 0x22, 0x33, 0x22, 0x22, 0x23, 0x32, 0x23, 0x22, 0x33, 0x32, 0x22, 0x32, 0x33
	.byte 0x22, 0x32, 0x22, 0x33, 0xBB, 0x8F, 0x3C, 0x22, 0x3E, 0x22, 0x33, 0x33, 0x32, 0x22, 0x32, 0x23
	.byte 0x32, 0x32, 0x32, 0x22, 0x23, 0x23, 0x32, 0x23, 0x32, 0x22, 0x22, 0x22, 0x22, 0x22, 0x22, 0x32
	.byte 0x32, 0x22, 0x23, 0x33, 0xCC, 0x22, 0x32, 0x32, 0x22, 0x23, 0x32, 0x22, 0x32, 0x32, 0x32, 0x32
	.byte 0x33, 0x32, 0x32, 0x22, 0x33, 0x22, 0x22, 0x23, 0x32, 0x23, 0x22, 0x33, 0x32, 0x22, 0x32, 0x33
	.byte 0x22, 0x32, 0x22, 0x33, 0x32, 0x21, 0x23, 0x22, 0x23, 0x32, 0x32, 0x22, 0x22, 0x32, 0x41, 0x12
	.byte 0x32, 0x11, 0x32, 0x22, 0x22, 0x11, 0x33, 0x32, 0x21, 0x23, 0x23, 0x22, 0x31, 0x23, 0x31, 0x32
	.byte 0x23, 0x31, 0x21, 0x22, 0x14, 0x22, 0x12, 0x23, 0x24, 0x12, 0x22, 0x12, 0x32, 0x21, 0x24, 0x22
	.byte 0x31, 0x13, 0x22, 0x22, 0x13, 0x23, 0x22, 0x21, 0x23, 0x12, 0x33, 0x21, 0x22, 0x43, 0x22, 0x42
	.byte 0x31, 0x32, 0x13, 0x21, 0x21, 0x23, 0x23, 0x12, 0x22, 0x14, 0x23, 0x13, 0x32, 0x33, 0x22, 0x23
	.byte 0x21, 0x32, 0x22, 0x33, 0x22, 0x12, 0x24, 0x34, 0x31, 0x33, 0x22, 0x34, 0x23, 0x41, 0x22, 0x23
	.byte 0x22, 0x21, 0x32, 0x13, 0x78, 0x57, 0x76, 0x56, 0x67, 0x66, 0x78, 0x76, 0x66, 0x67, 0x57, 0x75
	.byte 0x66, 0x58, 0x77, 0x76, 0x76, 0x68, 0x67, 0x76, 0x77, 0x75, 0x67, 0x57, 0x77, 0x56, 0x86, 0x56
	.byte 0x66, 0x65, 0x77, 0xD5, 0x66, 0x66, 0x76, 0x76, 0x65, 0x67, 0x76, 0x66, 0x56, 0x66, 0x76, 0x66
	.byte 0x66, 0x57, 0x66, 0x66, 0x75, 0x57, 0x77, 0x56, 0x76, 0x77, 0x66, 0x66, 0x67, 0x85, 0x77, 0xD5
	.byte 0x57, 0x75, 0x56, 0xAB, 0x67, 0x67, 0x76, 0x57, 0x67, 0x66, 0x66, 0x58, 0x66, 0x77, 0x57, 0x56
	.byte 0x57, 0x66, 0x68, 0xBD, 0x56, 0x65, 0xB5, 0x9A, 0x66, 0xB5, 0x9A, 0x99, 0xD6, 0x9A, 0x99, 0xDA
	.byte 0xAB, 0x99, 0xBA, 0xCE, 0x56, 0x56, 0xAB, 0x99, 0x56, 0xAD, 0x99, 0xA9, 0xBB, 0x9A, 0xA9, 0xED
	.byte 0x9A, 0xA9, 0xFB, 0x2C, 0xA9, 0xFB, 0x2C, 0x11, 0xFA, 0x2C, 0x22, 0x11, 0x2E, 0x23, 0x32, 0x22
	.byte 0x22, 0x22, 0x22, 0x22, 0x32, 0x22, 0x12, 0x32, 0x22, 0x24, 0x12, 0x42, 0x23, 0x22, 0x31, 0x21
	.byte 0x22, 0x22, 0x22, 0x23, 0x22, 0x22, 0x22, 0x81, 0x21, 0x22, 0xFC, 0xAB, 0xC2, 0xDE, 0xAB, 0x99
	.byte 0xBF, 0x9A, 0x99, 0xAA, 0x12, 0x22, 0x22, 0x23, 0x23, 0x12, 0x21, 0x12, 0x22, 0x21, 0xEC, 0xDF
	.byte 0xC2, 0xD8, 0xBB, 0x9A, 0xBD, 0x9A, 0x99, 0xA9, 0x99, 0x99, 0xAA, 0xDB, 0xA9, 0xBA, 0x5D, 0x65
	.byte 0xDB, 0x65, 0x76, 0x56, 0x12, 0x22, 0x22, 0x31, 0x23, 0x21, 0x22, 0x33, 0x41, 0x21, 0x33, 0xC1
	.byte 0x33, 0x32, 0xC2, 0xDF, 0x22, 0xE1, 0xBD, 0x9A, 0xFE, 0xAB, 0x99, 0x99, 0xAA, 0x99, 0xA9, 0xBB
	.byte 0x99, 0xAA, 0xDB, 0x75, 0x32, 0x22, 0xEC, 0xBD, 0x11, 0xFC, 0xAD, 0x99, 0xDF, 0xAA, 0x99, 0xA9
	.byte 0x9A, 0x99, 0xAA, 0xDB, 0xA9, 0xBA, 0x5B, 0x56, 0xBA, 0x65, 0x66, 0x66, 0x6D, 0x76, 0x56, 0x77
	.byte 0x66, 0x76, 0x56, 0x57, 0x9A, 0x99, 0xBA, 0x5B, 0xA9, 0xBA, 0x6D, 0x66, 0xBB, 0x55, 0x75, 0x76
	.byte 0x65, 0x67, 0x77, 0x66, 0x67, 0x57, 0x67, 0x76, 0x67, 0x66, 0x77, 0x65, 0x86, 0x75, 0x66, 0x55
	.byte 0x66, 0x76, 0x65, 0x56, 0x12, 0x22, 0x22, 0x22, 0x23, 0x22, 0x22, 0x23, 0x41, 0x21, 0x33, 0x12
	.byte 0x33, 0x42, 0x32, 0x11, 0x22, 0x11, 0x22, 0x32, 0x21, 0x12, 0x22, 0xC2, 0x22, 0xC2, 0xDE, 0xBB
	.byte 0xFC, 0xBB, 0x9A, 0x99, 0x31, 0x22, 0x32, 0x22, 0x21, 0x22, 0x21, 0x22, 0x21, 0x13, 0x32, 0x22
	.byte 0x21, 0x13, 0x22, 0xFC, 0x21, 0xCC, 0xDF, 0xAB, 0xDF, 0xAB, 0x9A, 0x99, 0x9A, 0x99, 0xA9, 0xAA
	.byte 0x99, 0xAA, 0xDB, 0x65, 0x12, 0x23, 0x12, 0x31, 0x13, 0x21, 0x21, 0xC1, 0xC2, 0x7E, 0xDF, 0xBB
	.byte 0xBD, 0xAA, 0x9A, 0x99, 0x99, 0x99, 0xA9, 0xAA, 0xA9, 0xBA, 0xBB, 0x55, 0xDB, 0x75, 0x67, 0x66
	.byte 0x77, 0x66, 0x66, 0x76, 0x22, 0x21, 0x8C, 0xBD, 0xEC, 0xBF, 0xAB, 0x9A, 0xAB, 0x9A, 0x99, 0xAA
	.byte 0x99, 0xA9, 0xBA, 0xDB, 0xAA, 0xBB, 0x55, 0x67, 0x5D, 0x76, 0x66, 0x66, 0x78, 0x77, 0x56, 0x77
	.byte 0x67, 0x76, 0x56, 0x57, 0xAA, 0x99, 0x99, 0xAA, 0x99, 0xAA, 0xBB, 0x55, 0xBA, 0x6B, 0x65, 0x76
	.byte 0x77, 0x66, 0x77, 0x66, 0x67, 0x57, 0x67, 0x76, 0x67, 0x66, 0x77, 0x65, 0x86, 0x75, 0x66, 0x55
	.byte 0x66, 0x76, 0x65, 0x56, 0xBB, 0x55, 0x75, 0x76, 0x65, 0x76, 0x75, 0x55, 0x66, 0x77, 0x65, 0x65
	.byte 0x66, 0x86, 0x65, 0x76, 0x77, 0x65, 0x55, 0x67, 0x86, 0x66, 0x65, 0x56, 0x66, 0x66, 0x67, 0x56
	.byte 0x66, 0x68, 0x56, 0x66, 0x22, 0x12, 0x33, 0x22, 0x42, 0x11, 0x32, 0x32, 0x21, 0x22, 0x31, 0x23
	.byte 0x32, 0x32, 0x21, 0x22, 0x23, 0x23, 0x31, 0x22, 0x22, 0x12, 0x21, 0x12, 0x32, 0x22, 0x22, 0x12
	.byte 0x22, 0xCC, 0xF8, 0xDD, 0x23, 0x22, 0x22, 0x22, 0x22, 0x22, 0x32, 0x22, 0x32, 0x32, 0x32, 0x31
	.byte 0x43, 0x22, 0x42, 0x11, 0x22, 0x31, 0x23, 0x13, 0x23, 0x22, 0x22, 0xCC, 0xCC, 0xFE, 0xDD, 0xAB
	.byte 0xAB, 0xAA, 0x99, 0x99, 0x22, 0x22, 0x22, 0x22, 0x21, 0x22, 0x32, 0x22, 0x12, 0x22, 0x22, 0x22
	.byte 0x22, 0x22, 0x13, 0x22, 0x21, 0x22, 0xE1, 0xF8, 0xF8, 0xDD, 0xAB, 0xAA, 0xAA, 0x9A, 0x99, 0x99
	.byte 0x99, 0xA9, 0xAA, 0xBB, 0x12, 0x12, 0xEC, 0xFE, 0xFE, 0xDD, 0xAB, 0xAA, 0xAA, 0x99, 0x99, 0x99
	.byte 0x99, 0xA9, 0xAA, 0xBB, 0xBA, 0xBB, 0x65, 0x57, 0x76, 0x76, 0x66, 0x66, 0x55, 0x76, 0x56, 0x77
	.byte 0x55, 0x76, 0x56, 0x57, 0xDD, 0xAB, 0xAA, 0x99, 0x99, 0x99, 0x99, 0xA9, 0xA9, 0xAA, 0xBA, 0xDB
	.byte 0xBB, 0x75, 0x56, 0x66, 0x65, 0x57, 0x67, 0x76, 0x67, 0x66, 0x77, 0x75, 0x86, 0x75, 0x66, 0x55
	.byte 0x66, 0x76, 0x65, 0x56, 0x99, 0x99, 0xA9, 0xAA, 0xAA, 0xBB, 0xBB, 0x65, 0x65, 0x56, 0x68, 0x65
	.byte 0x66, 0x86, 0x65, 0x76, 0x77, 0x65, 0x55, 0x67, 0x86, 0x66, 0x65, 0x56, 0x66, 0x66, 0x67, 0x56
	.byte 0x66, 0x68, 0x56, 0x67, 0xBB, 0xBB, 0x66, 0x57, 0x65, 0x56, 0x67, 0x55, 0x66, 0x77, 0x65, 0x65
	.byte 0x66, 0x86, 0x65, 0x76, 0x77, 0x65, 0x55, 0x67, 0x86, 0x66, 0x65, 0x56, 0x66, 0x66, 0x67, 0x56
	.byte 0x66, 0x68, 0x56, 0x66, 0x23, 0x22, 0x21, 0x22, 0x13, 0x32, 0x22, 0x12, 0x14, 0x22, 0x22, 0x12
	.byte 0x22, 0x12, 0x21, 0x22, 0xFF, 0xDD, 0xBD, 0xDD, 0xAA, 0xA9, 0x99, 0x99, 0x99, 0x99, 0xAA, 0xAA
	.byte 0xBB, 0xBB, 0xBB, 0xBD, 0x21, 0x24, 0x31, 0x13, 0x22, 0x13, 0x21, 0x13, 0x23, 0x12, 0x21, 0x22
	.byte 0x22, 0xCC, 0x8C, 0xE8, 0xBB, 0xAB, 0xAA, 0xAA, 0x99, 0x99, 0x99, 0x99, 0xAA, 0xAA, 0xBA, 0xBB
	.byte 0x55, 0x55, 0x76, 0x66, 0x23, 0x12, 0x21, 0x22, 0x13, 0x32, 0x22, 0x12, 0x14, 0x22, 0x22, 0x12
	.byte 0xF8, 0xFF, 0xDD, 0xBD, 0xAA, 0x9A, 0x99, 0x99, 0x99, 0x99, 0x99, 0xAA, 0xBB, 0xBB, 0xBB, 0xBB
	.byte 0x67, 0x66, 0x67, 0x66, 0x22, 0x12, 0x21, 0x22, 0x13, 0x32, 0x22, 0x12, 0x13, 0x22, 0xCC, 0xEC
	.byte 0xDD, 0xBB, 0xBB, 0xAA, 0x99, 0x99, 0x99, 0x99, 0xAA, 0xAA, 0xAA, 0xBA, 0xDD, 0x65, 0x65, 0x66
	.byte 0x66, 0x77, 0x66, 0x77, 0x13, 0x22, 0x32, 0x22, 0x21, 0x12, 0x21, 0x13, 0x31, 0x13, 0x11, 0x22
	.byte 0x23, 0x21, 0x23, 0x31, 0x23, 0x31, 0x22, 0x12, 0x23, 0x32, 0x31, 0x13, 0x33, 0x31, 0x33, 0x22
	.byte 0x33, 0x11, 0x31, 0x32, 0x22, 0x22, 0x32, 0x32, 0x32, 0x13, 0x21, 0x32, 0x33, 0x22, 0x11, 0x22
	.byte 0x12, 0x22, 0x12, 0x12, 0x33, 0x24, 0x32, 0x11, 0x23, 0x14, 0x22, 0x31, 0x23, 0x32, 0x22, 0x32
	.byte 0x22, 0x13, 0x31, 0x23, 0x67, 0x66, 0x77, 0xB5, 0x66, 0x66, 0x76, 0xAD, 0x67, 0x75, 0x56, 0x9A
	.byte 0x66, 0x76, 0xA5, 0x99, 0x75, 0x57, 0x9B, 0xB9, 0x75, 0xAD, 0x99, 0x8A, 0x66, 0x9B, 0xB9, 0x28
	.byte 0xB5, 0x9A, 0xEA, 0x22, 0x66, 0x86, 0x65, 0x66, 0x66, 0x76, 0x67, 0x67, 0x56, 0x66, 0x68, 0x56
	.byte 0x57, 0x66, 0x75, 0x57, 0x66, 0x68, 0x75, 0xD6, 0x55, 0x66, 0x56, 0xAB, 0x66, 0x56, 0xAD, 0x99
	.byte 0x66, 0xB5, 0x9A, 0xA9, 0x66, 0x65, 0xB5, 0xAB, 0x56, 0x56, 0xAB, 0x99, 0x66, 0xAB, 0x99, 0xB9
	.byte 0xBD, 0x9A, 0xA9, 0xCD, 0x9A, 0xA9, 0xFB, 0x22, 0x99, 0xDA, 0x2E, 0x23, 0xBA, 0x28, 0x12, 0x23
	.byte 0xCD, 0x11, 0x14, 0x22, 0x75, 0x65, 0x77, 0x55, 0x67, 0x65, 0x76, 0x66, 0x57, 0x76, 0x76, 0xBD
	.byte 0x67, 0x76, 0xD6, 0x9B, 0x67, 0x65, 0xAF, 0x99, 0x76, 0xB5, 0x9A, 0xA9, 0x57, 0xAB, 0x99, 0xCB
	.byte 0xB5, 0x99, 0xDA, 0x1C, 0xD7, 0x9B, 0xA9, 0x8B, 0xAD, 0x99, 0xDA, 0x2C, 0x9A, 0xBA, 0x2F, 0x12
	.byte 0xA9, 0xED, 0x22, 0x22, 0xDA, 0x2C, 0x22, 0x23, 0xCF, 0x22, 0x23, 0x22, 0x22, 0x23, 0x23, 0x32
	.byte 0x23, 0x22, 0x22, 0x22, 0x65, 0x66, 0x65, 0xD6, 0x67, 0x66, 0x76, 0xAB, 0x66, 0x57, 0xD7, 0x9A
	.byte 0x56, 0x56, 0xAD, 0xA9, 0x68, 0xB6, 0x9A, 0xDA, 0x56, 0xAB, 0xA9, 0xED, 0xB5, 0x9A, 0xDA, 0x2C
	.byte 0xAB, 0xA9, 0xCD, 0x42, 0xAA, 0xA9, 0xCF, 0x22, 0x99, 0x8A, 0x2C, 0x23, 0xB9, 0x2E, 0x23, 0x32
	.byte 0xEB, 0x31, 0x32, 0x22, 0x2C, 0x42, 0x22, 0x33, 0x32, 0x42, 0x21, 0x24, 0x21, 0x43, 0x32, 0x22
	.byte 0x32, 0x32, 0x22, 0x22, 0x9A, 0xDA, 0x1C, 0x22, 0x99, 0xCB, 0x12, 0x22, 0xD9, 0x2C, 0x22, 0x13
	.byte 0xEB, 0x21, 0x22, 0x22, 0x2E, 0x21, 0x22, 0x22, 0x22, 0x11, 0x31, 0x23, 0x32, 0x11, 0x42, 0x22
	.byte 0x23, 0x22, 0x21, 0x21, 0x99, 0xB9, 0x18, 0x21, 0xBA, 0xEF, 0x22, 0x12, 0xCF, 0x21, 0x32, 0x22
	.byte 0x22, 0x23, 0x42, 0x22, 0x33, 0x22, 0x32, 0x22, 0x12, 0x22, 0x22, 0x32, 0x32, 0x22, 0x12, 0x32
	.byte 0x32, 0x22, 0x14, 0x22, 0x66, 0x86, 0x65, 0x66, 0x66, 0x76, 0x67, 0x57, 0x56, 0x66, 0x68, 0xB5
	.byte 0x57, 0x66, 0x75, 0xAD, 0x66, 0x68, 0x55, 0x9B, 0x55, 0x66, 0xB5, 0x9A, 0x66, 0x66, 0xAD, 0xA9
	.byte 0x66, 0xD7, 0x9A, 0xDA, 0xAD, 0xA9, 0x26, 0x33, 0x9B, 0xD9, 0x4C, 0x23, 0x9A, 0xCA, 0x32, 0x22
	.byte 0xA9, 0x2F, 0x24, 0x23, 0xDA, 0x21, 0x22, 0x12, 0xCB, 0x22, 0x22, 0x22, 0x28, 0x22, 0x22, 0x23
	.byte 0x2C, 0x24, 0x22, 0x22, 0x75, 0x65, 0x77, 0x55, 0x67, 0x65, 0x76, 0x76, 0x57, 0x76, 0x76, 0x75
	.byte 0x67, 0x76, 0x66, 0x76, 0x67, 0x65, 0x58, 0x67, 0x76, 0x66, 0x66, 0xD7, 0x67, 0x67, 0x56, 0xB5
	.byte 0x67, 0x67, 0x67, 0xAB, 0x67, 0xB6, 0x9A, 0xCB, 0x67, 0xAB, 0xA9, 0x1F, 0x56, 0x9A, 0xFA, 0x2C
	.byte 0xB6, 0x99, 0xCB, 0x23, 0xAB, 0xA9, 0x2E, 0x23, 0x9A, 0xFA, 0x22, 0x21, 0x99, 0xCB, 0x22, 0x21
	.byte 0xB9, 0x3E, 0x42, 0x11, 0x67, 0x66, 0x67, 0x9A, 0x66, 0x66, 0xB6, 0x9A, 0x67, 0x75, 0xB5, 0xA9
	.byte 0x66, 0x76, 0xAD, 0xB9, 0x75, 0x57, 0x9B, 0xFA, 0x75, 0xD5, 0x9A, 0xEB, 0x67, 0xB5, 0x9A, 0x1D
	.byte 0x57, 0xAD, 0xA9, 0x18, 0xFA, 0x22, 0x42, 0x22, 0xCB, 0x22, 0x24, 0x22, 0x2F, 0x22, 0x22, 0x22
	.byte 0x2C, 0x32, 0x22, 0x22, 0x22, 0x22, 0x22, 0x22, 0x22, 0x22, 0x22, 0x22, 0x22, 0x32, 0x22, 0x32
	.byte 0x23, 0x22, 0x22, 0x22, 0x67, 0x67, 0x76, 0x57, 0x67, 0x66, 0x66, 0x58, 0x66, 0x77, 0x57, 0x56
	.byte 0x57, 0x66, 0x68, 0x56, 0x56, 0x65, 0x66, 0x76, 0x66, 0x65, 0x86, 0x56, 0x77, 0x65, 0x57, 0x56
	.byte 0x76, 0x75, 0x66, 0xB7, 0x56, 0xAB, 0xD9, 0x2C, 0x56, 0x9A, 0xFA, 0x24, 0xB5, 0x9A, 0xCB, 0x23
	.byte 0xA5, 0xA9, 0x2F, 0x22, 0xAD, 0xB9, 0x3C, 0x32, 0x9B, 0xD9, 0x21, 0x22, 0x9A, 0xCB, 0x22, 0x22
	.byte 0x99, 0x2D, 0x22, 0x24, 0x56, 0x66, 0x76, 0x76, 0x66, 0x67, 0x86, 0x75, 0x75, 0x66, 0x87, 0x76
	.byte 0x66, 0x75, 0x57, 0x77, 0x66, 0x75, 0x67, 0x65, 0x65, 0x76, 0x67, 0x75, 0x67, 0x67, 0x56, 0x76
	.byte 0x67, 0x66, 0x67, 0x56, 0x67, 0x66, 0x77, 0xD5, 0x66, 0x66, 0x76, 0xB6, 0x67, 0x75, 0x76, 0xB5
	.byte 0x67, 0x76, 0x66, 0xB5, 0x75, 0x67, 0x58, 0xA6, 0x75, 0x65, 0x66, 0xA5, 0x76, 0x56, 0x86, 0xAB
	.byte 0x66, 0x65, 0x77, 0xAB, 0x65, 0x66, 0x66, 0xAD, 0x67, 0x65, 0x57, 0x9B, 0x66, 0x66, 0xD6, 0x9A
	.byte 0x66, 0x55, 0xB6, 0x9A, 0x68, 0x55, 0xB6, 0xA9, 0x67, 0x75, 0xA5, 0xB9, 0x66, 0x66, 0xAD, 0xD9
	.byte 0x66, 0x57, 0xAB, 0xFA, 0xA9, 0x2E, 0x21, 0x22, 0xD9, 0x22, 0x32, 0x11, 0x8A, 0x22, 0x32, 0x22
	.byte 0xCB, 0x24, 0x23, 0x32, 0x2F, 0x22, 0x22, 0x23, 0x3C, 0x22, 0x22, 0x21, 0x32, 0x22, 0x22, 0x21
	.byte 0x32, 0x32, 0x41, 0x11, 0x67, 0x67, 0x9B, 0xEA, 0x67, 0x56, 0x9A, 0xCB, 0x66, 0xB7, 0x9A, 0x2D
	.byte 0x57, 0xB6, 0x99, 0x2F, 0x56, 0xB5, 0xA9, 0x1E, 0x66, 0xAB, 0xB9, 0x1C, 0x67, 0xAB, 0xD9, 0x22
	.byte 0x57, 0x9B, 0xFA, 0x23, 0x55, 0x9A, 0xCA, 0x24, 0xD7, 0x9A, 0xCB, 0x23, 0xB6, 0x9A, 0x2D, 0x11
	.byte 0xA5, 0xA9, 0x2F, 0x11, 0xA6, 0xB9, 0x3C, 0x21, 0xAD, 0xD9, 0x22, 0x31, 0x9B, 0xFA, 0x22, 0x31
	.byte 0x9B, 0x8A, 0x13, 0x23, 0x9A, 0xCB, 0x22, 0x24, 0x9A, 0x2B, 0x24, 0x23, 0xA9, 0x1F, 0x22, 0x11
	.byte 0xA9, 0x18, 0x23, 0x11, 0xB9, 0x2C, 0x32, 0x22, 0xB9, 0x1C, 0x23, 0x31, 0xD9, 0x23, 0x22, 0x32
	.byte 0xDA, 0x22, 0x13, 0x23, 0x22, 0x11, 0x22, 0x22, 0x22, 0x12, 0x21, 0x22, 0x31, 0x22, 0x22, 0x32
	.byte 0x21, 0x23, 0x22, 0x21, 0x22, 0x22, 0x33, 0x11, 0x22, 0x23, 0x23, 0xC1, 0x22, 0x22, 0x12, 0xDE
	.byte 0x22, 0x22, 0xDE, 0x9A, 0x22, 0x23, 0x22, 0x21, 0x22, 0x12, 0x22, 0x22, 0x13, 0x23, 0x22, 0xC2
	.byte 0x12, 0x24, 0x22, 0xBE, 0x22, 0x22, 0xDC, 0x9A, 0x32, 0xFC, 0x9A, 0x99, 0xE2, 0xAB, 0x99, 0xBA
	.byte 0xAF, 0x99, 0xA9, 0x5D, 0x22, 0xDC, 0x9A, 0x99, 0xEC, 0xAB, 0x99, 0xBA, 0xAD, 0x99, 0xBA, 0x65
	.byte 0x99, 0xA9, 0x5D, 0x77, 0xA9, 0x5B, 0x57, 0x76, 0xDA, 0x65, 0x57, 0x67, 0x6D, 0x58, 0x66, 0x66
	.byte 0x67, 0x66, 0x56, 0x76, 0x42, 0x23, 0x22, 0x22, 0x42, 0x22, 0x32, 0x11, 0x23, 0x22, 0x32, 0x22
	.byte 0x22, 0x24, 0x23, 0x32, 0x23, 0x22, 0x22, 0x22, 0x22, 0x22, 0x22, 0x21, 0x32, 0x22, 0x22, 0x21
	.byte 0x32, 0x23, 0x41, 0xFC, 0x32, 0x22, 0x22, 0xD1, 0x22, 0x22, 0xC4, 0xAD, 0x22, 0x13, 0xBC, 0x99
	.byte 0x21, 0xFC, 0x9B, 0xA9, 0x22, 0xAF, 0x99, 0xBA, 0xF1, 0x9A, 0xAA, 0x6B, 0xAF, 0x99, 0x5B, 0x56
	.byte 0x9A, 0xB9, 0x65, 0x66, 0x9A, 0xA9, 0x5B, 0x77, 0xA9, 0xBA, 0x65, 0x67, 0xBA, 0x55, 0x77, 0x66
	.byte 0x6B, 0x56, 0x57, 0x66, 0x65, 0x76, 0x76, 0x66, 0x67, 0x76, 0x76, 0x76, 0x66, 0x76, 0x66, 0x76
	.byte 0x57, 0x66, 0x66, 0x66, 0x66, 0x65, 0x55, 0xAB, 0x56, 0x66, 0x65, 0x9B, 0x76, 0x75, 0x57, 0x9B
	.byte 0x75, 0x75, 0x56, 0x9B, 0x65, 0x66, 0x56, 0x9A, 0x66, 0x67, 0xB6, 0x9A, 0x67, 0x67, 0xB6, 0x9A
	.byte 0x67, 0x67, 0xB7, 0xAA, 0x67, 0x66, 0xB7, 0xA9, 0x66, 0x66, 0xB6, 0xA9, 0x67, 0x75, 0xA5, 0xA9
	.byte 0x66, 0x76, 0xA5, 0xB9, 0x75, 0x67, 0xAF, 0xB9, 0x75, 0x65, 0xAB, 0xD9, 0x67, 0x85, 0xAB, 0xDA
	.byte 0x57, 0x65, 0x9B, 0xFA, 0x56, 0x66, 0x9B, 0x8A, 0x66, 0x57, 0x9A, 0xEA, 0x75, 0x56, 0x9A, 0x2B
	.byte 0x66, 0x55, 0x9A, 0x1B, 0x66, 0xD5, 0x9A, 0x2D, 0x65, 0xB6, 0x99, 0x2D, 0x67, 0xB7, 0x99, 0x2F
	.byte 0x67, 0xB6, 0xA9, 0x1F, 0x67, 0xB5, 0xA9, 0x28, 0x66, 0xB6, 0xA9, 0x1E, 0x67, 0xB5, 0xA9, 0x28
	.byte 0x67, 0xB5, 0xA9, 0x2E, 0x75, 0xA6, 0xA9, 0x2C, 0x75, 0xA5, 0xB9, 0x2C, 0x76, 0xA5, 0xB9, 0x2C
	.byte 0x66, 0xA5, 0xB9, 0x11, 0xFA, 0x12, 0x11, 0x32, 0x8A, 0x12, 0x12, 0x23, 0xCA, 0x32, 0x23, 0x32
	.byte 0x1B, 0x12, 0x23, 0x22, 0x2B, 0x22, 0x23, 0x22, 0x1D, 0x32, 0x12, 0x32, 0x2D, 0x11, 0x32, 0x13
	.byte 0x2D, 0x12, 0x21, 0x22, 0x2F, 0x22, 0x21, 0x22, 0x1E, 0x22, 0x31, 0x42, 0x3C, 0x31, 0x32, 0x23
	.byte 0x4C, 0x11, 0x21, 0x22, 0x42, 0x21, 0x43, 0x23, 0x32, 0x22, 0x34, 0x22, 0x21, 0x23, 0x23, 0x23
	.byte 0x11, 0x22, 0x22, 0x22, 0x22, 0x22, 0x33, 0xC3, 0x32, 0x22, 0x12, 0xF2, 0x21, 0x22, 0x23, 0xBE
	.byte 0x22, 0x23, 0x22, 0x9D, 0x32, 0x31, 0x82, 0x9A, 0x32, 0x12, 0xDC, 0x99, 0x42, 0x12, 0xAF, 0xA9
	.byte 0x42, 0x22, 0x9B, 0xB9, 0x31, 0x22, 0x42, 0x22, 0x32, 0x22, 0x22, 0x23, 0x22, 0x42, 0x12, 0x21
	.byte 0x22, 0x22, 0x32, 0x21, 0x22, 0x12, 0x11, 0x32, 0x21, 0x22, 0x12, 0x22, 0x22, 0x24, 0x22, 0x22
	.byte 0x21, 0x12, 0x22, 0x22, 0x22, 0xF2, 0x9A, 0x6A, 0x21, 0xBC, 0x99, 0x7B, 0x21, 0xA8, 0xA9, 0x6D
	.byte 0xC2, 0x9B, 0xBA, 0x65, 0xE1, 0x9A, 0x5A, 0x66, 0xD1, 0x99, 0x6B, 0x65, 0xBC, 0xA9, 0x6D, 0x56
	.byte 0xAE, 0xA9, 0x65, 0x66, 0x21, 0x21, 0x32, 0x22, 0x32, 0x22, 0x42, 0xC3, 0x22, 0x22, 0x21, 0xF2
	.byte 0x34, 0x23, 0x22, 0xD2, 0x34, 0x21, 0x22, 0xB2, 0x12, 0x12, 0x13, 0xAC, 0x12, 0x12, 0x13, 0xA8
	.byte 0x33, 0x22, 0x22, 0x9F, 0x9D, 0xB9, 0x56, 0x75, 0x9B, 0xDA, 0x66, 0x76, 0x9A, 0x5A, 0x77, 0x75
	.byte 0xA9, 0x5B, 0x57, 0x65, 0xA9, 0x6D, 0x66, 0x76, 0xA9, 0x65, 0x76, 0x65, 0xA9, 0x75, 0x76, 0x77
	.byte 0xB9, 0x76, 0x66, 0x56, 0x42, 0x22, 0x11, 0xAF, 0x42, 0x22, 0x81, 0x9A, 0x23, 0x22, 0xA8, 0x99
	.byte 0x22, 0xE3, 0x9B, 0xB9, 0x23, 0xBC, 0x99, 0x6A, 0x12, 0xAD, 0xA9, 0x6D, 0xF2, 0x9A, 0xBA, 0x66
	.byte 0xAE, 0xA9, 0x5B, 0x66, 0x99, 0x5B, 0x56, 0x75, 0xBA, 0x65, 0x66, 0x76, 0x6B, 0x56, 0x77, 0x65
	.byte 0x75, 0x56, 0x57, 0x65, 0x65, 0x77, 0x56, 0x85, 0x76, 0x75, 0x55, 0x66, 0x77, 0x65, 0x65, 0x66
	.byte 0x86, 0x65, 0x76, 0x66, 0x9D, 0xB9, 0x55, 0x77, 0x9A, 0xDA, 0x66, 0x86, 0xA9, 0x5B, 0x77, 0x66
	.byte 0xB9, 0x55, 0x57, 0x66, 0xDA, 0x76, 0x76, 0x66, 0x5B, 0x76, 0x66, 0x65, 0x65, 0x76, 0x66, 0x56
	.byte 0x57, 0x66, 0x66, 0x66, 0x78, 0x9B, 0x6A, 0x4C, 0x76, 0x9B, 0x6A, 0x3C, 0x76, 0x9B, 0x6A, 0x2C
	.byte 0x76, 0x9B, 0x6A, 0x3C, 0x78, 0x9B, 0x6A, 0x2C, 0x77, 0x9B, 0x6A, 0x3C, 0x76, 0x9B, 0x6A, 0x2C
	.byte 0x76, 0x9B, 0x6A, 0x2C, 0x78, 0x9B, 0x6A, 0x2C, 0x76, 0x9B, 0x6A, 0x2C, 0x76, 0x9B, 0x6A, 0x2C
	.byte 0x76, 0x9B, 0x6A, 0x3C, 0x78, 0x9B, 0x6A, 0x1C, 0x77, 0x9B, 0x6A, 0x3C, 0x76, 0x9B, 0x6A, 0x1C
	.byte 0x76, 0x9B, 0x6A, 0x2C, 0x22, 0x32, 0x21, 0x9D, 0x22, 0x23, 0xC1, 0x9B, 0x32, 0x13, 0xE2, 0x9A
	.byte 0x21, 0x12, 0xF2, 0x9A, 0x32, 0x12, 0xD2, 0x99, 0x22, 0x12, 0xB1, 0xA9, 0x23, 0x21, 0xAC, 0xA9
	.byte 0x43, 0x22, 0xAC, 0xA9, 0xBA, 0x66, 0x76, 0x55, 0x5A, 0x77, 0x65, 0x55, 0x5A, 0x86, 0x66, 0x57
	.byte 0x5B, 0x66, 0x66, 0x76, 0x5B, 0x66, 0x78, 0x66, 0x7B, 0x66, 0x66, 0x65, 0x65, 0x65, 0x67, 0x56
	.byte 0x66, 0x56, 0x66, 0x66, 0x42, 0x23, 0x9F, 0xB9, 0x42, 0x22, 0x9D, 0xB9, 0x23, 0x22, 0x9B, 0xDA
	.byte 0x22, 0xC4, 0x9B, 0x6A, 0x22, 0xC3, 0x9A, 0x5B, 0x22, 0x82, 0x9A, 0x6B, 0x32, 0x81, 0x9A, 0x6B
	.byte 0x22, 0x83, 0x9A, 0x6B, 0x32, 0xF1, 0x99, 0x6B, 0x22, 0xF2, 0x99, 0x5B, 0x22, 0xD3, 0x99, 0x6B
	.byte 0x22, 0xD2, 0x99, 0x6B, 0x12, 0xB2, 0xA9, 0x5B, 0x22, 0xBC, 0xA9, 0x7B, 0x12, 0xBC, 0xA9, 0x7D
	.byte 0x33, 0xAC, 0xA9, 0x7D, 0x22, 0xAC, 0xA9, 0x65, 0x22, 0xA8, 0xA9, 0x76, 0x22, 0xA8, 0xA9, 0x65
	.byte 0x13, 0xA8, 0xA9, 0x55, 0x11, 0xAE, 0xA9, 0x55, 0x22, 0xAE, 0xB9, 0x66, 0x22, 0xA8, 0xB9, 0x65
	.byte 0x22, 0xA8, 0xB9, 0x75, 0x57, 0x9B, 0xFA, 0x14, 0x67, 0x9B, 0xFA, 0x23, 0x75, 0x9B, 0xD9, 0x31
	.byte 0x75, 0x9B, 0xF9, 0x22, 0x66, 0x9B, 0xD9, 0x31, 0x67, 0xAB, 0xD9, 0x21, 0x66, 0xAB, 0xD9, 0x11
	.byte 0x67, 0xAD, 0xD9, 0x12, 0x67, 0xAD, 0xB9, 0x22, 0x67, 0xAD, 0xD9, 0x22, 0x66, 0xAD, 0xD9, 0x21
	.byte 0x65, 0xAD, 0xD9, 0x32, 0x75, 0xAD, 0xB9, 0x3C, 0x76, 0xA5, 0xB9, 0x22, 0x56, 0xA5, 0xB9, 0x22
	.byte 0x66, 0xA5, 0xB9, 0x22, 0x22, 0x33, 0x12, 0x31, 0x32, 0x22, 0x21, 0x13, 0x22, 0x21, 0x23, 0x12
	.byte 0x23, 0x21, 0x22, 0x13, 0x23, 0x11, 0x31, 0x23, 0x33, 0x11, 0x42, 0x22, 0x23, 0x21, 0x21, 0x21
	.byte 0x12, 0x33, 0x21, 0x12, 0x23, 0x23, 0x31, 0x43, 0x22, 0x43, 0x22, 0x32, 0x22, 0x31, 0x32, 0x22
	.byte 0x23, 0x33, 0x41, 0x22, 0x22, 0x32, 0x42, 0x23, 0x13, 0x32, 0x13, 0x33, 0x22, 0x24, 0x21, 0x33
	.byte 0x22, 0x32, 0x21, 0x33, 0x12, 0x13, 0x23, 0x22, 0xCC, 0xCC, 0xCC, 0xCC, 0x66, 0x66, 0x66, 0x66
	.byte 0xAA, 0xAA, 0xAA, 0xAA, 0x99, 0x99, 0x99, 0x99, 0xBB, 0xBB, 0xBB, 0xBB, 0x77, 0x77, 0x77, 0x57
	.byte 0x66, 0x87, 0x56, 0xAB, 0x22, 0x23, 0x23, 0x43, 0xCC, 0xCC, 0xCC, 0xCC, 0x66, 0x66, 0x66, 0x66
	.byte 0xAA, 0xAA, 0xAA, 0xAA, 0x99, 0x99, 0x99, 0x99, 0xAB, 0x99, 0x99, 0xBA, 0xAB, 0x99, 0xBA, 0x86
	.byte 0x99, 0xBA, 0x86, 0x1C, 0x22, 0x13, 0x22, 0x32, 0xCC, 0xCC, 0xCC, 0x1C, 0x66, 0x66, 0x66, 0x86
	.byte 0xAA, 0xBA, 0x86, 0x3C, 0xBA, 0x86, 0x3C, 0x22, 0x86, 0x3C, 0x34, 0x21, 0x1C, 0x41, 0x33, 0x21
	.byte 0x12, 0x32, 0x32, 0x21, 0xC2, 0xA6, 0xB9, 0x67, 0xC2, 0xA6, 0xB9, 0x67, 0xC3, 0xA6, 0xB9, 0x77
	.byte 0xC2, 0xA6, 0xB9, 0xAB, 0xC3, 0xA6, 0xA9, 0x99, 0xC2, 0xA6, 0x99, 0xBA, 0xC3, 0xA6, 0xBA, 0x86
	.byte 0xC4, 0xB6, 0x86, 0x3C, 0x76, 0x56, 0xAB, 0x99, 0x66, 0xAB, 0x99, 0xBA, 0xAB, 0x99, 0xBA, 0x86
	.byte 0x99, 0xBA, 0x86, 0x2C, 0xBA, 0x86, 0x2C, 0x33, 0x86, 0x3C, 0x33, 0x23, 0x2C, 0x31, 0x13, 0x33
	.byte 0x33, 0x33, 0x21, 0x13, 0xC1, 0x66, 0xC8, 0x31, 0x33, 0xCC, 0x3C, 0x33, 0x22, 0x22, 0x33, 0x23
	.byte 0x21, 0x33, 0x31, 0x13, 0x22, 0x22, 0x31, 0x22, 0x22, 0x23, 0x22, 0x21, 0x22, 0x23, 0x32, 0x12
	.byte 0x23, 0x23, 0x22, 0x22, 0x13, 0x11, 0x14, 0x12, 0x21, 0x23, 0x12, 0x23, 0x32, 0x21, 0x31, 0x23
	.byte 0x32, 0x22, 0x12, 0x23, 0x11, 0x24, 0x22, 0x34, 0x13, 0x23, 0x23, 0x23, 0x22, 0x13, 0x22, 0x22
	.byte 0x22, 0x23, 0x22, 0x31, 0x76, 0x9B, 0x6A, 0x2C, 0x76, 0x9B, 0x6A, 0x2C, 0x77, 0x9B, 0x6A, 0x3C
	.byte 0x78, 0x9B, 0x6A, 0x2C, 0x76, 0x9B, 0x6A, 0x3C, 0x76, 0x9B, 0x6A, 0x2C, 0x76, 0x9B, 0x6A, 0x3C
	.byte 0x78, 0x9B, 0x6A, 0x3C, 0x76, 0x9B, 0x6A, 0x3C, 0x66, 0x9B, 0x6A, 0x4C, 0xAB, 0x99, 0x6A, 0x2C
	.byte 0x99, 0xBA, 0x86, 0x2C, 0xBA, 0x86, 0x2C, 0x33, 0x86, 0x3C, 0x33, 0x23, 0x2C, 0x31, 0x13, 0x33
	.byte 0x31, 0x33, 0x21, 0x13, 0x7F, 0x7D, 0x4B, 0x2D, 0x4A, 0x2D, 0x2A, 0x29, 0x2A, 0x29, 0xEF, 0x45
	.byte 0xEF, 0x45, 0xCE, 0x41, 0xAD, 0x3D, 0x1B, 0x5F, 0xB7, 0x56, 0x53, 0x4E, 0x6B, 0x31, 0x11, 0x46
	.byte 0xAE, 0x35, 0xF0, 0x3D, 0x1F, 0x7C, 0x4B, 0x2D, 0x4A, 0x2D, 0x2A, 0x29, 0x2A, 0x29, 0x4B, 0x2D
	.byte 0x4A, 0x2D, 0x2A, 0x29, 0x2A, 0x29, 0xFF, 0x7F, 0x19, 0x67, 0x32, 0x4A, 0x2B, 0x29, 0x4C, 0x2D
	.byte 0x4B, 0x29, 0x4C, 0x2D, 0x1F, 0x7C, 0x94, 0x52, 0x31, 0x46, 0x6B, 0x2D, 0x28, 0x21, 0xC5, 0x14
	.byte 0x84, 0x10, 0x63, 0x0C, 0x00, 0x00, 0x2A, 0x29, 0x00, 0x7C, 0x4A, 0x2D, 0xCE, 0x41, 0xEF, 0x45
	.byte 0xB7, 0x56, 0x1B, 0x5F, 0x1F, 0x7C, 0xFF, 0x7F, 0x17, 0x5F, 0x0F, 0x3E, 0x07, 0x1D, 0xA5, 0x14
	.byte 0x63, 0x0C, 0x2A, 0x29, 0x1F, 0x00, 0x19, 0x00, 0x0D, 0x00, 0xC6, 0x20, 0x8B, 0x35, 0x51, 0x4E
	.byte 0x16, 0x67, 0xFC, 0x7F, 0x1F, 0x7C, 0x1B, 0x00, 0xFD, 0x3D, 0xFF, 0x7F, 0x9C, 0x73, 0x18, 0x63
	.byte 0x94, 0x52, 0x31, 0x46, 0xAD, 0x35, 0x29, 0x25, 0xC6, 0x18, 0x63, 0x0C, 0x80, 0x01, 0x20, 0x01
	.byte 0x2B, 0x04, 0x13, 0x00, 0x1F, 0x7C, 0x18, 0x00, 0xDC, 0x39, 0xBF, 0x77, 0x5C, 0x63, 0xD9, 0x52
	.byte 0x56, 0x42, 0xD3, 0x2D, 0x72, 0x25, 0xF1, 0x18, 0xAA, 0x14, 0x63, 0x0C, 0x80, 0x01, 0x20, 0x01
	.byte 0x06, 0x00, 0x0F, 0x00, 0x1F, 0x7C, 0xDF, 0x03, 0x7A, 0x3F, 0xD9, 0x7F, 0x56, 0x73, 0xD3, 0x66
	.byte 0x70, 0x5A, 0xED, 0x4D, 0x6A, 0x41, 0x29, 0x35, 0xC6, 0x20, 0x63, 0x0C, 0x80, 0x01, 0x20, 0x01
	.byte 0xD6, 0x05, 0xFB, 0x02, 0x1F, 0x7C, 0x92, 0x7D, 0x98, 0x7A, 0xBF, 0x77, 0x1C, 0x63, 0x78, 0x52
	.byte 0xF5, 0x3D, 0x8F, 0x39, 0x29, 0x31, 0xE7, 0x24, 0xA5, 0x18, 0x63, 0x0C, 0x80, 0x01, 0x20, 0x01
	.byte 0x2D, 0x5D, 0x92, 0x7D, 0x1F, 0x7C, 0x20, 0x6E, 0xAE, 0x5E, 0xFD, 0x73, 0x98, 0x63, 0x14, 0x4F
	.byte 0x8F, 0x3E, 0x0D, 0x3A, 0x8A, 0x31, 0x08, 0x29, 0xC5, 0x1C, 0x63, 0x0C, 0x80, 0x01, 0x20, 0x01
	.byte 0xE0, 0x2C, 0x60, 0x49, 0x1F, 0x7C, 0x2F, 0x05, 0x0D, 0x05, 0xEB, 0x04, 0xA8, 0x04, 0xA5, 0x14
	.byte 0xE6, 0x14, 0x26, 0x11, 0x66, 0x0D, 0xA6, 0x09, 0xE7, 0x05, 0x08, 0x25, 0x6B, 0x35, 0xCE, 0x41
	.byte 0x10, 0x4A, 0x52, 0x52, 0x1F, 0x7C, 0xA6, 0x05, 0x86, 0x09, 0x66, 0x0D, 0x26, 0x11, 0xEF, 0x45
	.byte 0xEF, 0x45, 0xCE, 0x41, 0xAD, 0x3D, 0x1B, 0x5F, 0xB7, 0x56, 0x53, 0x4E, 0x6B, 0x31, 0x11, 0x46
	.byte 0xAE, 0x35, 0xF0, 0x3D, 0x1B, 0x7C, 0x00, 0x7C, 0x00, 0x7C, 0x00, 0x7C, 0x00, 0x7C, 0x00, 0x7C
	.byte 0x00, 0x7C, 0x00, 0x7C, 0x00, 0x7C, 0x00, 0x7C, 0x00, 0x7C, 0x00, 0x7C, 0x00, 0x7C, 0x00, 0x7C
	.byte 0x00, 0x7C, 0x00, 0x7C, 0x00, 0x7C, 0x00, 0x7C, 0x00, 0x7C, 0x00, 0x7C, 0x00, 0x7C, 0x00, 0x7C
	.byte 0x00, 0x7C, 0x00, 0x7C, 0x00, 0x7C, 0x00, 0x7C, 0x00, 0x7C, 0x00, 0x7C, 0x00, 0x7C, 0x00, 0x7C
	.byte 0x00, 0x7C, 0x00, 0x7C, 0x00, 0x7C, 0x00, 0x7C, 0x00, 0x7C, 0x00, 0x7C, 0x00, 0x7C, 0x00, 0x7C
	.byte 0x00, 0x7C, 0x00, 0x7C, 0x00, 0x7C, 0x00, 0x7C, 0x00, 0x7C, 0x00, 0x7C, 0x00, 0x7C, 0x00, 0x7C
	.byte 0x00, 0x7C, 0x00, 0x7C, 0x00, 0x7C, 0x00, 0x7C, 0x00, 0x7C, 0x00, 0x7C, 0x00, 0x7C, 0x00, 0x7C
	.byte 0x00, 0x7C, 0x00, 0x7C, 0x00, 0x7C, 0x00, 0x7C, 0x00, 0x7C, 0x00, 0x7C, 0x00, 0x7C, 0x00, 0x7C
	.byte 0x00, 0x7C, 0x00, 0x7C, 0x00, 0x7C, 0x00, 0x7C, 0x00, 0x7C, 0x00, 0x7C, 0x00, 0x7C, 0x00, 0x7C
	.byte 0x00, 0x7C, 0x00, 0x7C, 0x00, 0x7C, 0x00, 0x7C, 0x00, 0x7C, 0x00, 0x7C, 0x00, 0x7C, 0x00, 0x7C
	.byte 0x00, 0x7C, 0x00, 0x7C, 0x00, 0x00, 0x00, 0x00, 0x00, 0x00, 0x00, 0x00, 0x00, 0x00, 0x00, 0x00
	.byte 0x00, 0x00, 0x00, 0x00, 0x00, 0x00, 0x00, 0x00, 0x00, 0x00, 0x00, 0x00, 0x00, 0x00, 0x00, 0x00
	.byte 0x00, 0x00, 0x00, 0x00, 0x00, 0x00, 0x00, 0x00, 0x00, 0x00, 0x00, 0x00, 0x00, 0x00, 0x00, 0x00
	.byte 0x00, 0x00, 0x00, 0x00, 0x00, 0x00, 0x00, 0x00, 0x00, 0x00, 0x00, 0x00, 0x00, 0x00, 0x00, 0x00
	.byte 0x00, 0x00, 0x00, 0x00, 0x00, 0x00, 0x00, 0x00, 0x00, 0x00, 0x00, 0x00, 0x00, 0x00, 0x00, 0x00
	.byte 0x00, 0x00, 0x00, 0x00, 0x00, 0x00, 0x00, 0x00, 0x00, 0x00, 0x00, 0x00, 0x00, 0x00, 0x00, 0x00
	.byte 0x00, 0x00, 0x00, 0x00, 0x00, 0x00, 0x00, 0x00, 0x00, 0x00, 0x00, 0x00, 0x00, 0x00, 0x00, 0x00
	.byte 0x00, 0x00, 0x00, 0x00, 0x00, 0x00, 0x00, 0x00, 0x00, 0x00, 0x00, 0x00, 0x00, 0x00, 0x00, 0x00
	.byte 0x00, 0x00, 0x00, 0x00, 0x00, 0x00, 0x00, 0x00, 0x00, 0x00, 0x00, 0x00, 0x00, 0x00, 0x00, 0x00
	.byte 0x00, 0x00, 0x00, 0x00, 0x00, 0x00, 0x00, 0x00, 0x00, 0x00, 0x00, 0x00, 0x00, 0x00, 0x00, 0x00
	.byte 0x00, 0x00, 0x00, 0x00, 0x00, 0x00, 0x00, 0x00, 0x00, 0x00, 0x00, 0x00, 0x00, 0x00, 0x00, 0x00
	.byte 0x00, 0x00, 0x00, 0x00, 0x00, 0x00, 0x00, 0x00, 0x00, 0x00, 0x00, 0x00, 0x00, 0x00, 0x00, 0x00
	.byte 0x00, 0x00, 0x00, 0x00, 0x00, 0x00, 0x00, 0x00, 0x00, 0x00, 0x00, 0x00, 0x00, 0x00, 0x00, 0x00
	.byte 0x00, 0x00, 0x00, 0x00, 0x00, 0x00, 0x00, 0x00, 0x00, 0x00, 0x00, 0x00, 0x00, 0x00, 0x00, 0x00
	.byte 0x00, 0x00, 0x00, 0x00, 0x00, 0x00, 0x00, 0x00, 0x00, 0x00, 0x00, 0x00, 0x00, 0x00, 0x00, 0x00
	.byte 0x00, 0x00, 0x00, 0x00, 0x00, 0x00, 0x00, 0x00, 0x00, 0x00, 0x00, 0x00, 0x00, 0x00, 0x00, 0x00
	.byte 0x00, 0x00, 0x00, 0x00, 0x00, 0x00, 0x00, 0x00, 0x00, 0x00, 0x00, 0x00, 0x00, 0x00, 0x00, 0x00
	.byte 0x00, 0x00, 0x00, 0x00, 0x00, 0x00, 0x00, 0x00, 0x00, 0x00, 0x00, 0x00, 0x00, 0x00, 0x00, 0x00
	.byte 0x00, 0x00, 0x00, 0x00, 0x00, 0x00, 0x00, 0x00, 0x00, 0x00, 0x00, 0x00, 0x00, 0x00, 0x00, 0x00
	.byte 0x00, 0x00, 0x00, 0x00, 0x00, 0x00, 0x00, 0x00, 0x00, 0x00, 0x00, 0x00, 0x00, 0x00, 0x00, 0x00
	.byte 0x00, 0x00, 0x00, 0x00, 0x00, 0x00, 0x00, 0x00, 0x00, 0x00, 0x00, 0x00, 0x00, 0x00, 0x00, 0x00
	.byte 0x00, 0x00, 0x00, 0x00, 0x00, 0x00, 0x00, 0x00, 0x00, 0x00, 0x00, 0x00, 0x00, 0x00, 0x00, 0x00
	.byte 0x00, 0x00, 0x00, 0x00, 0x00, 0x00, 0x00, 0x00, 0x00, 0x00, 0x00, 0x00, 0x00, 0x00, 0x00, 0x00
	.byte 0x00, 0x00, 0x00, 0x00, 0x00, 0x00, 0x00, 0x00, 0x00, 0x00, 0x00, 0x00, 0x00, 0x00, 0x00, 0x00
	.byte 0x00, 0x00, 0x00, 0x00, 0x00, 0x00, 0x00, 0x00, 0x00, 0x00, 0x00, 0x00, 0x00, 0x00, 0x00, 0x00
	.byte 0x00, 0x00, 0x00, 0x00, 0x00, 0x00, 0x00, 0x00, 0x00, 0x00, 0x00, 0x00, 0x00, 0x00, 0x00, 0x00
	.byte 0x00, 0x00, 0x00, 0x00, 0x00, 0x00, 0x00, 0x00, 0x00, 0x00, 0x00, 0x00, 0x00, 0x00, 0x00, 0x00
	.byte 0x00, 0x00, 0x00, 0x00, 0x00, 0x00, 0x00, 0x00, 0x00, 0x00, 0x00, 0x00, 0x00, 0x00, 0x00, 0x00
	.byte 0x00, 0x00, 0x00, 0x00, 0x00, 0x00, 0x00, 0x00, 0x00, 0x00, 0x00, 0x00, 0x00, 0x00, 0x00, 0x00
	.byte 0x00, 0x00, 0x00, 0x00, 0x00, 0x00, 0x00, 0x00, 0x00, 0x00, 0x00, 0x00, 0x00, 0x00, 0x00, 0x00
	.byte 0x00, 0x00, 0x00, 0x00, 0x00, 0x00, 0x00, 0x00, 0x00, 0x00, 0x00, 0x00, 0x00, 0x00, 0x00, 0x00
	.byte 0x00, 0x00, 0x00, 0x00, 0x00, 0x00, 0x00, 0x00, 0x00, 0x00, 0x00, 0x00, 0x00, 0x00, 0x00, 0x00
	.byte 0x00, 0x00, 0x00, 0x00, 0x00, 0x00, 0x00, 0x00, 0x00, 0x00, 0x00, 0x00, 0x00, 0x00, 0x00, 0x00
	.byte 0x00, 0x00, 0x00, 0x00, 0x00, 0x00, 0x00, 0x00, 0x00, 0x00, 0x00, 0x00, 0x00, 0x00, 0x00, 0x00
	.byte 0x00, 0x00, 0x00, 0x00, 0x00, 0x00, 0x00, 0x00, 0x00, 0x00, 0x00, 0x00, 0x00, 0x00, 0x00, 0x00
	.byte 0x00, 0x00, 0x00, 0x00, 0x00, 0x00, 0x00, 0x00, 0x00, 0x00, 0x00, 0x00, 0x00, 0x00, 0x00, 0x00
	.byte 0x00, 0x00, 0x00, 0x00, 0x00, 0x00, 0x00, 0x00, 0x00, 0x00, 0x00, 0x00, 0x00, 0x00, 0x00, 0x00
	.byte 0x00, 0x00, 0x00, 0x00, 0x00, 0x00, 0x00, 0x00, 0x00, 0x00, 0x00, 0x00, 0x00, 0x00, 0x00, 0x00
	.byte 0x00, 0x00, 0x00, 0x00, 0x00, 0x00, 0x00, 0x00, 0x00, 0x00, 0x00, 0x00, 0x00, 0x00, 0x00, 0x00
	.byte 0x00, 0x00, 0x00, 0x00, 0x00, 0x00, 0x00, 0x00, 0x00, 0x00, 0x00, 0x00, 0x00, 0x00, 0x00, 0x00
	.byte 0x00, 0x00, 0x00, 0x00, 0x00, 0x00, 0x00, 0x00, 0x00, 0x00, 0x00, 0x00, 0x00, 0x00, 0x00, 0x00
	.byte 0x00, 0x00, 0x00, 0x00, 0x00, 0x00, 0x00, 0x00, 0x00, 0x00, 0x00, 0x00, 0x00, 0x00, 0x00, 0x00
	.byte 0x00, 0x00, 0x00, 0x00, 0x00, 0x00, 0x00, 0x00, 0x00, 0x00, 0x00, 0x00, 0x00, 0x00, 0x00, 0x00
	.byte 0x00, 0x00, 0x00, 0x00, 0x00, 0x00, 0x00, 0x00, 0x00, 0x00, 0x00, 0x00, 0x00, 0x00, 0x00, 0x00
	.byte 0x00, 0x00, 0x00, 0x00, 0x00, 0x00, 0x00, 0x00, 0x00, 0x00, 0x00, 0x00, 0x00, 0x00, 0x00, 0x00
	.byte 0x00, 0x00, 0x00, 0x00, 0x00, 0x00, 0x00, 0x00, 0x00, 0x00, 0x00, 0x00, 0x00, 0x00, 0x00, 0x00
	.byte 0x00, 0x00, 0x00, 0x00, 0x00, 0x00, 0x00, 0x00, 0x00, 0x00, 0x00, 0x00, 0x00, 0x00, 0x00, 0x00
	.byte 0x00, 0x00, 0x00, 0x00, 0x00, 0x00, 0x00, 0x00, 0x00, 0x00, 0x00, 0x00, 0x00, 0x00, 0x00, 0x00
	.byte 0x00, 0x00, 0x00, 0x00, 0x00, 0x00, 0x00, 0x00, 0x00, 0x00, 0x00, 0x00, 0x00, 0x00, 0x00, 0x00
	.byte 0x00, 0x00, 0x00, 0x00, 0x00, 0x00, 0x00, 0x00, 0x00, 0x00, 0x00, 0x00, 0x00, 0x00, 0x00, 0x00
	.byte 0x00, 0x00, 0x00, 0x00, 0x00, 0x00, 0x00, 0x00, 0x00, 0x00, 0x00, 0x00, 0x00, 0x00, 0x00, 0x00
	.byte 0x00, 0x00, 0x00, 0x00, 0x00, 0x00, 0x00, 0x00, 0x00, 0x00, 0x00, 0x00, 0x00, 0x00, 0x00, 0x00
	.byte 0x00, 0x00, 0x00, 0x00, 0x00, 0x00, 0x00, 0x00, 0x00, 0x00, 0x00, 0x00, 0x00, 0x00, 0x00, 0x00
	.byte 0x00, 0x00, 0x00, 0x00, 0x00, 0x00, 0x00, 0x00, 0x00, 0x00, 0x00, 0x00, 0x00, 0x00, 0x00, 0x00
	.byte 0x00, 0x00, 0x00, 0x00, 0x00, 0x00, 0x00, 0x00, 0x00, 0x00, 0x00, 0x00, 0x00, 0x00, 0x00, 0x00
	.byte 0x00, 0x00, 0x00, 0x00, 0x00, 0x00, 0x00, 0x00, 0x00, 0x00, 0x00, 0x00, 0x00, 0x00, 0x00, 0x00
	.byte 0x00, 0x00, 0x00, 0x00, 0x00, 0x00, 0x00, 0x00, 0x00, 0x00, 0x00, 0x00, 0x00, 0x00, 0x00, 0x00
	.byte 0x00, 0x00, 0x00, 0x00, 0x00, 0x00, 0x00, 0x00, 0x00, 0x00, 0x00, 0x00, 0x00, 0x00, 0x00, 0x00
	.byte 0x00, 0x00, 0x00, 0x00, 0x00, 0x00, 0x00, 0x00, 0x00, 0x00, 0x00, 0x00, 0x00, 0x00, 0x00, 0x00
	.byte 0x00, 0x00, 0x00, 0x00, 0x00, 0x00, 0x00, 0x00, 0x00, 0x00, 0x00, 0x00, 0x00, 0x00, 0x00, 0x00
	.byte 0x00, 0x00, 0x00, 0x00, 0x00, 0x00, 0x00, 0x00, 0x00, 0x00, 0x00, 0x00, 0x00, 0x00, 0x00, 0x00
	.byte 0x00, 0x00, 0x00, 0x00, 0x00, 0x00, 0x00, 0x00, 0x00, 0x00, 0x00, 0x00, 0x00, 0x00, 0x00, 0x00
	.byte 0x00, 0x00, 0x00, 0x00, 0x00, 0x00, 0x00, 0x00, 0x00, 0x00, 0x00, 0x00, 0x00, 0x00, 0x00, 0x00
	.byte 0x00, 0x00, 0x00, 0x00, 0x00, 0x00, 0x00, 0x00, 0x00, 0x00, 0x00, 0x00, 0x00, 0x00, 0x00, 0x00
	.byte 0x00, 0x00, 0x00, 0x00, 0x00, 0x00, 0x00, 0x00, 0x00, 0x00, 0x00, 0x00, 0x00, 0x00, 0x00, 0x00
	.byte 0x00, 0x00, 0x00, 0x00, 0x00, 0x00, 0x00, 0x00, 0x00, 0x00, 0x00, 0x00, 0x00, 0x00, 0x00, 0x00
	.byte 0x00, 0x00, 0x00, 0x00, 0x00, 0x00, 0x00, 0x00, 0x00, 0x00, 0x00, 0x00, 0x00, 0x00, 0x00, 0x00
	.byte 0x00, 0x00, 0x00, 0x00, 0x00, 0x00, 0x00, 0x00, 0x00, 0x00, 0x00, 0x00, 0x00, 0x00, 0x00, 0x00
	.byte 0x00, 0x00, 0x00, 0x00, 0x00, 0x00, 0x00, 0x00, 0x00, 0x00, 0x00, 0x00, 0x00, 0x00, 0x00, 0x00
	.byte 0x00, 0x00, 0x00, 0x00, 0x00, 0x00, 0x00, 0x00, 0x00, 0x00, 0x00, 0x00, 0x00, 0x00, 0x00, 0x00
	.byte 0x00, 0x00, 0x00, 0x00, 0x00, 0x00, 0x00, 0x00, 0x00, 0x00, 0x00, 0x00, 0x00, 0x00, 0x00, 0x00
	.byte 0x00, 0x00, 0x00, 0x00, 0x00, 0x00, 0x00, 0x00, 0x00, 0x00, 0x00, 0x00, 0x00, 0x00, 0x00, 0x00
	.byte 0x00, 0x00, 0x00, 0x00, 0x00, 0x00, 0x00, 0x00, 0x00, 0x00, 0x00, 0x00, 0x00, 0x00, 0x00, 0x00
	.byte 0x00, 0x00, 0x00, 0x00, 0x00, 0x00, 0x00, 0x00, 0x00, 0x00, 0x00, 0x00, 0x00, 0x00, 0x00, 0x00
	.byte 0x00, 0x00, 0x00, 0x00, 0x00, 0x00, 0x00, 0x00, 0x00, 0x00, 0x00, 0x00, 0x00, 0x00, 0x00, 0x00
	.byte 0x00, 0x00, 0x00, 0x00, 0x00, 0x00, 0x00, 0x00, 0x00, 0x00, 0x00, 0x00, 0x00, 0x00, 0x00, 0x00
	.byte 0x00, 0x00, 0x00, 0x00, 0x00, 0x00, 0x00, 0x00, 0x00, 0x00, 0x00, 0x00, 0x00, 0x00, 0x00, 0x00
	.byte 0x00, 0x00, 0x00, 0x00, 0x00, 0x00, 0x00, 0x00, 0x00, 0x00, 0x00, 0x00, 0x00, 0x00, 0x00, 0x00
	.byte 0x00, 0x00, 0x00, 0x00, 0x00, 0x00, 0x00, 0x00, 0x00, 0x00, 0x00, 0x00, 0x00, 0x00, 0x00, 0x00
	.byte 0x00, 0x00, 0x00, 0x00, 0x00, 0x00, 0x00, 0x00, 0x00, 0x00, 0x00, 0x00, 0x00, 0x00, 0x00, 0x00
	.byte 0x00, 0x00, 0x00, 0x00, 0x00, 0x00, 0x00, 0x00, 0x00, 0x00, 0x00, 0x00, 0x00, 0x00, 0x00, 0x00
	.byte 0x00, 0x00, 0x00, 0x00, 0x00, 0x00, 0x00, 0x00, 0x00, 0x00, 0x00, 0x00, 0x00, 0x00, 0x00, 0x00
	.byte 0x00, 0x00, 0x00, 0x00, 0x00, 0x00, 0x00, 0x00, 0x00, 0x00, 0x00, 0x00, 0x00, 0x00, 0x00, 0x00
	.byte 0x00, 0x00, 0x00, 0x00, 0x00, 0x00, 0x00, 0x00, 0x00, 0x00, 0x00, 0x00, 0x00, 0x00, 0x00, 0x00
	.byte 0x00, 0x00, 0x00, 0x00, 0x00, 0x00, 0x00, 0x00, 0x00, 0x00, 0x00, 0x00, 0x00, 0x00, 0x00, 0x00
	.byte 0x00, 0x00, 0x00, 0x00, 0x00, 0x00, 0x00, 0x00, 0x00, 0x00, 0x00, 0x00, 0x00, 0x00, 0x00, 0x00
	.byte 0x00, 0x00, 0x00, 0x00, 0x00, 0x00, 0x00, 0x00, 0x00, 0x00, 0x00, 0x00, 0x00, 0x00, 0x00, 0x00
	.byte 0x00, 0x00, 0x00, 0x00, 0x00, 0x00, 0x00, 0x00, 0x00, 0x00, 0x00, 0x00, 0x00, 0x00, 0x00, 0x00
	.byte 0x00, 0x00, 0x00, 0x00, 0x00, 0x00, 0x00, 0x00, 0x00, 0x00, 0x00, 0x00, 0x00, 0x00, 0x00, 0x00
	.byte 0x00, 0x00, 0x00, 0x00, 0x00, 0x00, 0x00, 0x00, 0x00, 0x00, 0x00, 0x00, 0x00, 0x00, 0x00, 0x00
	.byte 0x00, 0x00, 0x00, 0x00, 0x00, 0x00, 0x00, 0x00, 0x00, 0x00, 0x00, 0x00, 0x00, 0x00, 0x00, 0x00
	.byte 0x00, 0x00, 0x00, 0x00, 0x00, 0x00, 0x00, 0x00, 0x00, 0x00, 0x00, 0x00, 0x00, 0x00, 0x00, 0x00
	.byte 0x00, 0x00, 0x00, 0x00, 0x00, 0x00, 0x00, 0x00, 0x00, 0x00, 0x00, 0x00, 0x00, 0x00, 0x00, 0x00
	.byte 0x00, 0x00, 0x00, 0x00, 0x00, 0x00, 0x00, 0x00, 0x00, 0x00, 0x00, 0x00, 0x00, 0x00, 0x00, 0x00
	.byte 0x00, 0x00, 0x00, 0x00, 0x00, 0x00, 0x00, 0x00, 0x00, 0x00, 0x00, 0x00, 0x00, 0x00, 0x00, 0x00
	.byte 0x00, 0x00, 0x00, 0x00, 0x00, 0x00, 0x00, 0x00, 0x00, 0x00, 0x00, 0x00, 0x00, 0x00, 0x00, 0x00
	.byte 0x00, 0x00, 0x00, 0x00, 0x00, 0x00, 0x00, 0x00, 0x00, 0x00, 0x00, 0x00, 0x00, 0x00, 0x00, 0x00
	.byte 0x00, 0x00, 0x00, 0x00, 0x00, 0x00, 0x00, 0x00, 0x00, 0x00, 0x00, 0x00, 0x00, 0x00, 0x00, 0x00
	.byte 0x00, 0x00, 0x00, 0x00, 0x00, 0x00, 0x00, 0x00, 0x00, 0x00, 0x00, 0x00, 0x00, 0x00, 0x00, 0x00
	.byte 0x00, 0x00, 0x00, 0x00, 0x00, 0x00, 0x00, 0x00, 0x00, 0x00, 0x00, 0x00, 0x00, 0x00, 0x00, 0x00
	.byte 0x00, 0x00, 0x00, 0x00, 0x00, 0x00, 0x00, 0x00, 0x00, 0x00, 0x00, 0x00, 0x00, 0x00, 0x00, 0x00
	.byte 0x00, 0x00, 0x00, 0x00, 0x00, 0x00, 0x00, 0x00, 0x00, 0x00, 0x00, 0x00, 0x00, 0x00, 0x00, 0x00
	.byte 0x00, 0x00, 0x00, 0x00, 0x00, 0x00, 0x00, 0x00, 0x00, 0x00, 0x00, 0x00, 0x00, 0x00, 0x00, 0x00
	.byte 0x00, 0x00, 0x00, 0x00, 0x00, 0x00, 0x00, 0x00, 0x00, 0x00, 0x00, 0x00, 0x00, 0x00, 0x00, 0x00
	.byte 0x00, 0x00, 0x00, 0x00, 0x00, 0x00, 0x00, 0x00, 0x00, 0x00, 0x00, 0x00, 0x00, 0x00, 0x00, 0x00
	.byte 0x00, 0x00, 0x00, 0x00, 0x00, 0x00, 0x00, 0x00, 0x00, 0x00, 0x00, 0x00, 0x00, 0x00, 0x00, 0x00
	.byte 0x00, 0x00, 0x00, 0x00, 0x00, 0x00, 0x00, 0x00, 0x00, 0x00, 0x00, 0x00, 0x00, 0x00, 0x00, 0x00
	.byte 0x00, 0x00, 0x00, 0x00, 0x00, 0x00, 0x00, 0x00, 0x00, 0x00, 0x00, 0x00, 0x00, 0x00, 0x00, 0x00
	.byte 0x00, 0x00, 0x00, 0x00, 0x00, 0x00, 0x00, 0x00, 0x00, 0x00, 0x00, 0x00, 0x00, 0x00, 0x00, 0x00
	.byte 0x00, 0x00, 0x00, 0x00, 0x00, 0x00, 0x00, 0x00, 0x00, 0x00, 0x00, 0x00, 0x00, 0x00, 0x00, 0x00
	.byte 0x00, 0x00, 0x00, 0x00, 0x00, 0x00, 0x00, 0x00, 0x00, 0x00, 0x00, 0x00, 0x00, 0x00, 0x00, 0x00
	.byte 0x00, 0x00, 0x00, 0x00, 0x00, 0x00, 0x00, 0x00, 0x00, 0x00, 0x00, 0x00, 0x00, 0x00, 0x00, 0x00
	.byte 0x00, 0x00, 0x00, 0x00, 0x00, 0x00, 0x00, 0x00, 0x00, 0x00, 0x00, 0x00, 0x00, 0x00, 0x00, 0x00
	.byte 0x00, 0x00, 0x00, 0x00, 0x00, 0x00, 0x00, 0x00, 0x00, 0x00, 0x00, 0x00, 0x00, 0x00, 0x00, 0x00
	.byte 0x00, 0x00, 0x00, 0x00, 0x00, 0x00, 0x00, 0x00, 0x00, 0x00, 0x00, 0x00, 0x00, 0x00, 0x00, 0x00
	.byte 0x00, 0x00, 0x00, 0x00, 0x00, 0x00, 0x00, 0x00, 0x00, 0x00, 0x00, 0x00, 0x00, 0x00, 0x00, 0x00
	.byte 0x00, 0x00, 0x00, 0x00, 0x00, 0x00, 0x00, 0x00, 0x00, 0x00, 0x00, 0x00, 0x00, 0x00, 0x00, 0x00
	.byte 0x00, 0x00, 0x00, 0x00, 0x00, 0x00, 0x00, 0x00, 0x00, 0x00, 0x00, 0x00, 0x00, 0x00, 0x00, 0x00
	.byte 0x00, 0x00, 0x00, 0x00, 0x00, 0x00, 0x00, 0x00, 0x00, 0x00, 0x00, 0x00, 0x00, 0x00, 0x00, 0x00
	.byte 0x00, 0x00, 0x00, 0x00, 0x00, 0x00, 0x00, 0x00, 0x00, 0x00, 0x00, 0x00, 0x00, 0x00, 0x00, 0x00
	.byte 0x00, 0x00, 0x00, 0x00, 0x00, 0x00, 0x00, 0x00, 0x00, 0x00, 0x00, 0x00, 0x00, 0x00, 0x00, 0x00
	.byte 0x00, 0x00, 0x00, 0x00, 0x00, 0x01, 0x02, 0x01, 0x02, 0x00, 0x00, 0x00, 0x00, 0x00, 0x00, 0x00
	.byte 0x00, 0x00, 0x00, 0x00, 0x00, 0x00, 0x00, 0x00, 0x00, 0x00, 0x00, 0x00, 0x00, 0x00, 0x00, 0x00
	.byte 0x00, 0x00, 0x00, 0x00, 0x00, 0x00, 0x00, 0x00, 0x00, 0x00, 0x00, 0x00, 0x00, 0x00, 0x00, 0x00
	.byte 0x00, 0x00, 0x00, 0x00, 0x00, 0x00, 0x00, 0x00, 0x00, 0x00, 0x00, 0x00, 0x00, 0x00, 0x00, 0x00
	.byte 0x00, 0x00, 0x00, 0x00, 0x00, 0x00, 0x00, 0x00, 0x00, 0x00, 0x00, 0x00, 0x00, 0x00, 0x00, 0x00
	.byte 0x00, 0x00, 0x00, 0x00, 0x00, 0x00, 0x00, 0x00, 0x00, 0x00, 0x00, 0x00, 0x00, 0x00, 0x00, 0x00
	.byte 0x00, 0x00, 0x00, 0x00, 0x00, 0x00, 0x00, 0x00, 0x00, 0x00, 0x00, 0x00, 0x00, 0x00, 0x00, 0x00
	.byte 0x00, 0x00, 0x00, 0x00, 0x00, 0x00, 0x00, 0x00, 0x00, 0x00, 0x00, 0x01, 0x02, 0x00, 0x00, 0x00
	.byte 0x00, 0x00, 0x03, 0x04, 0x03, 0x04, 0x00, 0x01, 0x02, 0x00, 0x01, 0x02, 0x00, 0x00, 0x00, 0x00
	.byte 0x00, 0x00, 0x00, 0x00, 0x00, 0x00, 0x00, 0x00, 0x00, 0x00, 0x00, 0x00, 0x00, 0x00, 0x00, 0x00
	.byte 0x00, 0x00, 0x00, 0x00, 0x00, 0x00, 0x00, 0x00, 0x00, 0x00, 0x00, 0x00, 0x00, 0x00, 0x00, 0x00
	.byte 0x00, 0x00, 0x00, 0x00, 0x00, 0x00, 0x00, 0x00, 0x00, 0x00, 0x00, 0x00, 0x00, 0x00, 0x00, 0x00
	.byte 0x00, 0x00, 0x00, 0x00, 0x00, 0x00, 0x00, 0x00, 0x00, 0x00, 0x00, 0x00, 0x00, 0x00, 0x00, 0x00
	.byte 0x00, 0x00, 0x00, 0x00, 0x00, 0x00, 0x00, 0x00, 0x00, 0x00, 0x00, 0x00, 0x00, 0x00, 0x00, 0x00
	.byte 0x00, 0x00, 0x00, 0x00, 0x00, 0x00, 0x00, 0x00, 0x00, 0x00, 0x00, 0x00, 0x00, 0x00, 0x00, 0x00
	.byte 0x00, 0x00, 0x00, 0x00, 0x00, 0x00, 0x00, 0x00, 0x03, 0x04, 0x00, 0x00, 0x05, 0x06, 0x06, 0x06
	.byte 0x06, 0x06, 0x06, 0x05, 0x03, 0x04, 0x00, 0x03, 0x04, 0x01, 0x02, 0x00, 0x00, 0x00, 0x00, 0x00
	.byte 0x00, 0x00, 0x00, 0x00, 0x00, 0x00, 0x00, 0x00, 0x00, 0x00, 0x00, 0x00, 0x00, 0x00, 0x00, 0x00
	.byte 0x00, 0x00, 0x00, 0x00, 0x00, 0x00, 0x00, 0x00, 0x00, 0x00, 0x00, 0x00, 0x00, 0x00, 0x00, 0x00
	.byte 0x00, 0x00, 0x00, 0x00, 0x00, 0x00, 0x00, 0x00, 0x00, 0x00, 0x00, 0x00, 0x00, 0x00, 0x00, 0x00
	.byte 0x00, 0x00, 0x00, 0x00, 0x00, 0x00, 0x00, 0x00, 0x00, 0x00, 0x00, 0x00, 0x00, 0x00, 0x00, 0x00
	.byte 0x00, 0x00, 0x00, 0x00, 0x00, 0x00, 0x00, 0x00, 0x00, 0x00, 0x00, 0x00, 0x00, 0x00, 0x00, 0x00
	.byte 0x00, 0x00, 0x00, 0x00, 0x00, 0x00, 0x00, 0x00, 0x00, 0x00, 0x00, 0x00, 0x00, 0x00, 0x00, 0x00
	.byte 0x00, 0x00, 0x00, 0x00, 0x07, 0x08, 0x09, 0x0A, 0x0B, 0x0C, 0x0D, 0x0D, 0x0D, 0x0D, 0x0D, 0x0D
	.byte 0x0C, 0x0B, 0x0E, 0x00, 0x0F, 0x10, 0x03, 0x04, 0x01, 0x02, 0x00, 0x00, 0x00, 0x00, 0x00, 0x00
	.byte 0x00, 0x00, 0x00, 0x00, 0x00, 0x00, 0x00, 0x00, 0x00, 0x00, 0x00, 0x00, 0x00, 0x00, 0x00, 0x00
	.byte 0x00, 0x00, 0x00, 0x00, 0x00, 0x00, 0x00, 0x00, 0x00, 0x00, 0x00, 0x00, 0x00, 0x00, 0x00, 0x00
	.byte 0x00, 0x00, 0x00, 0x00, 0x00, 0x00, 0x00, 0x00, 0x00, 0x00, 0x00, 0x00, 0x00, 0x00, 0x00, 0x00
	.byte 0x00, 0x00, 0x00, 0x00, 0x00, 0x00, 0x00, 0x00, 0x00, 0x00, 0x00, 0x00, 0x00, 0x00, 0x00, 0x00
	.byte 0x00, 0x00, 0x00, 0x00, 0x00, 0x00, 0x00, 0x00, 0x00, 0x00, 0x00, 0x00, 0x00, 0x00, 0x00, 0x00
	.byte 0x00, 0x00, 0x00, 0x00, 0x00, 0x00, 0x00, 0x00, 0x00, 0x00, 0x00, 0x00, 0x00, 0x00, 0x00, 0x00
	.byte 0x00, 0x11, 0x12, 0x13, 0x14, 0x00, 0x00, 0x00, 0x00, 0x00, 0x00, 0x00, 0x00, 0x00, 0x00, 0x00
	.byte 0x15, 0x16, 0x17, 0x18, 0x10, 0x03, 0x04, 0x01, 0x02, 0x00, 0x00, 0x00, 0x00, 0x00, 0x00, 0x00
	.byte 0x00, 0x00, 0x00, 0x00, 0x00, 0x00, 0x00, 0x00, 0x00, 0x00, 0x00, 0x00, 0x00, 0x00, 0x00, 0x00
	.byte 0x00, 0x00, 0x00, 0x00, 0x00, 0x00, 0x00, 0x00, 0x00, 0x00, 0x00, 0x00, 0x00, 0x00, 0x00, 0x00
	.byte 0x00, 0x00, 0x00, 0x00, 0x00, 0x00, 0x00, 0x00, 0x00, 0x00, 0x00, 0x00, 0x00, 0x00, 0x00, 0x00
	.byte 0x00, 0x00, 0x00, 0x00, 0x00, 0x00, 0x00, 0x00, 0x00, 0x00, 0x00, 0x00, 0x00, 0x00, 0x00, 0x00
	.byte 0x00, 0x00, 0x00, 0x00, 0x00, 0x00, 0x00, 0x00, 0x00, 0x00, 0x00, 0x00, 0x00, 0x00, 0x00, 0x00
	.byte 0x00, 0x00, 0x00, 0x00, 0x00, 0x00, 0x00, 0x00, 0x00, 0x00, 0x00, 0x00, 0x09, 0x19, 0x1A, 0x1B
	.byte 0x00, 0x00, 0x00, 0x00, 0x00, 0x00, 0x00, 0x00, 0x00, 0x00, 0x00, 0x00, 0x00, 0x00, 0x00, 0x1C
	.byte 0x1D, 0x17, 0x18, 0x10, 0x03, 0x04, 0x00, 0x00, 0x00, 0x00, 0x00, 0x00, 0x00, 0x00, 0x00, 0x00
	.byte 0x00, 0x00, 0x00, 0x00, 0x00, 0x00, 0x00, 0x00, 0x00, 0x00, 0x00, 0x00, 0x00, 0x00, 0x00, 0x00
	.byte 0x00, 0x00, 0x00, 0x00, 0x00, 0x00, 0x00, 0x00, 0x00, 0x00, 0x00, 0x00, 0x00, 0x00, 0x00, 0x00
	.byte 0x00, 0x00, 0x00, 0x00, 0x00, 0x00, 0x00, 0x00, 0x00, 0x00, 0x00, 0x00, 0x00, 0x00, 0x00, 0x00
	.byte 0x00, 0x00, 0x00, 0x00, 0x00, 0x00, 0x00, 0x00, 0x00, 0x00, 0x00, 0x00, 0x00, 0x00, 0x00, 0x00
	.byte 0x00, 0x00, 0x00, 0x00, 0x00, 0x00, 0x00, 0x00, 0x00, 0x00, 0x00, 0x00, 0x00, 0x00, 0x00, 0x00
	.byte 0x00, 0x00, 0x00, 0x00, 0x01, 0x02, 0x00, 0x09, 0x1E, 0x1F, 0x1B, 0x00, 0x00, 0x00, 0x00, 0x00
	.byte 0x00, 0x00, 0x00, 0x00, 0x00, 0x00, 0x00, 0x00, 0x00, 0x00, 0x00, 0x00, 0x00, 0x00, 0x1C, 0x1D
	.byte 0x17, 0x18, 0x00, 0x00, 0x00, 0x00, 0x00, 0x00, 0x00, 0x00, 0x00, 0x00, 0x00, 0x00, 0x00, 0x00
	.byte 0x00, 0x00, 0x00, 0x00, 0x00, 0x00, 0x00, 0x00, 0x00, 0x00, 0x00, 0x00, 0x00, 0x00, 0x00, 0x00
	.byte 0x00, 0x00, 0x00, 0x00, 0x00, 0x00, 0x00, 0x00, 0x00, 0x00, 0x00, 0x00, 0x00, 0x00, 0x00, 0x00
	.byte 0x00, 0x00, 0x00, 0x00, 0x00, 0x00, 0x00, 0x00, 0x00, 0x00, 0x00, 0x00, 0x00, 0x00, 0x00, 0x00
	.byte 0x00, 0x00, 0x00, 0x00, 0x00, 0x00, 0x00, 0x00, 0x00, 0x00, 0x00, 0x00, 0x00, 0x00, 0x00, 0x00
	.byte 0x00, 0x00, 0x00, 0x00, 0x00, 0x00, 0x00, 0x00, 0x00, 0x00, 0x00, 0x00, 0x00, 0x00, 0x00, 0x00
	.byte 0x00, 0x03, 0x04, 0x20, 0x1F, 0x1B, 0x00, 0x00, 0x00, 0x00, 0x00, 0x00, 0x21, 0x22, 0x23, 0x24
	.byte 0x25, 0x26, 0x24, 0x27, 0x28, 0x29, 0x2A, 0x00, 0x00, 0x00, 0x00, 0x00, 0x00, 0x1C, 0x2B, 0x2C
	.byte 0x2D, 0x00, 0x00, 0x00, 0x00, 0x00, 0x00, 0x00, 0x00, 0x00, 0x00, 0x00, 0x00, 0x00, 0x00, 0x00
	.byte 0x00, 0x00, 0x00, 0x00, 0x00, 0x00, 0x00, 0x00, 0x00, 0x00, 0x00, 0x00, 0x00, 0x00, 0x00, 0x00
	.byte 0x00, 0x00, 0x00, 0x00, 0x00, 0x00, 0x00, 0x00, 0x00, 0x00, 0x00, 0x00, 0x00, 0x00, 0x00, 0x00
	.byte 0x00, 0x00, 0x00, 0x00, 0x00, 0x00, 0x00, 0x00, 0x00, 0x00, 0x00, 0x00, 0x00, 0x00, 0x00, 0x00
	.byte 0x00, 0x00, 0x00, 0x00, 0x00, 0x00, 0x00, 0x00, 0x00, 0x00, 0x00, 0x00, 0x00, 0x00, 0x00, 0x00
	.byte 0x00, 0x00, 0x00, 0x00, 0x00, 0x00, 0x00, 0x00, 0x00, 0x00, 0x00, 0x00, 0x00, 0x00, 0x00, 0x2E
	.byte 0x2F, 0x00, 0x00, 0x00, 0x00, 0x00, 0x00, 0x21, 0x30, 0x31, 0x32, 0x01, 0x02, 0x01, 0x02, 0x01
	.byte 0x02, 0x01, 0x33, 0x34, 0x35, 0x2A, 0x00, 0x00, 0x00, 0x00, 0x00, 0x00, 0x36, 0x37, 0x38, 0x2D
	.byte 0x00, 0x00, 0x01, 0x02, 0x00, 0x00, 0x00, 0x00, 0x00, 0x00, 0x00, 0x00, 0x00, 0x00, 0x00, 0x00
	.byte 0x00, 0x00, 0x00, 0x00, 0x00, 0x00, 0x00, 0x00, 0x00, 0x00, 0x00, 0x00, 0x00, 0x00, 0x00, 0x00
	.byte 0x00, 0x00, 0x00, 0x00, 0x00, 0x00, 0x00, 0x00, 0x00, 0x00, 0x00, 0x00, 0x00, 0x00, 0x00, 0x00
	.byte 0x00, 0x00, 0x00, 0x00, 0x00, 0x00, 0x00, 0x00, 0x00, 0x00, 0x00, 0x00, 0x00, 0x00, 0x00, 0x00
	.byte 0x00, 0x00, 0x00, 0x00, 0x00, 0x00, 0x00, 0x00, 0x00, 0x00, 0x00, 0x00, 0x00, 0x00, 0x00, 0x00
	.byte 0x00, 0x00, 0x00, 0x00, 0x00, 0x00, 0x00, 0x00, 0x00, 0x00, 0x00, 0x39, 0x3A, 0x00, 0x00, 0x00
	.byte 0x00, 0x00, 0x21, 0x30, 0x31, 0x3B, 0x02, 0x00, 0x03, 0x04, 0x03, 0x04, 0x03, 0x04, 0x03, 0x04
	.byte 0x01, 0x02, 0x34, 0x35, 0x3C, 0x00, 0x00, 0x00, 0x00, 0x00, 0x00, 0x36, 0x37, 0x3D, 0x0F, 0x3E
	.byte 0x04, 0x00, 0x00, 0x00, 0x00, 0x00, 0x00, 0x00, 0x00, 0x00, 0x00, 0x00, 0x00, 0x00, 0x00, 0x00
	.byte 0x00, 0x00, 0x00, 0x00, 0x00, 0x00, 0x00, 0x00, 0x00, 0x00, 0x00, 0x00, 0x00, 0x00, 0x00, 0x00
	.byte 0x00, 0x00, 0x00, 0x00, 0x00, 0x00, 0x00, 0x00, 0x00, 0x00, 0x00, 0x00, 0x00, 0x00, 0x00, 0x00
	.byte 0x00, 0x00, 0x00, 0x00, 0x00, 0x00, 0x00, 0x00, 0x00, 0x00, 0x00, 0x00, 0x00, 0x00, 0x00, 0x00
	.byte 0x00, 0x00, 0x00, 0x00, 0x00, 0x00, 0x00, 0x00, 0x00, 0x00, 0x00, 0x00, 0x00, 0x00, 0x00, 0x00
	.byte 0x00, 0x00, 0x00, 0x00, 0x00, 0x00, 0x00, 0x00, 0x3F, 0x00, 0x00, 0x00, 0x00, 0x40, 0x41, 0x31
	.byte 0x3B, 0x02, 0x03, 0x04, 0x00, 0x00, 0x00, 0x00, 0x00, 0x01, 0x02, 0x00, 0x00, 0x03, 0x04, 0x00
	.byte 0x00, 0x42, 0x43, 0x3C, 0x00, 0x00, 0x00, 0x00, 0x00, 0x00, 0x15, 0x16, 0x17, 0x18, 0x00, 0x00
	.byte 0x00, 0x00, 0x00, 0x00, 0x00, 0x00, 0x00, 0x00, 0x00, 0x00, 0x00, 0x00, 0x00, 0x00, 0x00, 0x00
	.byte 0x00, 0x00, 0x00, 0x00, 0x00, 0x00, 0x00, 0x00, 0x00, 0x00, 0x00, 0x00, 0x00, 0x00, 0x00, 0x00
	.byte 0x00, 0x00, 0x00, 0x00, 0x00, 0x00, 0x00, 0x00, 0x00, 0x00, 0x00, 0x00, 0x00, 0x00, 0x00, 0x00
	.byte 0x00, 0x00, 0x00, 0x00, 0x00, 0x00, 0x00, 0x00, 0x00, 0x00, 0x00, 0x00, 0x00, 0x00, 0x00, 0x00
	.byte 0x00, 0x00, 0x00, 0x00, 0x00, 0x00, 0x00, 0x00, 0x00, 0x00, 0x00, 0x00, 0x00, 0x00, 0x00, 0x00
	.byte 0x00, 0x00, 0x00, 0x00, 0x00, 0x44, 0x00, 0x00, 0x00, 0x45, 0x46, 0x47, 0x00, 0x03, 0x04, 0x00
	.byte 0x00, 0x00, 0x00, 0x00, 0x00, 0x00, 0x03, 0x04, 0x00, 0x00, 0x00, 0x00, 0x00, 0x00, 0x00, 0x00
	.byte 0x42, 0x43, 0x3C, 0x00, 0x00, 0x00, 0x00, 0x00, 0x00, 0x1C, 0x1D, 0x48, 0x18, 0x00, 0x00, 0x00
	.byte 0x00, 0x00, 0x00, 0x00, 0x00, 0x00, 0x00, 0x00, 0x00, 0x00, 0x00, 0x00, 0x00, 0x00, 0x00, 0x00
	.byte 0x00, 0x00, 0x00, 0x00, 0x00, 0x00, 0x00, 0x00, 0x00, 0x00, 0x00, 0x00, 0x00, 0x00, 0x00, 0x00
	.byte 0x00, 0x00, 0x00, 0x00, 0x00, 0x00, 0x00, 0x00, 0x00, 0x00, 0x00, 0x00, 0x00, 0x00, 0x00, 0x00
	.byte 0x00, 0x00, 0x00, 0x00, 0x00, 0x00, 0x00, 0x00, 0x00, 0x00, 0x00, 0x00, 0x00, 0x00, 0x00, 0x00
	.byte 0x00, 0x00, 0x00, 0x00, 0x00, 0x00, 0x00, 0x00, 0x00, 0x00, 0x00, 0x00, 0x00, 0x00, 0x00, 0x00
	.byte 0x00, 0x00, 0x44, 0x00, 0x00, 0x00, 0x49, 0x4A, 0x01, 0x02, 0x00, 0x00, 0x00, 0x00, 0x00, 0x00
	.byte 0x00, 0x00, 0x00, 0x00, 0x00, 0x00, 0x00, 0x00, 0x00, 0x00, 0x00, 0x00, 0x00, 0x00, 0x00, 0x42
	.byte 0x35, 0x2A, 0x00, 0x00, 0x00, 0x00, 0x00, 0x00, 0x1C, 0x1D, 0x48, 0x0F, 0x4B, 0x00, 0x00, 0x00
	.byte 0x00, 0x00, 0x00, 0x00, 0x00, 0x00, 0x00, 0x00, 0x00, 0x00, 0x00, 0x00, 0x00, 0x00, 0x00, 0x00
	.byte 0x00, 0x00, 0x00, 0x00, 0x00, 0x00, 0x00, 0x00, 0x00, 0x00, 0x00, 0x00, 0x00, 0x00, 0x00, 0x00
	.byte 0x00, 0x00, 0x00, 0x00, 0x00, 0x00, 0x00, 0x00, 0x00, 0x00, 0x00, 0x00, 0x00, 0x00, 0x00, 0x00
	.byte 0x00, 0x00, 0x00, 0x00, 0x00, 0x00, 0x00, 0x00, 0x00, 0x00, 0x00, 0x00, 0x00, 0x00, 0x00, 0x00
	.byte 0x00, 0x00, 0x00, 0x00, 0x00, 0x00, 0x00, 0x00, 0x00, 0x00, 0x00, 0x00, 0x00, 0x00, 0x00, 0x44
	.byte 0x00, 0x00, 0x00, 0x0E, 0x00, 0x03, 0x04, 0x00, 0x00, 0x00, 0x00, 0x00, 0x00, 0x00, 0x00, 0x00
	.byte 0x00, 0x00, 0x00, 0x00, 0x00, 0x00, 0x00, 0x00, 0x00, 0x00, 0x00, 0x00, 0x00, 0x00, 0x34, 0x35
	.byte 0x2A, 0x00, 0x00, 0x00, 0x00, 0x00, 0x00, 0x1C, 0x16, 0x17, 0x18, 0x00, 0x00, 0x00, 0x00, 0x00
	.byte 0x00, 0x00, 0x00, 0x00, 0x00, 0x00, 0x00, 0x00, 0x00, 0x00, 0x00, 0x00, 0x00, 0x00, 0x00, 0x00
	.byte 0x00, 0x00, 0x00, 0x00, 0x00, 0x00, 0x00, 0x00, 0x00, 0x00, 0x00, 0x00, 0x00, 0x00, 0x00, 0x00
	.byte 0x00, 0x00, 0x00, 0x00, 0x00, 0x00, 0x00, 0x00, 0x00, 0x00, 0x00, 0x00, 0x00, 0x00, 0x00, 0x00
	.byte 0x00, 0x00, 0x00, 0x00, 0x00, 0x00, 0x00, 0x00, 0x00, 0x00, 0x00, 0x00, 0x00, 0x00, 0x00, 0x00
	.byte 0x00, 0x00, 0x00, 0x00, 0x00, 0x00, 0x00, 0x00, 0x00, 0x00, 0x00, 0x00, 0x44, 0x00, 0x00, 0x00
	.byte 0x4C, 0x00, 0x00, 0x00, 0x00, 0x01, 0x02, 0x00, 0x00, 0x00, 0x00, 0x00, 0x00, 0x00, 0x00, 0x00
	.byte 0x00, 0x00, 0x00, 0x00, 0x00, 0x00, 0x00, 0x00, 0x00, 0x00, 0x00, 0x01, 0x02, 0x34, 0x35, 0x2A
	.byte 0x00, 0x00, 0x00, 0x00, 0x00, 0x00, 0x1C, 0x1D, 0x48, 0x18, 0x00, 0x00, 0x00, 0x00, 0x00, 0x00
	.byte 0x00, 0x00, 0x00, 0x00, 0x00, 0x00, 0x00, 0x00, 0x00, 0x00, 0x00, 0x00, 0x00, 0x00, 0x00, 0x00
	.byte 0x00, 0x00, 0x00, 0x00, 0x00, 0x00, 0x00, 0x00, 0x00, 0x00, 0x00, 0x00, 0x00, 0x00, 0x00, 0x00
	.byte 0x00, 0x00, 0x00, 0x00, 0x00, 0x00, 0x00, 0x00, 0x00, 0x00, 0x00, 0x00, 0x00, 0x00, 0x00, 0x00
	.byte 0x00, 0x00, 0x00, 0x00, 0x00, 0x00, 0x00, 0x00, 0x00, 0x00, 0x00, 0x00, 0x00, 0x00, 0x00, 0x00
	.byte 0x00, 0x00, 0x00, 0x00, 0x00, 0x00, 0x00, 0x00, 0x00, 0x44, 0x00, 0x00, 0x00, 0x00, 0x4D, 0x0F
	.byte 0x10, 0x00, 0x03, 0x04, 0x00, 0x00, 0x00, 0x00, 0x00, 0x00, 0x00, 0x00, 0x00, 0x00, 0x00, 0x00
	.byte 0x00, 0x00, 0x00, 0x00, 0x00, 0x00, 0x00, 0x00, 0x03, 0x04, 0x00, 0x00, 0x34, 0x35, 0x2A, 0x00
	.byte 0x00, 0x00, 0x00, 0x00, 0x00, 0x1C, 0x1D, 0x48, 0x0F, 0x4B, 0x00, 0x00, 0x00, 0x00, 0x00, 0x00
	.byte 0x00, 0x00, 0x00, 0x01, 0x02, 0x00, 0x00, 0x00, 0x00, 0x00, 0x00, 0x00, 0x00, 0x00, 0x00, 0x00
	.byte 0x00, 0x00, 0x00, 0x00, 0x00, 0x00, 0x00, 0x00, 0x00, 0x00, 0x00, 0x00, 0x00, 0x00, 0x00, 0x00
	.byte 0x00, 0x00, 0x00, 0x00, 0x00, 0x00, 0x00, 0x00, 0x00, 0x00, 0x00, 0x00, 0x00, 0x00, 0x00, 0x00
	.byte 0x00, 0x00, 0x00, 0x00, 0x00, 0x00, 0x00, 0x00, 0x00, 0x00, 0x00, 0x00, 0x00, 0x00, 0x00, 0x00
	.byte 0x00, 0x00, 0x00, 0x00, 0x00, 0x00, 0x44, 0x00, 0x00, 0x00, 0x00, 0x15, 0x16, 0x17, 0x18, 0x10
	.byte 0x00, 0x00, 0x00, 0x00, 0x00, 0x00, 0x00, 0x00, 0x00, 0x00, 0x00, 0x00, 0x00, 0x00, 0x00, 0x00
	.byte 0x00, 0x00, 0x00, 0x00, 0x00, 0x00, 0x00, 0x00, 0x01, 0x02, 0x00, 0x34, 0x35, 0x2A, 0x00, 0x00
	.byte 0x00, 0x00, 0x00, 0x00, 0x1C, 0x16, 0x4E, 0x18, 0x00, 0x00, 0x00, 0x00, 0x00, 0x00, 0x01, 0x02
	.byte 0x03, 0x04, 0x00, 0x00, 0x00, 0x00, 0x00, 0x00, 0x00, 0x00, 0x00, 0x00, 0x00, 0x00, 0x00, 0x00
	.byte 0x00, 0x00, 0x00, 0x00, 0x00, 0x00, 0x00, 0x00, 0x00, 0x00, 0x00, 0x00, 0x00, 0x00, 0x00, 0x00
	.byte 0x00, 0x00, 0x00, 0x00, 0x00, 0x00, 0x00, 0x00, 0x00, 0x00, 0x00, 0x00, 0x00, 0x00, 0x00, 0x00
	.byte 0x00, 0x00, 0x00, 0x00, 0x00, 0x00, 0x00, 0x00, 0x00, 0x00, 0x00, 0x00, 0x00, 0x00, 0x00, 0x00
	.byte 0x00, 0x00, 0x00, 0x4F, 0x50, 0x00, 0x00, 0x00, 0x00, 0x00, 0x1C, 0x1D, 0x17, 0x18, 0x10, 0x00
	.byte 0x01, 0x02, 0x00, 0x00, 0x00, 0x00, 0x00, 0x00, 0x00, 0x00, 0x00, 0x00, 0x00, 0x00, 0x00, 0x00
	.byte 0x00, 0x00, 0x00, 0x00, 0x00, 0x03, 0x04, 0x00, 0x01, 0x02, 0x34, 0x35, 0x2A, 0x00, 0x00, 0x00
	.byte 0x00, 0x00, 0x00, 0x1C, 0x1D, 0x48, 0x18, 0x00, 0x00, 0x00, 0x00, 0x03, 0x04, 0x01, 0x02, 0x00
	.byte 0x00, 0x00, 0x00, 0x00, 0x00, 0x00, 0x00, 0x00, 0x00, 0x00, 0x00, 0x00, 0x00, 0x00, 0x00, 0x00
	.byte 0x00, 0x00, 0x00, 0x00, 0x00, 0x00, 0x00, 0x00, 0x00, 0x00, 0x00, 0x00, 0x00, 0x00, 0x00, 0x00
	.byte 0x00, 0x00, 0x00, 0x00, 0x00, 0x00, 0x00, 0x00, 0x00, 0x00, 0x00, 0x00, 0x00, 0x00, 0x00, 0x00
	.byte 0x00, 0x00, 0x00, 0x00, 0x00, 0x00, 0x00, 0x00, 0x00, 0x00, 0x00, 0x00, 0x00, 0x00, 0x00, 0x00
	.byte 0x51, 0x52, 0x53, 0x00, 0x00, 0x00, 0x00, 0x00, 0x00, 0x1C, 0x1D, 0x17, 0x18, 0x03, 0x04, 0x00
	.byte 0x00, 0x00, 0x00, 0x00, 0x00, 0x00, 0x00, 0x00, 0x00, 0x00, 0x00, 0x00, 0x00, 0x00, 0x00, 0x00
	.byte 0x00, 0x00, 0x00, 0x00, 0x00, 0x03, 0x04, 0x00, 0x00, 0x34, 0x35, 0x2A, 0x00, 0x00, 0x00, 0x00
	.byte 0x00, 0x00, 0x1C, 0x1D, 0x48, 0x0F, 0x4B, 0x00, 0x01, 0x02, 0x03, 0x04, 0x00, 0x00, 0x00, 0x00
	.byte 0x00, 0x00, 0x00, 0x00, 0x00, 0x00, 0x00, 0x00, 0x00, 0x00, 0x00, 0x00, 0x00, 0x00, 0x00, 0x00
	.byte 0x00, 0x00, 0x00, 0x00, 0x00, 0x00, 0x00, 0x00, 0x00, 0x00, 0x00, 0x00, 0x00, 0x00, 0x00, 0x00
	.byte 0x00, 0x00, 0x00, 0x00, 0x00, 0x00, 0x00, 0x00, 0x00, 0x00, 0x00, 0x00, 0x00, 0x00, 0x00, 0x00
	.byte 0x00, 0x00, 0x00, 0x00, 0x00, 0x00, 0x00, 0x00, 0x00, 0x00, 0x00, 0x00, 0x00, 0x01, 0x54, 0x55
	.byte 0x56, 0x57, 0x00, 0x00, 0x00, 0x00, 0x00, 0x00, 0x1C, 0x2B, 0x58, 0x00, 0x00, 0x00, 0x00, 0x00
	.byte 0x00, 0x00, 0x00, 0x00, 0x00, 0x00, 0x00, 0x00, 0x00, 0x00, 0x00, 0x00, 0x00, 0x00, 0x00, 0x00
	.byte 0x00, 0x00, 0x00, 0x00, 0x00, 0x01, 0x02, 0x00, 0x34, 0x35, 0x2A, 0x00, 0x00, 0x00, 0x00, 0x00
	.byte 0x00, 0x1C, 0x16, 0x17, 0x18, 0x03, 0x04, 0x00, 0x00, 0x00, 0x00, 0x00, 0x00, 0x00, 0x00, 0x00
	.byte 0x00, 0x00, 0x00, 0x00, 0x00, 0x00, 0x00, 0x00, 0x00, 0x00, 0x00, 0x00, 0x00, 0x00, 0x00, 0x00
	.byte 0x00, 0x00, 0x00, 0x00, 0x00, 0x00, 0x00, 0x00, 0x00, 0x00, 0x00, 0x00, 0x00, 0x00, 0x00, 0x00
	.byte 0x00, 0x00, 0x00, 0x00, 0x00, 0x00, 0x00, 0x00, 0x00, 0x00, 0x00, 0x00, 0x00, 0x00, 0x00, 0x00
	.byte 0x00, 0x00, 0x00, 0x00, 0x00, 0x00, 0x00, 0x00, 0x00, 0x00, 0x03, 0x04, 0x00, 0x59, 0x5A, 0x56
	.byte 0x57, 0x00, 0x00, 0x00, 0x00, 0x00, 0x00, 0x0B, 0x00, 0x01, 0x02, 0x00, 0x00, 0x00, 0x00, 0x00
	.byte 0x00, 0x00, 0x00, 0x00, 0x00, 0x00, 0x00, 0x00, 0x00, 0x00, 0x00, 0x00, 0x00, 0x00, 0x00, 0x00
	.byte 0x00, 0x00, 0x03, 0x04, 0x00, 0x01, 0x02, 0x34, 0x35, 0x2A, 0x00, 0x00, 0x00, 0x00, 0x00, 0x00
	.byte 0x1C, 0x2B, 0x2C, 0x2D, 0x00, 0x00, 0x00, 0x00, 0x00, 0x00, 0x00, 0x00, 0x00, 0x00, 0x00, 0x00
	.byte 0x00, 0x00, 0x00, 0x00, 0x00, 0x00, 0x00, 0x00, 0x00, 0x00, 0x00, 0x00, 0x00, 0x00, 0x00, 0x00
	.byte 0x00, 0x00, 0x00, 0x00, 0x00, 0x00, 0x00, 0x00, 0x00, 0x00, 0x00, 0x00, 0x00, 0x00, 0x00, 0x00
	.byte 0x00, 0x00, 0x00, 0x00, 0x00, 0x00, 0x00, 0x00, 0x00, 0x00, 0x00, 0x00, 0x00, 0x00, 0x00, 0x00
	.byte 0x00, 0x00, 0x00, 0x00, 0x00, 0x00, 0x00, 0x00, 0x00, 0x00, 0x00, 0x00, 0x59, 0x5A, 0x56, 0x57
	.byte 0x00, 0x00, 0x00, 0x00, 0x5B, 0x5C, 0x03, 0x04, 0x00, 0x00, 0x00, 0x00, 0x00, 0x00, 0x00, 0x00
	.byte 0x00, 0x00, 0x00, 0x00, 0x00, 0x00, 0x00, 0x00, 0x00, 0x00, 0x00, 0x00, 0x00, 0x00, 0x00, 0x00
	.byte 0x00, 0x00, 0x03, 0x04, 0x01, 0x02, 0x34, 0x35, 0x2A, 0x00, 0x00, 0x00, 0x00, 0x00, 0x00, 0x36
	.byte 0x37, 0x38, 0x2D, 0x00, 0x00, 0x01, 0x02, 0x00, 0x00, 0x00, 0x00, 0x00, 0x00, 0x00, 0x00, 0x00
	.byte 0x00, 0x00, 0x00, 0x00, 0x00, 0x00, 0x00, 0x00, 0x00, 0x00, 0x00, 0x00, 0x00, 0x00, 0x00, 0x00
	.byte 0x00, 0x00, 0x00, 0x00, 0x00, 0x00, 0x00, 0x00, 0x01, 0x02, 0x00, 0x00, 0x00, 0x00, 0x00, 0x00
	.byte 0x00, 0x00, 0x00, 0x00, 0x00, 0x00, 0x00, 0x00, 0x00, 0x00, 0x00, 0x00, 0x00, 0x00, 0x00, 0x00
	.byte 0x00, 0x00, 0x00, 0x00, 0x00, 0x00, 0x00, 0x00, 0x00, 0x00, 0x00, 0x59, 0x5A, 0x5D, 0x00, 0x00
	.byte 0x00, 0x5E, 0x4D, 0x00, 0x00, 0x00, 0x00, 0x00, 0x00, 0x00, 0x00, 0x00, 0x00, 0x00, 0x00, 0x00
	.byte 0x00, 0x00, 0x00, 0x00, 0x00, 0x00, 0x00, 0x00, 0x00, 0x00, 0x00, 0x00, 0x00, 0x00, 0x00, 0x00
	.byte 0x00, 0x03, 0x04, 0x00, 0x00, 0x34, 0x35, 0x3C, 0x00, 0x00, 0x00, 0x00, 0x00, 0x00, 0x36, 0x37
	.byte 0x3D, 0x0F, 0x03, 0x04, 0x00, 0x00, 0x00, 0x00, 0x00, 0x00, 0x00, 0x00, 0x00, 0x00, 0x00, 0x00
	.byte 0x00, 0x00, 0x00, 0x00, 0x00, 0x00, 0x00, 0x00, 0x00, 0x00, 0x00, 0x00, 0x01, 0x02, 0x00, 0x00
	.byte 0x00, 0x00, 0x00, 0x00, 0x00, 0x03, 0x04, 0x00, 0x00, 0x00, 0x01, 0x02, 0x00, 0x00, 0x00, 0x00
	.byte 0x00, 0x00, 0x00, 0x00, 0x00, 0x00, 0x00, 0x00, 0x00, 0x00, 0x00, 0x00, 0x00, 0x00, 0x00, 0x00
	.byte 0x00, 0x00, 0x00, 0x00, 0x00, 0x00, 0x00, 0x01, 0x02, 0x00, 0x34, 0x00, 0x00, 0x00, 0x5E, 0x4D
	.byte 0x01, 0x02, 0x00, 0x00, 0x00, 0x00, 0x00, 0x00, 0x00, 0x00, 0x00, 0x00, 0x00, 0x00, 0x00, 0x00
	.byte 0x00, 0x00, 0x00, 0x00, 0x00, 0x00, 0x00, 0x00, 0x00, 0x00, 0x00, 0x00, 0x00, 0x00, 0x00, 0x00
	.byte 0x00, 0x00, 0x00, 0x00, 0x42, 0x43, 0x3C, 0x00, 0x00, 0x00, 0x00, 0x00, 0x00, 0x15, 0x16, 0x48
	.byte 0x18, 0x00, 0x00, 0x00, 0x00, 0x00, 0x00, 0x00, 0x00, 0x00, 0x00, 0x00, 0x00, 0x00, 0x00, 0x00
	.byte 0x00, 0x00, 0x00, 0x00, 0x00, 0x00, 0x00, 0x00, 0x00, 0x03, 0x04, 0x00, 0x00, 0x00, 0x05, 0x06
	.byte 0x06, 0x06, 0x06, 0x06, 0x06, 0x05, 0x00, 0x03, 0x04, 0x00, 0x01, 0x02, 0x00, 0x00, 0x00, 0x00
	.byte 0x00, 0x00, 0x00, 0x00, 0x00, 0x00, 0x00, 0x00, 0x00, 0x00, 0x00, 0x00, 0x00, 0x00, 0x00, 0x00
	.byte 0x00, 0x00, 0x00, 0x00, 0x03, 0x04, 0x00, 0x0B, 0x00, 0x00, 0x00, 0x5E, 0x4D, 0x03, 0x04, 0x00
	.byte 0x00, 0x00, 0x00, 0x00, 0x00, 0x00, 0x00, 0x00, 0x00, 0x00, 0x00, 0x00, 0x00, 0x00, 0x00, 0x00
	.byte 0x00, 0x00, 0x00, 0x00, 0x00, 0x00, 0x00, 0x00, 0x00, 0x00, 0x00, 0x00, 0x00, 0x00, 0x00, 0x00
	.byte 0x00, 0x00, 0x00, 0x42, 0x43, 0x3C, 0x00, 0x00, 0x00, 0x00, 0x00, 0x00, 0x1C, 0x1D, 0x48, 0x18
	.byte 0x10, 0x00, 0x00, 0x00, 0x00, 0x00, 0x00, 0x00, 0x00, 0x00, 0x00, 0x00, 0x00, 0x00, 0x00, 0x00
	.byte 0x00, 0x00, 0x00, 0x00, 0x00, 0x00, 0x00, 0x5F, 0x60, 0x0A, 0x0B, 0x0C, 0x0D, 0x0D, 0x0D, 0x0D
	.byte 0x0D, 0x0D, 0x0C, 0x0B, 0x0E, 0x00, 0x0F, 0x03, 0x04, 0x01, 0x02, 0x00, 0x00, 0x00, 0x00, 0x00
	.byte 0x00, 0x00, 0x00, 0x00, 0x00, 0x00, 0x00, 0x00, 0x00, 0x00, 0x00, 0x00, 0x00, 0x00, 0x00, 0x00
	.byte 0x00, 0x01, 0x02, 0x00, 0x0B, 0x00, 0x00, 0x00, 0x5E, 0x4D, 0x00, 0x00, 0x00, 0x00, 0x00, 0x00
	.byte 0x00, 0x00, 0x00, 0x00, 0x00, 0x00, 0x00, 0x00, 0x00, 0x00, 0x00, 0x00, 0x00, 0x00, 0x00, 0x00
	.byte 0x00, 0x00, 0x00, 0x00, 0x00, 0x00, 0x00, 0x00, 0x00, 0x00, 0x00, 0x00, 0x00, 0x00, 0x00, 0x00
	.byte 0x00, 0x00, 0x42, 0x35, 0x2A, 0x00, 0x00, 0x00, 0x00, 0x00, 0x00, 0x1C, 0x1D, 0x17, 0x18, 0x00
	.byte 0x00, 0x00, 0x00, 0x00, 0x00, 0x00, 0x00, 0x00, 0x00, 0x00, 0x00, 0x00, 0x00, 0x00, 0x00, 0x00
	.byte 0x00, 0x00, 0x00, 0x61, 0x62, 0x63, 0x14, 0x00, 0x00, 0x00, 0x00, 0x00, 0x00, 0x00, 0x00, 0x00
	.byte 0x00, 0x00, 0x15, 0x16, 0x48, 0x0F, 0x03, 0x04, 0x01, 0x02, 0x00, 0x00, 0x00, 0x00, 0x00, 0x00
	.byte 0x00, 0x00, 0x00, 0x00, 0x00, 0x00, 0x00, 0x00, 0x00, 0x00, 0x00, 0x00, 0x00, 0x00, 0x03, 0x04
	.byte 0x00, 0x0B, 0x00, 0x00, 0x00, 0x5E, 0x4D, 0x01, 0x02, 0x00, 0x00, 0x00, 0x00, 0x00, 0x00, 0x00
	.byte 0x00, 0x00, 0x00, 0x00, 0x00, 0x00, 0x00, 0x00, 0x00, 0x00, 0x00, 0x00, 0x00, 0x00, 0x00, 0x00
	.byte 0x00, 0x00, 0x00, 0x00, 0x00, 0x00, 0x00, 0x00, 0x00, 0x00, 0x00, 0x00, 0x00, 0x00, 0x00, 0x00
	.byte 0x00, 0x34, 0x35, 0x2A, 0x00, 0x00, 0x00, 0x00, 0x00, 0x00, 0x1C, 0x2B, 0x58, 0x00, 0x01, 0x02
	.byte 0x00, 0x00, 0x00, 0x00, 0x00, 0x00, 0x00, 0x00, 0x00, 0x00, 0x00, 0x01, 0x02, 0x00, 0x09, 0x1E
	.byte 0x1F, 0x1B, 0x00, 0x00, 0x00, 0x00, 0x00, 0x00, 0x00, 0x00, 0x00, 0x00, 0x00, 0x00, 0x00, 0x00
	.byte 0x00, 0x1C, 0x16, 0x48, 0x18, 0x03, 0x04, 0x00, 0x00, 0x00, 0x00, 0x00, 0x00, 0x00, 0x00, 0x00
	.byte 0x00, 0x00, 0x00, 0x00, 0x00, 0x00, 0x00, 0x00, 0x00, 0x00, 0x00, 0x01, 0x02, 0x00, 0x0B, 0x00
	.byte 0x00, 0x00, 0x5E, 0x4D, 0x03, 0x04, 0x00, 0x00, 0x00, 0x00, 0x00, 0x00, 0x00, 0x00, 0x00, 0x00
	.byte 0x00, 0x00, 0x00, 0x00, 0x00, 0x00, 0x00, 0x00, 0x00, 0x00, 0x00, 0x00, 0x00, 0x00, 0x00, 0x00
	.byte 0x00, 0x00, 0x00, 0x00, 0x00, 0x00, 0x00, 0x00, 0x00, 0x00, 0x00, 0x00, 0x00, 0x00, 0x00, 0x00
	.byte 0x34, 0x35, 0x2A, 0x00, 0x00, 0x00, 0x00, 0x00, 0x00, 0x0B, 0x00, 0x03, 0x04, 0x00, 0x00, 0x00
	.byte 0x00, 0x00, 0x00, 0x00, 0x00, 0x00, 0x00, 0x00, 0x03, 0x04, 0x20, 0x1F, 0x1B, 0x00, 0x00, 0x00
	.byte 0x00, 0x00, 0x00, 0x00, 0x00, 0x00, 0x00, 0x00, 0x00, 0x00, 0x00, 0x00, 0x00, 0x00, 0x00, 0x00
	.byte 0x1C, 0x2B, 0x2C, 0x64, 0x00, 0x00, 0x00, 0x00, 0x00, 0x00, 0x00, 0x00, 0x00, 0x00, 0x00, 0x00
	.byte 0x00, 0x00, 0x00, 0x00, 0x01, 0x02, 0x01, 0x02, 0x03, 0x04, 0x00, 0x65, 0x00, 0x00, 0x00, 0x5E
	.byte 0x4D, 0x00, 0x00, 0x00, 0x00, 0x00, 0x00, 0x00, 0x00, 0x00, 0x00, 0x00, 0x00, 0x00, 0x00, 0x00
	.byte 0x00, 0x00, 0x00, 0x00, 0x00, 0x00, 0x00, 0x00, 0x00, 0x00, 0x00, 0x00, 0x00, 0x00, 0x00, 0x00
	.byte 0x00, 0x00, 0x00, 0x00, 0x00, 0x00, 0x00, 0x00, 0x00, 0x00, 0x00, 0x00, 0x00, 0x00, 0x00, 0x34
	.byte 0x35, 0x2A, 0x00, 0x00, 0x00, 0x00, 0x5B, 0x5C, 0x01, 0x02, 0x00, 0x00, 0x00, 0x00, 0x00, 0x00
	.byte 0x00, 0x00, 0x00, 0x00, 0x00, 0x00, 0x2E, 0x2F, 0x00, 0x00, 0x00, 0x00, 0x00, 0x00, 0x21, 0x22
	.byte 0x23, 0x66, 0x25, 0x26, 0x24, 0x27, 0x67, 0x68, 0x2A, 0x00, 0x00, 0x00, 0x00, 0x00, 0x00, 0x36
	.byte 0x37, 0x69, 0x64, 0x00, 0x00, 0x01, 0x02, 0x01, 0x02, 0x00, 0x00, 0x00, 0x00, 0x00, 0x00, 0x00
	.byte 0x00, 0x03, 0x04, 0x03, 0x04, 0x00, 0x6A, 0x6B, 0x6C, 0x00, 0x00, 0x00, 0x5E, 0x6D, 0x01, 0x02
	.byte 0x00, 0x00, 0x00, 0x00, 0x00, 0x00, 0x00, 0x00, 0x00, 0x00, 0x00, 0x00, 0x00, 0x00, 0x00, 0x00
	.byte 0x00, 0x00, 0x00, 0x00, 0x00, 0x00, 0x00, 0x00, 0x00, 0x00, 0x00, 0x00, 0x00, 0x00, 0x00, 0x00
	.byte 0x00, 0x00, 0x00, 0x00, 0x00, 0x00, 0x00, 0x00, 0x00, 0x00, 0x00, 0x00, 0x00, 0x00, 0x34, 0x6E
	.byte 0x00, 0x00, 0x00, 0x5E, 0x4D, 0x03, 0x04, 0x00, 0x00, 0x00, 0x00, 0x00, 0x00, 0x00, 0x00, 0x00
	.byte 0x00, 0x00, 0x39, 0x3A, 0x00, 0x00, 0x00, 0x00, 0x00, 0x21, 0x30, 0x31, 0x32, 0x00, 0x00, 0x01
	.byte 0x02, 0x01, 0x02, 0x01, 0x6F, 0x34, 0x35, 0x3C, 0x00, 0x00, 0x00, 0x00, 0x00, 0x00, 0x36, 0x37
	.byte 0x3D, 0x70, 0x71, 0x04, 0x03, 0x04, 0x00, 0x00, 0x00, 0x00, 0x00, 0x00, 0x00, 0x00, 0x00, 0x00
	.byte 0x00, 0x72, 0x73, 0x74, 0x75, 0x00, 0x00, 0x00, 0x00, 0x76, 0x77, 0x03, 0x04, 0x00, 0x00, 0x00
	.byte 0x00, 0x00, 0x00, 0x00, 0x00, 0x00, 0x00, 0x00, 0x00, 0x00, 0x00, 0x00, 0x00, 0x00, 0x00, 0x00
	.byte 0x00, 0x00, 0x00, 0x00, 0x00, 0x00, 0x00, 0x00, 0x00, 0x00, 0x00, 0x00, 0x00, 0x00, 0x00, 0x00
	.byte 0x00, 0x00, 0x00, 0x00, 0x00, 0x00, 0x00, 0x00, 0x00, 0x00, 0x01, 0x02, 0x78, 0x00, 0x00, 0x00
	.byte 0x5E, 0x4D, 0x01, 0x02, 0x00, 0x00, 0x00, 0x00, 0x00, 0x00, 0x00, 0x00, 0x00, 0x00, 0x00, 0x3F
	.byte 0x00, 0x00, 0x00, 0x00, 0x40, 0x41, 0x31, 0x32, 0x00, 0x00, 0x00, 0x00, 0x03, 0x79, 0x03, 0x79
	.byte 0x03, 0x79, 0x00, 0x00, 0x42, 0x43, 0x3C, 0x00, 0x00, 0x00, 0x00, 0x00, 0x00, 0x7A, 0x7B, 0x78
	.byte 0x7C, 0x7C, 0x7C, 0x7C, 0x7C, 0x7C, 0x7C, 0x7C, 0x7C, 0x7C, 0x7C, 0x7C, 0x7C, 0x7D, 0x7E, 0x75
	.byte 0x00, 0x00, 0x00, 0x00, 0x00, 0x00, 0x7F, 0x80, 0x02, 0x00, 0x00, 0x00, 0x00, 0x00, 0x00, 0x00
	.byte 0x00, 0x00, 0x00, 0x00, 0x00, 0x00, 0x00, 0x00, 0x00, 0x00, 0x00, 0x00, 0x00, 0x00, 0x00, 0x00
	.byte 0x00, 0x00, 0x00, 0x00, 0x00, 0x00, 0x00, 0x00, 0x00, 0x00, 0x00, 0x00, 0x00, 0x00, 0x00, 0x00
	.byte 0x00, 0x00, 0x00, 0x00, 0x00, 0x00, 0x00, 0x03, 0x04, 0x0B, 0x00, 0x00, 0x00, 0x5E, 0x4D, 0x03
	.byte 0x04, 0x00, 0x00, 0x00, 0x00, 0x00, 0x00, 0x00, 0x00, 0x00, 0x00, 0x00, 0x44, 0x00, 0x00, 0x00
	.byte 0x45, 0x81, 0x82, 0x00, 0x00, 0x00, 0x00, 0x00, 0x00, 0x00, 0x00, 0x00, 0x00, 0x00, 0x00, 0x00
	.byte 0x00, 0x00, 0x00, 0x42, 0x43, 0x3C, 0x00, 0x00, 0x00, 0x00, 0x00, 0x00, 0x00, 0x00, 0x00, 0x00
	.byte 0x00, 0x00, 0x00, 0x00, 0x00, 0x00, 0x00, 0x00, 0x00, 0x00, 0x00, 0x00, 0x00, 0x00, 0x00, 0x00
	.byte 0x00, 0x40, 0x41, 0x83, 0x03, 0x04, 0x00, 0x00, 0x00, 0x00, 0x00, 0x00, 0x00, 0x00, 0x00, 0x00
	.byte 0x00, 0x00, 0x00, 0x00, 0x00, 0x00, 0x00, 0x00, 0x00, 0x00, 0x00, 0x00, 0x00, 0x00, 0x00, 0x00
	.byte 0x00, 0x00, 0x00, 0x00, 0x00, 0x00, 0x00, 0x00, 0x00, 0x00, 0x00, 0x00, 0x00, 0x00, 0x00, 0x00
	.byte 0x00, 0x00, 0x00, 0x00, 0x01, 0x02, 0x0B, 0x00, 0x00, 0x00, 0x5E, 0x4D, 0x01, 0x02, 0x00, 0x00
	.byte 0x00, 0x00, 0x00, 0x00, 0x00, 0x00, 0x00, 0x00, 0x00, 0x44, 0x00, 0x00, 0x00, 0x49, 0x84, 0x04
	.byte 0x00, 0x00, 0x00, 0x00, 0x00, 0x00, 0x00, 0x00, 0x00, 0x00, 0x00, 0x00, 0x00, 0x00, 0x00, 0x00
	.byte 0x00, 0x00, 0x42, 0x35, 0x2A, 0x00, 0x00, 0x00, 0x00, 0x00, 0x00, 0x00, 0x00, 0x00, 0x00, 0x00
	.byte 0x00, 0x00, 0x00, 0x00, 0x00, 0x00, 0x00, 0x00, 0x00, 0x00, 0x00, 0x00, 0x40, 0x85, 0x86, 0x47
	.byte 0x00, 0x00, 0x00, 0x00, 0x00, 0x00, 0x00, 0x00, 0x00, 0x00, 0x00, 0x00, 0x00, 0x00, 0x00, 0x00
	.byte 0x00, 0x00, 0x00, 0x00, 0x00, 0x00, 0x00, 0x00, 0x00, 0x00, 0x00, 0x00, 0x00, 0x00, 0x00, 0x00
	.byte 0x00, 0x00, 0x00, 0x00, 0x00, 0x00, 0x00, 0x00, 0x00, 0x00, 0x00, 0x00, 0x00, 0x00, 0x00, 0x00
	.byte 0x00, 0x03, 0x04, 0x0B, 0x00, 0x00, 0x00, 0x5E, 0x4D, 0x03, 0x04, 0x00, 0x00, 0x00, 0x00, 0x00
	.byte 0x00, 0x00, 0x00, 0x00, 0x00, 0x00, 0x44, 0x00, 0x00, 0x00, 0x0E, 0x01, 0x02, 0x00, 0x00, 0x00
	.byte 0x00, 0x00, 0x00, 0x00, 0x00, 0x00, 0x00, 0x00, 0x00, 0x00, 0x00, 0x00, 0x00, 0x00, 0x00, 0x00
	.byte 0x00, 0x34, 0x35, 0x87, 0x00, 0x00, 0x00, 0x00, 0x00, 0x00, 0x00, 0x00, 0x00, 0x00, 0x00, 0x00
	.byte 0x00, 0x00, 0x00, 0x00, 0x00, 0x00, 0x00, 0x40, 0x85, 0x86, 0x47, 0x00, 0x00, 0x00, 0x00, 0x00
	.byte 0x00, 0x00, 0x00, 0x00, 0x00, 0x00, 0x00, 0x00, 0x00, 0x00, 0x00, 0x00, 0x00, 0x00, 0x00, 0x00
	.byte 0x00, 0x00, 0x00, 0x00, 0x00, 0x00, 0x00, 0x00, 0x00, 0x00, 0x00, 0x00, 0x00, 0x00, 0x00, 0x00
	.byte 0x01, 0x02, 0x01, 0x02, 0x01, 0x02, 0x01, 0x02, 0x01, 0x02, 0x01, 0x02, 0x01, 0x02, 0x00, 0x00
	.byte 0x88, 0x00, 0x00, 0x00, 0x5E, 0x4D, 0x00, 0x00, 0x00, 0x00, 0x00, 0x00, 0x00, 0x00, 0x00, 0x00
	.byte 0x00, 0x00, 0x00, 0x44, 0x00, 0x00, 0x00, 0x0E, 0x03, 0x04, 0x00, 0x00, 0x00, 0x00, 0x00, 0x00
	.byte 0x00, 0x00, 0x00, 0x00, 0x00, 0x00, 0x00, 0x00, 0x00, 0x00, 0x00, 0x00, 0x00, 0x00, 0x00, 0x00
	.byte 0x89, 0x8A, 0x28, 0x8B, 0x8C, 0x8D, 0x8E, 0x8C, 0x8D, 0x8E, 0x8C, 0x8D, 0x8E, 0x8C, 0x8D, 0x8E
	.byte 0x8C, 0x8F, 0x90, 0x91, 0x92, 0x47, 0x00, 0x00, 0x00, 0x00, 0x00, 0x00, 0x00, 0x00, 0x00, 0x00
	.byte 0x00, 0x00, 0x00, 0x00, 0x00, 0x00, 0x00, 0x00, 0x00, 0x00, 0x00, 0x00, 0x00, 0x00, 0x00, 0x00
	.byte 0x00, 0x00, 0x00, 0x00, 0x00, 0x00, 0x00, 0x00, 0x00, 0x00, 0x00, 0x00, 0x00, 0x03, 0x04, 0x03
	.byte 0x04, 0x03, 0x04, 0x03, 0x04, 0x03, 0x04, 0x03, 0x04, 0x03, 0x04, 0x93, 0x94, 0x95, 0x00, 0x00
	.byte 0x00, 0x5E, 0x4D, 0x00, 0x00, 0x00, 0x00, 0x00, 0x00, 0x00, 0x00, 0x00, 0x00, 0x00, 0x00, 0x00
	.byte 0x44, 0x00, 0x00, 0x00, 0x0E, 0x01, 0x02, 0x00, 0x00, 0x00, 0x00, 0x00, 0x00, 0x00, 0x00, 0x00
	.byte 0x00, 0x00, 0x00, 0x00, 0x00, 0x00, 0x00, 0x00, 0x00, 0x00, 0x00, 0x00, 0x00, 0x00, 0x00, 0x00
	.byte 0x96, 0x97, 0x98, 0x99, 0x9A, 0x9B, 0x9C, 0x9A, 0x9B, 0x9D, 0x97, 0x9B, 0x9D, 0x97, 0x9B, 0x00
	.byte 0x01, 0x02, 0x00, 0x00, 0x00, 0x00, 0x00, 0x00, 0x00, 0x00, 0x00, 0x00, 0x00, 0x00, 0x00, 0x00
	.byte 0x00, 0x00, 0x00, 0x00, 0x00, 0x00, 0x00, 0x00, 0x00, 0x00, 0x00, 0x00, 0x00, 0x00, 0x00, 0x00
	.byte 0x00, 0x00, 0x00, 0x00, 0x00, 0x00, 0x00, 0x00, 0x00, 0x00, 0x9E, 0x9E, 0x9E, 0x9E, 0x9E, 0x9E
	.byte 0x9E, 0x9E, 0x9E, 0x9E, 0x9E, 0x9E, 0x9E, 0x9F, 0x5C, 0x00, 0x00, 0x00, 0x00, 0x00, 0x00, 0x91
	.byte 0x00, 0x00, 0x00, 0x00, 0x00, 0x00, 0x00, 0x00, 0x00, 0x00, 0x00, 0x00, 0x00, 0x44, 0x00, 0x00
	.byte 0x00, 0x0E, 0x03, 0x04, 0x00, 0x00, 0x00, 0x00, 0x00, 0x00, 0x00, 0x00, 0x00, 0x00, 0x00, 0x00
	.byte 0x00, 0x00, 0x00, 0x00, 0x00, 0x00, 0x00, 0x00, 0x00, 0x00, 0x00, 0x00, 0x00, 0x03, 0x04, 0x03
	.byte 0x04, 0x00, 0x00, 0x00, 0x00, 0x00, 0x03, 0x04, 0x00, 0x03, 0x04, 0x00, 0x00, 0x03, 0x04, 0x00
	.byte 0x00, 0x00, 0x00, 0x00, 0x00, 0x00, 0x00, 0x00, 0x00, 0x00, 0x00, 0x00, 0x00, 0x00, 0x00, 0x00
	.byte 0x00, 0x00, 0x00, 0x00, 0x00, 0x00, 0x00, 0x00, 0x00, 0x00, 0x00, 0x00, 0x00, 0x00, 0x00, 0x00
	.byte 0x00, 0x00, 0x00, 0x00, 0x00, 0x00, 0xA0, 0xA1, 0xA1, 0xA1, 0xA1, 0xA1, 0xA1, 0xA1, 0xA1, 0xA1
	.byte 0xA1, 0xA2, 0xA3, 0xA1, 0xA4, 0x00, 0x00, 0x00, 0x00, 0x00, 0x00, 0xA5, 0xA6, 0x00, 0x00, 0x00
	.byte 0x00, 0x00, 0x00, 0x00, 0x00, 0x00, 0x00, 0x00, 0x00, 0x00, 0x44, 0x00, 0x00, 0x00, 0x0E, 0x01
	.byte 0x02, 0x00, 0x00, 0x00, 0x00, 0x00, 0x00, 0x00, 0x00, 0x00, 0x00, 0x00, 0x00, 0x00, 0x00, 0x00
	.byte 0x00, 0x00, 0x00, 0x00, 0x00, 0x00, 0x00, 0x00, 0x00, 0x00, 0x00, 0x00, 0x00, 0x00, 0x00, 0x00
	.byte 0x00, 0x00, 0x00, 0x00, 0x00, 0x00, 0x00, 0x00, 0x00, 0x00, 0x00, 0x00, 0x00, 0x00, 0x00, 0x00
	.byte 0x00, 0x00, 0x00, 0x00, 0x00, 0x00, 0x00, 0x00, 0x00, 0x00, 0x00, 0x00, 0x00, 0x00, 0x00, 0x00
	.byte 0x00, 0x00, 0x00, 0x00, 0x00, 0x00, 0x00, 0x00, 0x00, 0x00, 0x00, 0x00, 0x00, 0x00, 0x00, 0x00
	.byte 0x00, 0x00, 0x00, 0x00, 0x00, 0x00, 0x00, 0x00, 0x00, 0x00, 0x00, 0x00, 0xA7, 0xA8, 0xA9, 0xAA
	.byte 0x00, 0x00, 0x00, 0x00, 0x00, 0x00, 0xAB, 0xAC, 0xAD, 0x00, 0x00, 0x00, 0x00, 0x00, 0x00, 0x00
	.byte 0x00, 0x00, 0x00, 0x00, 0x00, 0x00, 0x00, 0x44, 0x00, 0x00, 0x00, 0x0E, 0x03, 0x04, 0x00, 0x00
	.byte 0x00, 0x00, 0x00, 0x00, 0x00, 0x00, 0x00, 0x00, 0x00, 0x00, 0x00, 0x00, 0x00, 0x00, 0x00, 0x00
	.byte 0x00, 0x00, 0x00, 0x00, 0x00, 0x00, 0x00, 0x00, 0x00, 0x00, 0x00, 0x00, 0x00, 0x00, 0x00, 0x00
	.byte 0x00, 0x00, 0x00, 0x00, 0x00, 0x00, 0x00, 0x00, 0x00, 0x00, 0x00, 0x00, 0x00, 0x00, 0x00, 0x00
	.byte 0x00, 0x00, 0x00, 0x00, 0x00, 0x00, 0x00, 0x00, 0x00, 0x00, 0x00, 0x00, 0x00, 0x00, 0x00, 0x00
	.byte 0x00, 0x00, 0x00, 0x00, 0x00, 0x00, 0x00, 0x00, 0x00, 0x00, 0x00, 0x00, 0x00, 0x00, 0x00, 0x00
	.byte 0x00, 0x00, 0x00, 0x00, 0x00, 0x00, 0x00, 0xA7, 0xA8, 0xA9, 0xAA, 0x00, 0x00, 0x00, 0x00, 0x00
	.byte 0x00, 0xAB, 0xAC, 0xAE, 0x01, 0x02, 0x00, 0x00, 0x00, 0x00, 0x00, 0x00, 0x00, 0x00, 0x00, 0x00
	.byte 0x00, 0x00, 0x00, 0x00, 0x44, 0x00, 0x00, 0x00, 0x0E, 0x01, 0x02, 0x00, 0x00, 0x00, 0x00, 0x00
	.byte 0x00, 0x00, 0x00, 0x00, 0x00, 0x00, 0x00, 0x00, 0x00, 0x00, 0x00, 0x00, 0x00, 0x00, 0x00, 0x00
	.byte 0x00, 0x00, 0x00, 0x00, 0x00, 0x00, 0x00, 0x00, 0x00, 0x00, 0x00, 0x00, 0x00, 0x00, 0x00, 0x00
	.byte 0x00, 0x00, 0x00, 0x00, 0x00, 0x00, 0x00, 0x00, 0x00, 0x00, 0x00, 0x00, 0x00, 0x00, 0x00, 0x00
	.byte 0x00, 0x00, 0x00, 0x00, 0x00, 0x00, 0x00, 0x00, 0x00, 0x00, 0x00, 0x00, 0x00, 0x00, 0x00, 0x00
	.byte 0x00, 0x00, 0x00, 0x00, 0x00, 0x00, 0x00, 0x00, 0x00, 0x00, 0x00, 0x00, 0x00, 0x00, 0x00, 0x00
	.byte 0x00, 0x00, 0xAF, 0xA8, 0xA9, 0xAA, 0x00, 0x00, 0x00, 0x00, 0x00, 0x00, 0xAB, 0xAC, 0xAE, 0x00
	.byte 0x00, 0x03, 0x04, 0x00, 0x00, 0x00, 0x00, 0x00, 0x00, 0x00, 0x00, 0x00, 0x00, 0x00, 0x00, 0x00
	.byte 0x00, 0x44, 0x00, 0x00, 0x00, 0x0E, 0x03, 0x04, 0x00, 0x00, 0x00, 0x00, 0x00, 0x00, 0x00, 0x00
	.byte 0x00, 0x00, 0x00, 0x00, 0x00, 0x00, 0x00, 0x00, 0x00, 0x00, 0x00, 0x00, 0x00, 0x00, 0x00, 0x00
	.byte 0x00, 0x00, 0x00, 0x00, 0x00, 0x00, 0x00, 0x00, 0x00, 0x00, 0x00, 0x00, 0x00, 0x00, 0x00, 0x00
	.byte 0x00, 0x00, 0x00, 0x00, 0x00, 0x00, 0x00, 0x00, 0x00, 0x00, 0x00, 0x00, 0x00, 0x00, 0x00, 0x00
	.byte 0x00, 0x00, 0x00, 0x00, 0x00, 0x00, 0x00, 0x00, 0x00, 0x00, 0x00, 0x00, 0x00, 0x00, 0x00, 0x00
	.byte 0x00, 0x00, 0x00, 0x00, 0x00, 0x00, 0x00, 0x00, 0x00, 0x00, 0x00, 0x00, 0x00, 0x6A, 0x6B, 0xB0
	.byte 0xAA, 0x00, 0x00, 0x00, 0x00, 0x00, 0x00, 0xAB, 0xAC, 0xAE, 0x00, 0x01, 0x02, 0x00, 0x00, 0x00
	.byte 0x00, 0x00, 0x00, 0x00, 0x00, 0x00, 0x00, 0x00, 0x00, 0x00, 0x00, 0x00, 0x00, 0x00, 0x44, 0x00
	.byte 0x00, 0x00, 0x0E, 0x01, 0x02, 0x00, 0x00, 0x00, 0x00, 0x00, 0x00, 0x00, 0x00, 0x00, 0x00, 0x00
	.byte 0x00, 0x00, 0x00, 0x00, 0x00, 0x00, 0x00, 0x00, 0x00, 0x00, 0x00, 0x00, 0x00, 0x00, 0x00, 0x00
	.byte 0x00, 0x00, 0x00, 0x00, 0x00, 0x00, 0x00, 0x00, 0x00, 0x00, 0x00, 0x00, 0x00, 0x00, 0x00, 0x00
	.byte 0x00, 0x00, 0x00, 0x00, 0x00, 0x00, 0x00, 0x00, 0x00, 0x00, 0x00, 0x00, 0x00, 0x00, 0x00, 0x00
	.byte 0x00, 0x00, 0x00, 0x00, 0x00, 0x00, 0x00, 0x00, 0x00, 0x00, 0x00, 0x00, 0x00, 0x00, 0x00, 0x00
	.byte 0x00, 0x00, 0x00, 0x00, 0x01, 0x02, 0x00, 0x00, 0xB1, 0x73, 0x74, 0x75, 0x00, 0x00, 0x00, 0x00
	.byte 0x00, 0x00, 0xAB, 0xAC, 0xAE, 0x01, 0x02, 0x00, 0x03, 0x04, 0x00, 0x00, 0x00, 0x00, 0x00, 0x00
	.byte 0x00, 0x00, 0x00, 0x00, 0x00, 0x00, 0x00, 0x00, 0x00, 0x00, 0x00, 0x44, 0x00, 0x00, 0x00, 0x0E
	.byte 0x03, 0x04, 0x00, 0x00, 0x00, 0x00, 0x00, 0x00, 0x00, 0x00, 0x00, 0x00, 0x00, 0x00, 0x00, 0x00
	.byte 0x00, 0x00, 0x00, 0x00, 0x00, 0x00, 0x00, 0x00, 0x00, 0x00, 0x00, 0x00, 0x00, 0x00, 0x00, 0x00
	.byte 0x00, 0x00, 0x00, 0x00, 0x00, 0x00, 0x00, 0x00, 0x00, 0x00, 0x00, 0x00, 0x00, 0x00, 0x00, 0x00
	.byte 0x00, 0x00, 0x00, 0x00, 0x00, 0x00, 0x00, 0x00, 0x00, 0x00, 0x00, 0x00, 0x00, 0x00, 0x00, 0x00
	.byte 0x00, 0x00, 0x00, 0x00, 0x00, 0x00, 0x00, 0x00, 0x00, 0x00, 0x00, 0x00, 0x00, 0x00, 0x00, 0x01
	.byte 0x02, 0x03, 0x04, 0x6A, 0x6B, 0xB2, 0x75, 0x00, 0x00, 0x00, 0x00, 0x00, 0x00, 0xAB, 0xAC, 0xAE
	.byte 0x00, 0x00, 0x03, 0x04, 0x00, 0x00, 0x00, 0x00, 0x00, 0x00, 0x00, 0x00, 0x00, 0x00, 0x00, 0x00
	.byte 0x00, 0x00, 0x00, 0x00, 0x00, 0x00, 0x00, 0x00, 0x44, 0x00, 0x00, 0x00, 0x0E, 0x01, 0x02, 0x00
	.byte 0x00, 0x00, 0x00, 0x00, 0x00, 0x00, 0x00, 0x00, 0x00, 0x00, 0x00, 0x00, 0x00, 0x00, 0x00, 0x00
	.byte 0x00, 0x00, 0x00, 0x00, 0x00, 0x00, 0x00, 0x00, 0x00, 0x00, 0x00, 0x00, 0x00, 0x00, 0x00, 0x00
	.byte 0x00, 0x00, 0x00, 0x00, 0x00, 0x00, 0x00, 0x00, 0x00, 0x00, 0x00, 0x00, 0x00, 0x00, 0x00, 0x00
	.byte 0x00, 0x00, 0x00, 0x00, 0x00, 0x00, 0x00, 0x00, 0x00, 0x00, 0x00, 0x00, 0x00, 0x00, 0x00, 0x00
	.byte 0x00, 0x00, 0x00, 0x00, 0x00, 0x00, 0x00, 0x00, 0x00, 0x00, 0x01, 0x02, 0x03, 0x04, 0xB1, 0x73
	.byte 0x74, 0x75, 0x00, 0x00, 0x00, 0x00, 0x00, 0x00, 0xAB, 0xAC, 0xAE, 0x00, 0x00, 0x00, 0x00, 0x00
	.byte 0x00, 0x00, 0x00, 0x00, 0x00, 0x00, 0x00, 0x00, 0x00, 0x00, 0x00, 0x00, 0x00, 0x00, 0x00, 0x00
	.byte 0x00, 0x00, 0x00, 0x00, 0x00, 0x44, 0x00, 0x00, 0x00, 0x0E, 0x03, 0x04, 0x00, 0x00, 0x00, 0x00
	.byte 0x00, 0x00, 0x00, 0x00, 0x00, 0x00, 0x00, 0x00, 0x00, 0x00, 0x00, 0x00, 0x00, 0x00, 0x00, 0x00
	.byte 0x00, 0x00, 0x00, 0x00, 0x00, 0x00, 0x00, 0x00, 0x00, 0x00, 0x00, 0x00, 0x00, 0x00, 0x00, 0x00
	.byte 0x00, 0x00, 0x00, 0x00, 0x00, 0x00, 0x00, 0x00, 0x00, 0x00, 0x00, 0x00, 0x00, 0x00, 0x00, 0x00
	.byte 0x00, 0x00, 0x00, 0x00, 0x00, 0x00, 0x00, 0x00, 0x00, 0x00, 0x00, 0x00, 0x00, 0x00, 0x00, 0x00
	.byte 0x00, 0x00, 0x00, 0x00, 0x00, 0x01, 0x02, 0x03, 0x04, 0x6A, 0x6B, 0xB2, 0x75, 0x00, 0x00, 0x00
	.byte 0x00, 0x00, 0x00, 0xAB, 0xAC, 0xAE, 0x01, 0x02, 0x00, 0x00, 0x00, 0x00, 0x00, 0x00, 0x00, 0x00
	.byte 0x00, 0x00, 0x00, 0x00, 0x00, 0x00, 0x00, 0x00, 0x00, 0x00, 0x00, 0x00, 0x00, 0x00, 0x00, 0x00
	.byte 0x00, 0x00, 0x44, 0x00, 0x00, 0x00, 0x0E, 0x01, 0x02, 0x00, 0x00, 0x00, 0x00, 0x00, 0x00, 0x00
	.byte 0x00, 0x00, 0x00, 0x00, 0x00, 0x00, 0x00, 0x00, 0x00, 0x00, 0x00, 0x00, 0x00, 0x00, 0x00, 0x00
	.byte 0x00, 0x00, 0x00, 0x00, 0x00, 0x00, 0x00, 0x00, 0x00, 0x00, 0x00, 0x00, 0x00, 0x00, 0x00, 0x00
	.byte 0x00, 0x00, 0x00, 0x00, 0x00, 0x00, 0x00, 0x00, 0x00, 0x00, 0x00, 0x00, 0x00, 0x00, 0x00, 0x00
	.byte 0x00, 0x00, 0x00, 0x00, 0x00, 0x00, 0x00, 0x00, 0x00, 0x00, 0x00, 0x00, 0x00, 0x00, 0x00, 0x00
	.byte 0x01, 0x02, 0x03, 0x04, 0xB1, 0x73, 0x74, 0x75, 0x00, 0x00, 0x00, 0x00, 0x00, 0x00, 0xAB, 0xAC
	.byte 0xAE, 0x00, 0x00, 0x03, 0x04, 0x00, 0x00, 0x00, 0x00, 0x00, 0x00, 0x00, 0x00, 0x00, 0x00, 0x00
	.byte 0x00, 0x00, 0x00, 0x00, 0x00, 0x00, 0x00, 0x00, 0x00, 0x00, 0x00, 0x00, 0x00, 0x00, 0x00, 0x44
	.byte 0x00, 0x00, 0x00, 0x0E, 0x03, 0x04, 0x00, 0x01, 0x02, 0x00, 0x00, 0x00, 0x00, 0x00, 0x00, 0x00
	.byte 0x00, 0x00, 0x00, 0x00, 0x00, 0x00, 0x00, 0x00, 0x00, 0x00, 0x00, 0x00, 0x00, 0x00, 0x00, 0x00
	.byte 0x00, 0x00, 0x00, 0x00, 0x00, 0x00, 0x00, 0x00, 0x00, 0x00, 0x00, 0x00, 0x00, 0x00, 0x00, 0x00
	.byte 0x00, 0x00, 0x00, 0x00, 0x00, 0x00, 0x00, 0x00, 0x00, 0x00, 0x00, 0x00, 0x00, 0x00, 0x00, 0x00
	.byte 0x00, 0x00, 0x00, 0x00, 0x00, 0x00, 0x00, 0x00, 0x00, 0x00, 0x00, 0x01, 0x02, 0x03, 0x04, 0x6A
	.byte 0x6B, 0xB2, 0x75, 0x00, 0x00, 0x00, 0x00, 0x00, 0x00, 0xAB, 0xAC, 0xAE, 0x00, 0x00, 0x00, 0x00
	.byte 0x00, 0x00, 0x00, 0x00, 0x00, 0x00, 0x00, 0x00, 0x00, 0x00, 0x00, 0x00, 0x00, 0x00, 0x00, 0x00
	.byte 0x00, 0x00, 0x00, 0x00, 0x00, 0x00, 0x00, 0x00, 0x00, 0x00, 0x00, 0x00, 0x44, 0x00, 0x00, 0x00
	.byte 0x5E, 0x4D, 0x0F, 0x10, 0x03, 0x04, 0x01, 0x02, 0x00, 0x00, 0x00, 0x00, 0x00, 0x00, 0x00, 0x00
	.byte 0x00, 0x00, 0x00, 0x00, 0x00, 0x00, 0x00, 0x00, 0x00, 0x00, 0x00, 0x00, 0x00, 0x00, 0x00, 0x00
	.byte 0x00, 0x00, 0x00, 0x00, 0x00, 0x00, 0x00, 0x00, 0x00, 0x00, 0x00, 0x00, 0x00, 0x00, 0x00, 0x00
	.byte 0x00, 0x00, 0x00, 0x00, 0x00, 0x00, 0x00, 0x00, 0x00, 0x00, 0x00, 0x00, 0x00, 0x00, 0x00, 0x00
	.byte 0x00, 0x00, 0x00, 0x00, 0x00, 0x00, 0x01, 0x02, 0x03, 0x04, 0xB1, 0x73, 0x74, 0x75, 0x00, 0x00
	.byte 0x00, 0x00, 0x00, 0x00, 0xAB, 0xAC, 0xAE, 0x01, 0x02, 0x00, 0x00, 0x00, 0x00, 0x00, 0x00, 0x00
	.byte 0x00, 0x00, 0x00, 0x00, 0x00, 0x00, 0x00, 0x00, 0x00, 0x00, 0x00, 0x00, 0x00, 0x00, 0x00, 0x00
	.byte 0x00, 0x00, 0x00, 0x00, 0x00, 0x00, 0x00, 0x00, 0x00, 0x44, 0x00, 0x00, 0x00, 0x00, 0x15, 0x16
	.byte 0x17, 0x18, 0x10, 0x03, 0x04, 0x00, 0x00, 0x00, 0x00, 0x00, 0x00, 0x00, 0x00, 0x00, 0x00, 0x00
	.byte 0x00, 0x00, 0x00, 0x00, 0x00, 0x00, 0x00, 0x00, 0x00, 0x00, 0x00, 0x00, 0x00, 0x00, 0x00, 0x00
	.byte 0x00, 0x00, 0x00, 0x00, 0x00, 0x00, 0x00, 0x00, 0x00, 0x00, 0x00, 0x00, 0x00, 0x00, 0x00, 0x00
	.byte 0x00, 0x00, 0x00, 0x00, 0x00, 0x00, 0x00, 0x00, 0x00, 0x00, 0x00, 0x00, 0x00, 0x00, 0x00, 0x00
	.byte 0x00, 0x01, 0x02, 0x03, 0x04, 0x6A, 0x6B, 0xB2, 0x75, 0x00, 0x00, 0x00, 0x00, 0x00, 0x00, 0xAB
	.byte 0xAC, 0xAE, 0x00, 0x00, 0x03, 0x04, 0x00, 0x00, 0x00, 0x00, 0x00, 0x00, 0x00, 0x00, 0x00, 0x00
	.byte 0x00, 0x00, 0x00, 0x00, 0x00, 0x00, 0x00, 0x00, 0x00, 0x00, 0x00, 0x00, 0x00, 0x00, 0x00, 0x00
	.byte 0x00, 0x00, 0x00, 0x00, 0x00, 0x00, 0xB3, 0xB4, 0x00, 0x00, 0x00, 0x00, 0x00, 0x1C, 0x1D, 0x17
	.byte 0x18, 0x00, 0x00, 0x00, 0x00, 0x00, 0x00, 0x01, 0x02, 0x01, 0x02, 0x01, 0x02, 0x00, 0x00, 0x00
	.byte 0x00, 0x00, 0x00, 0x00, 0x00, 0x00, 0x00, 0x00, 0x00, 0x00, 0x00, 0x00, 0x00, 0x00, 0x00, 0x00
	.byte 0x00, 0x00, 0x00, 0x00, 0x00, 0x00, 0x00, 0x00, 0x00, 0x00, 0x00, 0x00, 0x00, 0x00, 0x00, 0x00
	.byte 0x00, 0x00, 0x00, 0x00, 0x00, 0x00, 0x00, 0x00, 0x00, 0x00, 0x00, 0x00, 0x01, 0x02, 0x03, 0x04
	.byte 0xB1, 0x73, 0x74, 0x75, 0x00, 0x00, 0x00, 0x00, 0x00, 0x00, 0xAB, 0xAC, 0xAE, 0x00, 0x00, 0x00
	.byte 0x00, 0x00, 0x00, 0x00, 0x00, 0x00, 0x00, 0x00, 0x00, 0x00, 0x00, 0x00, 0x00, 0x00, 0x00, 0x00
	.byte 0x00, 0x00, 0x00, 0x00, 0x00, 0x00, 0x00, 0x00, 0x00, 0x00, 0x00, 0x00, 0x00, 0x00, 0x00, 0x00
	.byte 0x00, 0x00, 0x00, 0xB5, 0xB6, 0x2A, 0x00, 0x00, 0x00, 0x00, 0x00, 0x00, 0x1C, 0x2B, 0x58, 0x70
	.byte 0x6E, 0x00, 0x00, 0x00, 0x03, 0x04, 0x03, 0x04, 0x03, 0x04, 0x00, 0x00, 0x00, 0x00, 0x00, 0x00
	.byte 0x00, 0x00, 0x00, 0x00, 0x00, 0x00, 0x00, 0x00, 0x00, 0x00, 0x00, 0x00, 0x00, 0x00, 0x00, 0x00
	.byte 0x00, 0x00, 0x00, 0x00, 0x00, 0x00, 0x00, 0x00, 0x00, 0x00, 0x00, 0x00, 0x00, 0x00, 0x00, 0x00
	.byte 0x00, 0x00, 0x00, 0x00, 0x00, 0x00, 0x00, 0x01, 0x02, 0x03, 0x04, 0x6A, 0x6B, 0xB2, 0x75, 0x00
	.byte 0x00, 0x00, 0x00, 0x00, 0x00, 0xAB, 0xAC, 0xAE, 0x01, 0x02, 0x00, 0x00, 0x00, 0x00, 0x00, 0x00
	.byte 0x00, 0x00, 0x00, 0x00, 0x00, 0x00, 0x00, 0x00, 0x00, 0x00, 0x00, 0x00, 0x00, 0x00, 0x00, 0x00
	.byte 0x00, 0x00, 0x00, 0x00, 0x00, 0x00, 0x00, 0x00, 0x00, 0x00, 0x00, 0x00, 0x00, 0x00, 0x00, 0x00
	.byte 0x00, 0x00, 0x34, 0x35, 0x2A, 0x00, 0x00, 0x00, 0x00, 0x00, 0x00, 0x7A, 0x7B, 0x78, 0x7C, 0x7C
	.byte 0x7C, 0x7C, 0x7C, 0x7C, 0x7C, 0x7C, 0x7C, 0x0B, 0x0E, 0x00, 0x0F, 0x10, 0x00, 0x00, 0x00, 0x00
	.byte 0x00, 0x00, 0x00, 0x00, 0x00, 0x00, 0x00, 0x00, 0x00, 0x00, 0x00, 0x00, 0x00, 0x00, 0x00, 0x00
	.byte 0x00, 0x00, 0x00, 0x00, 0x00, 0x00, 0x00, 0x00, 0x00, 0x00, 0x00, 0x00, 0x00, 0x00, 0x00, 0x00
	.byte 0x00, 0x00, 0x01, 0x02, 0x03, 0x04, 0xB1, 0x73, 0x74, 0x75, 0x00, 0x00, 0x00, 0x00, 0x00, 0x00
	.byte 0xAB, 0xAC, 0xAE, 0x00, 0x00, 0x03, 0x04, 0x00, 0x00, 0x00, 0x00, 0x00, 0x00, 0x00, 0x00, 0x00
	.byte 0x00, 0x00, 0x00, 0x00, 0x00, 0x00, 0x00, 0x00, 0x00, 0x00, 0x00, 0x00, 0x00, 0x00, 0x00, 0x00
	.byte 0x00, 0x00, 0x00, 0x00, 0x00, 0x00, 0x00, 0x00, 0x00, 0x00, 0x00, 0x00, 0x00, 0x00, 0x00, 0x00
	.byte 0x00, 0x34, 0x35, 0x2A, 0x00, 0x00, 0x00, 0x00, 0x00, 0x00, 0x00, 0x00, 0x00, 0x00, 0x00, 0x00
	.byte 0x00, 0x00, 0x00, 0x00, 0x00, 0x00, 0x15, 0x16, 0x17, 0x18, 0x00, 0x00, 0x00, 0x00, 0x00, 0x00
	.byte 0x00, 0x00, 0x00, 0x00, 0x00, 0x00, 0x00, 0x00, 0x00, 0x00, 0x00, 0x00, 0x00, 0x00, 0x00, 0x00
	.byte 0x00, 0x00, 0x00, 0x00, 0x00, 0x00, 0x00, 0xB7, 0x00, 0x00, 0x00, 0x00, 0x00, 0x01, 0x02, 0x03
	.byte 0x04, 0x6A, 0x6B, 0xB2, 0x75, 0x00, 0x00, 0x00, 0x00, 0x00, 0x00, 0xAB, 0xAC, 0xAE, 0x00, 0x00
	.byte 0x00, 0x00, 0x00, 0x00, 0x00, 0x00, 0x00, 0x00, 0x00, 0x00, 0x00, 0x00, 0x00, 0x00, 0x00, 0x00
	.byte 0x00, 0x00, 0x00, 0x00, 0x00, 0x00, 0x00, 0x00, 0x00, 0x00, 0x00, 0x00, 0x00, 0x00, 0x00, 0x00
	.byte 0x00, 0x00, 0x00, 0x00, 0x00, 0x00, 0x00, 0x00, 0x00, 0x00, 0x00, 0x00, 0x00, 0x00, 0x00, 0x00
	.byte 0x34, 0x35, 0x2A, 0x00, 0x00, 0x00, 0x00, 0x00, 0x00, 0x00, 0x00, 0x00, 0x00, 0x00, 0x00, 0x00
	.byte 0x00, 0x00, 0x00, 0x00, 0x00, 0x1C, 0x1D, 0x48, 0x18, 0x00, 0x00, 0x00, 0x00, 0x00, 0x00, 0x00
	.byte 0x00, 0x00, 0x00, 0x00, 0x00, 0x00, 0x00, 0x00, 0x00, 0x00, 0x00, 0x00, 0x00, 0x00, 0x00, 0x00
	.byte 0x00, 0x00, 0x00, 0x00, 0xB8, 0x00, 0x00, 0x00, 0x00, 0x00, 0x03, 0x04, 0xB1, 0x73, 0x74, 0x75
	.byte 0x00, 0x00, 0x00, 0x00, 0x00, 0x00, 0xAB, 0xAC, 0xAE, 0x01, 0x02, 0x00, 0x00, 0x00, 0x00, 0x00
	.byte 0x00, 0x00, 0x00, 0x00, 0x00, 0x00, 0x00, 0x00, 0x00, 0x00, 0x00, 0x00, 0x00, 0x00, 0x00, 0x00
	.byte 0x00, 0x00, 0x00, 0x00, 0x00, 0x00, 0x00, 0x00, 0x00, 0x00, 0x00, 0x00, 0x00, 0x00, 0x00, 0x00
	.byte 0x00, 0x00, 0x00, 0x00, 0x00, 0x00, 0x00, 0x00, 0x00, 0x00, 0x00, 0x00, 0x00, 0x00, 0x00, 0x34
	.byte 0x35, 0xB9, 0x00, 0x00, 0x00, 0x00, 0x00, 0x00, 0x00, 0x00, 0x00, 0x00, 0x00, 0x00, 0x00, 0x00
	.byte 0x00, 0x00, 0x00, 0x00, 0x1C, 0x1D, 0x48, 0x18, 0x00, 0x00, 0x00, 0x00, 0x00, 0x00, 0x00, 0x00
	.byte 0x00, 0x00, 0x00, 0x00, 0x00, 0x00, 0x00, 0x00, 0x00, 0x00, 0x00, 0x00, 0x00, 0x00, 0x00, 0x00
	.byte 0x00, 0xB8, 0x00, 0x00, 0x00, 0x00, 0x00, 0x6A, 0x6B, 0xB2, 0x75, 0x00, 0x00, 0x00, 0x00, 0x00
	.byte 0x00, 0xAB, 0xAC, 0xAE, 0x00, 0x00, 0x03, 0x04, 0x00, 0x00, 0x00, 0x00, 0x00, 0x00, 0x00, 0x00
	.byte 0x00, 0x00, 0x00, 0x00, 0x00, 0x00, 0x00, 0x00, 0x00, 0x00, 0x00, 0x00, 0x00, 0x00, 0x00, 0x00
	.byte 0x00, 0x00, 0x00, 0x00, 0x00, 0x00, 0x00, 0x00, 0x00, 0x00, 0x00, 0x00, 0x00, 0x00, 0x00, 0x00
	.byte 0x00, 0x00, 0x00, 0x00, 0x00, 0x00, 0x00, 0x00, 0x00, 0x00, 0x00, 0x01, 0x02, 0x00, 0xBA, 0xBB
	.byte 0xBC, 0xBD, 0xBE, 0xBF, 0xC0, 0xBE, 0xBF, 0xC0, 0xBE, 0xBF, 0xC1, 0xC2, 0x00, 0x00, 0x00, 0x00
	.byte 0x00, 0x00, 0x00, 0x1C, 0x2B, 0x2C, 0x2D, 0x00, 0x00, 0x00, 0x00, 0x00, 0x00, 0x00, 0x00, 0x00
	.byte 0x00, 0x00, 0x00, 0x00, 0x00, 0x00, 0x00, 0x00, 0x00, 0x00, 0x00, 0x00, 0x00, 0x00, 0xB8, 0x00
	.byte 0x00, 0x00, 0xC3, 0xC4, 0x74, 0x75, 0x00, 0x00, 0x00, 0x00, 0x00, 0x00, 0xAB, 0xAC, 0xAE, 0x00
	.byte 0x00, 0x00, 0x00, 0x00, 0x00, 0x00, 0x00, 0x00, 0x00, 0x00, 0x00, 0x00, 0x00, 0x00, 0x00, 0x00
	.byte 0x00, 0x00, 0x00, 0x00, 0x00, 0x00, 0x00, 0x00, 0x00, 0x00, 0x00, 0x00, 0x00, 0x00, 0x00, 0x00
	.byte 0x00, 0x00, 0x00, 0x00, 0x00, 0x00, 0x00, 0x00, 0x00, 0x00, 0x00, 0x00, 0x00, 0x00, 0x00, 0x00
	.byte 0x00, 0x00, 0x00, 0x00, 0x00, 0x00, 0x00, 0x00, 0x03, 0x04, 0x00, 0x00, 0x00, 0x00, 0xC5, 0xC6
	.byte 0xC7, 0xC8, 0xC6, 0xC9, 0xCA, 0xC6, 0xC7, 0xCB, 0xCC, 0xBB, 0xCD, 0x57, 0x00, 0x00, 0x00, 0x00
	.byte 0x00, 0x00, 0x36, 0x37, 0x38, 0x2D, 0x00, 0x00, 0x00, 0x01, 0x02, 0x00, 0x00, 0x00, 0x00, 0x00
	.byte 0x00, 0x00, 0x00, 0x00, 0x00, 0x00, 0x00, 0x00, 0x00, 0x00, 0x00, 0xB8, 0x00, 0xCE, 0xCF, 0xD0
	.byte 0x00, 0x00, 0x00, 0x00, 0x00, 0x00, 0x00, 0xAB, 0xAC, 0xAE, 0x01, 0x02, 0x00, 0x00, 0x00, 0x00
	.byte 0x00, 0x00, 0x00, 0x00, 0x00, 0x00, 0x00, 0x00, 0x00, 0x00, 0x00, 0x00, 0x00, 0x00, 0x00, 0x00
	.byte 0x00, 0x00, 0x00, 0x00, 0x00, 0x00, 0x00, 0x00, 0x00, 0x00, 0x00, 0x00, 0x00, 0x00, 0x00, 0x00
	.byte 0x00, 0x00, 0x00, 0x00, 0x00, 0x00, 0x00, 0x00, 0x00, 0x00, 0x00, 0x00, 0x00, 0x00, 0x00, 0x00
	.byte 0x00, 0x00, 0x00, 0x00, 0x00, 0x00, 0x00, 0x00, 0x00, 0x00, 0x00, 0x00, 0x00, 0x03, 0x04, 0x00
	.byte 0x00, 0x00, 0x00, 0x03, 0x04, 0x00, 0x00, 0x59, 0xD1, 0xD2, 0x3C, 0x00, 0x00, 0x00, 0x00, 0x00
	.byte 0x00, 0x36, 0x37, 0x3D, 0x0F, 0x00, 0x03, 0x04, 0x01, 0x02, 0xD3, 0x02, 0x00, 0x00, 0x00, 0x00
	.byte 0x01, 0x02, 0x00, 0x00, 0x00, 0x00, 0x00, 0x00, 0xD4, 0xCF, 0xD0, 0x00, 0x00, 0x00, 0x00, 0x00
	.byte 0x00, 0x00, 0xAB, 0xAC, 0xAE, 0x00, 0x00, 0x03, 0x04, 0x00, 0x00, 0x00, 0x00, 0x00, 0x00, 0x00
	.byte 0x00, 0x00, 0x00, 0x00, 0x00, 0x00, 0x00, 0x00, 0x00, 0x00, 0x00, 0x00, 0x00, 0x00, 0x00, 0x00
	.byte 0x00, 0x00, 0x00, 0x00, 0x00, 0x00, 0x00, 0x00, 0x00, 0x00, 0x00, 0x00, 0x00, 0x00, 0x00, 0x00
	.byte 0x00, 0x00, 0x00, 0x00, 0x00, 0x00, 0x00, 0x00, 0x00, 0x00, 0x00, 0x00, 0x00, 0x00, 0x00, 0x00
	.byte 0x00, 0x00, 0x00, 0x00, 0x00, 0x00, 0x00, 0x00, 0x00, 0x00, 0x00, 0x00, 0x00, 0x00, 0x00, 0x00
	.byte 0x00, 0x00, 0x00, 0x00, 0x00, 0x00, 0x00, 0x42, 0x43, 0x3C, 0x00, 0x00, 0x00, 0x00, 0x00, 0x00
	.byte 0x15, 0xD5, 0x58, 0x70, 0x6E, 0x03, 0x04, 0x03, 0x04, 0x00, 0x00, 0x00, 0x00, 0x03, 0x04, 0x00
	.byte 0x00, 0x00, 0x00, 0xB7, 0x7C, 0xD6, 0x00, 0x00, 0x00, 0x00, 0x00, 0x00, 0x00, 0xAB, 0xAC, 0xAE
	.byte 0x00, 0x00, 0x00, 0x00, 0x00, 0x00, 0x00, 0x00, 0x00, 0x00, 0x00, 0x00, 0x00, 0x00, 0x00, 0x00
	.byte 0x00, 0x00, 0x00, 0x00, 0x00, 0x00, 0x00, 0x00, 0x00, 0x00, 0x00, 0x00, 0x00, 0x00, 0x00, 0x00
	.byte 0x00, 0x00, 0x00, 0x00, 0x00, 0x00, 0x00, 0x00, 0x00, 0x00, 0x00, 0x00, 0x00, 0x00, 0x00, 0x00
	.byte 0x00, 0x00, 0x00, 0x00, 0x00, 0x00, 0x00, 0x00, 0x00, 0x00, 0x00, 0x00, 0x00, 0x00, 0x00, 0x00
	.byte 0x00, 0x00, 0x00, 0x00, 0x00, 0x00, 0x00, 0x00, 0x00, 0x00, 0x00, 0x00, 0x00, 0x00, 0x00, 0x00
	.byte 0x00, 0x00, 0x00, 0x00, 0x00, 0x00, 0x42, 0x43, 0x3C, 0x00, 0x00, 0x00, 0x00, 0x00, 0x00, 0x7A
	.byte 0x7B, 0x78, 0x7C, 0x7C, 0x7C, 0x7C, 0x7C, 0x7C, 0x7C, 0x7C, 0x7C, 0x7C, 0x7C, 0x7C, 0x7C, 0x7C
	.byte 0xD6, 0x00, 0x00, 0x00, 0x00, 0x00, 0x00, 0x00, 0xAB, 0xAC, 0xAE, 0x01, 0x02, 0x00, 0x00, 0x00
	.byte 0x00, 0x00, 0x00, 0x00, 0x00, 0x00, 0x00, 0x00, 0x00, 0x00, 0x00, 0x00, 0x00, 0x00, 0x00, 0x00
	.byte 0x00, 0x00, 0x00, 0x00, 0x00, 0x00, 0x00, 0x00, 0x00, 0x00, 0x00, 0x00, 0x00, 0x00, 0x00, 0x00
	.byte 0x00, 0x00, 0x00, 0x00, 0x00, 0x00, 0x00, 0x00, 0x00, 0x00, 0x00, 0x00, 0x00, 0x00, 0x00, 0x00
	.byte 0x00, 0x00, 0x00, 0x00, 0x00, 0x00, 0x00, 0x00, 0x00, 0x00, 0x00, 0x00, 0x00, 0x00, 0x00, 0x00
	.byte 0x00, 0x00, 0x00, 0x00, 0x00, 0x00, 0x00, 0x00, 0x00, 0x00, 0x00, 0x00, 0x00, 0x00, 0x00, 0x00
	.byte 0x00, 0x00, 0x00, 0x00, 0x00, 0x42, 0x35, 0x2A, 0x00, 0x00, 0x00, 0x00, 0x00, 0x00, 0x00, 0x00
	.byte 0x00, 0x00, 0x00, 0x00, 0x00, 0x00, 0x00, 0x00, 0x00, 0x00, 0x00, 0x00, 0x00, 0x00, 0x00, 0x00
	.byte 0x00, 0x00, 0x00, 0xAB, 0xAC, 0xAE, 0x00, 0x00, 0x03, 0x04, 0x00, 0x00, 0x00, 0x00, 0x00, 0x00
	.byte 0x00, 0x00, 0x00, 0x00, 0x00, 0x00, 0x00, 0x00, 0x00, 0x00, 0x00, 0x00, 0x00, 0x00, 0x00, 0x00
	.byte 0x00, 0x00, 0x00, 0x00, 0x00, 0x00, 0x00, 0x00, 0x00, 0x00, 0x00, 0x00, 0x00, 0x00, 0x00, 0x00
	.byte 0x00, 0x00, 0x00, 0x00, 0x00, 0x00, 0x00, 0x00, 0x00, 0x00, 0x00, 0x00, 0x00, 0x00, 0x00, 0x00
	.byte 0x00, 0x00, 0x00, 0x00, 0x00, 0x00, 0x00, 0x00, 0x00, 0x00, 0x00, 0x00, 0x00, 0x00, 0x00, 0x00
	.byte 0x00, 0x00, 0x00, 0x00, 0x00, 0x00, 0x00, 0x00, 0x00, 0x00, 0x00, 0x00, 0x00, 0x00, 0x00, 0x00
	.byte 0x00, 0x00, 0x00, 0x00, 0x34, 0x35, 0x2A, 0x00, 0x00, 0x00, 0x00, 0x00, 0x00, 0x00, 0x00, 0x00
	.byte 0x00, 0x00, 0x00, 0x00, 0x00, 0x00, 0x00, 0x00, 0x00, 0x00, 0x00, 0x00, 0x00, 0x00, 0xAB, 0xAC
	.byte 0xAE, 0x00, 0x00, 0x00, 0x00, 0x00, 0x00, 0x00, 0x00, 0x00, 0x00, 0x00, 0x00, 0x00, 0x00, 0x00
	.byte 0x00, 0x00, 0x00, 0x00, 0x00, 0x00, 0x00, 0x00, 0x00, 0x00, 0x00, 0x00, 0x00, 0x00, 0x00, 0x00
	.byte 0x00, 0x00, 0x00, 0x00, 0x00, 0x00, 0x00, 0x00, 0x00, 0x00, 0x00, 0x00, 0x00, 0x00, 0x00, 0x00
	.byte 0x00, 0x00, 0x00, 0x00, 0x00, 0x00, 0x00, 0x00, 0x00, 0x00, 0x00, 0x00, 0x00, 0x00, 0x00, 0x00
	.byte 0x00, 0x00, 0x00, 0x00, 0x00, 0x00, 0x00, 0x00, 0x00, 0x00, 0x00, 0x00, 0x00, 0x00, 0x00, 0x00
	.byte 0x00, 0x00, 0x00, 0x00, 0x00, 0x00, 0x00, 0x00, 0x00, 0x00, 0x00, 0x00, 0x00, 0x00, 0x00, 0x00
	.byte 0x00, 0x00, 0x00, 0x34, 0x35, 0x2A, 0x00, 0x00, 0x00, 0x00, 0x00, 0x00, 0x00, 0x00, 0x00, 0x00
	.byte 0x00, 0x00, 0x00, 0x00, 0x00, 0x00, 0x00, 0x00, 0x00, 0xAB, 0xAC, 0xD7, 0x02, 0x00, 0x00, 0x00
	.byte 0x00, 0x00, 0x00, 0x00, 0x00, 0x00, 0x00, 0x00, 0x00, 0x00, 0x00, 0x00, 0x00, 0x00, 0x00, 0x00
	.byte 0x00, 0x00, 0x00, 0x00, 0x00, 0x00, 0x00, 0x00, 0x00, 0x00, 0x00, 0x00, 0x00, 0x00, 0x00, 0x00
	.byte 0x00, 0x00, 0x00, 0x00, 0x00, 0x00, 0x00, 0x00, 0x00, 0x00, 0x00, 0x00, 0x00, 0x00, 0x00, 0x00
	.byte 0x00, 0x00, 0x00, 0x00, 0x00, 0x00, 0x00, 0x00, 0x00, 0x00, 0x00, 0x00, 0x00, 0x00, 0x00, 0x00
	.byte 0x00, 0x00, 0x00, 0x00, 0x00, 0x00, 0x00, 0x00, 0x00, 0x00, 0x00, 0x00, 0x00, 0x00, 0x00, 0x00
	.byte 0x00, 0x00, 0x00, 0x00, 0x00, 0x00, 0x00, 0x00, 0x00, 0x00, 0x00, 0x00, 0x00, 0x00, 0x00, 0x00
	.byte 0x00, 0x00, 0x34, 0xD8, 0xD9, 0xDA, 0xDB, 0xDC, 0xDD, 0xDB, 0xDC, 0xDD, 0xDB, 0xDC, 0xDD, 0xDB
	.byte 0xDC, 0xDD, 0xDB, 0xDE, 0xDF, 0xE0, 0xAE, 0x00, 0x03, 0x04, 0x00, 0x00, 0x00, 0x00, 0x00, 0x00
	.byte 0x00, 0x00, 0x00, 0x00, 0x00, 0x00, 0x00, 0x00, 0x00, 0x00, 0x00, 0x00, 0x00, 0x00, 0x00, 0x00
	.byte 0x00, 0x00, 0x00, 0x00, 0x00, 0x00, 0x00, 0x00, 0x00, 0x00, 0x00, 0x00, 0x00, 0x00, 0x00, 0x00
	.byte 0x00, 0x00, 0x00, 0x00, 0x00, 0x00, 0x00, 0x00, 0x00, 0x00, 0x00, 0x00, 0x00, 0x00, 0x00, 0x00
	.byte 0x00, 0x00, 0x00, 0x00, 0x00, 0x00, 0x00, 0x00, 0x00, 0x00, 0x00, 0x00, 0x00, 0x00, 0x00, 0x00
	.byte 0x00, 0x00, 0x00, 0x00, 0x00, 0x00, 0x00, 0x00, 0x00, 0x00, 0x00, 0x00, 0x00, 0x00, 0x00, 0x00
	.byte 0x00, 0x00, 0x00, 0x00, 0x00, 0x00, 0x00, 0x00, 0x00, 0x00, 0x00, 0x00, 0x00, 0x00, 0x00, 0x01
	.byte 0x02, 0xE1, 0xE2, 0xE3, 0xE4, 0xE5, 0xE6, 0xE7, 0xE5, 0xE6, 0xE7, 0xE5, 0xE3, 0xE4, 0xE5, 0xE3
	.byte 0xE8, 0xE2, 0x00, 0x00, 0x00, 0x00, 0x00, 0x00, 0x00, 0x00, 0x00, 0x00, 0x00, 0x00, 0x00, 0x00
	.byte 0x00, 0x00, 0x00, 0x00, 0x00, 0x00, 0x00, 0x00, 0x00, 0x00, 0x00, 0x00, 0x00, 0x00, 0x00, 0x00
	.byte 0x00, 0x00, 0x00, 0x00, 0x00, 0x00, 0x00, 0x00, 0x00, 0x00, 0x00, 0x00, 0x00, 0x00, 0x00, 0x00
	.byte 0x00, 0x00, 0x00, 0x00, 0x00, 0x00, 0x00, 0x00, 0x00, 0x00, 0x00, 0x00, 0x00, 0x00, 0x00, 0x00
	.byte 0x00, 0x00, 0x00, 0x00, 0x00, 0x00, 0x00, 0x00, 0x00, 0x00, 0x00, 0x00, 0x00, 0x00, 0x00, 0x00
	.byte 0x00, 0x00, 0x00, 0x00, 0x00, 0x00, 0x00, 0x00, 0x00, 0x00, 0x00, 0x00, 0x00, 0x00, 0x00, 0x00
	.byte 0x00, 0x00, 0x00, 0x00, 0x00, 0x00, 0x00, 0x00, 0x00, 0x00, 0x00, 0x00, 0x03, 0x04, 0x00, 0x00
	.byte 0x03, 0x04, 0x00, 0x00, 0x00, 0x00, 0x00, 0x00, 0x00, 0x03, 0x04, 0x00, 0x03, 0x04, 0x00, 0x00
	.byte 0x00, 0x00, 0x00, 0x00, 0x00, 0x00, 0x00, 0x00, 0x00, 0x00, 0x00, 0x00, 0x00, 0x00, 0x00, 0x00
	.byte 0x00, 0x00, 0x00, 0x00, 0x00, 0x00, 0x00, 0x00, 0x00, 0x00, 0x00, 0x00, 0x00, 0x00, 0x00, 0x00
	.byte 0x00, 0x00, 0x00, 0x00, 0x00, 0x00, 0x00, 0x00, 0x00, 0x00, 0x00, 0x00, 0x00, 0x00, 0x00, 0x00
	.byte 0x00, 0x00, 0x00, 0x00, 0x00, 0x00, 0x00, 0x00, 0x00, 0x00, 0x00, 0x00, 0x00, 0x00, 0x00, 0x00
	.byte 0x00, 0x00, 0x00, 0x00, 0x00, 0x00, 0x00, 0x00, 0x00, 0x00, 0x00, 0x00, 0x00, 0x00, 0x00, 0x00
	.byte 0x00, 0x00, 0x00, 0x00, 0x00, 0x00, 0x00, 0x00, 0x00, 0x00, 0x00, 0x00, 0x00, 0x00, 0x00, 0x00
	.byte 0x00, 0x00, 0x00, 0x00, 0x00, 0x00, 0x00, 0x00, 0x00, 0x00, 0x00, 0x00, 0x00, 0x00, 0x00, 0x00
	.byte 0x00, 0x00, 0x00, 0x00, 0x00, 0x00, 0x00, 0x00, 0x00, 0x00, 0x00, 0x00, 0x00, 0x00, 0x00, 0x00
	.byte 0x00, 0x00, 0x00, 0x00, 0x00, 0x00, 0x00, 0x00, 0x00, 0x00, 0x00, 0x00, 0x00, 0x00, 0x00, 0x00
	.byte 0x00, 0x00, 0x00, 0x00, 0x00, 0x00, 0x00, 0x00, 0x00, 0x00, 0x00, 0x00, 0x00, 0x00, 0x00, 0x00
	.byte 0x00, 0x00, 0x00, 0x00, 0x00, 0x00, 0x00, 0x00, 0x00, 0x00, 0x00, 0x00, 0x00, 0x00, 0x00, 0x00
	.byte 0x00, 0x00, 0x00, 0x00, 0x00, 0x00, 0x00, 0x00, 0x00, 0x00, 0x00, 0x00, 0x00, 0x00, 0x00, 0x00
	.byte 0x00, 0x00, 0x00, 0x00, 0x00, 0x00, 0x00, 0x00, 0x00, 0x00, 0x00, 0x00, 0x00, 0x00, 0x00, 0x00
	.byte 0x00, 0x00, 0x00, 0x00, 0x00, 0x00, 0x00, 0x00, 0x00, 0x00, 0x00, 0x00, 0x00, 0x00, 0x00, 0x00
	.byte 0x00, 0x00, 0x00, 0x00, 0x00, 0x00, 0x00, 0x00, 0x00, 0x00, 0x00, 0x00, 0x00, 0x00, 0x00, 0x00
	.byte 0x00, 0x00, 0x00, 0x00, 0x00, 0x00, 0x00, 0x00, 0x00, 0x00, 0x00, 0x00, 0x00, 0x00, 0x00, 0x00
	.byte 0x00, 0x00, 0x00, 0x00, 0x00, 0x00, 0x00, 0x00, 0x00, 0x00, 0x00, 0x00, 0x00, 0x00, 0x00, 0x00
	.byte 0x00, 0x00, 0x00, 0x00, 0x00, 0x00, 0x00, 0x00, 0x00, 0x00, 0x00, 0x00, 0x00, 0x00, 0x00, 0x00
	.byte 0x00, 0x00, 0x00, 0x00, 0x00, 0x00, 0x00, 0x00, 0x00, 0x00, 0x00, 0x00, 0x00, 0x00, 0x00, 0x00
	.byte 0x00, 0x00, 0x00, 0x00, 0x00, 0x00, 0x00, 0x00, 0x00, 0x00, 0x00, 0x00, 0x00, 0x00, 0x00, 0x00
	.byte 0x00, 0x00, 0x00, 0x00, 0x00, 0x00, 0x00, 0x00, 0x00, 0x00, 0x00, 0x00, 0x00, 0x00, 0x00, 0x00
	.byte 0x00, 0x00, 0x00, 0x00, 0x00, 0x00, 0x00, 0x00, 0x00, 0x00, 0x00, 0x00, 0x00, 0x00, 0x00, 0x00
	.byte 0x00, 0x00, 0x00, 0x00, 0x00, 0x00, 0x00, 0x00, 0x00, 0x00, 0x00, 0x00, 0x00, 0x00, 0x00, 0x00
	.byte 0x00, 0x00, 0x00, 0x00, 0x00, 0x00, 0x00, 0x00, 0x00, 0x00, 0x00, 0x00, 0x00, 0x00, 0x00, 0x00
	.byte 0x00, 0x00, 0x00, 0x00, 0x00, 0x00, 0x00, 0x00, 0x00, 0x00, 0x00, 0x00, 0x00, 0x00, 0x00, 0x00
	.byte 0x00, 0x00, 0x00, 0x00, 0x00, 0x00, 0x00, 0x00, 0x00, 0x00, 0x00, 0x00, 0x00, 0x00, 0x00, 0x00
	.byte 0x00, 0x00, 0x00, 0x00, 0x00, 0x00, 0x00, 0x00, 0x00, 0x00, 0x00, 0x00, 0x00, 0x00, 0x00, 0x00
	.byte 0x00, 0x00, 0x00, 0x00, 0x00, 0x00, 0x00, 0x00, 0x00, 0x00, 0x00, 0x00, 0x00, 0x00, 0x00, 0x00
	.byte 0x00, 0x00, 0x00, 0x00, 0x00, 0x00, 0x00, 0x00, 0x00, 0x00, 0x00, 0x00, 0x00, 0x00, 0x00, 0x00
	.byte 0x00, 0x00, 0x00, 0x00, 0x00, 0x00, 0x00, 0x00, 0x00, 0x00, 0x00, 0x00, 0x00, 0x00, 0x00, 0x00
	.byte 0x00, 0x00, 0x00, 0x00, 0x00, 0x00, 0x00, 0x00, 0x00, 0x00, 0x00, 0x00, 0x00, 0x00, 0x00, 0x00
	.byte 0x00, 0x00, 0x00, 0x00, 0x00, 0x00, 0x00, 0x00, 0x00, 0x00, 0x00, 0x00, 0x00, 0x00, 0x00, 0x00
	.byte 0x00, 0x00, 0x00, 0x00, 0x00, 0x00, 0x00, 0x00, 0x00, 0x00, 0x00, 0x00, 0x00, 0x00, 0x00, 0x00
	.byte 0x00, 0x00, 0x00, 0x00, 0x00, 0x00, 0x00, 0x00, 0x00, 0x00, 0x00, 0x00, 0x00, 0x00, 0x00, 0x00
	.byte 0x00, 0x00, 0x00, 0x00, 0x00, 0x00, 0x00, 0x00, 0x00, 0x00, 0x00, 0x00, 0x00, 0x00, 0x00, 0x00
	.byte 0x00, 0x00, 0x00, 0x00, 0x00, 0x00, 0x00, 0x00, 0x00, 0x00, 0x00, 0x00, 0x00, 0x00, 0x00, 0x00
	.byte 0x00, 0x00, 0x00, 0x00, 0x00, 0x00, 0x00, 0x00, 0x00, 0x00, 0x00, 0x00, 0x00, 0x00, 0x00, 0x00
	.byte 0x00, 0x00, 0x00, 0x00, 0x00, 0x00, 0x00, 0x00, 0x00, 0x00, 0x00, 0x00, 0x00, 0x00, 0x00, 0x00
	.byte 0x00, 0x00, 0x00, 0x00, 0x00, 0x00, 0x00, 0x00, 0x00, 0x00, 0x00, 0x00, 0x00, 0x00, 0x00, 0x00
	.byte 0x00, 0x00, 0x00, 0x00, 0x00, 0x00, 0x00, 0x00, 0x00, 0x00, 0x00, 0x00, 0x00, 0x00, 0x00, 0x00
	.byte 0x00, 0x00, 0x00, 0x00, 0x00, 0x00, 0x00, 0x00, 0x00, 0x00, 0x00, 0x00, 0x00, 0x00, 0x00, 0x00
	.byte 0x00, 0x00, 0x00, 0x00, 0x00, 0x00, 0x00, 0x00, 0x00, 0x00, 0x00, 0x00, 0x00, 0x00, 0x00, 0x00
	.byte 0x00, 0x00, 0x00, 0x00, 0x00, 0x00, 0x00, 0x00, 0x00, 0x00, 0x00, 0x00, 0x00, 0x00, 0x00, 0x00
	.byte 0x00, 0x00, 0x00, 0x00, 0x00, 0x00, 0x00, 0x00, 0x00, 0x00, 0x00, 0x00, 0x00, 0x00, 0x00, 0x00
	.byte 0x00, 0x00, 0x00, 0x00, 0x00, 0x00, 0x00, 0x00, 0x00, 0x00, 0x00, 0x00, 0x00, 0x00, 0x00, 0x00
	.byte 0x00, 0x00, 0x00, 0x00, 0x00, 0x00, 0x00, 0x00, 0x00, 0x00, 0x00, 0x00, 0x00, 0x00, 0x00, 0x00
	.byte 0x00, 0x00, 0x00, 0x00, 0x00, 0x00, 0x00, 0x00, 0x00, 0x00, 0x00, 0x00, 0x00, 0x00, 0x00, 0x00
	.byte 0x00, 0x00, 0x00, 0x00, 0x00, 0x00, 0x00, 0x00, 0x00, 0x00, 0x00, 0x00, 0x00, 0x00, 0x00, 0x00
	.byte 0x00, 0x00, 0x00, 0x00, 0x00, 0x00, 0x00, 0x00, 0x00, 0x00, 0x00, 0x00, 0x00, 0x00, 0x00, 0x00
	.byte 0x00, 0x00, 0x00, 0x00, 0x00, 0x00, 0x00, 0x00, 0x00, 0x00, 0x00, 0x00, 0x00, 0x00, 0x00, 0x00
	.byte 0x00, 0x00, 0x00, 0x00, 0x00, 0x00, 0x00, 0x00, 0x00, 0x00, 0x00, 0x00, 0x00, 0x00, 0x00, 0x00
	.byte 0x00, 0x00, 0x00, 0x00, 0x00, 0x00, 0x00, 0x00, 0x00, 0x00, 0x00, 0x00, 0x00, 0x00, 0x00, 0x00
	.byte 0x00, 0x00, 0x00, 0x00, 0x00, 0x00, 0x00, 0x00, 0x00, 0x00, 0x00, 0x00, 0x00, 0x00, 0x00, 0x00
	.byte 0x00, 0x00, 0x00, 0x00, 0x00, 0x00, 0x00, 0x00, 0x00, 0x00, 0x00, 0x00, 0x00, 0x00, 0x00, 0x00
	.byte 0x00, 0x00, 0x00, 0x00, 0x00, 0x00, 0x00, 0x00, 0x00, 0x00, 0x00, 0x00, 0x00, 0x00, 0x00, 0x00
	.byte 0x00, 0x00, 0x00, 0x00, 0x00, 0x00, 0x00, 0x00, 0x00, 0x00, 0x00, 0x00, 0x00, 0x00, 0x00, 0x00
	.byte 0x00, 0x00, 0x00, 0x00, 0x00, 0x00, 0x00, 0x00, 0x00, 0x00, 0x00, 0x00, 0x00, 0x00, 0x00, 0x00
	.byte 0x00, 0x00, 0x00, 0x00, 0x00, 0x00, 0x00, 0x00, 0x00, 0x00, 0x00, 0x00, 0x00, 0x00, 0x00, 0x00
	.byte 0x00, 0x00, 0x00, 0x00, 0x00, 0x00, 0x00, 0x00, 0x00, 0x00, 0x00, 0x00, 0x00, 0x00, 0x00, 0x00
	.byte 0x00, 0x00, 0x00, 0x00, 0x00, 0x00, 0x00, 0x00, 0x00, 0x00, 0x00, 0x00, 0x00, 0x00, 0x00, 0x00
	.byte 0x00, 0x00, 0x00, 0x00, 0x00, 0x00, 0x00, 0x00, 0x00, 0x00, 0x00, 0x00, 0x00, 0x00, 0x00, 0x00
	.byte 0x00, 0x00, 0x00, 0x00, 0x00, 0x00, 0x00, 0x00, 0x00, 0x00, 0x00, 0x00, 0x00, 0x00, 0x00, 0x00
	.byte 0x00, 0x00, 0x00, 0x00, 0x00, 0x00, 0x00, 0x00, 0x00, 0x00, 0x00, 0x00, 0x00, 0x00, 0x00, 0x00
	.byte 0x00, 0x00, 0x00, 0x00, 0x00, 0x00, 0x00, 0x00, 0x00, 0x00, 0x00, 0x00, 0x00, 0x00, 0x00, 0x00
	.byte 0x00, 0x00, 0x00, 0x00, 0x00, 0x00, 0x00, 0x00, 0x00, 0x00, 0x00, 0x00, 0x00, 0x00, 0x00, 0x00
	.byte 0x00, 0x00, 0x00, 0x00, 0x00, 0x00, 0x00, 0x00, 0x00, 0x00, 0x00, 0x00, 0x00, 0x00, 0x00, 0x00
	.byte 0x00, 0x00, 0x00, 0x00, 0x00, 0x00, 0x00, 0x00, 0x00, 0x00, 0x00, 0x00, 0x00, 0x00, 0x00, 0x00
	.byte 0x00, 0x00, 0x00, 0x00, 0x00, 0x00, 0x00, 0x00, 0x00, 0x00, 0x00, 0x00, 0x00, 0x00, 0x00, 0x00
	.byte 0x00, 0x00, 0x00, 0x00, 0x00, 0x00, 0x00, 0x00, 0x00, 0x00, 0x00, 0x00, 0x00, 0x00, 0x00, 0x00
	.byte 0x00, 0x00, 0x00, 0x00, 0x00, 0x00, 0x00, 0x00, 0x00, 0x00, 0x00, 0x00, 0x00, 0x00, 0x00, 0x00
	.byte 0x00, 0x00, 0x00, 0x00, 0x00, 0x00, 0x00, 0x00, 0x00, 0x00, 0x00, 0x00, 0x00, 0x00, 0x00, 0x00
	.byte 0x00, 0x00, 0x00, 0x00, 0x00, 0x00, 0x00, 0x00, 0x00, 0x00, 0x00, 0x00, 0x00, 0x00, 0x00, 0x00
	.byte 0x00, 0x00, 0x00, 0x00, 0x00, 0x00, 0x00, 0x00, 0x00, 0x00, 0x00, 0x00, 0x00, 0x00, 0x00, 0x00
	.byte 0x00, 0x00, 0x00, 0x00, 0x00, 0x00, 0x00, 0x00, 0x00, 0x00, 0x00, 0x00, 0x00, 0x00, 0x00, 0x00
	.byte 0x00, 0x00, 0x00, 0x00, 0x00, 0x00, 0x00, 0x00, 0x00, 0x00, 0x00, 0x00, 0x00, 0x00, 0x00, 0x00
	.byte 0x00, 0x00, 0x00, 0x00, 0x00, 0x00, 0x00, 0x00, 0x00, 0x00, 0x00, 0x00, 0x00, 0x00, 0x00, 0x00
	.byte 0x00, 0x00, 0x00, 0x00, 0x00, 0x00, 0x00, 0x00, 0x00, 0x00, 0x00, 0x00, 0x00, 0x00, 0x00, 0x00
	.byte 0x00, 0x00, 0x00, 0x00, 0x00, 0x00, 0x00, 0x00, 0x00, 0x00, 0x00, 0x00, 0x00, 0x00, 0x00, 0x00
	.byte 0x00, 0x00, 0x00, 0x00, 0x00, 0x00, 0x00, 0x00, 0x00, 0x00, 0x00, 0x00, 0x00, 0x00, 0x00, 0x00
	.byte 0x00, 0x00, 0x00, 0x00, 0x00, 0x00, 0x00, 0x00, 0x00, 0x00, 0x00, 0x00, 0x00, 0x00, 0x00, 0x00
	.byte 0x00, 0x00, 0x00, 0x00, 0x00, 0x00, 0x00, 0x00, 0x00, 0x00, 0x00, 0x00, 0x00, 0x00, 0x00, 0x00
	.byte 0x00, 0x00, 0x00, 0x00, 0x00, 0x00, 0x00, 0x00, 0x00, 0x00, 0x00, 0x00, 0x00, 0x00, 0x00, 0x00
	.byte 0x00, 0x00, 0x00, 0x00, 0x00, 0x00, 0x00, 0x00, 0x00, 0x00, 0x00, 0x00, 0x00, 0x00, 0x00, 0x00
	.byte 0x00, 0x00, 0x00, 0x00, 0x00, 0x00, 0x00, 0x00, 0x00, 0x00, 0x00, 0x00, 0x00, 0x00, 0x00, 0x00
	.byte 0x00, 0x00, 0x00, 0x00, 0x00, 0x00, 0x00, 0x00, 0x00, 0x00, 0x00, 0x00, 0x00, 0x00, 0x00, 0x00
	.byte 0x00, 0x00, 0x00, 0x00, 0x00, 0x00, 0x00, 0x00, 0x00, 0x00, 0x00, 0x00, 0x00, 0x00, 0x00, 0x00
	.byte 0x00, 0x00, 0x00, 0x00, 0x00, 0x00, 0x00, 0x00, 0x00, 0x00, 0x00, 0x00, 0x00, 0x00, 0x00, 0x00
	.byte 0x00, 0x00, 0x00, 0x00, 0x00, 0x00, 0x00, 0x00, 0x00, 0x00, 0x00, 0x00, 0x00, 0x00, 0x00, 0x00
	.byte 0x00, 0x00, 0x00, 0x00, 0x00, 0x00, 0x00, 0x00, 0x00, 0x00, 0x00, 0x00, 0x00, 0x00, 0x00, 0x00
	.byte 0x00, 0x00, 0x00, 0x00, 0x00, 0x00, 0x00, 0x00, 0x00, 0x00, 0x00, 0x00, 0x00, 0x00, 0x00, 0x00
	.byte 0x00, 0x00, 0x00, 0x00, 0x00, 0x00, 0x00, 0x00, 0x00, 0x00, 0x00, 0x00, 0x00, 0x00, 0x00, 0x00
	.byte 0x00, 0x00, 0x00, 0x00, 0x00, 0x00, 0x00, 0x00, 0x00, 0x00, 0x00, 0x00, 0x00, 0x00, 0x00, 0x00
	.byte 0x00, 0x00, 0x00, 0x00, 0x00, 0x00, 0x00, 0x00, 0x00, 0x00, 0x00, 0x00, 0x00, 0x00, 0x00, 0x00
	.byte 0x00, 0x00, 0x00, 0x00, 0x00, 0x00, 0x00, 0x00, 0x00, 0x00, 0x00, 0x00, 0x00, 0x00, 0x00, 0x00
	.byte 0x00, 0x00, 0x00, 0x00, 0x00, 0x00, 0x00, 0x00, 0x00, 0x00, 0x00, 0x00, 0x00, 0x00, 0x00, 0x00
	.byte 0x00, 0x00, 0x00, 0x00, 0x00, 0x00, 0x00, 0x00, 0x00, 0x00, 0x00, 0x00, 0x00, 0x00, 0x00, 0x00
	.byte 0x00, 0x00, 0x00, 0x00, 0x00, 0x00, 0x00, 0x00, 0x00, 0x00, 0x00, 0x00, 0x00, 0x00, 0x00, 0x00
	.byte 0x00, 0x00, 0x00, 0x00, 0x00, 0x00, 0x00, 0x00, 0x00, 0x00, 0x00, 0x00, 0x00, 0x00, 0x00, 0x00
	.byte 0x00, 0x00, 0x00, 0x00, 0x00, 0x00, 0x00, 0x00, 0x00, 0x00, 0x00, 0x00, 0x00, 0x00, 0x00, 0x00
	.byte 0x00, 0x00, 0x00, 0x00, 0x00, 0x00, 0x00, 0x00, 0x00, 0x00, 0x00, 0x00, 0x00, 0x00, 0x00, 0x00
	.byte 0x00, 0x00, 0x00, 0x00, 0x00, 0x00, 0x00, 0x00, 0x00, 0x00, 0x00, 0x00, 0x00, 0x00, 0x00, 0x00
	.byte 0x00, 0x00, 0x00, 0x00, 0x00, 0x00, 0x00, 0x00, 0x00, 0x00, 0x00, 0x00, 0x00, 0x00, 0x00, 0x00
	.byte 0x00, 0x00, 0x00, 0x00, 0x00, 0x00, 0x00, 0x00, 0x00, 0x00, 0x00, 0x00, 0x00, 0x00, 0x00, 0x00
	.byte 0x00, 0x00, 0x00, 0x00, 0x00, 0x00, 0x00, 0x00, 0x00, 0x00, 0x00, 0x00, 0x00, 0x00, 0x00, 0x00
	.byte 0x00, 0x00, 0x00, 0x00, 0x00, 0x00, 0x00, 0x00, 0x00, 0x00, 0x00, 0x00, 0x00, 0x00, 0x00, 0x00
	.byte 0x00, 0x00, 0x00, 0x00, 0x00, 0x00, 0x00, 0x00, 0x00, 0x00, 0x00, 0x00, 0x00, 0x00, 0x00, 0x00
	.byte 0x00, 0x00, 0x00, 0x00, 0x00, 0x00, 0x00, 0x00, 0x00, 0x00, 0x00, 0x00, 0x00, 0x00, 0x00, 0x00
	.byte 0x00, 0x00, 0x00, 0x00, 0x00, 0x00, 0x00, 0x00, 0x00, 0x00, 0x00, 0x00, 0x00, 0x00, 0x00, 0x00
	.byte 0x00, 0x00, 0x00, 0x00, 0x00, 0x00, 0x00, 0x00, 0x00, 0x00, 0x00, 0x00, 0x00, 0x00, 0x00, 0x00
	.byte 0x00, 0x00, 0x00, 0x00, 0x00, 0x00, 0x00, 0x00, 0x00, 0x00, 0x00, 0x00, 0x00, 0x00, 0x00, 0x00
	.byte 0x00, 0x00, 0x00, 0x00, 0x00, 0x00, 0x00, 0x00, 0x00, 0x00, 0x00, 0x00, 0x00, 0x00, 0x00, 0x00
	.byte 0x00, 0x00, 0x00, 0x00, 0x00, 0x00, 0x00, 0x00, 0x00, 0x00, 0x00, 0x00, 0x00, 0x00, 0x00, 0x00
	.byte 0x00, 0x00, 0x00, 0x00, 0x00, 0x00, 0x00, 0x00, 0x00, 0x00, 0x00, 0x00, 0x00, 0x00, 0x00, 0x00
	.byte 0x00, 0x00, 0x00, 0x00, 0x00, 0x00, 0x00, 0x00, 0x00, 0x00, 0x00, 0x00, 0x00, 0x00, 0x00, 0x00
	.byte 0x00, 0x00, 0x00, 0x00, 0x00, 0x00, 0x00, 0x00, 0x00, 0x00, 0x00, 0x00, 0x00, 0x00, 0x00, 0x00
	.byte 0x00, 0x00, 0x00, 0x00, 0x00, 0x00, 0x00, 0x00, 0x00, 0x00, 0x00, 0x00, 0x00, 0x00, 0x00, 0x00
	.byte 0x00, 0x00, 0x00, 0x00, 0x00, 0x00, 0x00, 0x00, 0x00, 0x00, 0x00, 0x00, 0x00, 0x00, 0x00, 0x00
	.byte 0x00, 0x00, 0x00, 0x00, 0x00, 0x00, 0x00, 0x00, 0x00, 0x00, 0x00, 0x00, 0x00, 0x00, 0x00, 0x00
	.byte 0x00, 0x00, 0x00, 0x00, 0x00, 0x00, 0x00, 0x00, 0x00, 0x00, 0x00, 0x00, 0x00, 0x00, 0x00, 0x00
	.byte 0x00, 0x00, 0x00, 0x00, 0x00, 0x00, 0x00, 0x00, 0x00, 0x00, 0x00, 0x00, 0x00, 0x00, 0x00, 0x00
	.byte 0x00, 0x00, 0x00, 0x00, 0x00, 0x00, 0x00, 0x00, 0x00, 0x00, 0x00, 0x00, 0x00, 0x00, 0x00, 0x00
	.byte 0x00, 0x00, 0x00, 0x00, 0x00, 0x00, 0x00, 0x00, 0x00, 0x00, 0x00, 0x00, 0x00, 0x00, 0x00, 0x00
	.byte 0x00, 0x00, 0x00, 0x00, 0x00, 0x00, 0x00, 0x00, 0x00, 0x00, 0x00, 0x00, 0x00, 0x00, 0x00, 0x00
	.byte 0x00, 0x00, 0x00, 0x00, 0x00, 0x00, 0x00, 0x00, 0x00, 0x00, 0x00, 0x00, 0x00, 0x00, 0x00, 0x00
	.byte 0x00, 0x00, 0x00, 0x00, 0x00, 0x00, 0x00, 0x00, 0x00, 0x00, 0x00, 0x00, 0x00, 0x00, 0x00, 0x00
	.byte 0x00, 0x00, 0x00, 0x00, 0x00, 0x00, 0x00, 0x00, 0x00, 0x00, 0x00, 0x00, 0x00, 0x00, 0x00, 0x00
	.byte 0x00, 0x00, 0x00, 0x00, 0x00, 0x00, 0x00, 0x00, 0x00, 0x00, 0x00, 0x00, 0x00, 0x00, 0x00, 0x00
	.byte 0x00, 0x00, 0x00, 0x00, 0x00, 0x00, 0x00, 0x00, 0x00, 0x00, 0x00, 0x00, 0x00, 0x00, 0x00, 0x00
	.byte 0x00, 0x00, 0x00, 0x00, 0x00, 0x00, 0x00, 0x00, 0x00, 0x00, 0x00, 0x00, 0x00, 0x00, 0x00, 0x00
	.byte 0x00, 0x00, 0x00, 0x00, 0x00, 0x00, 0x00, 0x00, 0x00, 0x00, 0x00, 0x00, 0x00, 0x00, 0x00, 0x00
	.byte 0x00, 0x00, 0x00, 0x00, 0x00, 0x00, 0x00, 0x00, 0x00, 0x00, 0x00, 0x00, 0x00, 0x00, 0x00, 0x00
	.byte 0x00, 0x00, 0x00, 0x00, 0x00, 0x00, 0x00, 0x00, 0x00, 0x00, 0x00, 0x00, 0x00, 0x00, 0x00, 0x00
	.byte 0x00, 0x00, 0x00, 0x00, 0x00, 0x00, 0x00, 0x00, 0x00, 0x00, 0x00, 0x00, 0x00, 0x00, 0x00, 0x00
	.byte 0x00, 0x00, 0x00, 0x00, 0x00, 0x00, 0x00, 0x00, 0x00, 0x00, 0x00, 0x00, 0x00, 0x00, 0x00, 0x00
	.byte 0x00, 0x00, 0x00, 0x00, 0x00, 0x00, 0x00, 0x00, 0x00, 0x00, 0x00, 0x00, 0x00, 0x00, 0x00, 0x00
	.byte 0x00, 0x00, 0x00, 0x00, 0x00, 0x00, 0x00, 0x00, 0x00, 0x00, 0x00, 0x00, 0x00, 0x00, 0x00, 0x00
	.byte 0x00, 0x00, 0x00, 0x00, 0x00, 0x00, 0x00, 0x00, 0x00, 0x00, 0x00, 0x00, 0x00, 0x00, 0x00, 0x00
	.byte 0x00, 0x00, 0x00, 0x00, 0x00, 0x00, 0x00, 0x00, 0x00, 0x00, 0x00, 0x00, 0x00, 0x00, 0x00, 0x00
	.byte 0x00, 0x00, 0x00, 0x00, 0x00, 0x00, 0x00, 0x00, 0x00, 0x00, 0x00, 0x00, 0x00, 0x00, 0x00, 0x00
	.byte 0x00, 0x00, 0x00, 0x00, 0x00, 0x00, 0x00, 0x00, 0x00, 0x00, 0x00, 0x00, 0x00, 0x00, 0x00, 0x00
	.byte 0x00, 0x00, 0x00, 0x00, 0x00, 0x00, 0x00, 0x00, 0x00, 0x00, 0x00, 0x00, 0x00, 0x00, 0x00, 0x00
	.byte 0x00, 0x00, 0x00, 0x00, 0x00, 0x00, 0x00, 0x00, 0x00, 0x00, 0x00, 0x00, 0x00, 0x00, 0x00, 0x00
	.byte 0x00, 0x00, 0x00, 0x00, 0x00, 0x00, 0x00, 0x00, 0x00, 0x00, 0x00, 0x00, 0x00, 0x00, 0x00, 0x00
	.byte 0x00, 0x00, 0x00, 0x00, 0x00, 0x00, 0x00, 0x00, 0x00, 0x00, 0x00, 0x00, 0x00, 0x00, 0x00, 0x00
	.byte 0x00, 0x00, 0x00, 0x00, 0x00, 0x00, 0x00, 0x00, 0x00, 0x00, 0x00, 0x00, 0x00, 0x00, 0x00, 0x00
	.byte 0x00, 0x00, 0x00, 0x00, 0x00, 0x00, 0x00, 0x00, 0x00, 0x00, 0x00, 0x00, 0x00, 0x00, 0x00, 0x00
	.byte 0x00, 0x00, 0x00, 0x00, 0x00, 0x00, 0x00, 0x00, 0x00, 0x00, 0x00, 0x00, 0x00, 0x00, 0x00, 0x00
	.byte 0x00, 0x00, 0x00, 0x00, 0x00, 0x00, 0x01, 0x90, 0x00, 0x00, 0x00, 0x00, 0x00, 0x00, 0x02, 0x90
	.byte 0x00, 0x00, 0x00, 0x00, 0x00, 0x00, 0x03, 0x90, 0x00, 0x00, 0x00, 0x00, 0x00, 0x00, 0x00, 0x00
	.byte 0x04, 0x90, 0x05, 0x90, 0x06, 0x90, 0x00, 0x00, 0x07, 0x90, 0x08, 0x90, 0x09, 0x90, 0x00, 0x00
	.byte 0x0A, 0x90, 0x0B, 0x90, 0x0C, 0x90, 0x00, 0x00, 0x00, 0x00, 0x00, 0x00, 0x00, 0x00, 0x0D, 0x90
	.byte 0x0E, 0x90, 0x0F, 0x90, 0x00, 0x00, 0x10, 0x90, 0x11, 0x90, 0x12, 0x90, 0x13, 0x90, 0x14, 0x90
	.byte 0x00, 0x00, 0x00, 0x00, 0x00, 0x00, 0x00, 0x00, 0x15, 0x90, 0x16, 0x90, 0x17, 0x90, 0x00, 0x00
	.byte 0x18, 0x90, 0x19, 0x90, 0x1A, 0x90, 0x00, 0x00, 0x1B, 0x90, 0x1C, 0x90, 0x1D, 0x90, 0x00, 0x00
	.byte 0x1E, 0x90, 0x1F, 0x90, 0x00, 0x00, 0x00, 0x00, 0x00, 0x00, 0x00, 0x00, 0x00, 0x00, 0x00, 0x00
	.byte 0x00, 0x00, 0x00, 0x00, 0x00, 0x00, 0x00, 0x00, 0x00, 0x00, 0x00, 0x00, 0x00, 0x00, 0x00, 0x00
	.byte 0x00, 0x00, 0x00, 0x00, 0x00, 0x00, 0x20, 0x20, 0x00, 0x00, 0x00, 0x00, 0x00, 0x00, 0x00, 0x00
	.byte 0x00, 0x00, 0x00, 0x00, 0x00, 0x00, 0x00, 0x00, 0x00, 0x00, 0x00, 0x00, 0x00, 0x00, 0x20, 0x20
	.byte 0x00, 0x00, 0x00, 0x00, 0x00, 0x00, 0x21, 0x20, 0x00, 0x00, 0x00, 0x00, 0x00, 0x00, 0x00, 0x00
	.byte 0x00, 0x00, 0x00, 0x00, 0x00, 0x00, 0x00, 0x00, 0x00, 0x00, 0x00, 0x00, 0x00, 0x00, 0x00, 0x00
	.byte 0x00, 0x00, 0x00, 0x00, 0x00, 0x00, 0x22, 0x20, 0x00, 0x00, 0x00, 0x00, 0x00, 0x00, 0x00, 0x00
	.byte 0x00, 0x00, 0x00, 0x00, 0x00, 0x00, 0x00, 0x00, 0x00, 0x00, 0x00, 0x00, 0x00, 0x00, 0x00, 0x00
	.byte 0x23, 0x20, 0x00, 0x00, 0x00, 0x00, 0x00, 0x00, 0x00, 0x00, 0x00, 0x00, 0x00, 0x00, 0x00, 0x00
	.byte 0x00, 0x00, 0x00, 0x00, 0x00, 0x00, 0x00, 0x00, 0x00, 0x00, 0x00, 0x00, 0x00, 0x00, 0x24, 0x20
	.byte 0x00, 0x00, 0x24, 0x20, 0x25, 0x20, 0x26, 0x20, 0x00, 0x00, 0x00, 0x00, 0x00, 0x00, 0x00, 0x00
	.byte 0x00, 0x00, 0x00, 0x00, 0x00, 0x00, 0x20, 0x20, 0x27, 0x20, 0x00, 0x00, 0x00, 0x00, 0x21, 0x20
	.byte 0x28, 0x20, 0x29, 0x20, 0x2A, 0x20, 0x2B, 0x20, 0x00, 0x00, 0x00, 0x00, 0x00, 0x00, 0x20, 0x20
	.byte 0x00, 0x00, 0x00, 0x00, 0x00, 0x00, 0x21, 0x20, 0x00, 0x00, 0x29, 0x20, 0x2A, 0x20, 0x2B, 0x20
	.byte 0x00, 0x00, 0x00, 0x00, 0x00, 0x00, 0x00, 0x00, 0x00, 0x00, 0x00, 0x00, 0x00, 0x00, 0x21, 0x20
	.byte 0x00, 0x00, 0x29, 0x20, 0x2A, 0x20, 0x2B, 0x20, 0x00, 0x00, 0x00, 0x00, 0x00, 0x00, 0x00, 0x00
	.byte 0x00, 0x00, 0x00, 0x00, 0x00, 0x00, 0x00, 0x00, 0x00, 0x00, 0x29, 0x20, 0x2A, 0x20, 0x2B, 0x20
	.byte 0x00, 0x00, 0x00, 0x00, 0x00, 0x00, 0x00, 0x00, 0x00, 0x00, 0x00, 0x00, 0x00, 0x00, 0x00, 0x00
	.byte 0x00, 0x00, 0x00, 0x00, 0x00, 0x00, 0x00, 0x00, 0x00, 0x00, 0x00, 0x00, 0x00, 0x00, 0x00, 0x00
	.byte 0x00, 0x00, 0x00, 0x00, 0x00, 0x00, 0x20, 0x20, 0x00, 0x00, 0x00, 0x00, 0x00, 0x00, 0x21, 0x20
	.byte 0x00, 0x00, 0x29, 0x20, 0x2A, 0x20, 0x2B, 0x20, 0x00, 0x00, 0x00, 0x00, 0x00, 0x00, 0x00, 0x00
	.byte 0x00, 0x00, 0x00, 0x00, 0x00, 0x00, 0x00, 0x00, 0x2C, 0x20, 0x24, 0x24, 0x00, 0x00, 0x00, 0x00
	.byte 0x2D, 0x20, 0x26, 0x24, 0x25, 0x24, 0x24, 0x24, 0x00, 0x00, 0x00, 0x00, 0x00, 0x00, 0x00, 0x00
	.byte 0x00, 0x00, 0x00, 0x00, 0x00, 0x00, 0x00, 0x00, 0x00, 0x00, 0x2E, 0x20, 0x2F, 0x20, 0x30, 0x20
	.byte 0x00, 0x00, 0x00, 0x00, 0x31, 0x20, 0x32, 0x20, 0x00, 0x00, 0x00, 0x00, 0x00, 0x00, 0x31, 0x20
	.byte 0x00, 0x00, 0x00, 0x00, 0x00, 0x00, 0x33, 0x20, 0x00, 0x00, 0x00, 0x00, 0x00, 0x00, 0x34, 0x20
	.byte 0x35, 0x20, 0x36, 0x20, 0x37, 0x20, 0x38, 0x20, 0x39, 0x20, 0x00, 0x00, 0x00, 0x00, 0x24, 0x20
	.byte 0x3A, 0x20, 0x24, 0x20, 0x25, 0x20, 0x26, 0x20, 0x3B, 0x20, 0x26, 0x20, 0x3C, 0x20, 0x3D, 0x20
	.byte 0x3E, 0x20, 0x3F, 0x20, 0x40, 0x20, 0x41, 0x20, 0x42, 0x20, 0x26, 0x20, 0x3C, 0x20, 0x43, 0x20
	.byte 0x44, 0x20, 0x3F, 0x20, 0x40, 0x20, 0x41, 0x20, 0x45, 0x20, 0x41, 0x20, 0x00, 0x00, 0x00, 0x00
	.byte 0x00, 0x00, 0x00, 0x00, 0x00, 0x00, 0x00, 0x00, 0x46, 0x20, 0x00, 0x00, 0x00, 0x00, 0x00, 0x00
	.byte 0x00, 0x00, 0x00, 0x00, 0x00, 0x00, 0x00, 0x00, 0x00, 0x00, 0x00, 0x00, 0x00, 0x00, 0x00, 0x00
	.byte 0x00, 0x00, 0x00, 0x00, 0x00, 0x00, 0x00, 0x00, 0x00, 0x00, 0x00, 0x00, 0x47, 0x20, 0x48, 0x20
	.byte 0x00, 0x00, 0x00, 0x00, 0x00, 0x00, 0x49, 0x20, 0x00, 0x00, 0x00, 0x00, 0x00, 0x00, 0x00, 0x00
	.byte 0x00, 0x00, 0x00, 0x00, 0x00, 0x00, 0x00, 0x00, 0x4A, 0x20, 0x4B, 0x20, 0x4C, 0x20, 0x26, 0x24
	.byte 0x4D, 0x20, 0x4E, 0x20, 0x4F, 0x20, 0x4B, 0x20, 0x00, 0x00, 0x49, 0x20, 0x50, 0x20, 0x51, 0x20
	.byte 0x00, 0x00, 0x00, 0x00, 0x00, 0x00, 0x49, 0x20, 0x52, 0x20, 0x24, 0x24, 0x33, 0x20, 0x3A, 0x20
	.byte 0x2D, 0x20, 0x26, 0x24, 0x53, 0x20, 0x54, 0x20, 0x55, 0x20, 0x56, 0x20, 0x57, 0x20, 0x58, 0x20
	.byte 0x4D, 0x20, 0x4E, 0x20, 0x4F, 0x20, 0x4B, 0x20, 0x00, 0x00, 0x00, 0x00, 0x00, 0x00, 0x00, 0x00
	.byte 0x00, 0x00, 0x00, 0x00, 0x00, 0x00, 0x00, 0x00, 0x52, 0x20, 0x24, 0x24, 0x00, 0x00, 0x00, 0x00
	.byte 0x2D, 0x20, 0x26, 0x24, 0x25, 0x24, 0x24, 0x24, 0x00, 0x00, 0x00, 0x00, 0x00, 0x00, 0x59, 0x20
	.byte 0x00, 0x00, 0x24, 0x20, 0x25, 0x20, 0x26, 0x20, 0x42, 0x20, 0x26, 0x20, 0x3C, 0x20, 0x3D, 0x20
	.byte 0x44, 0x20, 0x3F, 0x20, 0x40, 0x20, 0x41, 0x20, 0x5A, 0x20, 0x26, 0x20, 0x3C, 0x20, 0x3D, 0x20
	.byte 0x44, 0x20, 0x3F, 0x20, 0x40, 0x20, 0x41, 0x20, 0x45, 0x20, 0x41, 0x20, 0x00, 0x00, 0x00, 0x00
	.byte 0x00, 0x00, 0x00, 0x00, 0x00, 0x00, 0x00, 0x00, 0x45, 0x20, 0x41, 0x20, 0x00, 0x00, 0x00, 0x00
	.byte 0x00, 0x00, 0x00, 0x00, 0x00, 0x00, 0x00, 0x00, 0x00, 0x00, 0x00, 0x00, 0x00, 0x00, 0x00, 0x00
	.byte 0x00, 0x00, 0x00, 0x00, 0x00, 0x00, 0x00, 0x00, 0x00, 0x00, 0x49, 0x20, 0x50, 0x20, 0x51, 0x20
	.byte 0x00, 0x00, 0x00, 0x00, 0x00, 0x00, 0x49, 0x20, 0x00, 0x00, 0x00, 0x00, 0x00, 0x00, 0x00, 0x00
	.byte 0x00, 0x00, 0x00, 0x00, 0x00, 0x00, 0x00, 0x00, 0x5B, 0x20, 0x4B, 0x20, 0x4C, 0x20, 0x26, 0x24
	.byte 0x4D, 0x20, 0x4E, 0x20, 0x4F, 0x20, 0x4B, 0x20, 0x00, 0x00, 0x49, 0x20, 0x50, 0x20, 0x51, 0x20
	.byte 0x00, 0x00, 0x00, 0x00, 0x00, 0x00, 0x49, 0x20, 0x00, 0x00, 0x00, 0x00, 0x00, 0x00, 0x24, 0x20
	.byte 0x00, 0x00, 0x24, 0x20, 0x25, 0x20, 0x26, 0x20, 0x42, 0x20, 0x26, 0x20, 0x3C, 0x20, 0x3D, 0x20
	.byte 0x44, 0x20, 0x3F, 0x20, 0x40, 0x20, 0x41, 0x20, 0x42, 0x20, 0x26, 0x20, 0x3C, 0x20, 0x3D, 0x20
	.byte 0x44, 0x20, 0x3F, 0x20, 0x40, 0x20, 0x41, 0x20, 0x45, 0x20, 0x41, 0x20, 0x00, 0x00, 0x00, 0x00
	.byte 0x00, 0x00, 0x00, 0x00, 0x00, 0x00, 0x00, 0x00, 0x00, 0x00, 0x00, 0x00, 0x00, 0x00, 0x24, 0x20
	.byte 0x00, 0x00, 0x24, 0x20, 0x25, 0x20, 0x26, 0x20, 0x5C, 0x20, 0x26, 0x20, 0x3C, 0x20, 0x3D, 0x20
	.byte 0x5D, 0x20, 0x3F, 0x20, 0x40, 0x20, 0x41, 0x20, 0x00, 0x00, 0x00, 0x00, 0x00, 0x00, 0x00, 0x00
	.byte 0x00, 0x00, 0x00, 0x00, 0x00, 0x00, 0x00, 0x00, 0x00, 0x00, 0x00, 0x00, 0x5E, 0x30, 0x5F, 0x30
	.byte 0x00, 0x00, 0x5E, 0x30, 0x60, 0x30, 0x61, 0x30, 0x00, 0x00, 0x00, 0x00, 0x00, 0x00, 0x00, 0x00
	.byte 0x00, 0x00, 0x00, 0x00, 0x00, 0x00, 0x62, 0x30, 0x63, 0x30, 0x00, 0x00, 0x64, 0x30, 0x65, 0x30
	.byte 0x66, 0x30, 0x00, 0x00, 0x67, 0x30, 0x68, 0x30, 0x00, 0x00, 0x00, 0x00, 0x00, 0x00, 0x00, 0x00
	.byte 0x69, 0x30, 0x00, 0x00, 0x00, 0x00, 0x00, 0x00, 0x6A, 0x30, 0x6B, 0x30, 0x00, 0x00, 0x00, 0x00
	.byte 0x6C, 0x30, 0x6D, 0x30, 0x00, 0x00, 0x00, 0x00, 0x00, 0x00, 0x62, 0x30, 0x69, 0x30, 0x00, 0x00
	.byte 0x64, 0x30, 0x65, 0x30, 0x6A, 0x30, 0x6B, 0x30, 0x67, 0x30, 0x68, 0x30, 0x6C, 0x30, 0x6D, 0x30
	.byte 0x00, 0x00, 0x00, 0x00, 0x00, 0x00, 0x00, 0x00, 0x00, 0x00, 0x00, 0x00, 0x00, 0x00, 0x62, 0x30
	.byte 0x00, 0x00, 0x00, 0x00, 0x64, 0x30, 0x65, 0x30, 0x00, 0x00, 0x00, 0x00, 0x67, 0x30, 0x68, 0x30
	.byte 0x00, 0x00, 0x00, 0x00, 0x00, 0x00, 0x00, 0x00, 0x69, 0x30, 0x00, 0x00, 0x00, 0x00, 0x00, 0x00
	.byte 0x6A, 0x30, 0x6B, 0x30, 0x00, 0x00, 0x00, 0x00, 0x6C, 0x30, 0x6D, 0x30, 0x00, 0x00, 0x00, 0x00
	.byte 0x00, 0x00, 0x00, 0x00, 0x00, 0x00, 0x00, 0x00, 0x00, 0x00, 0x00, 0x00, 0x00, 0x00, 0x00, 0x00
	.byte 0x00, 0x00, 0x00, 0x00, 0x6E, 0x30, 0x6F, 0x30, 0x00, 0x00, 0x00, 0x00, 0x70, 0x30, 0x71, 0x30
	.byte 0x00, 0x00, 0x00, 0x00, 0x00, 0x00, 0x72, 0x30, 0x00, 0x00, 0x00, 0x00, 0x00, 0x00, 0x00, 0x00
	.byte 0x73, 0x30, 0x74, 0x30, 0x00, 0x00, 0x00, 0x00, 0x75, 0x30, 0x76, 0x30, 0x00, 0x00, 0x00, 0x00
	.byte 0x77, 0x30, 0x00, 0x00, 0x00, 0x00, 0x00, 0x00, 0x00, 0x00, 0x00, 0x00, 0x00, 0x00, 0x00, 0x00
	.byte 0x00, 0x00, 0x00, 0x00, 0x00, 0x00, 0x00, 0x00, 0x78, 0x30, 0x79, 0x30, 0x7A, 0x30, 0x00, 0x00
	.byte 0x7B, 0x30, 0x7C, 0x30, 0x7D, 0x30, 0x7E, 0x30, 0x00, 0x00, 0x00, 0x00, 0x00, 0x00, 0x00, 0x00
	.byte 0x00, 0x00, 0x00, 0x00, 0x00, 0x00, 0x00, 0x00, 0x00, 0x00, 0x00, 0x00, 0x00, 0x00, 0x00, 0x00
	.byte 0x63, 0x34, 0x5F, 0x34, 0x5E, 0x34, 0x00, 0x00, 0x5B, 0x20, 0x4B, 0x20, 0x4C, 0x20, 0x26, 0x24
	.byte 0x4D, 0x20, 0x4E, 0x20, 0x4F, 0x20, 0x4B, 0x20, 0x00, 0x00, 0x49, 0x20, 0x7F, 0x20, 0x80, 0x20
	.byte 0x00, 0x00, 0x00, 0x00, 0x00, 0x00, 0x00, 0x00, 0x81, 0x20, 0x00, 0x00, 0x00, 0x00, 0x00, 0x00
	.byte 0x82, 0x20, 0x00, 0x00, 0x00, 0x00, 0x00, 0x00, 0x83, 0x20, 0x00, 0x00, 0x00, 0x00, 0x84, 0x30
	.byte 0x00, 0x00, 0x00, 0x00, 0x00, 0x00, 0x85, 0x30, 0x00, 0x00, 0x00, 0x00, 0x00, 0x00, 0x00, 0x00
	.byte 0x00, 0x00, 0x00, 0x00, 0x00, 0x00, 0x00, 0x00, 0x86, 0x30, 0x87, 0x30, 0x00, 0x00, 0x00, 0x00
	.byte 0x88, 0x30, 0x89, 0x30, 0x8A, 0x30, 0x00, 0x00, 0x00, 0x00, 0x00, 0x00, 0x8B, 0x20, 0x8C, 0x20
	.byte 0x00, 0x00, 0x00, 0x00, 0x00, 0x00, 0x00, 0x00, 0x00, 0x00, 0x00, 0x00, 0x00, 0x00, 0x00, 0x00
	.byte 0x00, 0x00, 0x20, 0x20, 0x00, 0x00, 0x00, 0x00, 0x8D, 0x20, 0x41, 0x20, 0x00, 0x00, 0x00, 0x00
	.byte 0x00, 0x00, 0x00, 0x00, 0x00, 0x00, 0x00, 0x00, 0x00, 0x00, 0x00, 0x00, 0x00, 0x00, 0x00, 0x00
	.byte 0x00, 0x00, 0x00, 0x00, 0x00, 0x00, 0x00, 0x00, 0x00, 0x00, 0x00, 0x00, 0x5E, 0x30, 0x5F, 0x30
	.byte 0x00, 0x00, 0x5E, 0x30, 0x60, 0x30, 0x61, 0x30, 0x63, 0x30, 0x8E, 0x30, 0x8F, 0x30, 0x90, 0x30
	.byte 0x66, 0x30, 0x00, 0x00, 0x00, 0x00, 0x00, 0x00, 0x63, 0x30, 0x8E, 0x30, 0x8F, 0x30, 0x90, 0x30
	.byte 0x66, 0x30, 0x00, 0x00, 0x00, 0x00, 0x00, 0x00, 0x91, 0x30, 0x00, 0x00, 0x00, 0x00, 0x00, 0x00
	.byte 0x00, 0x00, 0x00, 0x00, 0x00, 0x00, 0x00, 0x00, 0x91, 0x30, 0x00, 0x00, 0x00, 0x00, 0x00, 0x00
	.byte 0x00, 0x00, 0x00, 0x00, 0x00, 0x00, 0x00, 0x00, 0x00, 0x00, 0x00, 0x00, 0x00, 0x00, 0x00, 0x00
	.byte 0x00, 0x00, 0x00, 0x00, 0x00, 0x00, 0x00, 0x00, 0x00, 0x00, 0x92, 0x30, 0x93, 0x30, 0x94, 0x30
	.byte 0x04, 0x90, 0x05, 0x90, 0x06, 0x90, 0x00, 0x00, 0x07, 0x90, 0x08, 0x90, 0x09, 0x90, 0x00, 0x00
	.byte 0x0A, 0x90, 0x0B, 0x90, 0x0C, 0x90, 0x00, 0x00, 0x66, 0x34, 0x61, 0x34, 0x60, 0x34, 0x5E, 0x34
	.byte 0x91, 0x34, 0x90, 0x34, 0x8F, 0x34, 0x8E, 0x34, 0x00, 0x00, 0x00, 0x00, 0x00, 0x00, 0x00, 0x00
	.byte 0x00, 0x00, 0x00, 0x00, 0x00, 0x00, 0x00, 0x00, 0x00, 0x00, 0x00, 0x00, 0x00, 0x00, 0x00, 0x00
	.byte 0x63, 0x34, 0x5F, 0x34, 0x5E, 0x34, 0x00, 0x00, 0x66, 0x34, 0x61, 0x34, 0x60, 0x34, 0x5E, 0x34
	.byte 0x91, 0x34, 0x90, 0x34, 0x8F, 0x34, 0x8E, 0x34, 0x00, 0x00, 0x95, 0x30, 0x96, 0x30, 0x97, 0x30
	.byte 0x00, 0x00, 0x00, 0x00, 0x00, 0x00, 0x98, 0x30, 0x00, 0x00, 0x00, 0x00, 0x00, 0x00, 0x00, 0x00
	.byte 0x00, 0x00, 0x00, 0x00, 0x00, 0x00, 0x00, 0x00, 0x00, 0x00, 0x00, 0x00, 0x99, 0x30, 0x84, 0x30
	.byte 0x9A, 0x30, 0x9B, 0x30, 0x9C, 0x30, 0x85, 0x30, 0x00, 0x00, 0x95, 0x30, 0x96, 0x30, 0x97, 0x30
	.byte 0x00, 0x00, 0x00, 0x00, 0x00, 0x00, 0x98, 0x30, 0x86, 0x30, 0x87, 0x30, 0x00, 0x00, 0x00, 0x00
	.byte 0x88, 0x30, 0x89, 0x30, 0x8A, 0x30, 0x00, 0x00, 0x00, 0x00, 0x00, 0x00, 0x99, 0x30, 0x84, 0x30
	.byte 0x9A, 0x30, 0x9B, 0x30, 0x9C, 0x30, 0x85, 0x30, 0x00, 0x00, 0x00, 0x00, 0x00, 0x00, 0x00, 0x00
	.byte 0x00, 0x00, 0x00, 0x00, 0x00, 0x00, 0x29, 0x20, 0x00, 0x00, 0x00, 0x00, 0x00, 0x00, 0x00, 0x00
	.byte 0x00, 0x00, 0x00, 0x00, 0x00, 0x00, 0x20, 0x20, 0x00, 0x00, 0x21, 0x20, 0x00, 0x00, 0x00, 0x00
	.byte 0x2A, 0x20, 0x2B, 0x20, 0x00, 0x00, 0x00, 0x00, 0x00, 0x00, 0x00, 0x00, 0x00, 0x00, 0x00, 0x00
	.byte 0x00, 0x00, 0x00, 0x00, 0x00, 0x00, 0x00, 0x00, 0x91, 0x30, 0x00, 0x00, 0x00, 0x00, 0x00, 0x00
	.byte 0x00, 0x00, 0x00, 0x00, 0x00, 0x00, 0x01, 0x90, 0x00, 0x00, 0x00, 0x00, 0x00, 0x00, 0x02, 0x90
	.byte 0x00, 0x00, 0x00, 0x00, 0x00, 0x00, 0x03, 0x90, 0x00, 0x00, 0x00, 0x00, 0x00, 0x00, 0x00, 0x00
	.byte 0x00, 0x00, 0x00, 0x00, 0x00, 0x00, 0x00, 0x00, 0x00, 0x00, 0x00, 0x00, 0x00, 0x00, 0x00, 0x00
	.byte 0x9D, 0x50, 0x9E, 0x50, 0x9F, 0x50, 0x00, 0x00, 0x86, 0x30, 0x87, 0x30, 0x00, 0x00, 0x00, 0x00
	.byte 0x88, 0x30, 0x89, 0x30, 0x8A, 0x30, 0x00, 0x00, 0x00, 0x00, 0x00, 0x00, 0x99, 0x30, 0x00, 0x00
	.byte 0x9A, 0x30, 0x9B, 0x30, 0x9C, 0x30, 0x00, 0x00, 0x00, 0x00, 0x00, 0x00, 0x00, 0x00, 0x0D, 0x90
	.byte 0x0E, 0x90, 0x0F, 0x90, 0x00, 0x00, 0x10, 0x90, 0x11, 0x90, 0xA0, 0x20, 0xA1, 0x20, 0xA2, 0x20
	.byte 0x00, 0x00, 0x00, 0x00, 0x31, 0x20, 0x32, 0x20, 0x00, 0x00, 0x00, 0x00, 0x00, 0x00, 0x21, 0x20
	.byte 0x00, 0x00, 0x29, 0x20, 0x2A, 0x20, 0x2B, 0x20, 0x00, 0x00, 0x00, 0x00, 0x00, 0x00, 0x00, 0x00
	.byte 0x00, 0x00, 0x00, 0x00, 0x20, 0x20, 0x00, 0x00, 0x00, 0x00, 0x00, 0x00, 0x00, 0x00, 0x00, 0x00
	.byte 0x00, 0x00, 0x00, 0x00, 0x00, 0x00, 0x00, 0x00, 0x00, 0x00, 0x00, 0x00, 0x00, 0x00, 0x00, 0x00
	.byte 0x00, 0x00, 0x00, 0x00, 0x7A, 0x34, 0x79, 0x34, 0x00, 0x00, 0x00, 0x00, 0x5E, 0x30, 0x5F, 0x30
	.byte 0x00, 0x00, 0x5E, 0x30, 0x60, 0x30, 0x61, 0x30, 0x00, 0x00, 0x8E, 0x30, 0x8F, 0x30, 0x90, 0x30
	.byte 0x78, 0x34, 0x00, 0x00, 0x00, 0x00, 0x00, 0x00, 0xA3, 0x50, 0xA4, 0x50, 0xA5, 0x50, 0xA6, 0x50
	.byte 0xA7, 0x50, 0xA8, 0x50, 0xA9, 0x50, 0xAA, 0x50, 0x00, 0x00, 0x00, 0x00, 0x00, 0x00, 0x00, 0x00
	.byte 0x00, 0x00, 0x00, 0x00, 0x00, 0x00, 0x00, 0x00, 0x00, 0x00, 0x00, 0x00, 0x00, 0x00, 0x00, 0x00
	.byte 0x9D, 0x50, 0x9E, 0x50, 0x9F, 0x50, 0x00, 0x00, 0xA3, 0x50, 0xA4, 0x50, 0xA5, 0x50, 0xA6, 0x50
	.byte 0xA7, 0x50, 0xA8, 0x50, 0xA9, 0x50, 0xAA, 0x50, 0x00, 0x00, 0x00, 0x00, 0x21, 0x20, 0x00, 0x00
	.byte 0x29, 0x20, 0x2A, 0x20, 0x2B, 0x20, 0x00, 0x00, 0x00, 0x00, 0x00, 0x00, 0x00, 0x00, 0x00, 0x00
	.byte 0x00, 0x00, 0x00, 0x00, 0x20, 0x20, 0x00, 0x00, 0x00, 0x00, 0x00, 0x00, 0x00, 0x00, 0x00, 0x00
	.byte 0x00, 0x00, 0x00, 0x00, 0x00, 0x00, 0x00, 0x00, 0x00, 0x00, 0x00, 0x00, 0x00, 0x00, 0x00, 0x00
	.byte 0x00, 0x00, 0x00, 0x00, 0x00, 0x00, 0x7E, 0x34, 0x00, 0x00, 0x7E, 0x34, 0x7D, 0x34, 0x7C, 0x34
	.byte 0x00, 0x00, 0x94, 0x34, 0x93, 0x34, 0x92, 0x34, 0x7A, 0x34, 0x79, 0x34, 0x78, 0x34, 0x00, 0x00
	.byte 0x7D, 0x34, 0x7C, 0x34, 0x7B, 0x34, 0x00, 0x00, 0x7B, 0x34, 0x00, 0x00, 0x00, 0x00, 0x00, 0x00
	.byte 0x00, 0x00, 0x00, 0x00, 0x00, 0x00, 0x00, 0x00, 0x00, 0x00, 0x00, 0x00, 0x00, 0x00, 0x00, 0x00
	.byte 0x00, 0x00, 0x00, 0x00, 0x00, 0x00, 0x00, 0x00, 0x52, 0x20, 0x24, 0x24, 0x00, 0x00, 0x00, 0x00
	.byte 0x2D, 0x20, 0x26, 0x24, 0x25, 0x24, 0x24, 0x24, 0x5B, 0x20, 0x4B, 0x20, 0x4C, 0x20, 0x26, 0x24
	.byte 0x4D, 0x20, 0x4E, 0x20, 0x4F, 0x20, 0x4B, 0x20, 0x00, 0x00, 0x00, 0x00, 0x00, 0x00, 0x94, 0x34
	.byte 0x00, 0x00, 0x00, 0x00, 0x00, 0x00, 0x20, 0x20, 0x00, 0x00, 0x00, 0x00, 0x00, 0x00, 0x21, 0x20
	.byte 0x00, 0x00, 0x29, 0x20, 0x2A, 0x20, 0x2B, 0x20, 0x93, 0x34, 0x92, 0x34, 0x00, 0x00, 0x00, 0x00
	.byte 0x00, 0x00, 0x00, 0x00, 0x00, 0x00, 0x00, 0x00, 0x00, 0x00, 0x00, 0x00, 0x00, 0x00, 0x00, 0x00
	.byte 0x00, 0x00, 0x00, 0x00, 0x00, 0x00, 0x00, 0x00, 0x00, 0x00, 0x00, 0x00, 0x00, 0x00, 0x00, 0x00
	.byte 0x00, 0x00, 0x00, 0x00, 0x00, 0x00, 0x00, 0x00, 0x00, 0x00, 0x00, 0x00, 0x2F, 0x20, 0x30, 0x20
	.byte 0x00, 0x00, 0x00, 0x00, 0x31, 0x20, 0x32, 0x20, 0x00, 0x00, 0x00, 0x00, 0x00, 0x00, 0x00, 0x00
	.byte 0x00, 0x00, 0x00, 0x00, 0x00, 0x00, 0x20, 0x20, 0x00, 0x00, 0x00, 0x00, 0x00, 0x00, 0x21, 0x20
	.byte 0x00, 0x00, 0x00, 0x00, 0x2A, 0x20, 0x2B, 0x20, 0x00, 0x00, 0x20, 0x20, 0x00, 0x00, 0x00, 0x00
	.byte 0x00, 0x00, 0x21, 0x20, 0x00, 0x00, 0x00, 0x00, 0x2A, 0x20, 0x2B, 0x20, 0x00, 0x00, 0x00, 0x00
	.byte 0x00, 0x00, 0x00, 0x00, 0x00, 0x00, 0x00, 0x00, 0x52, 0x20, 0x24, 0x24, 0x33, 0x20, 0x3A, 0x20
	.byte 0x2D, 0x20, 0x26, 0x24, 0x53, 0x20, 0x54, 0x20, 0xAB, 0x20, 0x56, 0x20, 0x57, 0x20, 0x58, 0x20
	.byte 0x4D, 0x20, 0x4E, 0x20, 0x4F, 0x20, 0x4B, 0x20, 0x00, 0x00, 0x00, 0x00, 0x21, 0x20, 0x00, 0x00
	.byte 0x29, 0x20, 0x2A, 0x20, 0x2B, 0x20, 0x00, 0x00, 0x00, 0x00, 0x00, 0x00, 0x00, 0x00, 0x00, 0x00
	.byte 0x00, 0x00, 0x00, 0x00, 0x78, 0x30, 0x79, 0x30, 0x00, 0x00, 0x00, 0x00, 0x00, 0x00, 0x00, 0x00
	.byte 0x00, 0x00, 0x00, 0x00, 0x00, 0x00, 0x00, 0x00, 0x00, 0x00, 0x00, 0x00, 0x00, 0x00, 0x00, 0x00
	.byte 0x7A, 0x30, 0x00, 0x00, 0x00, 0x00, 0x00, 0x00, 0x00, 0x00, 0x00, 0x00, 0x7B, 0x30, 0x7C, 0x30
	.byte 0x00, 0x00, 0x00, 0x00, 0x00, 0x00, 0x92, 0x30, 0x00, 0x00, 0x00, 0x00, 0x00, 0x00, 0x00, 0x00
	.byte 0x00, 0x00, 0x00, 0x00, 0x00, 0x00, 0x00, 0x00, 0x7D, 0x30, 0x7E, 0x30, 0x00, 0x00, 0x00, 0x00
	.byte 0x93, 0x30, 0x94, 0x30, 0x00, 0x00, 0x00, 0x00, 0x00, 0x00, 0x00, 0x00, 0x78, 0x30, 0x79, 0x30
	.byte 0x00, 0x00, 0x00, 0x00, 0x7B, 0x30, 0x7C, 0x30, 0x00, 0x00, 0x00, 0x00, 0x00, 0x00, 0x00, 0x00
	.byte 0x00, 0x00, 0x00, 0x00, 0x00, 0x00, 0x00, 0x00, 0x7A, 0x30, 0x00, 0x00, 0x00, 0x00, 0x00, 0x00
	.byte 0x7D, 0x30, 0x7E, 0x30, 0x00, 0x00, 0x00, 0x00, 0x00, 0x00, 0x00, 0x00, 0x00, 0x00, 0x92, 0x30
	.byte 0x04, 0x90, 0x05, 0x90, 0x06, 0x90, 0x00, 0x00, 0x07, 0x90, 0x08, 0x90, 0x09, 0x90, 0x00, 0x00
	.byte 0x0A, 0x90, 0x0B, 0x90, 0x0C, 0x90, 0x00, 0x00, 0x93, 0x30, 0x94, 0x30, 0x63, 0x34, 0x5F, 0x34
	.byte 0x00, 0x00, 0x00, 0x00, 0x66, 0x34, 0x61, 0x34, 0x00, 0x00, 0x00, 0x00, 0x91, 0x34, 0x90, 0x34
	.byte 0x00, 0x00, 0x00, 0x00, 0x00, 0x00, 0x00, 0x00, 0x5E, 0x34, 0x00, 0x00, 0x00, 0x00, 0x00, 0x00
	.byte 0x60, 0x34, 0x5E, 0x34, 0x00, 0x00, 0x00, 0x00, 0x8F, 0x34, 0x8E, 0x34, 0x63, 0x34, 0x5F, 0x34
	.byte 0x00, 0x00, 0x00, 0x00, 0x66, 0x34, 0x61, 0x34, 0x00, 0x00, 0x00, 0x00, 0x00, 0x00, 0x00, 0x00
	.byte 0x00, 0x00, 0x00, 0x00, 0x00, 0x00, 0x00, 0x00, 0x5E, 0x34, 0x00, 0x00, 0x00, 0x00, 0x00, 0x00
	.byte 0x60, 0x34, 0x5E, 0x34, 0x00, 0x00, 0x00, 0x00, 0x81, 0x20, 0x00, 0x00, 0x00, 0x00, 0x00, 0x00
	.byte 0x82, 0x20, 0x00, 0x00, 0x00, 0x00, 0x00, 0x00, 0x83, 0x20, 0x00, 0x00, 0x00, 0x00, 0x00, 0x00
	.byte 0x00, 0x00, 0x00, 0x00, 0x00, 0x00, 0x00, 0x00, 0x00, 0x00, 0x00, 0x00, 0x91, 0x34, 0x90, 0x34
	.byte 0x00, 0x00, 0x00, 0x00, 0x00, 0x00, 0x00, 0x00, 0x00, 0x00, 0x00, 0x00, 0x00, 0x00, 0x00, 0x00
	.byte 0x00, 0x00, 0x00, 0x00, 0x00, 0x00, 0x00, 0x00, 0x8F, 0x34, 0x8E, 0x34, 0x63, 0x34, 0x5F, 0x34
	.byte 0x00, 0x00, 0x00, 0x00, 0x66, 0x34, 0x61, 0x34, 0x00, 0x00, 0x00, 0x00, 0x91, 0x34, 0x90, 0x34
	.byte 0x00, 0x00, 0x00, 0x00, 0x00, 0x00, 0x00, 0x00, 0x00, 0x00, 0x00, 0x00, 0x00, 0x00, 0x00, 0x00
	.byte 0x00, 0x00, 0x00, 0x00, 0x00, 0x00, 0x00, 0x00, 0x00, 0x00, 0x00, 0x00, 0x29, 0x20, 0x2A, 0x20
	.byte 0x00, 0x00, 0x00, 0x00, 0x00, 0x00, 0x00, 0x00, 0x20, 0x20, 0x00, 0x00, 0x00, 0x00, 0x00, 0x00
	.byte 0x21, 0x20, 0x00, 0x00, 0x00, 0x00, 0x00, 0x00, 0x2B, 0x20, 0x00, 0x00, 0x00, 0x00, 0x00, 0x00
	.byte 0x00, 0x00, 0x00, 0x00, 0x00, 0x00, 0x00, 0x00, 0x5E, 0x34, 0x00, 0x00, 0x00, 0x00, 0x00, 0x00
	.byte 0x60, 0x34, 0x5E, 0x34, 0x00, 0x00, 0x00, 0x00, 0x8F, 0x34, 0x8E, 0x34, 0x00, 0x00, 0x00, 0x00
	.byte 0x63, 0x34, 0x5F, 0x34, 0x5E, 0x34, 0x00, 0x00, 0x00, 0x00, 0x00, 0x00, 0x00, 0x00, 0x00, 0x00
	.byte 0x00, 0x00, 0x00, 0x00, 0x00, 0x00, 0x00, 0x00, 0x00, 0x00, 0x00, 0x00, 0x00, 0x00, 0x29, 0x20
	.byte 0x00, 0x00, 0x00, 0x00, 0x00, 0x00, 0x00, 0x00, 0x00, 0x00, 0x00, 0x00, 0x00, 0x00, 0x00, 0x00
	.byte 0x00, 0x00, 0x00, 0x00, 0x00, 0x00, 0x22, 0x20, 0x00, 0x00, 0x00, 0x00, 0x00, 0x00, 0x31, 0x20
	.byte 0x00, 0x00, 0x00, 0x00, 0x00, 0x00, 0x33, 0x20, 0x00, 0x00, 0x00, 0x00, 0x00, 0x00, 0x00, 0x00
	.byte 0x23, 0x20, 0x00, 0x00, 0x00, 0x00, 0x00, 0x00, 0x39, 0x20, 0x00, 0x00, 0x00, 0x00, 0x24, 0x20
	.byte 0x3A, 0x20, 0x24, 0x20, 0x25, 0x20, 0x26, 0x20, 0x00, 0x00, 0x00, 0x00, 0x00, 0x00, 0x00, 0x00
	.byte 0x00, 0x00, 0x00, 0x00, 0x00, 0x00, 0x00, 0x00, 0x00, 0x00, 0x00, 0x00, 0x00, 0x00, 0x59, 0x20
	.byte 0x00, 0x00, 0x24, 0x20, 0x25, 0x20, 0x26, 0x20, 0x00, 0x00, 0x00, 0x00, 0x00, 0x00, 0x34, 0x20
	.byte 0x35, 0x20, 0x36, 0x20, 0x37, 0x20, 0x38, 0x20, 0x5A, 0x20, 0x26, 0x20, 0x3C, 0x20, 0x3D, 0x20
	.byte 0x44, 0x20, 0x3F, 0x20, 0x40, 0x20, 0x41, 0x20, 0x3B, 0x20, 0x26, 0x20, 0x3C, 0x20, 0x43, 0x20
	.byte 0x3E, 0x20, 0x3F, 0x20, 0x40, 0x20, 0x41, 0x20, 0x45, 0x20, 0x41, 0x20, 0x00, 0x00, 0x00, 0x00
	.byte 0x00, 0x00, 0x00, 0x00, 0x00, 0x00, 0x00, 0x00, 0x00, 0x00, 0x00, 0x00, 0x00, 0x00, 0x00, 0x00
	.byte 0x00, 0x00, 0x00, 0x00, 0x00, 0x00, 0x00, 0x00, 0x86, 0x30, 0x87, 0x30, 0x00, 0x00, 0x00, 0x00
	.byte 0x88, 0x30, 0x89, 0x30, 0x8A, 0x30, 0x24, 0x24, 0x00, 0x00, 0x00, 0x00, 0x00, 0x00, 0x20, 0x20
	.byte 0x00, 0x00, 0x00, 0x00, 0x00, 0x00, 0x21, 0x20, 0x00, 0x00, 0x29, 0x20, 0x2A, 0x20, 0x2B, 0x20
	.byte 0x24, 0x20, 0x27, 0x20, 0x00, 0x00, 0x00, 0x00, 0x00, 0x00, 0x00, 0x00, 0x00, 0x00, 0x00, 0x00
	.byte 0x6E, 0x30, 0x6F, 0x30, 0x73, 0x30, 0x74, 0x30, 0x70, 0x30, 0x71, 0x30, 0x75, 0x30, 0x76, 0x30
	.byte 0x00, 0x00, 0x72, 0x30, 0x77, 0x30, 0x00, 0x00, 0x00, 0x00, 0x00, 0x00, 0x00, 0x00, 0x00, 0x00
	.byte 0x73, 0x30, 0x74, 0x30, 0x00, 0x00, 0x00, 0x00, 0x75, 0x30, 0x76, 0x30, 0x00, 0x00, 0x78, 0x30
	.byte 0x77, 0x30, 0x00, 0x00, 0x00, 0x00, 0x7B, 0x30, 0x00, 0x00, 0x00, 0x00, 0x00, 0x00, 0x00, 0x00
	.byte 0x00, 0x00, 0x00, 0x00, 0x00, 0x00, 0x00, 0x00, 0x79, 0x30, 0x7A, 0x30, 0x00, 0x00, 0x00, 0x00
	.byte 0x7C, 0x30, 0x7D, 0x30, 0x7E, 0x30, 0x00, 0x00, 0x86, 0x30, 0x87, 0x30, 0x00, 0x00, 0x00, 0x00
	.byte 0x88, 0x30, 0x89, 0x30, 0x8A, 0x30, 0x24, 0x24, 0x00, 0x00, 0x00, 0x00, 0x99, 0x30, 0x84, 0x30
	.byte 0x9A, 0x30, 0x9B, 0x30, 0x9C, 0x30, 0x85, 0x30, 0x22, 0x20, 0x23, 0x20, 0x00, 0x00, 0x00, 0x00
	.byte 0x31, 0x20, 0x39, 0x20, 0x00, 0x00, 0x00, 0x00, 0x33, 0x20, 0x3A, 0x20, 0x24, 0x20, 0x25, 0x20
	.byte 0x34, 0x20, 0x3B, 0x20, 0x26, 0x20, 0x3C, 0x20, 0x00, 0x00, 0x00, 0x00, 0x24, 0x20, 0x25, 0x20
	.byte 0x24, 0x20, 0x42, 0x20, 0x26, 0x20, 0x3C, 0x20, 0x26, 0x20, 0x44, 0x20, 0x3F, 0x20, 0x40, 0x20
	.byte 0x3D, 0x20, 0x45, 0x20, 0x41, 0x20, 0x00, 0x00, 0x26, 0x20, 0x28, 0x20, 0x00, 0x00, 0x00, 0x00
	.byte 0x43, 0x20, 0x46, 0x20, 0x00, 0x00, 0x00, 0x00, 0x41, 0x20, 0x00, 0x00, 0x00, 0x00, 0x00, 0x00
	.byte 0x00, 0x00, 0x00, 0x00, 0x00, 0x00, 0x00, 0x00, 0x00, 0x00, 0x20, 0x20, 0x00, 0x00, 0x00, 0x00
	.byte 0x00, 0x00, 0x21, 0x20, 0x00, 0x00, 0x00, 0x00, 0x2A, 0x20, 0x2B, 0x20, 0x00, 0x00, 0x00, 0x00
	.byte 0x00, 0x00, 0x7A, 0x34, 0x79, 0x34, 0x78, 0x34, 0x00, 0x00, 0x00, 0x00, 0x00, 0x00, 0x00, 0x00
	.byte 0x00, 0x00, 0x00, 0x00, 0x00, 0x00, 0x00, 0x00, 0x00, 0x00, 0x00, 0x00, 0x00, 0x00, 0x00, 0x00
	.byte 0x00, 0x00, 0x00, 0x00, 0x20, 0x20, 0x00, 0x00, 0x92, 0x30, 0x93, 0x30, 0x94, 0x30, 0x00, 0x00
	.byte 0x04, 0x90, 0x05, 0x90, 0x06, 0x90, 0x00, 0x00, 0x07, 0x90, 0x08, 0x90, 0x09, 0x90, 0x00, 0x00
	.byte 0x0A, 0x90, 0x0B, 0x90, 0x0C, 0x90, 0x00, 0x00, 0x00, 0x00, 0x00, 0x00, 0x00, 0x00, 0x00, 0x00
	.byte 0x00, 0x00, 0x00, 0x00, 0x00, 0x00, 0x00, 0x00, 0x00, 0x00, 0x20, 0x20, 0x00, 0x00, 0x00, 0x00
	.byte 0x00, 0x00, 0x21, 0x20, 0x00, 0x00, 0x00, 0x00, 0x00, 0x00, 0x00, 0x00, 0x00, 0x00, 0x0D, 0x90
	.byte 0x0E, 0x90, 0x0F, 0x90, 0x00, 0x00, 0x10, 0x90, 0x11, 0x90, 0x12, 0x90, 0x13, 0x90, 0x14, 0x90
	.byte 0x00, 0x00, 0x00, 0x00, 0x20, 0x20, 0x00, 0x00, 0x00, 0x00, 0x00, 0x00, 0x00, 0x00, 0x00, 0x00
	.byte 0x00, 0x00, 0x00, 0x00, 0x00, 0x00, 0x00, 0x00, 0x00, 0x00, 0x00, 0x00, 0x24, 0x20, 0x25, 0x20
	.byte 0x00, 0x00, 0x5C, 0x20, 0x26, 0x20, 0x3C, 0x20, 0x00, 0x00, 0x35, 0x20, 0x36, 0x20, 0x37, 0x20
	.byte 0x59, 0x20, 0x5A, 0x20, 0x26, 0x20, 0x3C, 0x20, 0x26, 0x20, 0x44, 0x20, 0x3F, 0x20, 0x40, 0x20
	.byte 0x3D, 0x20, 0x45, 0x20, 0x41, 0x20, 0x00, 0x00, 0x38, 0x20, 0x3E, 0x20, 0x3F, 0x20, 0x40, 0x20
	.byte 0x3D, 0x20, 0x45, 0x20, 0x41, 0x20, 0x00, 0x00, 0x41, 0x20, 0x00, 0x00, 0x00, 0x00, 0x00, 0x00
	.byte 0x00, 0x00, 0x00, 0x00, 0x00, 0x00, 0x00, 0x00, 0x41, 0x20, 0x00, 0x00, 0x00, 0x00, 0x00, 0x00
	.byte 0x00, 0x00, 0x00, 0x00, 0x00, 0x00, 0x00, 0x00, 0x00, 0x00, 0x00, 0x00, 0x00, 0x00, 0x00, 0x00
	.byte 0x00, 0x00, 0x00, 0x00, 0x00, 0x00, 0x00, 0x00, 0x00, 0x00, 0x00, 0x00, 0x00, 0x00, 0x00, 0x00
	.byte 0x00, 0x00, 0x00, 0x00, 0x00, 0x00, 0x00, 0x00, 0x00, 0x00, 0x00, 0x00, 0x00, 0x00, 0x5E, 0x30
	.byte 0x00, 0x00, 0x00, 0x00, 0x5E, 0x30, 0x60, 0x30, 0x7E, 0x34, 0x7D, 0x34, 0x7C, 0x34, 0x7B, 0x34
	.byte 0x94, 0x34, 0x93, 0x34, 0x92, 0x34, 0x00, 0x00, 0x5F, 0x30, 0x63, 0x30, 0x00, 0x00, 0x00, 0x00
	.byte 0x61, 0x30, 0x66, 0x30, 0x00, 0x00, 0x00, 0x00, 0x00, 0x00, 0x00, 0x00, 0x21, 0x20, 0x00, 0x00
	.byte 0x29, 0x20, 0x2A, 0x20, 0x2B, 0x20, 0x00, 0x00, 0x00, 0x00, 0x00, 0x00, 0x00, 0x00, 0x00, 0x00
	.byte 0x00, 0x00, 0x00, 0x00, 0x00, 0x00, 0x00, 0x00, 0x15, 0x90, 0x16, 0x90, 0x17, 0x90, 0x00, 0x00
	.byte 0x18, 0x90, 0x19, 0x90, 0x1A, 0x90, 0x00, 0x00, 0xAC, 0x90, 0x1C, 0x90, 0x1D, 0x90, 0x00, 0x00
	.byte 0xAD, 0x90, 0xAE, 0x90, 0x00, 0x00, 0x00, 0x00, 0x00, 0x00, 0x00, 0x00, 0x00, 0x00, 0x29, 0x20
	.byte 0x00, 0x00, 0x00, 0x00, 0x00, 0x00, 0x00, 0x00, 0x00, 0x00, 0x00, 0x00, 0x00, 0x00, 0x00, 0x00
	.byte 0x00, 0x00, 0x00, 0x00, 0x00, 0x00, 0x00, 0x00, 0x2A, 0x20, 0x2B, 0x20, 0x00, 0x00, 0x00, 0x00
	.byte 0x00, 0x00, 0x00, 0x00, 0x00, 0x00, 0x00, 0x00, 0x00, 0x00, 0x00, 0x00, 0x00, 0x00, 0x00, 0x00
	.byte 0x00, 0x00, 0x00, 0x00, 0x00, 0x00, 0x00, 0x00, 0x00, 0x00, 0x00, 0x00, 0x20, 0x20, 0x00, 0x00
	.byte 0x00, 0x00, 0x00, 0x00, 0x21, 0x20, 0x00, 0x00, 0x29, 0x20, 0x2A, 0x20, 0x2B, 0x20, 0x00, 0x00
	.byte 0x00, 0x00, 0x00, 0x00, 0x00, 0x00, 0x00, 0x00, 0x00, 0x00, 0x00, 0x00, 0x20, 0x20, 0x00, 0x00
	.byte 0x00, 0x00, 0x00, 0x00, 0x21, 0x20, 0x8B, 0x20, 0x29, 0x20, 0x2A, 0x20, 0x2B, 0x20, 0x00, 0x00
	.byte 0x00, 0x00, 0x00, 0x00, 0x00, 0x00, 0x00, 0x00, 0x00, 0x00, 0x5D, 0x20, 0x3F, 0x20, 0x40, 0x20
	.byte 0x8C, 0x20, 0x8D, 0x20, 0x41, 0x20, 0x00, 0x00, 0x00, 0x00, 0x00, 0x00, 0x00, 0x00, 0x00, 0x00
	.byte 0x00, 0x00, 0x00, 0x00, 0x00, 0x00, 0x00, 0x00, 0x00, 0x00, 0x00, 0x00, 0x8E, 0x30, 0x8F, 0x30
	.byte 0x00, 0x00, 0x5E, 0x30, 0x5F, 0x30, 0x63, 0x30, 0x5E, 0x30, 0x60, 0x30, 0x61, 0x30, 0x66, 0x30
	.byte 0x8E, 0x30, 0x8F, 0x30, 0x90, 0x30, 0x91, 0x30, 0x90, 0x30, 0x91, 0x30, 0x00, 0x00, 0x00, 0x00
	.byte 0x00, 0x00, 0x00, 0x00, 0x00, 0x00, 0x01, 0x90, 0x00, 0x00, 0x00, 0x00, 0x00, 0x00, 0x02, 0x90
	.byte 0x00, 0x00, 0x00, 0x00, 0x00, 0x00, 0x03, 0x90, 0x00, 0x00, 0x7E, 0x34, 0x7D, 0x34, 0x7C, 0x34
	.byte 0x00, 0x00, 0x94, 0x34, 0x93, 0x34, 0x92, 0x34, 0x7A, 0x34, 0x79, 0x34, 0x78, 0x34, 0x02, 0x90
	.byte 0x7D, 0x34, 0x7C, 0x34, 0x7B, 0x34, 0x03, 0x90, 0x7B, 0x34, 0x00, 0x00, 0x00, 0x00, 0x00, 0x00
	.byte 0x04, 0x90, 0x05, 0x90, 0x06, 0x90, 0x00, 0x00, 0x07, 0x90, 0x08, 0x90, 0x09, 0x90, 0x00, 0x00
	.byte 0x0A, 0x90, 0x0B, 0x90, 0x0C, 0x90, 0x00, 0x00, 0x63, 0x30, 0x00, 0x00, 0x00, 0x00, 0x00, 0x00
	.byte 0x66, 0x30, 0x00, 0x00, 0x00, 0x00, 0x00, 0x00, 0x91, 0x30, 0x00, 0x00, 0x00, 0x00, 0x00, 0x00
	.byte 0x00, 0x00, 0x00, 0x00, 0x00, 0x00, 0x00, 0x00, 0x93, 0x34, 0x92, 0x34, 0x00, 0x00, 0x0D, 0x90
	.byte 0x0E, 0x90, 0x0F, 0x90, 0x00, 0x00, 0x10, 0x90, 0x11, 0x90, 0x12, 0x90, 0x13, 0x90, 0x14, 0x90
	.byte 0x00, 0x00, 0x00, 0x00, 0x00, 0x00, 0x00, 0x00, 0x00, 0x00, 0x00, 0x00, 0x00, 0x00, 0x00, 0x00
	.byte 0x00, 0x00, 0x00, 0x00, 0x7A, 0x34, 0x79, 0x34, 0x00, 0x00, 0x7E, 0x34, 0x7D, 0x34, 0x7C, 0x34
	.byte 0x78, 0x34, 0x94, 0x34, 0x93, 0x34, 0x92, 0x34, 0x00, 0x00, 0x7E, 0x34, 0x7D, 0x34, 0x7C, 0x34
	.byte 0x78, 0x34, 0x94, 0x34, 0x93, 0x34, 0x92, 0x34, 0x7B, 0x34, 0x00, 0x00, 0x00, 0x00, 0x00, 0x00
	.byte 0x00, 0x00, 0x00, 0x00, 0x00, 0x00, 0x00, 0x00, 0x00, 0x00, 0x00, 0x00, 0x00, 0x00, 0x00, 0x00
	.byte 0x00, 0x00, 0x00, 0x00, 0x00, 0x00, 0x00, 0x00, 0x00, 0x00, 0x00, 0x00, 0x00, 0x00, 0x00, 0x00
	.byte 0x00, 0x00, 0x63, 0x34, 0x5F, 0x34, 0x5E, 0x34, 0x00, 0x00, 0x00, 0x00, 0x00, 0x00, 0x20, 0x20
	.byte 0x00, 0x00, 0x00, 0x00, 0x00, 0x00, 0x21, 0x20, 0x00, 0x00, 0x29, 0x20, 0x2A, 0x20, 0x2B, 0x20
	.byte 0x20, 0x20, 0x00, 0x00, 0x00, 0x00, 0x00, 0x00, 0x00, 0x00, 0x66, 0x34, 0x61, 0x34, 0x60, 0x34
	.byte 0x00, 0x00, 0x91, 0x34, 0x90, 0x34, 0x8F, 0x34, 0x00, 0x00, 0x00, 0x00, 0x00, 0x00, 0x00, 0x00
	.byte 0x00, 0x00, 0x00, 0x00, 0x00, 0x00, 0x00, 0x00, 0x5E, 0x34, 0x00, 0x00, 0x00, 0x00, 0x00, 0x00
	.byte 0x8E, 0x34, 0x00, 0x00, 0x6E, 0x30, 0x6F, 0x30, 0x00, 0x00, 0x00, 0x00, 0x70, 0x30, 0x71, 0x30
	.byte 0x00, 0x00, 0x00, 0x00, 0x00, 0x00, 0x72, 0x30, 0x00, 0x00, 0x00, 0x00, 0x00, 0x00, 0x00, 0x00
	.byte 0x00, 0x00, 0x00, 0x00, 0x00, 0x00, 0x00, 0x00, 0x6E, 0x30, 0x6F, 0x30, 0x73, 0x30, 0x74, 0x30
	.byte 0x70, 0x30, 0x71, 0x30, 0x75, 0x30, 0x76, 0x30, 0x00, 0x00, 0x00, 0x00, 0x00, 0x00, 0x00, 0x00
	.byte 0x00, 0x00, 0x00, 0x00, 0x00, 0x00, 0x00, 0x00, 0x00, 0x00, 0x00, 0x00, 0x00, 0x00, 0x62, 0x30
	.byte 0x00, 0x00, 0x00, 0x00, 0x64, 0x30, 0x65, 0x30, 0x00, 0x00, 0x00, 0x00, 0x00, 0x00, 0x00, 0x00
	.byte 0x00, 0x00, 0x00, 0x00, 0x00, 0x00, 0x00, 0x00, 0x69, 0x30, 0x00, 0x00, 0x00, 0x00, 0x00, 0x00
	.byte 0x6A, 0x30, 0x6B, 0x30, 0x00, 0x00, 0x00, 0x00, 0x00, 0x00, 0x00, 0x00, 0x00, 0x00, 0x00, 0x00
	.byte 0x00, 0x00, 0x00, 0x00, 0x00, 0x00, 0x00, 0x00, 0x00, 0x00, 0x62, 0x30, 0x69, 0x30, 0x00, 0x00
	.byte 0x64, 0x30, 0x65, 0x30, 0x6A, 0x30, 0x6B, 0x30, 0x00, 0x00, 0x00, 0x00, 0x00, 0x00, 0x00, 0x00
	.byte 0x00, 0x00, 0x00, 0x00, 0x00, 0x00, 0x00, 0x00, 0x69, 0x30, 0x00, 0x00, 0x00, 0x00, 0x5E, 0x30
	.byte 0x6A, 0x30, 0x6B, 0x30, 0x00, 0x00, 0x8E, 0x30, 0x00, 0x00, 0x00, 0x00, 0x00, 0x00, 0x00, 0x00
	.byte 0x5E, 0x30, 0x5F, 0x30, 0x63, 0x30, 0x00, 0x00, 0x60, 0x30, 0x61, 0x30, 0x66, 0x30, 0x00, 0x00
	.byte 0x8F, 0x30, 0x90, 0x30, 0x91, 0x30, 0x00, 0x00, 0x00, 0x00, 0x5E, 0x30, 0x5F, 0x30, 0x63, 0x30
	.byte 0x5E, 0x30, 0x60, 0x30, 0x61, 0x30, 0x66, 0x30, 0x8E, 0x30, 0x8F, 0x30, 0x90, 0x30, 0x91, 0x30
	.byte 0x00, 0x00, 0x00, 0x00, 0x00, 0x00, 0x00, 0x00, 0x00, 0x00, 0x7E, 0x34, 0x7D, 0x34, 0x7C, 0x34
	.byte 0x00, 0x00, 0x94, 0x34, 0x93, 0x34, 0x92, 0x34, 0x00, 0x00, 0x00, 0x00, 0x00, 0x00, 0x00, 0x00
	.byte 0x00, 0x00, 0x00, 0x00, 0x00, 0x00, 0x00, 0x00, 0x00, 0x00, 0x00, 0x00, 0x00, 0x00, 0x00, 0x00
	.byte 0x00, 0x00, 0x00, 0x00, 0x00, 0x00, 0x00, 0x00, 0x00, 0x00, 0x00, 0x00, 0x00, 0x00, 0x00, 0x00
	.byte 0x00, 0x00, 0x00, 0x00, 0x29, 0x20, 0x2A, 0x20, 0x00, 0x00, 0x00, 0x00, 0x00, 0x00, 0x00, 0x00
	.byte 0x20, 0x20, 0x00, 0x00, 0x29, 0x20, 0x2A, 0x20, 0x21, 0x20, 0x00, 0x00, 0x00, 0x00, 0x00, 0x00
	.byte 0x2B, 0x20, 0x00, 0x00, 0x00, 0x00, 0x00, 0x00, 0x21, 0x20, 0x00, 0x00, 0x00, 0x00, 0x00, 0x00
	.byte 0x2B, 0x20, 0x00, 0x00, 0x00, 0x00, 0x00, 0x00, 0x00, 0x00, 0x00, 0x00, 0x00, 0x00, 0x00, 0x00
	.byte 0x00, 0x00, 0x00, 0x00, 0x00, 0x00, 0x00, 0x00, 0x00, 0x00, 0x72, 0x30, 0x77, 0x30, 0x00, 0x00
	.byte 0x00, 0x00, 0x00, 0x00, 0x00, 0x00, 0x01, 0x90, 0x00, 0x00, 0x00, 0x00, 0x00, 0x00, 0x02, 0x90
	.byte 0x00, 0x00, 0x00, 0x00, 0x00, 0x00, 0x03, 0x90, 0x00, 0x00, 0x00, 0x00, 0x67, 0x30, 0x68, 0x30
	.byte 0x04, 0x90, 0x05, 0x90, 0x06, 0x90, 0x00, 0x00, 0x07, 0x90, 0x08, 0x90, 0x09, 0x90, 0x00, 0x00
	.byte 0x0A, 0x90, 0x0B, 0x90, 0x0C, 0x90, 0x00, 0x00, 0x6C, 0x30, 0x6D, 0x30, 0x00, 0x00, 0x00, 0x00
	.byte 0x00, 0x00, 0x00, 0x00, 0x00, 0x00, 0x01, 0x90, 0x00, 0x00, 0x00, 0x00, 0x00, 0x00, 0x02, 0x90
	.byte 0x00, 0x00, 0x00, 0x00, 0x00, 0x00, 0x03, 0x90, 0x67, 0x30, 0x68, 0x30, 0x6C, 0x30, 0x6D, 0x30
	.byte 0x04, 0x90, 0x05, 0x90, 0x06, 0x90, 0x00, 0x00, 0x07, 0x90, 0x08, 0x90, 0x09, 0x90, 0x00, 0x00
	.byte 0x0A, 0x90, 0x0B, 0x90, 0x0C, 0x90, 0x00, 0x00, 0x00, 0x00, 0x00, 0x00, 0x67, 0x30, 0x68, 0x30
	.byte 0x00, 0x00, 0x00, 0x00, 0x00, 0x00, 0x00, 0x00, 0x00, 0x00, 0x00, 0x00, 0x00, 0x00, 0x00, 0x00
	.byte 0x00, 0x00, 0x00, 0x00, 0x00, 0x00, 0x00, 0x00, 0x6C, 0x30, 0x6D, 0x30, 0x00, 0x00, 0x00, 0x00
	.byte 0x00, 0x00, 0x00, 0x00, 0x00, 0x00, 0x00, 0x00, 0x00, 0x00, 0x00, 0x00, 0x00, 0x00, 0x00, 0x00
	.byte 0x00, 0x00, 0x00, 0x00, 0x00, 0x00, 0x00, 0x00, 0x67, 0x30, 0x68, 0x30, 0x6C, 0x30, 0x6D, 0x30
	.byte 0x00, 0x00, 0x00, 0x00, 0x00, 0x00, 0x00, 0x00, 0x00, 0x00, 0x00, 0x00, 0x00, 0x00, 0x00, 0x00
	.byte 0x00, 0x00, 0x00, 0x00, 0x00, 0x00, 0x00, 0x00, 0x67, 0x30, 0x68, 0x30, 0x6C, 0x30, 0x6D, 0x30
	.byte 0x00, 0x00, 0x00, 0x00, 0x00, 0x00, 0x01, 0x90, 0x00, 0x00, 0x00, 0x00, 0x00, 0x00, 0x02, 0x90
	.byte 0x00, 0x00, 0x00, 0x00, 0x00, 0x00, 0x03, 0x90, 0x00, 0x00, 0x00, 0x00, 0x00, 0x00, 0x00, 0x00
	.byte 0x00, 0x00, 0x00, 0x00, 0x00, 0x00, 0x00, 0x00, 0x20, 0x20, 0x00, 0x00, 0x00, 0x00, 0x00, 0x00
	.byte 0x21, 0x20, 0x00, 0x00, 0x00, 0x00, 0x00, 0x00, 0x00, 0x00, 0x00, 0x00, 0x00, 0x00, 0x00, 0x00
	.byte 0x00, 0x00, 0x00, 0x00, 0x00, 0x00, 0x00, 0x00, 0x20, 0x20, 0x00, 0x00, 0x29, 0x20, 0x2A, 0x20
	.byte 0x21, 0x20, 0x00, 0x00, 0x00, 0x00, 0x00, 0x00, 0x00, 0x00, 0x00, 0x00, 0x29, 0x20, 0x2A, 0x20
	.byte 0x00, 0x00, 0x00, 0x00, 0x00, 0x00, 0x00, 0x00, 0x00, 0x00, 0x00, 0x00, 0x00, 0x00, 0x00, 0x00
	.byte 0x00, 0x00, 0x00, 0x00, 0x00, 0x00, 0x00, 0x00, 0x2B, 0x20, 0x00, 0x00, 0x29, 0x20, 0x2A, 0x20
	.byte 0x00, 0x00, 0x00, 0x00, 0x00, 0x00, 0x00, 0x00, 0x00, 0x00, 0x00, 0x00, 0x00, 0x00, 0x00, 0x00
	.byte 0x00, 0x00, 0x00, 0x00, 0x00, 0x00, 0x00, 0x00, 0x2B, 0x20, 0x00, 0x00, 0x29, 0x20, 0x2A, 0x20
	.byte 0x00, 0x00, 0x00, 0x00, 0x00, 0x00, 0x00, 0x00, 0x00, 0x00, 0x00, 0x00, 0x00, 0x00, 0x8A, 0x34
	.byte 0x87, 0x34, 0x86, 0x34, 0xAF, 0x30, 0xB0, 0x30, 0x2B, 0x20, 0x00, 0x00, 0x29, 0x20, 0x2A, 0x20
	.byte 0x87, 0x34, 0x86, 0x34, 0xAF, 0x30, 0x00, 0x00, 0x89, 0x34, 0x88, 0x34, 0xB1, 0x30, 0x00, 0x00
	.byte 0xB2, 0x30, 0xB3, 0x30, 0xB4, 0x30, 0x00, 0x00, 0x2B, 0x20, 0x00, 0x00, 0x00, 0x00, 0x00, 0x00
	.byte 0x00, 0x00, 0x00, 0x00, 0x00, 0x00, 0x00, 0x00, 0x00, 0x00, 0x00, 0x00, 0x00, 0x00, 0x00, 0x00
	.byte 0x00, 0x00, 0x00, 0x00, 0x00, 0x00, 0x00, 0x00, 0x00, 0x00, 0x00, 0x00, 0x00, 0x00, 0x7A, 0x34
	.byte 0x00, 0x00, 0x00, 0x00, 0x7E, 0x34, 0x7D, 0x34, 0x00, 0x00, 0x00, 0x00, 0x94, 0x34, 0x93, 0x34
	.byte 0x00, 0x00, 0x7A, 0x34, 0x79, 0x34, 0x78, 0x34, 0x79, 0x34, 0x78, 0x34, 0x00, 0x00, 0x00, 0x00
	.byte 0x7C, 0x34, 0x7B, 0x34, 0x00, 0x00, 0x00, 0x00, 0x92, 0x34, 0x00, 0x00, 0x00, 0x00, 0x00, 0x00
	.byte 0x00, 0x00, 0x00, 0x00, 0x00, 0x00, 0x00, 0x00, 0x00, 0x00, 0x00, 0x00, 0x00, 0x00, 0x00, 0x00
	.byte 0x00, 0x00, 0x00, 0x00, 0x00, 0x00, 0x00, 0x00, 0x00, 0x00, 0x00, 0x00, 0x00, 0x00, 0x8A, 0x34
	.byte 0x87, 0x34, 0x86, 0x34, 0xAF, 0x30, 0xB0, 0x30, 0x00, 0x00, 0x00, 0x00, 0x00, 0x00, 0x8A, 0x34
	.byte 0x87, 0x34, 0x86, 0x34, 0xAF, 0x30, 0xB0, 0x30, 0x89, 0x34, 0x88, 0x34, 0xB5, 0x30, 0xB6, 0x30
	.byte 0xB2, 0x30, 0xB3, 0x30, 0xB4, 0x30, 0x00, 0x00, 0x89, 0x34, 0x88, 0x34, 0xB5, 0x30, 0xB6, 0x30
	.byte 0xB2, 0x30, 0xB3, 0x30, 0xB4, 0x30, 0x00, 0x00, 0xB7, 0x30, 0x00, 0x00, 0x00, 0x00, 0x00, 0x00
	.byte 0x00, 0x00, 0x00, 0x00, 0x00, 0x00, 0x00, 0x00, 0xB7, 0x30, 0x00, 0x00, 0x00, 0x00, 0x00, 0x00
	.byte 0x00, 0x00, 0x00, 0x00, 0x00, 0x00, 0x00, 0x00, 0x00, 0x00, 0x00, 0x00, 0x00, 0x00, 0x00, 0x00
	.byte 0x00, 0x00, 0x00, 0x00, 0x00, 0x00, 0x00, 0x00, 0x00, 0x00, 0x00, 0x00, 0x00, 0x00, 0x00, 0x00
	.byte 0x00, 0x00, 0x00, 0x00, 0x00, 0x00, 0x00, 0x00, 0x00, 0x00, 0x00, 0x00, 0x00, 0x00, 0x00, 0x00
	.byte 0x00, 0x00, 0x5E, 0x30, 0x5F, 0x30, 0x63, 0x30, 0x00, 0x00, 0x00, 0x00, 0x00, 0x00, 0x00, 0x00
	.byte 0x00, 0x00, 0x5E, 0x30, 0x5F, 0x30, 0x63, 0x30, 0x5E, 0x30, 0x60, 0x30, 0x61, 0x30, 0x66, 0x30
	.byte 0x8E, 0x30, 0x8F, 0x30, 0x90, 0x30, 0x91, 0x30, 0x7E, 0x34, 0x7D, 0x34, 0x7C, 0x34, 0x7B, 0x34
	.byte 0x94, 0x34, 0x93, 0x34, 0x92, 0x34, 0x00, 0x00, 0x00, 0x00, 0x00, 0x00, 0x00, 0x00, 0x00, 0x00
	.byte 0x00, 0x00, 0x00, 0x00, 0x00, 0x00, 0x00, 0x00, 0x5E, 0x30, 0x60, 0x30, 0x61, 0x30, 0x66, 0x30
	.byte 0x8E, 0x30, 0x8F, 0x30, 0x90, 0x30, 0x91, 0x30, 0x00, 0x00, 0x00, 0x00, 0x00, 0x00, 0x00, 0x00
	.byte 0x00, 0x00, 0x00, 0x00, 0x00, 0x00, 0x00, 0x00, 0x00, 0x00, 0x00, 0x00, 0x00, 0x00, 0x00, 0x00
	.byte 0x00, 0x00, 0x00, 0x00, 0x00, 0x00, 0x00, 0x00, 0x00, 0x00, 0x00, 0x00, 0x00, 0x00, 0x8A, 0x34
	.byte 0x24, 0x20, 0x27, 0x20, 0x00, 0x00, 0xB0, 0x30, 0x26, 0x20, 0x28, 0x20, 0xB8, 0x30, 0xB6, 0x30
	.byte 0x43, 0x20, 0x46, 0x20, 0x00, 0x00, 0x00, 0x00, 0x41, 0x20, 0x00, 0x00, 0x00, 0x00, 0x00, 0x00
	.byte 0x00, 0x00, 0x00, 0x00, 0x00, 0x00, 0x00, 0x00, 0x00, 0x00, 0x00, 0x00, 0x00, 0x00, 0x00, 0x00
	.byte 0x00, 0x00, 0x00, 0x00, 0x00, 0x00, 0x00, 0x00, 0x00, 0x00, 0x00, 0x00, 0x24, 0x20, 0x25, 0x20
	.byte 0x24, 0x20, 0x42, 0x20, 0x26, 0x20, 0x3C, 0x20, 0x26, 0x20, 0x44, 0x20, 0x3F, 0x20, 0x40, 0x20
	.byte 0x3D, 0x20, 0x45, 0x20, 0x41, 0x20, 0x00, 0x00, 0x41, 0x20, 0x00, 0x00, 0x00, 0x00, 0x00, 0x00
	.byte 0x00, 0x00, 0x00, 0x00, 0x00, 0x00, 0x00, 0x00, 0x00, 0x00, 0x00, 0x00, 0x21, 0x20, 0x00, 0x00
	.byte 0x29, 0x20, 0x2A, 0x20, 0x2B, 0x20, 0x00, 0x00, 0x00, 0x00, 0x78, 0x30, 0x79, 0x30, 0x7A, 0x30
	.byte 0x00, 0x00, 0x7B, 0x30, 0x7C, 0x30, 0x7D, 0x30, 0x00, 0x00, 0x00, 0x00, 0x00, 0x00, 0x00, 0x00
	.byte 0x00, 0x00, 0x00, 0x00, 0x00, 0x00, 0x00, 0x00, 0x00, 0x00, 0x00, 0x00, 0x00, 0x00, 0x00, 0x00
	.byte 0x7E, 0x30, 0x00, 0x00, 0x00, 0x00, 0x00, 0x00, 0x00, 0x00, 0x00, 0x00, 0x92, 0x30, 0x93, 0x30
	.byte 0x00, 0x00, 0x00, 0x00, 0x00, 0x00, 0x00, 0x00, 0x00, 0x00, 0x00, 0x00, 0x00, 0x00, 0x00, 0x00
	.byte 0x00, 0x00, 0x00, 0x00, 0x00, 0x00, 0x00, 0x00, 0x94, 0x30, 0x00, 0x00, 0x00, 0x00, 0x00, 0x00
	.byte 0x78, 0x30, 0x79, 0x30, 0x7A, 0x30, 0x00, 0x00, 0x7B, 0x30, 0x7C, 0x30, 0x7D, 0x30, 0x7E, 0x30
	.byte 0x00, 0x00, 0x92, 0x30, 0x93, 0x30, 0x94, 0x30, 0x00, 0x00, 0x00, 0x00, 0x00, 0x00, 0x00, 0x00
	.byte 0x00, 0x00, 0x00, 0x00, 0x00, 0x00, 0x00, 0x00, 0x00, 0x00, 0x00, 0x00, 0x20, 0x20, 0x00, 0x00
	.byte 0x00, 0x00, 0x00, 0x00, 0x21, 0x20, 0x00, 0x00, 0x29, 0x20, 0x2A, 0x20, 0x2B, 0x20, 0x00, 0x00
	.byte 0x00, 0x00, 0x00, 0x00, 0x00, 0x00, 0x00, 0x00, 0x00, 0x00, 0x00, 0x00, 0x20, 0x20, 0x00, 0x00
	.byte 0x00, 0x00, 0x00, 0x00, 0x21, 0x20, 0x00, 0x00, 0x00, 0x00, 0x00, 0x00, 0x00, 0x00, 0x00, 0x00
	.byte 0x00, 0x00, 0x00, 0x00, 0x00, 0x00, 0x00, 0x00, 0x00, 0x00, 0x00, 0x00, 0x00, 0x00, 0x00, 0x00
	.byte 0x78, 0x30, 0x79, 0x30, 0x7A, 0x30, 0x00, 0x00, 0x7B, 0x30, 0x7C, 0x30, 0x7D, 0x30, 0x7E, 0x30
	.byte 0x00, 0x00, 0x92, 0x30, 0x93, 0x30, 0x94, 0x30, 0x00, 0x00, 0x00, 0x00, 0x00, 0x00, 0x00, 0x00
	.byte 0x00, 0x00, 0x00, 0x00, 0x00, 0x00, 0x00, 0x00, 0x00, 0x00, 0x63, 0x34, 0x5F, 0x34, 0x5E, 0x34
	.byte 0x00, 0x00, 0x66, 0x34, 0x61, 0x34, 0x60, 0x34, 0x00, 0x00, 0x91, 0x34, 0x90, 0x34, 0x8F, 0x34
	.byte 0x00, 0x00, 0x00, 0x00, 0x00, 0x00, 0x00, 0x00, 0x00, 0x00, 0x00, 0x00, 0x00, 0x00, 0x00, 0x00
	.byte 0x5E, 0x34, 0x00, 0x00, 0x63, 0x34, 0x5F, 0x34, 0x8E, 0x34, 0x00, 0x00, 0x66, 0x34, 0x61, 0x34
	.byte 0x00, 0x00, 0x00, 0x00, 0x91, 0x34, 0x90, 0x34, 0x00, 0x00, 0x00, 0x00, 0x00, 0x00, 0x00, 0x00
	.byte 0x5E, 0x34, 0x00, 0x00, 0x00, 0x00, 0x00, 0x00, 0x60, 0x34, 0x5E, 0x34, 0x00, 0x00, 0x00, 0x00
	.byte 0x8F, 0x34, 0x8E, 0x34, 0x00, 0x00, 0x64, 0x30, 0x00, 0x00, 0x00, 0x00, 0x00, 0x00, 0x00, 0x00
	.byte 0x00, 0x00, 0x00, 0x00, 0x00, 0x00, 0x00, 0x00, 0x62, 0x30, 0x69, 0x30, 0x00, 0x00, 0x00, 0x00
	.byte 0x65, 0x30, 0x6A, 0x30, 0x6B, 0x30, 0x00, 0x00, 0x00, 0x00, 0x00, 0x00, 0x00, 0x00, 0x00, 0x00
	.byte 0x00, 0x00, 0x00, 0x00, 0x00, 0x00, 0x00, 0x00, 0x00, 0x00, 0x00, 0x00, 0x62, 0x30, 0x69, 0x30
	.byte 0x00, 0x00, 0x64, 0x30, 0x65, 0x30, 0x6A, 0x30, 0x00, 0x00, 0x00, 0x00, 0x00, 0x00, 0x00, 0x00
	.byte 0x00, 0x00, 0x00, 0x00, 0x00, 0x00, 0x00, 0x00, 0x00, 0x00, 0x00, 0x00, 0x00, 0x00, 0x00, 0x00
	.byte 0x6B, 0x30, 0x00, 0x00, 0x00, 0x00, 0x64, 0x30, 0x00, 0x00, 0x00, 0x00, 0x00, 0x00, 0x00, 0x00
	.byte 0x00, 0x00, 0x00, 0x00, 0x00, 0x00, 0x00, 0x00, 0x00, 0x00, 0x00, 0x00, 0x00, 0x00, 0x00, 0x00
	.byte 0x6B, 0x30, 0x00, 0x00, 0x00, 0x00, 0x6E, 0x30, 0x00, 0x00, 0x00, 0x00, 0x00, 0x00, 0x00, 0x00
	.byte 0x00, 0x00, 0x00, 0x00, 0x00, 0x00, 0x00, 0x00, 0x00, 0x00, 0x00, 0x00, 0x00, 0x00, 0x00, 0x00
	.byte 0x6F, 0x30, 0x73, 0x30, 0x74, 0x30, 0x00, 0x00, 0x00, 0x00, 0x00, 0x00, 0x00, 0x00, 0x00, 0x00
	.byte 0x00, 0x00, 0x00, 0x00, 0x00, 0x00, 0x00, 0x00, 0x00, 0x00, 0x87, 0x34, 0x86, 0x34, 0xAF, 0x30
	.byte 0x8A, 0x34, 0x89, 0x34, 0x88, 0x34, 0xB1, 0x30, 0x00, 0x00, 0x00, 0x00, 0x24, 0x20, 0x25, 0x20
	.byte 0x00, 0x00, 0x5C, 0x20, 0x26, 0x20, 0x3C, 0x20, 0x00, 0x00, 0x5D, 0x20, 0x3F, 0x20, 0x40, 0x20
	.byte 0x8C, 0x20, 0x8D, 0x20, 0x41, 0x20, 0x00, 0x00, 0x00, 0x00, 0x00, 0x00, 0x00, 0x00, 0x67, 0x30
	.byte 0x00, 0x00, 0x00, 0x00, 0x00, 0x00, 0x00, 0x00, 0x00, 0x00, 0x00, 0x00, 0x00, 0x00, 0x00, 0x00
	.byte 0x00, 0x00, 0x00, 0x00, 0x00, 0x00, 0x00, 0x00, 0x68, 0x30, 0x6C, 0x30, 0x6D, 0x30, 0x00, 0x00
	.byte 0x00, 0x00, 0x00, 0x00, 0x00, 0x00, 0x00, 0x00, 0x00, 0x00, 0x00, 0x00, 0x00, 0x00, 0x00, 0x00
	.byte 0x00, 0x00, 0x00, 0x00, 0x00, 0x00, 0x00, 0x00, 0x00, 0x00, 0x67, 0x30, 0x68, 0x30, 0x6C, 0x30
	.byte 0x00, 0x00, 0x00, 0x00, 0x00, 0x00, 0x01, 0x90, 0x00, 0x00, 0x00, 0x00, 0x00, 0x00, 0x02, 0x90
	.byte 0x00, 0x00, 0x00, 0x00, 0x00, 0x00, 0x03, 0x90, 0x6D, 0x30, 0x00, 0x00, 0x00, 0x00, 0x67, 0x30
	.byte 0x04, 0x90, 0x05, 0x90, 0x06, 0x90, 0x00, 0x00, 0x07, 0x90, 0x08, 0x90, 0x09, 0x90, 0x00, 0x00
	.byte 0x0A, 0x90, 0x0B, 0x90, 0x0C, 0x90, 0x00, 0x00, 0x00, 0x00, 0x67, 0x30, 0x68, 0x30, 0x6C, 0x30
	.byte 0x00, 0x00, 0x00, 0x00, 0x00, 0x00, 0x00, 0x00, 0x00, 0x00, 0x00, 0x00, 0x00, 0x00, 0x00, 0x00
	.byte 0x00, 0x00, 0x00, 0x00, 0x00, 0x00, 0x00, 0x00, 0x6D, 0x30, 0x00, 0x00, 0x00, 0x00, 0x67, 0x30
	.byte 0x00, 0x00, 0x00, 0x00, 0x00, 0x00, 0x00, 0x00, 0x00, 0x00, 0x00, 0x00, 0x00, 0x00, 0x00, 0x00
	.byte 0x00, 0x00, 0x00, 0x00, 0x00, 0x00, 0x00, 0x00, 0x6D, 0x30, 0x00, 0x00, 0x00, 0x00, 0x70, 0x30
	.byte 0x04, 0x90, 0x05, 0x90, 0x06, 0x90, 0x00, 0x00, 0x07, 0x90, 0x08, 0x90, 0x09, 0x90, 0x00, 0x00
	.byte 0x0A, 0x90, 0x0B, 0x90, 0x0C, 0x90, 0x00, 0x00, 0x71, 0x30, 0x75, 0x30, 0x76, 0x30, 0x00, 0x00
	.byte 0x72, 0x30, 0x77, 0x30, 0x00, 0x00, 0x00, 0x00, 0x00, 0x00, 0x00, 0x00, 0x00, 0x00, 0x00, 0x00
	.byte 0x00, 0x00, 0x00, 0x00, 0x00, 0x00, 0x00, 0x00, 0x00, 0x00, 0x00, 0x00, 0x00, 0x00, 0x00, 0x00
	.byte 0x5E, 0x34, 0x00, 0x00, 0x00, 0x00, 0x00, 0x00, 0x8E, 0x34, 0x00, 0x00, 0x63, 0x34, 0x5F, 0x34
	.byte 0x00, 0x00, 0x00, 0x00, 0x66, 0x34, 0x61, 0x34, 0x00, 0x00, 0x00, 0x00, 0x00, 0x00, 0x00, 0x00
	.byte 0x00, 0x00, 0x00, 0x00, 0x00, 0x00, 0x00, 0x00, 0x00, 0x00, 0x87, 0x34, 0x86, 0x34, 0xAF, 0x30
	.byte 0x8A, 0x34, 0x89, 0x34, 0x88, 0x34, 0xB5, 0x30, 0x00, 0x00, 0x87, 0x34, 0x86, 0x34, 0xAF, 0x30
	.byte 0x8A, 0x34, 0x89, 0x34, 0x88, 0x34, 0xB5, 0x30, 0xB0, 0x30, 0xB2, 0x30, 0xB3, 0x30, 0xB4, 0x30
	.byte 0xB6, 0x30, 0xB7, 0x30, 0x00, 0x00, 0x00, 0x00, 0xB0, 0x30, 0xB2, 0x30, 0xB3, 0x30, 0xB4, 0x30
	.byte 0xB6, 0x30, 0xB7, 0x30, 0x00, 0x00, 0x00, 0x00, 0x00, 0x00, 0x00, 0x00, 0x00, 0x00, 0x00, 0x00
	.byte 0x00, 0x00, 0x00, 0x00, 0x00, 0x00, 0x00, 0x00, 0x8F, 0x34, 0x8E, 0x34, 0x00, 0x00, 0x00, 0x00
	.byte 0x00, 0x00, 0x00, 0x00, 0x00, 0x00, 0x78, 0x30, 0x00, 0x00, 0x00, 0x00, 0x00, 0x00, 0x7B, 0x30
	.byte 0x00, 0x00, 0x00, 0x00, 0x00, 0x00, 0x00, 0x00, 0x00, 0x00, 0x00, 0x00, 0x00, 0x00, 0x00, 0x00
	.byte 0x79, 0x30, 0x7A, 0x30, 0x00, 0x00, 0x00, 0x00, 0x7C, 0x30, 0x7D, 0x30, 0x7E, 0x30, 0x00, 0x00
	.byte 0x92, 0x30, 0x93, 0x30, 0x94, 0x30, 0x00, 0x00, 0x00, 0x00, 0x00, 0x00, 0x00, 0x00, 0x00, 0x00
	.byte 0x00, 0x00, 0x00, 0x00, 0x00, 0x00, 0x00, 0x00, 0x00, 0x00, 0x00, 0x00, 0x00, 0x00, 0x02, 0x90
	.byte 0x00, 0x00, 0x00, 0x00, 0x00, 0x00, 0x03, 0x90, 0x29, 0x20, 0x2A, 0x20, 0x2B, 0x20, 0x00, 0x00
	.byte 0x00, 0x00, 0x00, 0x00, 0x00, 0x00, 0x00, 0x00, 0x00, 0x00, 0x00, 0x00, 0x20, 0x20, 0x00, 0x00
	.byte 0x00, 0x00, 0x00, 0x00, 0x21, 0x20, 0xB8, 0x30, 0x4A, 0x20, 0x4B, 0x20, 0x4C, 0x20, 0x26, 0x24
	.byte 0x4D, 0x20, 0x4E, 0x20, 0x4F, 0x20, 0x4B, 0x20, 0x00, 0x00, 0x49, 0x20, 0x7F, 0x20, 0x80, 0x20
	.byte 0x00, 0x00, 0x00, 0x00, 0x00, 0x00, 0x00, 0x00, 0x29, 0x20, 0x2A, 0x20, 0x2B, 0x20, 0x00, 0x00
	.byte 0x00, 0x00, 0x00, 0x00, 0x00, 0x00, 0x00, 0x00, 0x00, 0x00, 0x00, 0x00, 0x00, 0x00, 0x00, 0x00
	.byte 0x00, 0x00, 0x00, 0x00, 0x00, 0x00, 0x00, 0x00, 0x5E, 0x30, 0x60, 0x30, 0x61, 0x30, 0x66, 0x30
	.byte 0x8E, 0x30, 0x8F, 0x30, 0x90, 0x30, 0x91, 0x30, 0x00, 0x00, 0x00, 0x00, 0x00, 0x00, 0x02, 0x90
	.byte 0x00, 0x00, 0x00, 0x00, 0x00, 0x00, 0x03, 0x90, 0x00, 0x00, 0x00, 0x00, 0x00, 0x00, 0x00, 0x00
	.byte 0x00, 0x00, 0x78, 0x30, 0x79, 0x30, 0x7A, 0x30, 0x00, 0x00, 0x7B, 0x30, 0x7C, 0x30, 0x7D, 0x30
	.byte 0x00, 0x00, 0x00, 0x00, 0x92, 0x30, 0x93, 0x30, 0x00, 0x00, 0x00, 0x00, 0x00, 0x00, 0x00, 0x00
	.byte 0x00, 0x00, 0x00, 0x00, 0x00, 0x00, 0x00, 0x00, 0x7E, 0x30, 0x00, 0x00, 0xB9, 0x30, 0xBA, 0x30
	.byte 0x94, 0x30, 0x00, 0x00, 0xBB, 0x30, 0xBC, 0x30, 0x00, 0x00, 0x00, 0x00, 0x00, 0x00, 0x00, 0x00
	.byte 0x00, 0x00, 0x00, 0x00, 0x00, 0x00, 0x00, 0x00, 0xBD, 0x30, 0xBE, 0x30, 0xBF, 0x30, 0x00, 0x00
	.byte 0xC0, 0x30, 0xC1, 0x30, 0xC2, 0x30, 0x00, 0x00, 0x00, 0x00, 0x00, 0x00, 0x00, 0x00, 0x00, 0x00
	.byte 0x00, 0x00, 0x00, 0x00, 0x00, 0x00, 0x00, 0x00, 0x00, 0x00, 0xC3, 0x30, 0xC4, 0x30, 0xC5, 0x30
	.byte 0xC6, 0x30, 0xC7, 0x30, 0xC8, 0x30, 0xC9, 0x30, 0x00, 0x00, 0x00, 0x00, 0x00, 0x00, 0x00, 0x00
	.byte 0x00, 0x00, 0x00, 0x00, 0x00, 0x00, 0x00, 0x00, 0x00, 0x00, 0x00, 0x00, 0x00, 0x00, 0xC3, 0x30
	.byte 0xCA, 0x30, 0x00, 0x00, 0xC6, 0x30, 0xC7, 0x30, 0x00, 0x00, 0x00, 0x00, 0x00, 0x00, 0x00, 0x00
	.byte 0x00, 0x00, 0x00, 0x00, 0x00, 0x00, 0x00, 0x00, 0xC4, 0x30, 0xC5, 0x30, 0x00, 0x00, 0x00, 0x00
	.byte 0xC8, 0x30, 0xC9, 0x30, 0xCA, 0x30, 0x00, 0x00, 0x00, 0x00, 0x00, 0x00, 0x00, 0x00, 0x00, 0x00
	.byte 0x00, 0x00, 0x00, 0x00, 0x00, 0x00, 0x00, 0x00, 0x00, 0x00, 0x00, 0x00, 0xB9, 0x30, 0xBA, 0x30
	.byte 0xCA, 0x30, 0x00, 0x00, 0xBB, 0x30, 0xBC, 0x30, 0x00, 0x00, 0x00, 0x00, 0x00, 0x00, 0x00, 0x00
	.byte 0x00, 0x00, 0x00, 0x00, 0x00, 0x00, 0x00, 0x00, 0xBD, 0x30, 0xBE, 0x30, 0xBF, 0x30, 0x7E, 0x34
	.byte 0xC0, 0x30, 0xC1, 0x30, 0xC2, 0x30, 0x94, 0x34, 0x00, 0x00, 0x00, 0x00, 0x00, 0x00, 0x00, 0x00
	.byte 0x7A, 0x34, 0x79, 0x34, 0x78, 0x34, 0x00, 0x00, 0x7D, 0x34, 0x7C, 0x34, 0x7B, 0x34, 0x00, 0x00
	.byte 0x93, 0x34, 0x92, 0x34, 0x00, 0x00, 0x00, 0x00, 0x00, 0x00, 0x00, 0x00, 0x00, 0x00, 0xCB, 0x30
	.byte 0x00, 0x00, 0x00, 0x00, 0x00, 0x00, 0x00, 0x00, 0x00, 0x00, 0x00, 0x00, 0x00, 0x00, 0x00, 0x00
	.byte 0x00, 0x00, 0x00, 0x00, 0x00, 0x00, 0x00, 0x00, 0xCC, 0x30, 0x63, 0x38, 0x00, 0x00, 0x00, 0x00
	.byte 0x00, 0x00, 0x00, 0x00, 0x00, 0x00, 0x00, 0x00, 0x00, 0x00, 0x00, 0x00, 0x00, 0x00, 0x00, 0x00
	.byte 0x00, 0x00, 0x00, 0x00, 0x00, 0x00, 0x00, 0x00, 0xCD, 0x30, 0xCE, 0x30, 0xCF, 0x30, 0xD0, 0x30
	.byte 0x00, 0x00, 0x00, 0x00, 0x00, 0x00, 0x01, 0x90, 0x00, 0x00, 0x00, 0x00, 0x00, 0x00, 0x02, 0x90
	.byte 0x00, 0x00, 0x00, 0x00, 0x00, 0x00, 0x03, 0x90, 0xD1, 0x30, 0x00, 0x00, 0xCD, 0x30, 0xCE, 0x30
	.byte 0x04, 0x90, 0x05, 0x90, 0x06, 0x90, 0x00, 0x00, 0x07, 0x90, 0x08, 0x90, 0x09, 0x90, 0x00, 0x00
	.byte 0x0A, 0x90, 0x0B, 0x90, 0x0C, 0x90, 0x00, 0x00, 0xCF, 0x30, 0xD0, 0x30, 0xD1, 0x30, 0x00, 0x00
	.byte 0x00, 0x00, 0x00, 0x00, 0x00, 0x00, 0x00, 0x00, 0x00, 0x00, 0x00, 0x00, 0x00, 0x00, 0x00, 0x00
	.byte 0x00, 0x00, 0x00, 0x00, 0x00, 0x00, 0x00, 0x00, 0xCD, 0x30, 0xCE, 0x30, 0xCF, 0x30, 0xD0, 0x30
	.byte 0x00, 0x00, 0x00, 0x00, 0x00, 0x00, 0x00, 0x00, 0x00, 0x00, 0x00, 0x00, 0x00, 0x00, 0x00, 0x00
	.byte 0x00, 0x00, 0x00, 0x00, 0x00, 0x00, 0x00, 0x00, 0xD1, 0x30, 0x00, 0x00, 0xCD, 0x30, 0xCE, 0x30
	.byte 0x00, 0x00, 0x00, 0x00, 0x00, 0x00, 0x00, 0x00, 0x00, 0x00, 0x00, 0x00, 0x00, 0x00, 0x00, 0x00
	.byte 0x00, 0x00, 0x00, 0x00, 0x00, 0x00, 0x00, 0x00, 0xD1, 0x30, 0x00, 0x00, 0x00, 0x00, 0xCB, 0x30
	.byte 0x04, 0x90, 0x05, 0x90, 0x06, 0x90, 0x00, 0x00, 0x07, 0x90, 0x08, 0x90, 0x09, 0x90, 0x00, 0x00
	.byte 0x0A, 0x90, 0x0B, 0x90, 0x0C, 0x90, 0x00, 0x00, 0x00, 0x00, 0x00, 0x00, 0x00, 0x00, 0x00, 0x00
	.byte 0x00, 0x00, 0x00, 0x00, 0x00, 0x00, 0x00, 0x00, 0x00, 0x00, 0x00, 0x00, 0x00, 0x00, 0x00, 0x00
	.byte 0x00, 0x00, 0x00, 0x00, 0x00, 0x00, 0x00, 0x00, 0x00, 0x00, 0x00, 0x00, 0x00, 0x00, 0x00, 0x00
	.byte 0x00, 0x00, 0x00, 0x00, 0x00, 0x00, 0x00, 0x00, 0x00, 0x00, 0x00, 0x00, 0x00, 0x00, 0x00, 0x00
	.byte 0x00, 0x00, 0x00, 0x66, 0x00, 0x00, 0x60, 0x70, 0x00, 0x00, 0x00, 0x66, 0x00, 0x00, 0x66, 0x96
	.byte 0x00, 0x60, 0x60, 0x66, 0x00, 0x00, 0x67, 0x66, 0x00, 0x70, 0x76, 0x67, 0x00, 0x60, 0x77, 0x64
	.byte 0x00, 0x00, 0x66, 0x47, 0x00, 0x60, 0x66, 0x47, 0x00, 0x00, 0x66, 0x67, 0x00, 0x00, 0x60, 0x67
	.byte 0x00, 0x00, 0x00, 0x46, 0x00, 0x00, 0x06, 0x76, 0x00, 0x00, 0x60, 0x66, 0x00, 0x00, 0x66, 0x66
	.byte 0x00, 0x00, 0x60, 0x66, 0x00, 0x00, 0x06, 0x66, 0x00, 0x00, 0x60, 0x70, 0x00, 0x00, 0x66, 0x97
	.byte 0x00, 0x06, 0x77, 0x88, 0x60, 0x87, 0x87, 0xA7, 0x06, 0x47, 0x97, 0x99, 0x66, 0x44, 0x84, 0x77
	.byte 0x77, 0x67, 0x47, 0x66, 0x76, 0x89, 0x78, 0x64, 0x60, 0x70, 0x90, 0x60, 0x67, 0x97, 0x79, 0x79
	.byte 0x96, 0xA7, 0x97, 0x92, 0x7A, 0x89, 0x79, 0x94, 0x9A, 0x78, 0x87, 0x44, 0x98, 0x78, 0x47, 0x98
	.byte 0x87, 0x89, 0x94, 0x99, 0x77, 0x99, 0x84, 0x99, 0x00, 0x00, 0x00, 0x00, 0x00, 0x00, 0x00, 0x00
	.byte 0x67, 0x00, 0x00, 0x00, 0x08, 0x06, 0x00, 0x00, 0x72, 0x00, 0x00, 0x00, 0x9A, 0x60, 0x00, 0x00
	.byte 0x98, 0x07, 0x06, 0x00, 0x77, 0x67, 0x00, 0x00, 0x76, 0x97, 0xAA, 0x49, 0x67, 0x97, 0xA9, 0xA9
	.byte 0x67, 0x77, 0x89, 0x99, 0x76, 0x77, 0x66, 0x97, 0x67, 0x79, 0x77, 0x78, 0x76, 0x87, 0x67, 0x97
	.byte 0x46, 0x67, 0x77, 0x79, 0x44, 0x77, 0x77, 0x97, 0x87, 0x89, 0x98, 0x88, 0x94, 0x97, 0x99, 0x89
	.byte 0x86, 0x89, 0xA9, 0x7A, 0x69, 0x97, 0x99, 0x48, 0x77, 0x87, 0x79, 0x24, 0x98, 0x98, 0x68, 0x89
	.byte 0x89, 0x9A, 0x96, 0x99, 0x89, 0xA9, 0xA8, 0x78, 0x79, 0x07, 0x06, 0x00, 0x77, 0x66, 0x00, 0x00
	.byte 0x62, 0x07, 0x06, 0x00, 0x77, 0x67, 0x00, 0x00, 0x22, 0x77, 0x66, 0x00, 0x99, 0x78, 0x06, 0x00
	.byte 0x76, 0x66, 0x66, 0x00, 0x77, 0x69, 0x07, 0x06, 0x76, 0x78, 0x76, 0x78, 0x77, 0x97, 0x74, 0x77
	.byte 0x74, 0x67, 0x77, 0x87, 0x46, 0x44, 0x87, 0x87, 0x64, 0x87, 0x78, 0x87, 0x66, 0x76, 0x77, 0x77
	.byte 0x66, 0x66, 0x77, 0x77, 0x66, 0x66, 0x76, 0x86, 0x46, 0x77, 0x99, 0x98, 0x94, 0x87, 0x99, 0xAA
	.byte 0x77, 0x98, 0x97, 0x88, 0x69, 0x79, 0x97, 0x87, 0x79, 0x67, 0x87, 0x88, 0x87, 0x76, 0x77, 0x77
	.byte 0x78, 0x67, 0x67, 0x77, 0x87, 0x76, 0x99, 0x77, 0x68, 0x79, 0x67, 0x00, 0x9A, 0x67, 0x07, 0x06
	.byte 0x78, 0x77, 0x76, 0x00, 0x79, 0x97, 0x76, 0x06, 0xA8, 0x78, 0x66, 0x00, 0x99, 0x8A, 0x06, 0x06
	.byte 0x97, 0x79, 0x67, 0x00, 0x78, 0x88, 0x07, 0x06, 0x00, 0x00, 0x60, 0x60, 0x00, 0x00, 0x00, 0x06
	.byte 0x00, 0x00, 0x00, 0x00, 0x00, 0x00, 0x00, 0x60, 0x00, 0x00, 0x00, 0x00, 0x00, 0x00, 0x00, 0x00
	.byte 0x00, 0x00, 0x00, 0x00, 0x00, 0x00, 0x00, 0x00, 0x00, 0x00, 0x00, 0x00, 0x00, 0x00, 0x00, 0x00
	.byte 0x00, 0x00, 0x00, 0x00, 0x00, 0x00, 0x00, 0x00, 0x00, 0x00, 0x06, 0x00, 0x06, 0x06, 0x00, 0x60
	.byte 0x00, 0x00, 0x60, 0x00, 0x60, 0x60, 0x00, 0x60, 0x00, 0x00, 0x00, 0x00, 0x00, 0x00, 0x00, 0x00
	.byte 0x00, 0x00, 0x00, 0x00, 0x00, 0x00, 0x00, 0x00, 0x06, 0x00, 0x00, 0x00, 0x00, 0x00, 0x00, 0x00
	.byte 0x06, 0x60, 0x00, 0x06, 0x00, 0x06, 0x00, 0x00, 0x00, 0x00, 0x00, 0x00, 0x00, 0x00, 0x00, 0x00
	.byte 0x00, 0x00, 0x00, 0x00, 0x00, 0x00, 0x00, 0x00, 0x00, 0x00, 0x00, 0x00, 0x00, 0x00, 0x00, 0x00
	.byte 0x00, 0x00, 0x00, 0x00, 0x00, 0x00, 0x00, 0xFE, 0x00, 0x06, 0x00, 0x06, 0x00, 0x00, 0x06, 0x60
	.byte 0x60, 0x60, 0x00, 0x06, 0x00, 0x00, 0x06, 0x60, 0x06, 0x06, 0x00, 0x06, 0x00, 0x60, 0x00, 0x00
	.byte 0x60, 0x00, 0x60, 0x60, 0x00, 0x00, 0x00, 0x00, 0x06, 0x00, 0x06, 0x06, 0x60, 0x60, 0x60, 0x66
	.byte 0x06, 0x06, 0x06, 0x66, 0x60, 0x60, 0x60, 0x60, 0x06, 0x06, 0x06, 0x00, 0x60, 0x00, 0x00, 0x06
	.byte 0x00, 0x60, 0x00, 0x00, 0x60, 0x00, 0x00, 0x00, 0x00, 0x00, 0x00, 0x00, 0x66, 0x66, 0x66, 0x66
	.byte 0x66, 0x66, 0x66, 0x66, 0x66, 0x66, 0x66, 0x66, 0x00, 0x00, 0x00, 0x00, 0x00, 0x00, 0x00, 0x00
	.byte 0x00, 0x00, 0x00, 0x00, 0x00, 0x00, 0x00, 0x00, 0x00, 0x00, 0xDD, 0xCD, 0x66, 0x66, 0xDD, 0xDD
	.byte 0x66, 0x66, 0xCC, 0xFD, 0x66, 0x66, 0x66, 0xCC, 0x00, 0x00, 0x66, 0x66, 0x00, 0x00, 0x00, 0x66
	.byte 0x00, 0x00, 0x00, 0x00, 0x00, 0x00, 0x00, 0x00, 0x66, 0x66, 0x66, 0x76, 0x66, 0x66, 0x67, 0x76
	.byte 0x66, 0x67, 0x76, 0x67, 0x60, 0x76, 0x66, 0x87, 0x06, 0x76, 0x67, 0x78, 0x60, 0x70, 0x70, 0x78
	.byte 0x00, 0x00, 0x00, 0x76, 0x00, 0x00, 0x00, 0x50, 0x98, 0x66, 0x77, 0x77, 0x49, 0x67, 0x67, 0x66
	.byte 0x44, 0x67, 0x66, 0x76, 0x57, 0x67, 0x66, 0x66, 0x84, 0x76, 0x66, 0x60, 0x43, 0x64, 0x06, 0x06
	.byte 0x35, 0x55, 0x00, 0x00, 0x33, 0x55, 0x00, 0x00, 0x77, 0x79, 0x60, 0x00, 0x99, 0x66, 0x06, 0x00
	.byte 0x96, 0x09, 0x00, 0x00, 0x77, 0x70, 0x00, 0x00, 0x07, 0x07, 0x00, 0x00, 0x00, 0x00, 0x00, 0x00
	.byte 0x00, 0x00, 0x00, 0x00, 0x00, 0x00, 0x00, 0x00, 0x00, 0x00, 0x00, 0x50, 0x00, 0x00, 0x00, 0x50
	.byte 0x00, 0x00, 0x00, 0x50, 0x00, 0x00, 0x00, 0x5E, 0x00, 0x00, 0xFE, 0x5F, 0x00, 0xFE, 0xCF, 0x55
	.byte 0xFE, 0xCF, 0x55, 0x35, 0xCF, 0x55, 0x55, 0x33, 0x33, 0x53, 0x00, 0x00, 0x23, 0x52, 0x00, 0x00
	.byte 0x23, 0x51, 0x00, 0x00, 0x23, 0x51, 0x0E, 0x00, 0x23, 0x51, 0xFF, 0x0E, 0x23, 0x52, 0xC5, 0xFF
	.byte 0x23, 0x13, 0x55, 0xC5, 0x24, 0x24, 0x21, 0x52, 0x00, 0x00, 0x00, 0x00, 0x00, 0x00, 0x00, 0x00
	.byte 0x00, 0x00, 0x00, 0x00, 0x00, 0x00, 0x00, 0x00, 0x00, 0x00, 0x00, 0x00, 0x0E, 0x00, 0x00, 0x00
	.byte 0xFF, 0x0E, 0x00, 0x00, 0xC5, 0xFF, 0x0E, 0x00, 0x55, 0x55, 0x35, 0x43, 0x5C, 0x55, 0x54, 0x54
	.byte 0xDF, 0x5C, 0x55, 0x55, 0xFD, 0xDF, 0x5C, 0x55, 0xCC, 0xFD, 0xDF, 0x5C, 0xBB, 0xCC, 0xFD, 0xDF
	.byte 0xBB, 0xBB, 0xCC, 0xED, 0x00, 0xBB, 0xBB, 0xCC, 0x23, 0x33, 0x53, 0x55, 0x23, 0x55, 0x35, 0x55
	.byte 0x35, 0x55, 0x55, 0x55, 0x55, 0x55, 0x55, 0xFC, 0x55, 0x55, 0xFC, 0xEF, 0x5C, 0xFC, 0xEF, 0xDD
	.byte 0xFF, 0xEF, 0xDD, 0x0D, 0xED, 0xDD, 0x0D, 0x00, 0x55, 0xC5, 0xEF, 0x00, 0x55, 0xFC, 0xEF, 0x00
	.byte 0xFC, 0xEF, 0xDD, 0x00, 0xEF, 0xDD, 0x0D, 0x00, 0xDD, 0x0D, 0x00, 0x00, 0x0D, 0x00, 0x00, 0x00
	.byte 0x00, 0x00, 0x00, 0x00, 0x00, 0x00, 0x00, 0x00, 0x00, 0x00, 0xBB, 0xBB, 0x00, 0x00, 0x00, 0x00
	.byte 0x00, 0x00, 0x00, 0x00, 0x00, 0x00, 0x00, 0x00, 0x00, 0x00, 0x00, 0x00, 0x00, 0x00, 0x00, 0x00
	.byte 0x00, 0x00, 0x00, 0x00, 0x00, 0x00, 0x00, 0x00, 0xDB, 0x0D, 0x00, 0x00, 0x00, 0x00, 0x00, 0x00
	.byte 0x00, 0x00, 0x00, 0x00, 0x00, 0x00, 0x00, 0x00, 0x00, 0x00, 0x00, 0x00, 0x00, 0x00, 0x00, 0x00
	.byte 0x00, 0x00, 0x00, 0x00, 0x00, 0x00, 0x00, 0x00, 0x00, 0x88, 0x88, 0x08, 0x80, 0x68, 0x45, 0x84
	.byte 0x80, 0x57, 0x14, 0x82, 0x70, 0x77, 0x56, 0x84, 0x80, 0x77, 0x67, 0x85, 0x00, 0x88, 0x88, 0x08
	.byte 0x80, 0x67, 0x35, 0x82, 0x80, 0x77, 0x56, 0x84, 0x00, 0x88, 0x88, 0x08, 0x80, 0x67, 0x35, 0x82
	.byte 0x80, 0x77, 0x56, 0x84, 0x80, 0x77, 0x56, 0x84, 0x80, 0x77, 0x56, 0x84, 0x80, 0x77, 0x56, 0x84
	.byte 0x80, 0x77, 0x56, 0x84, 0x80, 0x77, 0x56, 0x84, 0x00, 0x00, 0x00, 0x40, 0x00, 0x00, 0x00, 0x47
	.byte 0x00, 0x00, 0x00, 0x57, 0x00, 0x00, 0x00, 0x57, 0x00, 0x00, 0x00, 0x57, 0x00, 0x00, 0x00, 0x57
	.byte 0x00, 0x00, 0x00, 0x57, 0x00, 0x00, 0x00, 0x57, 0x44, 0x04, 0x00, 0x00, 0x23, 0x32, 0x04, 0x00
	.byte 0x44, 0x23, 0x32, 0x04, 0x24, 0x44, 0x23, 0x32, 0x34, 0x21, 0x44, 0x44, 0x04, 0x13, 0x11, 0x03
	.byte 0x04, 0x30, 0x33, 0x00, 0x04, 0x00, 0x00, 0x00, 0x00, 0x00, 0x00, 0x00, 0x00, 0x00, 0x00, 0x00
	.byte 0x00, 0x00, 0x00, 0x00, 0x00, 0x00, 0x00, 0x00, 0x00, 0x00, 0x00, 0x00, 0x00, 0x00, 0x00, 0x00
	.byte 0x00, 0x00, 0x00, 0x00, 0x00, 0x00, 0x00, 0x44, 0x00, 0x00, 0x00, 0x00, 0x00, 0x00, 0x00, 0x00
	.byte 0x00, 0x00, 0x00, 0x00, 0x00, 0x00, 0x00, 0x44, 0x00, 0x00, 0x44, 0x75, 0x00, 0x44, 0x75, 0x07
	.byte 0x44, 0x75, 0x07, 0x07, 0x75, 0x07, 0x07, 0x07, 0x00, 0x00, 0x44, 0x75, 0x00, 0x44, 0x75, 0x07
	.byte 0x44, 0x75, 0x07, 0x07, 0x75, 0x07, 0x07, 0x07, 0x07, 0x07, 0x07, 0x07, 0x07, 0x07, 0x07, 0x07
	.byte 0x07, 0x07, 0x07, 0x07, 0x07, 0x07, 0x07, 0x07, 0x00, 0x80, 0x88, 0x00, 0x00, 0x68, 0x44, 0x08
	.byte 0x00, 0x58, 0x21, 0x08, 0x00, 0x77, 0x45, 0x07, 0x00, 0x78, 0x56, 0x08, 0x00, 0x80, 0x88, 0x00
	.byte 0x44, 0x68, 0x23, 0x08, 0x75, 0x78, 0x45, 0x08, 0x07, 0x87, 0x88, 0x00, 0x07, 0x68, 0x23, 0x08
	.byte 0x07, 0x78, 0x45, 0x08, 0x07, 0x78, 0x45, 0x08, 0x07, 0x78, 0x45, 0x08, 0x07, 0x78, 0x45, 0x08
	.byte 0x07, 0x78, 0x45, 0x08, 0x07, 0x78, 0x45, 0x08, 0x00, 0x00, 0x00, 0x00, 0x00, 0x00, 0x00, 0x00
	.byte 0x00, 0x00, 0x00, 0x00, 0x00, 0x00, 0x00, 0x00, 0x30, 0x44, 0x34, 0x44, 0x43, 0x44, 0x44, 0x44
	.byte 0x30, 0x44, 0x34, 0x44, 0x00, 0x00, 0x00, 0x00, 0x00, 0x00, 0x00, 0x00, 0x00, 0x00, 0x00, 0x00
	.byte 0x00, 0x00, 0x00, 0x00, 0x00, 0x00, 0x00, 0x00, 0x43, 0x44, 0x44, 0x44, 0x44, 0x44, 0x44, 0x44
	.byte 0x43, 0x44, 0x44, 0x44, 0x00, 0x00, 0x00, 0x00, 0x80, 0x77, 0x56, 0x84, 0x80, 0x77, 0x56, 0x84
	.byte 0x80, 0x77, 0x56, 0x84, 0x00, 0x88, 0x88, 0x05, 0x84, 0x67, 0x35, 0x82, 0x84, 0x77, 0x56, 0x84
	.byte 0x44, 0x88, 0x88, 0x08, 0x00, 0x00, 0x00, 0x00, 0x00, 0x88, 0x08, 0x00, 0x80, 0x46, 0x84, 0x00
	.byte 0x80, 0x15, 0x82, 0x00, 0x70, 0x57, 0x84, 0x00, 0x80, 0x67, 0x85, 0x00, 0x00, 0x88, 0x08, 0x00
	.byte 0x80, 0x36, 0x52, 0x44, 0x80, 0x57, 0x84, 0x57, 0x00, 0x88, 0x78, 0x70, 0x80, 0x36, 0x82, 0x70
	.byte 0x80, 0x57, 0x84, 0x70, 0x80, 0x57, 0x84, 0x70, 0x80, 0x57, 0x84, 0x70, 0x80, 0x57, 0x84, 0x70
	.byte 0x80, 0x57, 0x84, 0x70, 0x80, 0x57, 0x84, 0x70, 0x00, 0x00, 0x00, 0x00, 0x00, 0x00, 0x00, 0x00
	.byte 0x00, 0x00, 0x00, 0x00, 0x00, 0x00, 0x00, 0x30, 0x00, 0x00, 0x00, 0x40, 0x00, 0x00, 0x00, 0x00
	.byte 0x00, 0x00, 0x00, 0x00, 0x00, 0x00, 0x00, 0x00, 0x00, 0x00, 0x44, 0x22, 0x00, 0x34, 0x22, 0x33
	.byte 0x34, 0x22, 0x43, 0x44, 0x22, 0x43, 0x24, 0x54, 0x44, 0x24, 0x31, 0x57, 0x13, 0x11, 0x03, 0x57
	.byte 0x30, 0x33, 0x00, 0x57, 0x00, 0x00, 0x00, 0x57, 0x00, 0x00, 0x00, 0x00, 0x02, 0x00, 0x00, 0x00
	.byte 0x03, 0x00, 0x00, 0x00, 0x03, 0x00, 0x00, 0x00, 0x03, 0x00, 0x00, 0x00, 0x03, 0x00, 0x00, 0x00
	.byte 0x03, 0x00, 0x00, 0x00, 0x03, 0x00, 0x00, 0x00, 0x00, 0x00, 0x00, 0x57, 0x00, 0x00, 0x00, 0x57
	.byte 0x00, 0x00, 0x00, 0x57, 0x00, 0x00, 0x00, 0x57, 0x00, 0x00, 0x00, 0x57, 0x00, 0x00, 0x00, 0x57
	.byte 0x00, 0x00, 0x00, 0x57, 0x00, 0x00, 0x00, 0x57, 0x03, 0x00, 0x00, 0x00, 0x03, 0x00, 0x00, 0x00
	.byte 0x03, 0x00, 0x00, 0x00, 0x03, 0x00, 0x00, 0x00, 0x03, 0x00, 0x00, 0x00, 0x03, 0x00, 0x00, 0x00
	.byte 0x03, 0x00, 0x00, 0x00, 0x03, 0x00, 0x00, 0x00, 0x00, 0x00, 0x00, 0x57, 0x00, 0x00, 0x00, 0x57
	.byte 0x00, 0x00, 0x00, 0x57, 0x00, 0x00, 0x00, 0x57, 0x00, 0x00, 0x00, 0x57, 0x00, 0x00, 0x70, 0x55
	.byte 0x00, 0x00, 0x70, 0x34, 0x00, 0x00, 0x70, 0x45, 0x00, 0x00, 0x70, 0x45, 0x00, 0x00, 0x70, 0x45
	.byte 0x00, 0x00, 0x70, 0x45, 0x00, 0x00, 0x70, 0x45, 0x00, 0x00, 0x70, 0x45, 0x00, 0x00, 0x70, 0x45
	.byte 0x00, 0x00, 0x70, 0x45, 0x00, 0x00, 0x70, 0x44, 0x00, 0x00, 0x00, 0x00, 0x00, 0x00, 0x00, 0x00
	.byte 0x00, 0x00, 0x00, 0x00, 0x00, 0x00, 0x00, 0x00, 0x00, 0x00, 0x00, 0x00, 0x00, 0x00, 0x00, 0x00
	.byte 0x40, 0x44, 0x44, 0x44, 0x44, 0x44, 0x00, 0x00, 0x00, 0x00, 0x00, 0x00, 0x00, 0x00, 0x00, 0x00
	.byte 0x00, 0x00, 0x00, 0x00, 0x00, 0x00, 0x00, 0x00, 0x00, 0x00, 0x00, 0x00, 0x00, 0x00, 0x00, 0x00
	.byte 0x44, 0x44, 0x44, 0x44, 0x00, 0x00, 0x00, 0x44, 0x00, 0x00, 0x00, 0x00, 0x00, 0x00, 0x00, 0x00
	.byte 0x00, 0x00, 0x00, 0x00, 0x00, 0x00, 0x00, 0x44, 0x00, 0x00, 0x44, 0x75, 0x00, 0x44, 0x75, 0x47
	.byte 0x44, 0x75, 0x47, 0x47, 0x75, 0x07, 0x07, 0x07, 0x00, 0x00, 0x44, 0x75, 0x00, 0x44, 0x75, 0x47
	.byte 0x44, 0x75, 0x77, 0x47, 0x75, 0x07, 0x77, 0x47, 0x07, 0x07, 0x77, 0x47, 0x47, 0x47, 0x77, 0x47
	.byte 0x47, 0x47, 0x47, 0x57, 0x07, 0x07, 0x07, 0x07, 0x04, 0x00, 0x00, 0x00, 0x03, 0x00, 0x00, 0x00
	.byte 0x03, 0x00, 0x00, 0x00, 0x03, 0x00, 0x00, 0x00, 0x03, 0x00, 0x00, 0x00, 0x03, 0x00, 0x00, 0x00
	.byte 0x03, 0x00, 0x00, 0x00, 0x03, 0x00, 0x00, 0x00, 0x03, 0x00, 0x00, 0x00, 0x03, 0x00, 0x00, 0x00
	.byte 0x03, 0x00, 0x00, 0x00, 0x03, 0x00, 0x00, 0x00, 0x03, 0x00, 0x00, 0x00, 0x23, 0x00, 0x00, 0x00
	.byte 0x22, 0x00, 0x00, 0x00, 0x33, 0x00, 0x00, 0x00, 0x33, 0x80, 0x88, 0x00, 0x33, 0x68, 0x44, 0x08
	.byte 0x33, 0x58, 0x21, 0x08, 0x33, 0x77, 0x45, 0x77, 0x33, 0x78, 0x56, 0x78, 0x33, 0x80, 0x88, 0x00
	.byte 0x44, 0x68, 0x23, 0x08, 0x75, 0x78, 0x45, 0x08, 0x07, 0x07, 0x07, 0x07, 0x07, 0x07, 0x07, 0x07
	.byte 0x07, 0x07, 0x07, 0x07, 0x07, 0x07, 0x07, 0x07, 0x07, 0x07, 0x07, 0x47, 0x07, 0x47, 0x47, 0x47
	.byte 0x07, 0x47, 0x47, 0x47, 0x47, 0x47, 0x07, 0x07, 0x07, 0x07, 0x07, 0x47, 0x07, 0x07, 0x47, 0x47
	.byte 0x07, 0x47, 0x47, 0x47, 0x47, 0x47, 0x07, 0x07, 0x47, 0x47, 0x47, 0x47, 0x47, 0x47, 0x47, 0x47
	.byte 0x47, 0x47, 0x47, 0x75, 0x07, 0x47, 0x75, 0x04, 0x37, 0x87, 0x88, 0x00, 0x37, 0x68, 0x23, 0x08
	.byte 0x37, 0x78, 0x45, 0x08, 0x37, 0x78, 0x45, 0x08, 0x37, 0x78, 0x45, 0x48, 0x37, 0x78, 0x45, 0x48
	.byte 0x07, 0x78, 0x45, 0x48, 0x47, 0x78, 0x45, 0x08, 0x07, 0x07, 0x07, 0x47, 0x07, 0x07, 0x47, 0x47
	.byte 0x07, 0x47, 0x47, 0x47, 0x47, 0x47, 0x07, 0x07, 0x47, 0x47, 0x47, 0x47, 0x07, 0x07, 0x07, 0x47
	.byte 0x47, 0x47, 0x47, 0x75, 0x07, 0x47, 0x75, 0x04, 0x47, 0x47, 0x47, 0x47, 0x07, 0x07, 0x07, 0x47
	.byte 0x47, 0x47, 0x47, 0x75, 0x07, 0x47, 0x75, 0x04, 0x47, 0x75, 0x04, 0x00, 0x75, 0x04, 0x00, 0x00
	.byte 0x04, 0x00, 0x00, 0x00, 0x00, 0x00, 0x00, 0x00, 0x47, 0x75, 0x04, 0x00, 0x75, 0x04, 0x00, 0x00
	.byte 0x04, 0x00, 0x00, 0x00, 0x00, 0x00, 0x00, 0x00, 0x00, 0x00, 0x00, 0x00, 0x00, 0x00, 0x00, 0x00
	.byte 0x00, 0x00, 0x00, 0x00, 0x00, 0x00, 0x00, 0x00, 0x00, 0x80, 0x88, 0x00, 0x00, 0x68, 0x44, 0x08
	.byte 0x00, 0x58, 0x21, 0x08, 0x00, 0x77, 0x45, 0x77, 0x00, 0x78, 0x56, 0x78, 0x00, 0x80, 0x88, 0x00
	.byte 0x44, 0x68, 0x23, 0x08, 0x75, 0x78, 0x45, 0x08, 0x07, 0x07, 0x07, 0x07, 0x07, 0x07, 0x07, 0x07
	.byte 0x07, 0x07, 0x07, 0x07, 0x07, 0x07, 0x07, 0x07, 0x47, 0x47, 0x47, 0x47, 0x47, 0x47, 0x47, 0x47
	.byte 0x47, 0x47, 0x47, 0x75, 0x07, 0x47, 0x75, 0x04, 0x07, 0x87, 0x88, 0x00, 0x07, 0x68, 0x23, 0x08
	.byte 0x07, 0x78, 0x45, 0x08, 0x07, 0x78, 0x45, 0x08, 0x07, 0x78, 0x45, 0x48, 0x07, 0x78, 0x45, 0x48
	.byte 0x07, 0x78, 0x45, 0x48, 0x47, 0x78, 0x45, 0x08, 0x47, 0x78, 0x45, 0x48, 0x07, 0x78, 0x45, 0x78
	.byte 0x47, 0x78, 0x45, 0x78, 0x07, 0x87, 0x58, 0x04, 0x47, 0x68, 0x23, 0x08, 0x75, 0x78, 0x45, 0x08
	.byte 0x44, 0x84, 0x88, 0x04, 0x00, 0x00, 0x00, 0x00, 0x07, 0x78, 0x45, 0x08, 0x07, 0x78, 0x45, 0x08
	.byte 0x07, 0x78, 0x45, 0x08, 0x07, 0x87, 0x58, 0x04, 0x47, 0x68, 0x23, 0x08, 0x75, 0x78, 0x45, 0x08
	.byte 0x44, 0x84, 0x88, 0x04, 0x00, 0x00, 0x00, 0x00, 0x00, 0x00, 0x00, 0x00, 0x00, 0x00, 0x00, 0x00
	.byte 0x00, 0x00, 0x00, 0x00, 0x00, 0x00, 0x00, 0x00, 0x00, 0x00, 0x00, 0x00, 0x30, 0x44, 0x34, 0x44
	.byte 0x30, 0x44, 0x34, 0x44, 0x00, 0x00, 0x00, 0x44, 0x00, 0x00, 0x00, 0x00, 0x00, 0x00, 0x00, 0x00
	.byte 0x00, 0x00, 0x00, 0x00, 0x00, 0x00, 0x00, 0x00, 0x00, 0x00, 0x00, 0x00, 0x43, 0x44, 0x44, 0x44
	.byte 0x43, 0x44, 0x44, 0x44, 0x04, 0x00, 0x00, 0x00, 0x44, 0x44, 0x44, 0x44, 0x00, 0x44, 0x04, 0x00
	.byte 0x00, 0x00, 0x44, 0x44, 0x00, 0x00, 0x00, 0x44, 0x00, 0x00, 0x00, 0x00, 0x00, 0x00, 0x00, 0x00
	.byte 0x00, 0x00, 0x00, 0x00, 0x00, 0x00, 0x00, 0x00, 0x80, 0x57, 0x84, 0x70, 0x80, 0x57, 0x84, 0x70
	.byte 0x80, 0x57, 0x84, 0x70, 0x00, 0x88, 0x75, 0x70, 0x80, 0x36, 0x82, 0x74, 0x84, 0x57, 0x84, 0x57
	.byte 0x44, 0x88, 0x08, 0x00, 0x40, 0x44, 0x00, 0x00, 0x70, 0x70, 0x70, 0x70, 0x70, 0x70, 0x70, 0x70
	.byte 0x70, 0x70, 0x70, 0x70, 0x70, 0x70, 0x70, 0x70, 0x70, 0x70, 0x70, 0x70, 0x74, 0x70, 0x70, 0x70
	.byte 0x57, 0x74, 0x70, 0x70, 0x00, 0x57, 0x74, 0x70, 0x70, 0x70, 0x70, 0x70, 0x70, 0x70, 0x70, 0x70
	.byte 0x70, 0x70, 0x70, 0x70, 0x70, 0x70, 0x70, 0x70, 0x70, 0x70, 0x70, 0x70, 0x70, 0x70, 0x70, 0x70
	.byte 0x70, 0x70, 0x70, 0x70, 0x70, 0x70, 0x70, 0x70, 0x44, 0x44, 0x44, 0x00, 0x00, 0x00, 0x40, 0x44
	.byte 0x44, 0x44, 0x44, 0x44, 0x04, 0x00, 0x00, 0x00, 0x44, 0x44, 0x44, 0x44, 0x00, 0x44, 0x04, 0x00
	.byte 0x00, 0x00, 0x44, 0x44, 0x00, 0x00, 0x00, 0x44, 0x00, 0x00, 0x57, 0x74, 0x00, 0x00, 0x00, 0x57
	.byte 0x44, 0x00, 0x00, 0x00, 0x40, 0x44, 0x00, 0x00, 0x44, 0x44, 0x44, 0x00, 0x00, 0x00, 0x40, 0x44
	.byte 0x44, 0x44, 0x44, 0x44, 0x04, 0x00, 0x00, 0x00, 0x70, 0x70, 0x70, 0x70, 0x74, 0x70, 0x70, 0x70
	.byte 0x57, 0x74, 0x70, 0x70, 0x00, 0x57, 0x74, 0x70, 0x00, 0x00, 0x57, 0x74, 0x00, 0x00, 0x00, 0x57
	.byte 0x44, 0x00, 0x00, 0x00, 0x40, 0x44, 0x00, 0x00, 0x44, 0x44, 0x44, 0x00, 0x00, 0x00, 0x40, 0x44
	.byte 0x44, 0x44, 0x44, 0x44, 0x04, 0x00, 0x00, 0x00, 0x44, 0x44, 0x44, 0x44, 0x30, 0x44, 0x34, 0x44
	.byte 0x30, 0x44, 0x34, 0x44, 0x00, 0x00, 0x00, 0x44, 0x00, 0x00, 0x57, 0x74, 0x00, 0x00, 0x00, 0x57
	.byte 0x44, 0x00, 0x00, 0x00, 0x40, 0x44, 0x00, 0x00, 0x44, 0x44, 0x44, 0x00, 0x43, 0x44, 0x44, 0x44
	.byte 0x43, 0x44, 0x44, 0x44, 0x04, 0x00, 0x00, 0x00, 0x00, 0x88, 0x08, 0x00, 0x80, 0x46, 0x84, 0x00
	.byte 0x80, 0x15, 0x82, 0x00, 0x77, 0x57, 0x84, 0x00, 0x87, 0x67, 0x85, 0x00, 0x00, 0x88, 0x08, 0x00
	.byte 0x80, 0x36, 0x52, 0x44, 0x80, 0x57, 0x84, 0x57, 0x00, 0x00, 0x70, 0x45, 0x00, 0x00, 0x70, 0x45
	.byte 0x00, 0x00, 0x70, 0x45, 0x44, 0x00, 0x70, 0x45, 0x57, 0x44, 0x70, 0x45, 0x70, 0x57, 0x44, 0x45
	.byte 0x70, 0x70, 0x57, 0x44, 0x70, 0x70, 0x70, 0x57, 0x33, 0x00, 0x00, 0x00, 0x33, 0x00, 0x00, 0x00
	.byte 0x33, 0x00, 0x00, 0x00, 0x33, 0x00, 0x00, 0x00, 0x33, 0x00, 0x00, 0x00, 0x33, 0x00, 0x00, 0x00
	.byte 0x33, 0x00, 0x00, 0x00, 0x44, 0x00, 0x00, 0x00, 0x80, 0x57, 0x84, 0x70, 0x87, 0x57, 0x84, 0x70
	.byte 0x87, 0x57, 0x84, 0x70, 0x00, 0x88, 0x75, 0x70, 0x80, 0x36, 0x82, 0x74, 0x84, 0x57, 0x84, 0x57
	.byte 0x44, 0x88, 0x48, 0x44, 0x40, 0x44, 0x00, 0x00, 0x70, 0x70, 0x70, 0x70, 0x70, 0x70, 0x70, 0x70
	.byte 0x70, 0x70, 0x70, 0x70, 0x70, 0x70, 0x70, 0x70, 0x70, 0x70, 0x70, 0x70, 0x74, 0x70, 0x70, 0x70
	.byte 0x57, 0x74, 0x74, 0x74, 0x00, 0x57, 0x74, 0x70, 0x70, 0x70, 0x70, 0x75, 0x70, 0x70, 0x70, 0x75
	.byte 0x70, 0x70, 0x70, 0x75, 0x70, 0x70, 0x70, 0x75, 0x70, 0x70, 0x70, 0x75, 0x70, 0x70, 0x70, 0x75
	.byte 0x74, 0x74, 0x74, 0x77, 0x70, 0x70, 0x70, 0x70, 0x57, 0x44, 0x00, 0x00, 0x73, 0x57, 0x44, 0x00
	.byte 0x73, 0x70, 0x57, 0x44, 0x73, 0x70, 0x70, 0x57, 0x73, 0x70, 0x70, 0x70, 0x73, 0x70, 0x70, 0x70
	.byte 0x74, 0x70, 0x70, 0x70, 0x70, 0x70, 0x70, 0x70, 0x00, 0x00, 0x00, 0x40, 0x00, 0x00, 0x00, 0x40
	.byte 0x00, 0x00, 0x00, 0x40, 0x00, 0x00, 0x00, 0x00, 0x00, 0x00, 0x00, 0x00, 0x00, 0x00, 0x00, 0x00
	.byte 0x00, 0x00, 0x00, 0x00, 0x00, 0x00, 0x00, 0x44, 0x44, 0x84, 0x88, 0x00, 0x44, 0x68, 0x44, 0x08
	.byte 0x04, 0x58, 0x21, 0x08, 0x00, 0x77, 0x45, 0x77, 0x00, 0x78, 0x56, 0x78, 0x00, 0x80, 0x88, 0x00
	.byte 0x44, 0x68, 0x23, 0x08, 0x75, 0x78, 0x45, 0x08, 0x80, 0x57, 0x84, 0x70, 0x87, 0x57, 0x84, 0x70
	.byte 0x87, 0x57, 0x84, 0x70, 0x00, 0x88, 0x75, 0x70, 0x80, 0x36, 0x82, 0x74, 0x84, 0x57, 0x84, 0x57
	.byte 0x44, 0x88, 0x08, 0x00, 0x40, 0x44, 0x00, 0x00, 0x00, 0x80, 0x88, 0x00, 0x00, 0x68, 0x44, 0x08
	.byte 0x00, 0x58, 0x21, 0x08, 0x00, 0x77, 0x45, 0x77, 0x00, 0x78, 0x56, 0x78, 0x00, 0x80, 0x88, 0x00
	.byte 0x00, 0x68, 0x23, 0x08, 0x00, 0x78, 0x45, 0x08, 0x00, 0x87, 0x88, 0x00, 0x00, 0x68, 0x23, 0x08
	.byte 0x00, 0x78, 0x45, 0x08, 0x00, 0x78, 0x45, 0x08, 0x00, 0x78, 0x45, 0x48, 0x00, 0x78, 0x45, 0x48
	.byte 0x00, 0x78, 0x45, 0x48, 0x40, 0x78, 0x45, 0x08, 0x00, 0x00, 0x00, 0x00, 0x00, 0x00, 0x00, 0x00
	.byte 0x00, 0x00, 0x00, 0x00, 0x00, 0x00, 0x00, 0x00, 0x00, 0x00, 0x00, 0x00, 0x00, 0x00, 0x00, 0x00
	.byte 0x00, 0x00, 0x00, 0xC0, 0x00, 0x00, 0xC0, 0xDC, 0x00, 0x00, 0x00, 0x00, 0x00, 0x00, 0x00, 0x00
	.byte 0x00, 0x00, 0x00, 0x00, 0x00, 0x00, 0x00, 0x00, 0x00, 0x00, 0x00, 0x00, 0x00, 0x00, 0x00, 0x00
	.byte 0xCC, 0x0C, 0x00, 0x00, 0xFE, 0xCD, 0xCC, 0xCC, 0x00, 0xC0, 0xDC, 0xFE, 0xC0, 0xDC, 0xFE, 0xED
	.byte 0xEC, 0xEF, 0xED, 0xEF, 0xDC, 0xED, 0xEE, 0xEE, 0xDC, 0xDD, 0xED, 0xEE, 0xCB, 0xDD, 0xDD, 0xCD
	.byte 0xBC, 0xCB, 0xDD, 0xCD, 0xFE, 0xBE, 0xCB, 0xCD, 0xED, 0xED, 0xCD, 0xEC, 0xEF, 0xEF, 0xEE, 0xCD
	.byte 0xED, 0xEE, 0xCD, 0xCC, 0xEE, 0xCD, 0xCC, 0xCC, 0xCD, 0xCC, 0xCC, 0xBC, 0xCC, 0xCC, 0xBC, 0xCB
	.byte 0xCC, 0xBC, 0xCB, 0xCC, 0xBC, 0xBB, 0xCC, 0xCC, 0x00, 0x00, 0x00, 0x00, 0x00, 0x00, 0x00, 0x00
	.byte 0x00, 0x00, 0x00, 0x00, 0x00, 0x00, 0x00, 0x00, 0x00, 0x00, 0x00, 0x00, 0x00, 0x00, 0x00, 0x00
	.byte 0x00, 0x00, 0xCC, 0xCC, 0x00, 0xC0, 0xEF, 0xFE, 0x00, 0x00, 0x00, 0x00, 0x00, 0x00, 0x00, 0x00
	.byte 0x00, 0x00, 0x00, 0x00, 0x00, 0x00, 0x00, 0x00, 0x00, 0x00, 0x00, 0x00, 0x00, 0x00, 0x00, 0x00
	.byte 0x00, 0x00, 0x00, 0x00, 0x0C, 0x00, 0x00, 0x00, 0x00, 0x00, 0x00, 0x00, 0x00, 0x00, 0xCC, 0xCC
	.byte 0x00, 0xC0, 0xEF, 0xFF, 0x00, 0xC0, 0xED, 0xDE, 0x00, 0xC0, 0xEE, 0xEF, 0x00, 0xCC, 0xEE, 0xED
	.byte 0x00, 0xCC, 0xEE, 0xEE, 0x00, 0xBC, 0xCC, 0xCC, 0x00, 0xC0, 0xED, 0xDE, 0xCC, 0xCC, 0xEE, 0xEF
	.byte 0xFE, 0xCE, 0xEE, 0xED, 0xFE, 0xCE, 0xEE, 0xEE, 0xDE, 0xBE, 0xCC, 0xCC, 0xEE, 0xBE, 0xCC, 0xCC
	.byte 0xEE, 0xBE, 0xCC, 0xCC, 0xCC, 0xBC, 0xBB, 0xBB, 0xCD, 0x0C, 0x00, 0x00, 0xEF, 0xCD, 0x0C, 0x00
	.byte 0xFE, 0xEE, 0xCD, 0x00, 0xEE, 0xCD, 0xCC, 0x00, 0xCD, 0xCC, 0xCC, 0x00, 0xCC, 0xCC, 0xBC, 0x00
	.byte 0xCC, 0xBC, 0xCB, 0x00, 0xBC, 0xCB, 0x0C, 0x00, 0x00, 0xBC, 0xCC, 0xCC, 0x00, 0xBC, 0xCC, 0xCC
	.byte 0x00, 0xBC, 0xBB, 0xBB, 0x00, 0xCC, 0xCC, 0xCC, 0x00, 0x00, 0x00, 0x00, 0x00, 0x00, 0x00, 0x00
	.byte 0x00, 0x00, 0x00, 0x00, 0x00, 0x00, 0x00, 0x00, 0xCC, 0xCC, 0xCC, 0xBC, 0xCC, 0xCC, 0xCC, 0xBD
	.byte 0xBB, 0xBB, 0xBB, 0xBB, 0xCC, 0xCC, 0xCC, 0xCC, 0x00, 0xC0, 0xCC, 0xCC, 0x00, 0x00, 0x00, 0x00
	.byte 0x00, 0x00, 0x00, 0x00, 0x00, 0x00, 0x00, 0x00, 0x00, 0x00, 0x00, 0x00, 0x00, 0x00, 0x00, 0x00
	.byte 0x00, 0x00, 0x00, 0x00, 0x00, 0x00, 0x00, 0x00, 0x00, 0x00, 0x00, 0x00, 0x00, 0x00, 0x00, 0x00
	.byte 0xCC, 0xCC, 0xCC, 0x0C, 0xFE, 0xFE, 0xFE, 0xCE, 0xFE, 0xDE, 0xEE, 0xCE, 0xDE, 0xEE, 0xFE, 0xCE
	.byte 0xEE, 0xFE, 0xDE, 0xCE, 0xEE, 0xEE, 0xEE, 0xCE, 0xCC, 0xCC, 0xCC, 0xCD, 0xCC, 0xCC, 0xCC, 0xCD
	.byte 0xCC, 0xCC, 0xCC, 0xCD, 0xBB, 0xBB, 0xBB, 0xBB, 0x00, 0x00, 0x00, 0x00, 0xCC, 0xCC, 0xCC, 0x0C
	.byte 0xFE, 0xFE, 0xFE, 0xCE, 0xFE, 0xDE, 0xEE, 0xCE, 0xDE, 0xEE, 0xFE, 0xCE, 0xEE, 0xFE, 0xDE, 0xCE
	.byte 0xEE, 0xEE, 0xEE, 0xCE, 0xCC, 0xCC, 0xCC, 0xCD, 0xBB, 0xBB, 0xCC, 0xCC, 0xBB, 0xBB, 0xCC, 0xCC
	.byte 0xCC, 0xBC, 0xBB, 0xBB, 0xCC, 0xCC, 0xCC, 0xCC, 0xCC, 0xCC, 0xCC, 0x0C, 0x00, 0x00, 0x00, 0x00
	.byte 0x00, 0x00, 0x00, 0x00, 0x00, 0x00, 0x00, 0x00, 0xCC, 0xCC, 0xCC, 0xCD, 0xCC, 0xCC, 0xCC, 0xCD
	.byte 0xBB, 0xBB, 0xBB, 0xBB, 0xCC, 0xCC, 0xCC, 0x0C, 0x00, 0x00, 0x00, 0x00, 0x00, 0x00, 0x00, 0x00
	.byte 0x00, 0x00, 0x00, 0x00, 0x00, 0x00, 0x00, 0x00, 0x00, 0x00, 0x00, 0x00, 0x00, 0x00, 0x00, 0x00
	.byte 0x00, 0x00, 0x00, 0x00, 0x00, 0x00, 0x00, 0x00, 0x00, 0x00, 0x00, 0x00, 0x00, 0x00, 0xCC, 0xCC
	.byte 0x00, 0xC0, 0xEF, 0xFF, 0x00, 0xC0, 0xED, 0xDE, 0x00, 0x00, 0x00, 0x00, 0x00, 0x00, 0x00, 0x00
	.byte 0x00, 0x00, 0xCC, 0xCC, 0x00, 0xC0, 0xEF, 0xFE, 0x00, 0xC0, 0xED, 0xDE, 0xCC, 0xCC, 0xEE, 0xEF
	.byte 0xFE, 0xCE, 0xEE, 0xED, 0xFE, 0xCE, 0xEE, 0xEE, 0x00, 0xC0, 0xEE, 0xEF, 0x00, 0xCC, 0xEE, 0xED
	.byte 0x00, 0xCC, 0xEE, 0xEE, 0x00, 0xBC, 0xCC, 0xCC, 0x00, 0xBC, 0xCC, 0xCC, 0x00, 0xBC, 0xCC, 0xCC
	.byte 0x00, 0xBC, 0xBB, 0xBB, 0x00, 0xCC, 0xCC, 0xCC, 0xDE, 0xBE, 0xCC, 0xCC, 0xEE, 0xBE, 0xCC, 0xCC
	.byte 0xEE, 0xBE, 0xCC, 0xCC, 0xCC, 0xBC, 0xBB, 0xBB, 0xCC, 0xCC, 0xCC, 0xBC, 0xCC, 0xCC, 0xCC, 0xBD
	.byte 0xBB, 0xBB, 0xBB, 0xBB, 0xCC, 0xCC, 0xCC, 0xCC, 0x00, 0xC0, 0xCC, 0xCC, 0x00, 0x00, 0x00, 0x00
	.byte 0x00, 0x00, 0x00, 0x00, 0x00, 0x00, 0x00, 0x00, 0x00, 0x00, 0x00, 0x00, 0x00, 0x00, 0x00, 0x00
	.byte 0x00, 0x00, 0x00, 0x00, 0x00, 0x00, 0x00, 0x00, 0x00, 0x00, 0x00, 0x00, 0x00, 0x00, 0x00, 0x00
	.byte 0xCC, 0xCC, 0xCC, 0x0C, 0xFE, 0xFE, 0xFE, 0xCE, 0xFE, 0xDE, 0xEE, 0xCE, 0xDE, 0xEE, 0xFE, 0xCE
	.byte 0xEE, 0xFE, 0xDE, 0xCE, 0xEE, 0xEE, 0xEE, 0xCE, 0x00, 0x00, 0x00, 0x00, 0x00, 0x00, 0x00, 0x00
	.byte 0x00, 0x00, 0x00, 0x00, 0x00, 0x00, 0x00, 0x00, 0x00, 0x00, 0x00, 0x00, 0xCC, 0xCC, 0xCC, 0x0C
	.byte 0xFE, 0xFE, 0xFE, 0xCE, 0xFE, 0xDE, 0xEE, 0xCE, 0xCC, 0xCC, 0xCC, 0xCD, 0xCC, 0xCC, 0xCC, 0xCD
	.byte 0xCC, 0xCC, 0xCC, 0xCD, 0xBB, 0xBB, 0xBB, 0xBB, 0xBB, 0xBB, 0xCC, 0xCC, 0xBB, 0xBB, 0xCC, 0xCC
	.byte 0xCC, 0xBC, 0xBB, 0xBB, 0xCC, 0xCC, 0xCC, 0xCC, 0xDE, 0xEE, 0xFE, 0xCE, 0xEE, 0xFE, 0xDE, 0xCE
	.byte 0xEE, 0xEE, 0xEE, 0xCE, 0xCC, 0xCC, 0xCC, 0xCD, 0xCC, 0xCC, 0xCC, 0xCD, 0xCC, 0xCC, 0xCC, 0xCD
	.byte 0xBB, 0xBB, 0xBB, 0xBB, 0xCC, 0xCC, 0xCC, 0x0C, 0xCC, 0xCC, 0xCC, 0x0C, 0x00, 0x00, 0x00, 0x00
	.byte 0x00, 0x00, 0x00, 0x00, 0x00, 0x00, 0x00, 0x00, 0x00, 0x00, 0x00, 0x00, 0x00, 0x00, 0x00, 0x00
	.byte 0x00, 0x00, 0x00, 0x00, 0x00, 0x00, 0x00, 0x00, 0x00, 0x00, 0x00, 0x00, 0x00, 0x00, 0x00, 0x00
	.byte 0x00, 0x00, 0x00, 0x00, 0x00, 0x00, 0x00, 0xC0, 0x00, 0x00, 0xC0, 0xDC, 0x00, 0xC0, 0xDC, 0xFE
	.byte 0x00, 0xDC, 0xEE, 0xEF, 0x00, 0xCC, 0xDC, 0xEE, 0x00, 0x00, 0x00, 0x00, 0x00, 0x00, 0x00, 0x00
	.byte 0x00, 0x00, 0xC0, 0xCC, 0xCC, 0xCC, 0xDC, 0xEF, 0xCE, 0xDC, 0xDE, 0xDE, 0xDC, 0xEE, 0xFE, 0xFE
	.byte 0xCC, 0xDC, 0xEE, 0xDE, 0xCC, 0xCC, 0xDC, 0xEE, 0x00, 0x00, 0x00, 0x00, 0x00, 0x00, 0x00, 0x00
	.byte 0x0C, 0x00, 0x00, 0x00, 0xCD, 0x0C, 0x00, 0x00, 0xEF, 0xCD, 0x0C, 0x00, 0xDE, 0xEF, 0xCD, 0x0C
	.byte 0xFE, 0xDE, 0xFE, 0xCE, 0xEE, 0xEE, 0xDE, 0xCD, 0x00, 0xCC, 0xCC, 0xDC, 0x00, 0xCB, 0xCC, 0xCC
	.byte 0x00, 0xBC, 0xCB, 0xCC, 0x00, 0xC0, 0xBC, 0xCB, 0x00, 0x00, 0xC0, 0xBC, 0x00, 0x00, 0x00, 0xC0
	.byte 0x00, 0x00, 0x00, 0xC0, 0x00, 0x00, 0x00, 0x00, 0xCB, 0xCC, 0xCC, 0xDC, 0xBC, 0xCB, 0xCC, 0xCC
	.byte 0xCC, 0xBC, 0xCB, 0xCC, 0xCC, 0xCC, 0xBB, 0xCB, 0xCB, 0xDC, 0xBC, 0xBB, 0xBC, 0xBB, 0xBB, 0xCC
	.byte 0xCC, 0xBC, 0xBB, 0xCC, 0xC0, 0xCC, 0xBC, 0xCB, 0xEE, 0xDE, 0xDD, 0xCD, 0xDC, 0xDD, 0xDD, 0xBC
	.byte 0xDC, 0xDD, 0xBC, 0xCB, 0xDC, 0xBC, 0xEB, 0xEF, 0xBB, 0xEB, 0xEF, 0xDE, 0xDC, 0xEE, 0xFE, 0xFE
	.byte 0xCC, 0xDC, 0xDE, 0xDE, 0xCC, 0xCC, 0xDC, 0xEE, 0x00, 0x00, 0x00, 0x00, 0x00, 0x00, 0x00, 0x00
	.byte 0x0C, 0x00, 0x00, 0x00, 0xCD, 0x0C, 0x00, 0x00, 0xEF, 0xCD, 0x0C, 0x00, 0xDE, 0xEF, 0xCD, 0x00
	.byte 0xEE, 0xDE, 0xCD, 0x00, 0xDE, 0xDD, 0xCD, 0x00, 0x44, 0x44, 0x44, 0x00, 0x00, 0x00, 0x40, 0x44
	.byte 0x44, 0x44, 0x44, 0x44, 0x04, 0x00, 0x00, 0x00, 0x44, 0x44, 0x44, 0x44, 0x30, 0x44, 0x34, 0x44
	.byte 0x30, 0x44, 0x34, 0x44, 0x00, 0x00, 0x00, 0x00, 0x00, 0x00, 0x57, 0x74, 0x00, 0x00, 0x00, 0x57
	.byte 0x44, 0x00, 0x00, 0x00, 0x40, 0x44, 0x00, 0x00, 0x44, 0x44, 0x44, 0x00, 0x43, 0x44, 0x44, 0x44
	.byte 0x43, 0x44, 0x44, 0x44, 0x00, 0x00, 0x00, 0x00, 0x00, 0x88, 0x08, 0x00, 0x80, 0x46, 0x84, 0x00
	.byte 0x80, 0x15, 0x82, 0x00, 0x77, 0x57, 0x84, 0x00, 0x87, 0x67, 0x85, 0x00, 0x00, 0x88, 0x08, 0x00
	.byte 0x80, 0x36, 0x52, 0x00, 0x80, 0x57, 0x84, 0x00, 0x00, 0x88, 0x08, 0x00, 0x80, 0x36, 0x82, 0x00
	.byte 0x80, 0x57, 0x84, 0x00, 0x80, 0x57, 0x84, 0x00, 0x80, 0x57, 0x84, 0x00, 0x80, 0x57, 0x84, 0x00
	.byte 0x80, 0x57, 0x84, 0x00, 0x80, 0x57, 0x84, 0x00, 0x80, 0x57, 0x84, 0x00, 0x87, 0x57, 0x84, 0x00
	.byte 0x87, 0x57, 0x84, 0x00, 0x00, 0x88, 0x05, 0x00, 0x80, 0x36, 0x82, 0x00, 0x84, 0x57, 0x84, 0x00
	.byte 0x44, 0x88, 0x08, 0x00, 0x00, 0x00, 0x00, 0x00, 0x00, 0x66, 0x66, 0x00, 0x60, 0x11, 0x31, 0x66
	.byte 0x60, 0x23, 0x83, 0x98, 0x60, 0x33, 0x99, 0x17, 0x60, 0x34, 0x99, 0x23, 0x00, 0x66, 0x9A, 0x33
	.byte 0x00, 0x60, 0x66, 0x34, 0x00, 0x60, 0x45, 0x66, 0x00, 0x60, 0x45, 0x06, 0x00, 0x60, 0x45, 0x06
	.byte 0x00, 0x60, 0x45, 0x06, 0x00, 0x60, 0x45, 0x06, 0x00, 0x60, 0x45, 0x06, 0x00, 0x60, 0x45, 0x06
	.byte 0x00, 0x60, 0x45, 0x06, 0x00, 0x60, 0x45, 0x06, 0x00, 0x00, 0x00, 0x00, 0x00, 0x00, 0x00, 0x00
	.byte 0x66, 0x00, 0x00, 0x00, 0x31, 0x66, 0x00, 0x00, 0x83, 0x98, 0x66, 0x00, 0x99, 0x17, 0x31, 0x66
	.byte 0x99, 0x23, 0x83, 0x98, 0x9A, 0x33, 0x99, 0x17, 0x00, 0x00, 0x00, 0x00, 0x00, 0x00, 0x00, 0x00
	.byte 0x00, 0x00, 0x00, 0x00, 0x00, 0x00, 0x00, 0x00, 0x00, 0x00, 0x00, 0x00, 0x00, 0x00, 0x00, 0x00
	.byte 0x66, 0x00, 0x00, 0x00, 0x31, 0x66, 0x00, 0x00, 0x66, 0x34, 0x99, 0x23, 0x00, 0x66, 0x9A, 0x33
	.byte 0x00, 0x00, 0x66, 0x34, 0x00, 0x00, 0x00, 0x66, 0x00, 0x00, 0x00, 0x00, 0x00, 0x00, 0x00, 0x00
	.byte 0x00, 0x00, 0x00, 0x00, 0x00, 0x00, 0x00, 0x00, 0x83, 0x98, 0x66, 0x00, 0x99, 0x17, 0x31, 0x66
	.byte 0x99, 0x23, 0x83, 0x98, 0x9A, 0x33, 0x99, 0x17, 0x66, 0x34, 0x99, 0x23, 0x00, 0x66, 0x9A, 0x33
	.byte 0x00, 0x00, 0x66, 0x34, 0x00, 0x00, 0x00, 0x66, 0x00, 0x00, 0x00, 0x00, 0x00, 0x00, 0x00, 0x00
	.byte 0x66, 0x00, 0x00, 0x00, 0x31, 0x66, 0x00, 0x00, 0x83, 0x98, 0x66, 0x00, 0x99, 0x17, 0x31, 0x06
	.byte 0x99, 0x23, 0x22, 0x06, 0x9A, 0x33, 0x22, 0x06, 0x00, 0x00, 0x00, 0x00, 0x00, 0x00, 0x00, 0x00
	.byte 0x00, 0x00, 0x00, 0x00, 0x00, 0x00, 0x00, 0x00, 0x00, 0x00, 0x00, 0x40, 0x00, 0x40, 0x44, 0x44
	.byte 0x00, 0x40, 0x44, 0x44, 0x00, 0x00, 0x00, 0x00, 0x00, 0x00, 0x00, 0x40, 0x00, 0x00, 0x40, 0x44
	.byte 0x00, 0x40, 0x44, 0x44, 0x40, 0x44, 0x00, 0x00, 0x44, 0x44, 0x44, 0x44, 0x44, 0x44, 0x44, 0x44
	.byte 0x44, 0x44, 0x44, 0x44, 0x00, 0x00, 0x00, 0x00, 0x44, 0x78, 0x45, 0x48, 0x04, 0x78, 0x45, 0x78
	.byte 0x44, 0x78, 0x45, 0x78, 0x00, 0x87, 0x58, 0x04, 0x44, 0x68, 0x23, 0x08, 0x44, 0x78, 0x45, 0x08
	.byte 0x44, 0x84, 0x88, 0x04, 0x00, 0x00, 0x00, 0x00, 0x00, 0xC0, 0xDC, 0xFE, 0x00, 0xDC, 0xFE, 0xED
	.byte 0x00, 0xDC, 0xED, 0xEE, 0x00, 0xDC, 0xDD, 0xED, 0x00, 0xCB, 0xDD, 0xDD, 0x00, 0xB0, 0xCB, 0xDD
	.byte 0x00, 0x00, 0xB0, 0xCB, 0x00, 0x00, 0x00, 0xB0, 0xED, 0xFE, 0xBE, 0xBB, 0xEF, 0xEF, 0xEE, 0xCD
	.byte 0xED, 0xED, 0xCD, 0xCC, 0xEE, 0xCD, 0xCC, 0xCC, 0xCD, 0xCC, 0xCC, 0xBC, 0xCD, 0xCC, 0xBC, 0xCB
	.byte 0xCD, 0xBC, 0xCB, 0x0C, 0xBB, 0xCB, 0x0C, 0x00, 0xBB, 0xCB, 0xCD, 0xBC, 0xCC, 0xBB, 0xBB, 0xCB
	.byte 0xCC, 0xBB, 0xCB, 0xCC, 0xBC, 0xCB, 0xCC, 0x0C, 0xCB, 0xCC, 0x0C, 0x00, 0x0C, 0x00, 0x00, 0x00
	.byte 0x00, 0x00, 0x00, 0x00, 0x00, 0x00, 0x00, 0x00, 0xCB, 0x0C, 0x00, 0x00, 0x0C, 0x00, 0x00, 0x00
	.byte 0x0C, 0x00, 0x00, 0x00, 0x00, 0x00, 0x00, 0x00, 0x00, 0x00, 0x00, 0x00, 0x00, 0x00, 0x00, 0x00
	.byte 0x00, 0x00, 0x00, 0x00, 0x00, 0x00, 0x00, 0x00, 0x00, 0xC0, 0xCC, 0xBC, 0x00, 0x00, 0x00, 0xC0
	.byte 0x00, 0x00, 0x00, 0x00, 0x00, 0x00, 0x00, 0x00, 0x00, 0x00, 0x00, 0x00, 0x00, 0x00, 0x00, 0x00
	.byte 0x00, 0x00, 0x00, 0x00, 0x00, 0x00, 0x00, 0x00, 0xCB, 0xCC, 0xCC, 0xDC, 0xBC, 0xCB, 0xCC, 0xDC
	.byte 0xC0, 0xBC, 0xCB, 0xDC, 0x00, 0xC0, 0xBC, 0xBB, 0x00, 0x00, 0x00, 0x00, 0x00, 0x00, 0x00, 0x00
	.byte 0x00, 0x00, 0x00, 0x00, 0x00, 0x00, 0x00, 0x00, 0xDD, 0xDD, 0xBC, 0x00, 0xDD, 0xBC, 0x0B, 0x00
	.byte 0xBC, 0x0B, 0x00, 0x00, 0x0B, 0x00, 0x00, 0x00, 0x00, 0x00, 0x00, 0x00, 0x00, 0x00, 0x00, 0x00
	.byte 0x00, 0x00, 0x00, 0x00, 0x00, 0x00, 0x00, 0x00, 0x00, 0x00, 0x00, 0x00, 0x00, 0x40, 0x44, 0x44
	.byte 0x00, 0x00, 0x40, 0x44, 0x00, 0x00, 0x00, 0x40, 0x00, 0x00, 0x00, 0x00, 0x00, 0x00, 0x00, 0x00
	.byte 0x00, 0x00, 0x00, 0x00, 0x00, 0x00, 0x00, 0x00, 0x00, 0x00, 0x00, 0x00, 0x04, 0x00, 0x00, 0x00
	.byte 0x44, 0x44, 0x44, 0x44, 0x44, 0x44, 0x44, 0x44, 0x40, 0x44, 0x44, 0x00, 0x00, 0x40, 0x44, 0x44
	.byte 0x00, 0x00, 0x40, 0x44, 0x00, 0x00, 0x00, 0x40, 0x00, 0x60, 0x45, 0x06, 0x60, 0x66, 0x45, 0x06
	.byte 0x64, 0x66, 0x45, 0x06, 0x44, 0x64, 0x66, 0x66, 0x00, 0x00, 0x64, 0x66, 0x00, 0x00, 0x00, 0x00
	.byte 0x44, 0x00, 0x00, 0x00, 0x44, 0x44, 0x00, 0x00, 0x40, 0x44, 0x44, 0x00, 0x00, 0x40, 0x44, 0x44
	.byte 0x00, 0x00, 0x40, 0x44, 0x00, 0x00, 0x00, 0x40, 0x00, 0x00, 0x00, 0x00, 0x00, 0x00, 0x00, 0x00
	.byte 0x00, 0x00, 0x00, 0x00, 0x00, 0x00, 0x00, 0x00, 0x66, 0x34, 0x32, 0x06, 0x56, 0x66, 0x66, 0x00
	.byte 0x56, 0x64, 0x00, 0x00, 0x56, 0x64, 0x00, 0x00, 0x56, 0x64, 0x00, 0x00, 0x56, 0x64, 0x00, 0x00
	.byte 0x56, 0x64, 0x00, 0x00, 0x56, 0x64, 0x00, 0x00, 0x00, 0x00, 0x00, 0x00, 0x00, 0x00, 0x00, 0x00
	.byte 0x44, 0x00, 0x00, 0x00, 0x44, 0x44, 0x00, 0x00, 0x40, 0x44, 0x44, 0x44, 0x00, 0x40, 0x44, 0x44
	.byte 0x00, 0x00, 0x40, 0x44, 0x00, 0x00, 0x00, 0x00, 0x00, 0x00, 0x00, 0x00, 0x00, 0x00, 0x00, 0x00
	.byte 0x00, 0x00, 0x00, 0x00, 0x00, 0x00, 0x00, 0x66, 0x44, 0x44, 0x44, 0x66, 0x44, 0x44, 0x44, 0x44
	.byte 0x44, 0x00, 0x00, 0x00, 0x00, 0x00, 0x00, 0x00, 0x56, 0x64, 0x00, 0x00, 0x56, 0x64, 0x00, 0x00
	.byte 0x56, 0x64, 0x00, 0x00, 0x56, 0x64, 0x00, 0x00, 0x56, 0x64, 0x00, 0x00, 0x66, 0x66, 0x06, 0x00
	.byte 0x40, 0x66, 0x06, 0x00, 0x00, 0x00, 0x00, 0x00, 0x00, 0x00, 0x00, 0x00, 0x00, 0x00, 0x00, 0x00
	.byte 0x00, 0x00, 0x00, 0x00, 0x00, 0x00, 0x00, 0x00, 0x00, 0x00, 0x00, 0x00, 0x00, 0x00, 0x00, 0x00
	.byte 0x00, 0x00, 0x00, 0x00, 0x00, 0x00, 0x00, 0x89, 0x00, 0x00, 0x00, 0x00, 0x00, 0x00, 0x00, 0x00
	.byte 0x00, 0x00, 0x00, 0x00, 0x00, 0x00, 0x00, 0x00, 0x00, 0x00, 0x00, 0x00, 0x00, 0x00, 0x00, 0x00
	.byte 0x00, 0x00, 0x89, 0x88, 0x88, 0x79, 0x56, 0x44, 0x00, 0x00, 0x00, 0x00, 0x00, 0x00, 0x00, 0x00
	.byte 0x00, 0x00, 0x00, 0x00, 0x00, 0x00, 0x00, 0x00, 0x00, 0x00, 0x00, 0x00, 0x00, 0x00, 0x00, 0x00
	.byte 0x09, 0x00, 0x00, 0x00, 0x76, 0x09, 0x00, 0x00, 0x05, 0x00, 0x05, 0x05, 0x50, 0x50, 0x50, 0x55
	.byte 0x05, 0x05, 0x05, 0x55, 0x50, 0x50, 0x50, 0x30, 0x05, 0x05, 0x05, 0x40, 0x50, 0x00, 0x00, 0x05
	.byte 0x00, 0x50, 0x00, 0x00, 0x50, 0x00, 0x00, 0x00, 0x00, 0x00, 0x44, 0x22, 0x55, 0x34, 0x22, 0x33
	.byte 0x34, 0x22, 0x43, 0x44, 0x22, 0x43, 0x24, 0x54, 0x44, 0x24, 0x31, 0x57, 0x13, 0x11, 0x03, 0x57
	.byte 0x30, 0x33, 0x00, 0x57, 0x00, 0x00, 0x00, 0x57, 0x00, 0x00, 0x22, 0x32, 0x52, 0x55, 0x22, 0x22
	.byte 0x53, 0x55, 0x33, 0x22, 0x53, 0x55, 0x55, 0x33, 0x03, 0x00, 0x55, 0x55, 0x03, 0x00, 0x00, 0x55
	.byte 0x03, 0x00, 0x00, 0x00, 0x03, 0x00, 0x00, 0x00, 0x00, 0x00, 0x89, 0x56, 0x00, 0x90, 0x66, 0x65
	.byte 0x00, 0x79, 0x67, 0x56, 0xA0, 0x6B, 0x77, 0x67, 0xAA, 0x9B, 0x68, 0x77, 0xA0, 0xBA, 0x9B, 0x68
	.byte 0x00, 0xA0, 0xBA, 0x9B, 0x00, 0x00, 0xA0, 0xBA, 0x94, 0x66, 0x65, 0x55, 0x79, 0x67, 0x56, 0x56
	.byte 0x6A, 0x77, 0x67, 0x65, 0x9A, 0x68, 0x77, 0x67, 0xA8, 0x9A, 0x68, 0x77, 0x77, 0xA9, 0x9A, 0x68
	.byte 0x68, 0x98, 0xA9, 0x9A, 0x9B, 0x88, 0x99, 0xAB, 0x44, 0x76, 0x09, 0x00, 0x55, 0x44, 0x96, 0x00
	.byte 0x65, 0x55, 0x63, 0x09, 0x56, 0x56, 0x45, 0x96, 0x67, 0x76, 0x67, 0x95, 0x77, 0x77, 0x66, 0xA8
	.byte 0x68, 0x66, 0xA8, 0x9A, 0x9A, 0xA9, 0x8A, 0x44, 0x00, 0x00, 0x00, 0x00, 0x00, 0x00, 0x00, 0x00
	.byte 0x00, 0x00, 0x00, 0x00, 0x00, 0x00, 0x00, 0x00, 0x00, 0x00, 0x00, 0x00, 0x00, 0x00, 0x00, 0x00
	.byte 0x09, 0x00, 0x00, 0x00, 0x86, 0x09, 0x00, 0x00, 0x00, 0x00, 0x00, 0xA0, 0x00, 0x00, 0x00, 0x00
	.byte 0x00, 0x00, 0x00, 0x00, 0x00, 0x00, 0x00, 0x00, 0x00, 0x00, 0x00, 0x00, 0x00, 0x00, 0x00, 0x00
	.byte 0x00, 0x00, 0x00, 0x00, 0x00, 0x00, 0x00, 0x00, 0xBA, 0x9B, 0xB9, 0x9A, 0xAA, 0xBA, 0xBB, 0x99
	.byte 0xA0, 0xAA, 0xBA, 0x9B, 0x00, 0xA0, 0xAA, 0xBA, 0x00, 0x00, 0x00, 0xAA, 0x00, 0x00, 0x00, 0x00
	.byte 0x00, 0x00, 0x00, 0x00, 0x00, 0x00, 0x00, 0x00, 0xA9, 0x8A, 0x56, 0x55, 0x88, 0x67, 0x65, 0x65
	.byte 0x68, 0x77, 0x67, 0x56, 0x9B, 0x68, 0x77, 0x67, 0xBA, 0x9B, 0x68, 0x77, 0xA0, 0xBA, 0x9B, 0x68
	.byte 0x00, 0xA0, 0xBA, 0x9B, 0x00, 0x00, 0xA0, 0xBA, 0x44, 0x96, 0x00, 0x00, 0x55, 0x63, 0x09, 0x00
	.byte 0x56, 0x45, 0x96, 0x00, 0x76, 0x67, 0x95, 0x00, 0x77, 0x66, 0xA8, 0x00, 0x66, 0xA8, 0xAA, 0x00
	.byte 0xA9, 0xAA, 0x00, 0x00, 0xAB, 0x00, 0x00, 0x00, 0x80, 0x57, 0x84, 0x70, 0x80, 0x57, 0x84, 0x70
	.byte 0x80, 0x57, 0x84, 0x70, 0x00, 0x88, 0x75, 0x70, 0x80, 0x36, 0x82, 0x74, 0x84, 0x57, 0x84, 0x57
	.byte 0x44, 0x88, 0x48, 0x44, 0x40, 0x44, 0x00, 0x00, 0x55, 0x55, 0x35, 0x43, 0x5C, 0x55, 0x54, 0x54
	.byte 0xDF, 0x5C, 0x55, 0x55, 0xFD, 0xDF, 0x5C, 0x55, 0xCC, 0xFD, 0xDF, 0x5C, 0x66, 0xCC, 0xFD, 0xDF
	.byte 0x66, 0x66, 0xCC, 0xED, 0x00, 0x66, 0x66, 0xCC, 0x00, 0x00, 0x66, 0x66, 0x00, 0x00, 0x00, 0x00
	.byte 0x00, 0x00, 0x00, 0x00, 0x00, 0x00, 0x00, 0x00, 0x00, 0x00, 0x00, 0x00, 0x00, 0x00, 0x00, 0x00
	.byte 0x00, 0x00, 0x00, 0x00, 0x00, 0x00, 0x00, 0x00, 0xD6, 0x0D, 0x00, 0x00, 0x00, 0x00, 0x00, 0x00
	.byte 0x00, 0x00, 0x00, 0x00, 0x00, 0x00, 0x00, 0x00, 0x00, 0x00, 0x00, 0x00, 0x00, 0x00, 0x00, 0x00
	.byte 0x00, 0x00, 0x00, 0x00, 0x00, 0x00, 0x00, 0x00, 0x00, 0x66, 0x66, 0x00, 0x66, 0x13, 0x11, 0x06
	.byte 0x89, 0x38, 0x32, 0x06, 0x71, 0x99, 0x33, 0x06, 0x32, 0x99, 0x43, 0x06, 0x33, 0xA9, 0x66, 0x00
	.byte 0x43, 0x66, 0x06, 0x00, 0x66, 0x45, 0x06, 0x00, 0x60, 0x23, 0x43, 0x66, 0x00, 0x66, 0x66, 0x64
	.byte 0x00, 0x00, 0x56, 0x64, 0x00, 0x00, 0x56, 0x64, 0x00, 0x00, 0x56, 0x64, 0x00, 0x00, 0x56, 0x64
	.byte 0x00, 0x00, 0x56, 0x64, 0x00, 0x00, 0x56, 0x64, 0x60, 0x45, 0x06, 0x00, 0x60, 0x45, 0x06, 0x00
	.byte 0x60, 0x45, 0x06, 0x00, 0x60, 0x45, 0x06, 0x00, 0x60, 0x45, 0x06, 0x00, 0x60, 0x45, 0x06, 0x00
	.byte 0x60, 0x45, 0x06, 0x00, 0x60, 0x45, 0x06, 0x00, 0x00, 0x00, 0x00, 0x00, 0x00, 0x00, 0x00, 0x00
	.byte 0x00, 0x00, 0x00, 0x44, 0x00, 0x00, 0x44, 0x44, 0x00, 0x44, 0x44, 0x04, 0x44, 0x44, 0x04, 0x00
	.byte 0x44, 0x04, 0x00, 0x00, 0x04, 0x00, 0x00, 0x00, 0x00, 0x00, 0x00, 0x00, 0x44, 0x44, 0x00, 0x00
	.byte 0x44, 0x44, 0x44, 0x44, 0x44, 0x44, 0x44, 0x44, 0x00, 0x00, 0x00, 0x40, 0x00, 0x00, 0x00, 0x00
	.byte 0x00, 0x00, 0x00, 0x00, 0x00, 0x00, 0x00, 0x00, 0x60, 0x45, 0x06, 0x00, 0x60, 0x45, 0x66, 0x06
	.byte 0x64, 0x45, 0x66, 0x06, 0x66, 0x66, 0x46, 0x00, 0x66, 0x46, 0x00, 0x00, 0x00, 0x00, 0x00, 0x00
	.byte 0x00, 0x00, 0x00, 0x00, 0x00, 0x00, 0x00, 0x00, 0x60, 0x45, 0x06, 0x00, 0x60, 0x45, 0x06, 0x00
	.byte 0x60, 0x45, 0x06, 0x44, 0x60, 0x45, 0x46, 0x44, 0x60, 0x45, 0x46, 0x44, 0x64, 0x45, 0x46, 0x44
	.byte 0x64, 0x45, 0x46, 0x00, 0x60, 0x45, 0x06, 0x00, 0x00, 0x44, 0x56, 0x64, 0x44, 0x44, 0x56, 0x64
	.byte 0x44, 0x04, 0x56, 0x64, 0x04, 0x00, 0x56, 0x64, 0x44, 0x44, 0x56, 0x64, 0x44, 0x64, 0x66, 0x66
	.byte 0x00, 0x64, 0x66, 0x04, 0x00, 0x00, 0x00, 0x00, 0x00, 0x00, 0x00, 0x00, 0x00, 0x00, 0x00, 0x00
	.byte 0x00, 0x00, 0x00, 0x00, 0x66, 0x00, 0x00, 0x00, 0x66, 0x00, 0x00, 0x00, 0x04, 0x00, 0x00, 0x00
	.byte 0x00, 0x00, 0x00, 0x00, 0x00, 0x00, 0x00, 0x00, 0x00, 0x00, 0x00, 0x00, 0x00, 0x00, 0x00, 0x00
	.byte 0x00, 0x00, 0x00, 0x44, 0x00, 0x00, 0x44, 0x44, 0x00, 0x44, 0x44, 0x44, 0x44, 0x44, 0x44, 0x44
	.byte 0x44, 0x44, 0x04, 0x00, 0x00, 0x00, 0x00, 0x00, 0x00, 0x00, 0x00, 0x00, 0x00, 0x00, 0x00, 0x00
	.byte 0x00, 0x00, 0x00, 0x00, 0x00, 0x00, 0x00, 0x00, 0x00, 0x00, 0x00, 0x00, 0x00, 0x00, 0x00, 0xCC
	.byte 0x00, 0x00, 0xC0, 0xEF, 0x00, 0x00, 0xC0, 0xED, 0x00, 0x00, 0x00, 0x00, 0x00, 0x00, 0x00, 0x00
	.byte 0x00, 0x00, 0x00, 0xCC, 0x00, 0x00, 0xC0, 0xEF, 0x00, 0x00, 0xC0, 0xED, 0xCC, 0xCC, 0xCC, 0xEE
	.byte 0xFF, 0xFE, 0xCE, 0xEE, 0xDE, 0xFE, 0xCE, 0xEE, 0x00, 0x00, 0xC0, 0xEE, 0x00, 0x00, 0xCC, 0xEE
	.byte 0x00, 0x00, 0xCC, 0xEE, 0x00, 0x00, 0xBC, 0xCC, 0x00, 0x00, 0xBC, 0xCC, 0x00, 0x00, 0xBC, 0xCC
	.byte 0x00, 0x00, 0xBC, 0xBB, 0x00, 0x00, 0xCC, 0xCC, 0xEF, 0xDE, 0xBE, 0xCC, 0xED, 0xEE, 0xBE, 0xCC
	.byte 0xEE, 0xEE, 0xBE, 0xCC, 0xCC, 0xCC, 0xBC, 0xBB, 0xCC, 0xCC, 0xCC, 0xCC, 0xCC, 0xCC, 0xCC, 0xCC
	.byte 0xBB, 0xBB, 0xBB, 0xBB, 0xCC, 0xCC, 0xCC, 0xCC, 0x00, 0x00, 0x00, 0x00, 0x00, 0x00, 0x00, 0x00
	.byte 0xCC, 0xCC, 0xCC, 0xCC, 0xFE, 0xFE, 0xFE, 0xFE, 0xDE, 0xFE, 0xDE, 0xEE, 0xEF, 0xDE, 0xEE, 0xFE
	.byte 0xED, 0xEE, 0xFE, 0xDE, 0xEE, 0xEE, 0xEE, 0xEE, 0x00, 0x00, 0x00, 0x00, 0x00, 0x00, 0x00, 0x00
	.byte 0x0C, 0x00, 0x00, 0x00, 0xCE, 0x00, 0x00, 0x00, 0xCE, 0x00, 0x00, 0x00, 0xCE, 0xCC, 0xCC, 0xCC
	.byte 0xCE, 0xFE, 0xFE, 0xFE, 0xCE, 0xFE, 0xDE, 0xEE, 0x00, 0x00, 0x00, 0x00, 0x00, 0x00, 0x00, 0x00
	.byte 0x00, 0x00, 0x00, 0x00, 0x00, 0x00, 0x00, 0x00, 0x00, 0x00, 0x00, 0x00, 0x0C, 0x00, 0x00, 0x00
	.byte 0xCE, 0x00, 0x00, 0x00, 0xCE, 0x00, 0x00, 0x00, 0xCC, 0xCC, 0xCC, 0xCC, 0xCC, 0xCC, 0xCC, 0xCC
	.byte 0xCC, 0xCC, 0xCC, 0xCC, 0xBB, 0xBB, 0xBB, 0xBB, 0xBC, 0xBB, 0xBB, 0xCC, 0xBD, 0xBB, 0xBB, 0xCC
	.byte 0xBB, 0xCC, 0xBC, 0xBB, 0xCC, 0xCC, 0xCC, 0xCC, 0xCD, 0xDE, 0xEE, 0xFE, 0xCD, 0xEE, 0xFE, 0xDE
	.byte 0xCD, 0xEE, 0xEE, 0xEE, 0xBB, 0xCC, 0xCC, 0xCC, 0xCC, 0xCC, 0xCC, 0xCC, 0xCC, 0xCC, 0xCC, 0xCC
	.byte 0xBB, 0xBB, 0xBB, 0xBB, 0xCC, 0xCC, 0xCC, 0xCC, 0xCE, 0x00, 0x00, 0x00, 0xCE, 0x00, 0x00, 0x00
	.byte 0xCE, 0x00, 0x00, 0x00, 0xCD, 0x00, 0x00, 0x00, 0xCD, 0x00, 0x00, 0x00, 0xCD, 0x00, 0x00, 0x00
	.byte 0xBB, 0x00, 0x00, 0x00, 0x0C, 0x00, 0x00, 0x00, 0x00, 0x00, 0x00, 0x00, 0x00, 0x00, 0x00, 0x00
	.byte 0x00, 0x00, 0x00, 0x00, 0x00, 0x00, 0x00, 0x00, 0x00, 0x00, 0x00, 0x00, 0x00, 0x00, 0x00, 0x00
	.byte 0x00, 0x00, 0x00, 0xCC, 0x00, 0x00, 0xC0, 0xEF, 0x00, 0x00, 0x00, 0x00, 0x00, 0x00, 0x00, 0x00
	.byte 0x00, 0x00, 0x00, 0x00, 0x00, 0x00, 0x00, 0x00, 0x00, 0x00, 0x00, 0x00, 0x00, 0x00, 0x00, 0x00
	.byte 0xCC, 0xCC, 0xCC, 0xCC, 0xFE, 0xFE, 0xFE, 0xFE, 0x00, 0x00, 0x00, 0x00, 0x00, 0x00, 0x00, 0x00
	.byte 0x00, 0x00, 0x00, 0x00, 0x00, 0x00, 0x00, 0x00, 0x00, 0x00, 0x00, 0x00, 0x00, 0x00, 0x00, 0x00
	.byte 0x0C, 0x00, 0x00, 0x00, 0xCE, 0x00, 0x00, 0x00, 0x00, 0x00, 0x00, 0x00, 0x00, 0x00, 0x00, 0xCC
	.byte 0x00, 0x00, 0xC0, 0xEF, 0x00, 0x00, 0xC0, 0xED, 0x00, 0x00, 0xC0, 0xEE, 0x00, 0x00, 0xCC, 0xEE
	.byte 0x00, 0x00, 0xCC, 0xEE, 0x00, 0x00, 0xBC, 0xCC, 0x00, 0x00, 0xC0, 0xED, 0xCC, 0xCC, 0xCC, 0xEE
	.byte 0xFF, 0xFE, 0xCE, 0xEE, 0xDE, 0xFE, 0xCE, 0xEE, 0xEF, 0xDE, 0xBE, 0xCC, 0xED, 0xEE, 0xBE, 0xCC
	.byte 0xEE, 0xEE, 0xBE, 0xCC, 0xCC, 0xCC, 0xBC, 0xBB, 0xDE, 0xFE, 0xDE, 0xEE, 0xEF, 0xDE, 0xEE, 0xFE
	.byte 0xED, 0xEE, 0xFE, 0xDE, 0xEE, 0xEE, 0xEE, 0xEE, 0xCC, 0xCC, 0xCC, 0xCC, 0xCC, 0xCC, 0xCC, 0xCC
	.byte 0xCC, 0xCC, 0xCC, 0xCC, 0xBB, 0xBB, 0xBB, 0xBB, 0xCE, 0x00, 0x00, 0x00, 0xCE, 0xCC, 0xCC, 0xCC
	.byte 0xCE, 0xFE, 0xFE, 0xFE, 0xCE, 0xFE, 0xDE, 0xEE, 0xCD, 0xDE, 0xEE, 0xFE, 0xCD, 0xEE, 0xFE, 0xDE
	.byte 0xCD, 0xEE, 0xEE, 0xEE, 0xBB, 0xCC, 0xCC, 0xCC, 0x00, 0x00, 0x00, 0x00, 0x0C, 0x00, 0x00, 0x00
	.byte 0xCE, 0x00, 0x00, 0x00, 0xCE, 0x00, 0x00, 0x00, 0xCE, 0x00, 0x00, 0x00, 0xCE, 0x00, 0x00, 0x00
	.byte 0xCE, 0x00, 0x00, 0x00, 0xCD, 0x00, 0x00, 0x00, 0x00, 0x00, 0xC0, 0xCC, 0x00, 0x00, 0x00, 0x00
	.byte 0x00, 0x00, 0x00, 0x00, 0x00, 0x00, 0x00, 0x00, 0x00, 0x00, 0x00, 0x00, 0x00, 0x00, 0x00, 0x00
	.byte 0x00, 0x00, 0x00, 0x00, 0x00, 0x00, 0x00, 0x00, 0xCC, 0xCC, 0xCC, 0xCC, 0x00, 0x00, 0x00, 0x00
	.byte 0x00, 0x00, 0x00, 0x00, 0x00, 0x00, 0x00, 0x00, 0x00, 0x00, 0x00, 0x00, 0x00, 0x00, 0x00, 0x00
	.byte 0x00, 0x00, 0x00, 0x00, 0x00, 0x00, 0x00, 0x00, 0x00, 0x00, 0xBC, 0xCC, 0x00, 0x00, 0xBC, 0xCC
	.byte 0x00, 0x00, 0xBC, 0xBB, 0x00, 0x00, 0xCC, 0xCC, 0x00, 0x00, 0x00, 0x00, 0x00, 0x00, 0x00, 0x00
	.byte 0x00, 0x00, 0x00, 0x00, 0x00, 0x00, 0x00, 0x00, 0xCC, 0xCC, 0xCC, 0xCC, 0xCC, 0xCC, 0xCC, 0xCC
	.byte 0xBB, 0xBB, 0xBB, 0xBB, 0xCC, 0xCC, 0xCC, 0xCC, 0x00, 0x00, 0xC0, 0xCC, 0x00, 0x00, 0x00, 0x00
	.byte 0x00, 0x00, 0x00, 0x00, 0x00, 0x00, 0x00, 0x00, 0xBC, 0xBB, 0xBB, 0xCC, 0xBD, 0xBB, 0xBB, 0xCC
	.byte 0xBB, 0xCC, 0xBC, 0xBB, 0xCC, 0xCC, 0xCC, 0xCC, 0xCC, 0xCC, 0xCC, 0xCC, 0x00, 0x00, 0x00, 0x00
	.byte 0x00, 0x00, 0x00, 0x00, 0x00, 0x00, 0x00, 0x00, 0xCC, 0xCC, 0xCC, 0xCC, 0xCC, 0xCC, 0xCC, 0xCC
	.byte 0xBB, 0xBB, 0xBB, 0xBB, 0xCC, 0xCC, 0xCC, 0xCC, 0x0C, 0x00, 0x00, 0x00, 0x00, 0x00, 0x00, 0x00
	.byte 0x00, 0x00, 0x00, 0x00, 0x00, 0x00, 0x00, 0x00, 0xCD, 0x00, 0x00, 0x00, 0xCD, 0x00, 0x00, 0x00
	.byte 0xBB, 0x00, 0x00, 0x00, 0x0C, 0x00, 0x00, 0x00, 0x00, 0x00, 0x00, 0x00, 0x00, 0x00, 0x00, 0x00
	.byte 0x00, 0x00, 0x00, 0x00, 0x00, 0x00, 0x00, 0x00, 0x43, 0x41, 0x4D, 0x45, 0x52, 0x4F, 0x4E, 0x20
	.byte 0x53, 0x48, 0x45, 0x50, 0x50, 0x41, 0x52, 0x44, 0x00, 0x00, 0x00, 0x00, 0x4D, 0x49, 0x4B, 0x45
	.byte 0x20, 0x4D, 0x45, 0x52, 0x52, 0x45, 0x4E, 0x00, 0x44, 0x41, 0x52, 0x52, 0x45, 0x4E, 0x20, 0x4A
	.byte 0x41, 0x43, 0x4B, 0x53, 0x4F, 0x4E, 0x00, 0x00, 0x44, 0x41, 0x56, 0x45, 0x20, 0x4D, 0x55, 0x52
	.byte 0x50, 0x48, 0x59, 0x00, 0x4A, 0x4F, 0x4E, 0x4E, 0x49, 0x45, 0x20, 0x53, 0x48, 0x45, 0x41, 0x52
	.byte 0x4E, 0x00, 0x00, 0x00, 0x57, 0x49, 0x4C, 0x4C, 0x20, 0x47, 0x52, 0x45, 0x45, 0x4E, 0x4F, 0x55
	.byte 0x47, 0x48, 0x00, 0x00, 0x54, 0x49, 0x4D, 0x20, 0x43, 0x4F, 0x4F, 0x44, 0x45, 0x00, 0x00, 0x00
	.byte 0x41, 0x44, 0x41, 0x4D, 0x20, 0x42, 0x4F, 0x55, 0x53, 0x4B, 0x49, 0x4C, 0x4C, 0x00, 0x00, 0x00
	.byte 0x4A, 0x41, 0x4D, 0x45, 0x53, 0x20, 0x44, 0x41, 0x4C, 0x59, 0x00, 0x00, 0x43, 0x48, 0x52, 0x49
	.byte 0x53, 0x20, 0x57, 0x41, 0x4C, 0x53, 0x48, 0x00, 0x4A, 0x41, 0x4B, 0x45, 0x20, 0x4D, 0x41, 0x59
	.byte 0x00, 0x00, 0x00, 0x00, 0x53, 0x45, 0x41, 0x4E, 0x20, 0x4B, 0x45, 0x4E, 0x44, 0x52, 0x49, 0x43
	.byte 0x4B, 0x00, 0x00, 0x00, 0x44, 0x41, 0x4E, 0x49, 0x45, 0x4C, 0x20, 0x45, 0x56, 0x41, 0x4E, 0x53
	.byte 0x00, 0x00, 0x00, 0x00, 0x41, 0x4E, 0x44, 0x52, 0x45, 0x57, 0x20, 0x42, 0x49, 0x53, 0x48, 0x4F
	.byte 0x50, 0x00, 0x00, 0x00, 0x54, 0x49, 0x4D, 0x20, 0x4D, 0x55, 0x4E, 0x53, 0x4F, 0x4E, 0x00, 0x00
	.byte 0x4E, 0x45, 0x49, 0x4C, 0x20, 0x57, 0x49, 0x4C, 0x53, 0x4F, 0x4E, 0x00, 0x4A, 0x41, 0x4D, 0x45
	.byte 0x53, 0x20, 0x42, 0x52, 0x4F, 0x57, 0x4E, 0x00, 0x4D, 0x49, 0x54, 0x43, 0x48, 0x45, 0x4C, 0x4C
	.byte 0x20, 0x53, 0x4C, 0x41, 0x54, 0x45, 0x52, 0x00, 0x4A, 0x41, 0x59, 0x20, 0x4D, 0x43, 0x47, 0x45
	.byte 0x45, 0x00, 0x00, 0x00, 0x42, 0x52, 0x49, 0x41, 0x4E, 0x20, 0x4C, 0x4F, 0x43, 0x4B, 0x45, 0x00
	.byte 0x53, 0x54, 0x45, 0x52, 0x4C, 0x49, 0x4E, 0x47, 0x20, 0x4D, 0x41, 0x52, 0x4C, 0x49, 0x4E, 0x00
	.byte 0x52, 0x55, 0x53, 0x54, 0x59, 0x20, 0x57, 0x41, 0x4C, 0x4C, 0x41, 0x43, 0x45, 0x00, 0x00, 0x00
	.byte 0x4A, 0x4F, 0x45, 0x20, 0x46, 0x52, 0x49, 0x45, 0x44, 0x00, 0x00, 0x00, 0x4A, 0x41, 0x53, 0x4F
	.byte 0x4E, 0x20, 0x50, 0x4F, 0x50, 0x45, 0x00, 0x00, 0x4A, 0x45, 0x46, 0x46, 0x20, 0x47, 0x4F, 0x52
	.byte 0x44, 0x4F, 0x4E, 0x00, 0x52, 0x49, 0x43, 0x4B, 0x59, 0x20, 0x52, 0x55, 0x44, 0x44, 0x00, 0x00
	.byte 0x44, 0x41, 0x4C, 0x45, 0x20, 0x4A, 0x41, 0x52, 0x52, 0x45, 0x54, 0x54, 0x00, 0x00, 0x00, 0x00
	.byte 0x4B, 0x45, 0x56, 0x49, 0x4E, 0x20, 0x48, 0x41, 0x52, 0x56, 0x49, 0x43, 0x4B, 0x00, 0x00, 0x00
	.byte 0x44, 0x41, 0x4C, 0x45, 0x20, 0x45, 0x41, 0x52, 0x4E, 0x48, 0x41, 0x52, 0x44, 0x54, 0x20, 0x4A
	.byte 0x52, 0x2E, 0x00, 0x00, 0x53, 0x54, 0x45, 0x56, 0x45, 0x20, 0x50, 0x41, 0x52, 0x4B, 0x00, 0x00
	.byte 0x4E, 0x4F, 0x54, 0x20, 0x41, 0x56, 0x41, 0x49, 0x4C, 0x41, 0x42, 0x4C, 0x45, 0x2E, 0x00, 0x00
	.byte 0x4E, 0x4F, 0x54, 0x20, 0x41, 0x56, 0x41, 0x49, 0x4C, 0x41, 0x42, 0x4C, 0x45, 0x2E, 0x20, 0x20
	.byte 0x20, 0x20, 0x20, 0x20, 0x20, 0x20, 0x20, 0x20, 0x20, 0x20, 0x20, 0x20, 0x20, 0x20, 0x20, 0x20
	.byte 0x59, 0x4F, 0x55, 0x20, 0x4E, 0x45, 0x45, 0x44, 0x20, 0x54, 0x4F, 0x20, 0x46, 0x49, 0x4E, 0x49
	.byte 0x53, 0x48, 0x20, 0x41, 0x20, 0x53, 0x45, 0x41, 0x53, 0x4F, 0x4E, 0x20, 0x49, 0x4E, 0x20, 0x20
	.byte 0x54, 0x48, 0x45, 0x20, 0x54, 0x4F, 0x50, 0x20, 0x31, 0x30, 0x2E, 0x00, 0x4E, 0x4F, 0x54, 0x20
	.byte 0x41, 0x56, 0x41, 0x49, 0x4C, 0x41, 0x42, 0x4C, 0x45, 0x2E, 0x20, 0x20, 0x20, 0x20, 0x20, 0x20
	.byte 0x20, 0x20, 0x20, 0x20, 0x20, 0x20, 0x20, 0x20, 0x20, 0x20, 0x20, 0x20, 0x59, 0x4F, 0x55, 0x20
	.byte 0x4E, 0x45, 0x45, 0x44, 0x20, 0x54, 0x4F, 0x20, 0x46, 0x49, 0x4E, 0x49, 0x53, 0x48, 0x20, 0x41
	.byte 0x20, 0x53, 0x45, 0x41, 0x53, 0x4F, 0x4E, 0x20, 0x49, 0x4E, 0x20, 0x20, 0x54, 0x48, 0x45, 0x20
	.byte 0x54, 0x4F, 0x50, 0x20, 0x35, 0x2E, 0x00, 0x00, 0x43, 0x41, 0x52, 0x45, 0x45, 0x52, 0x20, 0x44
	.byte 0x45, 0x43, 0x49, 0x53, 0x49, 0x4F, 0x4E, 0x00, 0x53, 0x54, 0x41, 0x59, 0x20, 0x4F, 0x4E, 0x20
	.byte 0x54, 0x48, 0x49, 0x53, 0x20, 0x54, 0x45, 0x41, 0x4D, 0x00, 0x00, 0x00, 0x43, 0x48, 0x4F, 0x4F
	.byte 0x53, 0x45, 0x20, 0x41, 0x20, 0x4E, 0x45, 0x57, 0x20, 0x54, 0x45, 0x41, 0x4D, 0x00, 0x00, 0x00
	.byte 0x54, 0x4F, 0x20, 0x51, 0x55, 0x41, 0x4C, 0x49, 0x46, 0x59, 0x20, 0x46, 0x4F, 0x52, 0x20, 0x54
	.byte 0x48, 0x49, 0x53, 0x20, 0x54, 0x45, 0x41, 0x4D, 0x2C, 0x20, 0x59, 0x4F, 0x55, 0x20, 0x20, 0x20
	.byte 0x57, 0x49, 0x4C, 0x4C, 0x20, 0x4E, 0x45, 0x45, 0x44, 0x20, 0x54, 0x4F, 0x20, 0x42, 0x45, 0x41
	.byte 0x54, 0x20, 0x41, 0x20, 0x4C, 0x41, 0x50, 0x20, 0x54, 0x49, 0x4D, 0x45, 0x20, 0x20, 0x20, 0x20
	.byte 0x4F, 0x46, 0x20, 0x33, 0x37, 0x20, 0x53, 0x45, 0x43, 0x4F, 0x4E, 0x44, 0x53, 0x20, 0x4F, 0x4E
	.byte 0x20, 0x48, 0x4F, 0x4F, 0x4C, 0x45, 0x59, 0x20, 0x44, 0x4F, 0x57, 0x4E, 0x53, 0x2E, 0x00, 0x00
	.byte 0x54, 0x4F, 0x20, 0x51, 0x55, 0x41, 0x4C, 0x49, 0x46, 0x59, 0x20, 0x46, 0x4F, 0x52, 0x20, 0x54
	.byte 0x48, 0x49, 0x53, 0x20, 0x54, 0x45, 0x41, 0x4D, 0x2C, 0x20, 0x59, 0x4F, 0x55, 0x20, 0x20, 0x20
	.byte 0x57, 0x49, 0x4C, 0x4C, 0x20, 0x4E, 0x45, 0x45, 0x44, 0x20, 0x54, 0x4F, 0x20, 0x42, 0x45, 0x41
	.byte 0x54, 0x20, 0x41, 0x20, 0x4C, 0x41, 0x50, 0x20, 0x54, 0x49, 0x4D, 0x45, 0x20, 0x20, 0x20, 0x20
	.byte 0x4F, 0x46, 0x20, 0x33, 0x33, 0x20, 0x53, 0x45, 0x43, 0x4F, 0x4E, 0x44, 0x53, 0x20, 0x4F, 0x4E
	.byte 0x20, 0x48, 0x4F, 0x4F, 0x4C, 0x45, 0x59, 0x20, 0x44, 0x4F, 0x57, 0x4E, 0x53, 0x2E, 0x00, 0x00
	.byte 0x54, 0x4F, 0x20, 0x53, 0x54, 0x41, 0x59, 0x20, 0x49, 0x4E, 0x20, 0x54, 0x48, 0x49, 0x53, 0x20
	.byte 0x54, 0x45, 0x41, 0x4D, 0x2C, 0x20, 0x59, 0x4F, 0x55, 0x20, 0x57, 0x49, 0x4C, 0x4C, 0x20, 0x20
	.byte 0x4E, 0x45, 0x45, 0x44, 0x20, 0x54, 0x4F, 0x20, 0x46, 0x49, 0x4E, 0x49, 0x53, 0x48, 0x20, 0x54
	.byte 0x48, 0x45, 0x20, 0x53, 0x45, 0x41, 0x53, 0x4F, 0x4E, 0x20, 0x20, 0x20, 0x20, 0x20, 0x20, 0x20
	.byte 0x49, 0x4E, 0x20, 0x54, 0x48, 0x45, 0x20, 0x54, 0x4F, 0x50, 0x20, 0x32, 0x30, 0x2E, 0x00, 0x00
	.byte 0x54, 0x4F, 0x20, 0x53, 0x54, 0x41, 0x59, 0x20, 0x49, 0x4E, 0x20, 0x54, 0x48, 0x49, 0x53, 0x20
	.byte 0x54, 0x45, 0x41, 0x4D, 0x2C, 0x20, 0x59, 0x4F, 0x55, 0x20, 0x57, 0x49, 0x4C, 0x4C, 0x20, 0x20
	.byte 0x4E, 0x45, 0x45, 0x44, 0x20, 0x54, 0x4F, 0x20, 0x46, 0x49, 0x4E, 0x49, 0x53, 0x48, 0x20, 0x54
	.byte 0x48, 0x45, 0x20, 0x53, 0x45, 0x41, 0x53, 0x4F, 0x4E, 0x20, 0x20, 0x20, 0x20, 0x20, 0x20, 0x20
	.byte 0x49, 0x4E, 0x20, 0x54, 0x48, 0x45, 0x20, 0x54, 0x4F, 0x50, 0x20, 0x31, 0x30, 0x2E, 0x00, 0x00
	.byte 0x54, 0x4F, 0x20, 0x53, 0x54, 0x41, 0x59, 0x20, 0x49, 0x4E, 0x20, 0x54, 0x48, 0x49, 0x53, 0x20
	.byte 0x54, 0x45, 0x41, 0x4D, 0x2C, 0x20, 0x59, 0x4F, 0x55, 0x20, 0x57, 0x49, 0x4C, 0x4C, 0x20, 0x20
	.byte 0x4E, 0x45, 0x45, 0x44, 0x20, 0x54, 0x4F, 0x20, 0x46, 0x49, 0x4E, 0x49, 0x53, 0x48, 0x20, 0x54
	.byte 0x48, 0x45, 0x20, 0x53, 0x45, 0x41, 0x53, 0x4F, 0x4E, 0x20, 0x20, 0x20, 0x20, 0x20, 0x20, 0x20
	.byte 0x49, 0x4E, 0x20, 0x54, 0x48, 0x45, 0x20, 0x54, 0x4F, 0x50, 0x20, 0x35, 0x2E, 0x00, 0x00, 0x00
	.byte 0x54, 0x45, 0x41, 0x4D, 0x20, 0x43, 0x52, 0x41, 0x57, 0x46, 0x49, 0x53, 0x48, 0x00, 0x00, 0x00
	.byte 0x44, 0x41, 0x52, 0x42, 0x59, 0x00, 0x00, 0x00, 0x45, 0x52, 0x49, 0x43, 0x20, 0x48, 0x41, 0x59
	.byte 0x41, 0x53, 0x48, 0x49, 0x20, 0x4D, 0x4F, 0x54, 0x4F, 0x52, 0x53, 0x50, 0x4F, 0x52, 0x54, 0x53
	.byte 0x00, 0x00, 0x00, 0x00, 0x4D, 0x49, 0x4B, 0x45, 0x20, 0x4D, 0x41, 0x43, 0x43, 0x4F, 0x4E, 0x45
	.byte 0x4C, 0x4C, 0x20, 0x52, 0x41, 0x43, 0x49, 0x4E, 0x47, 0x00, 0x00, 0x00, 0x54, 0x45, 0x41, 0x4D
	.byte 0x20, 0x54, 0x49, 0x4E, 0x4F, 0x00, 0x00, 0x00, 0x54, 0x54, 0x20, 0x4D, 0x4F, 0x54, 0x4F, 0x52
	.byte 0x53, 0x50, 0x4F, 0x52, 0x54, 0x53, 0x00, 0x00, 0x41, 0x4E, 0x44, 0x59, 0x4C, 0x41, 0x4E, 0x44
	.byte 0x20, 0x52, 0x41, 0x43, 0x49, 0x4E, 0x47, 0x00, 0x4A, 0x49, 0x4D, 0x20, 0x46, 0x45, 0x52, 0x52
	.byte 0x49, 0x53, 0x20, 0x4D, 0x4F, 0x54, 0x4F, 0x52, 0x53, 0x50, 0x4F, 0x52, 0x54, 0x53, 0x00, 0x00
	.byte 0x43, 0x48, 0x49, 0x50, 0x20, 0x47, 0x41, 0x4E, 0x41, 0x53, 0x53, 0x49, 0x00, 0x00, 0x00, 0x00
	.byte 0x50, 0x45, 0x4E, 0x53, 0x4B, 0x45, 0x00, 0x00, 0x4B, 0x52, 0x41, 0x56, 0x49, 0x54, 0x5A, 0x20
	.byte 0x52, 0x41, 0x43, 0x49, 0x4E, 0x47, 0x00, 0x00, 0x4D, 0x41, 0x43, 0x4B, 0x4E, 0x45, 0x59, 0x20
	.byte 0x4D, 0x4F, 0x54, 0x4F, 0x52, 0x53, 0x50, 0x4F, 0x52, 0x54, 0x53, 0x00, 0x44, 0x41, 0x4C, 0x59
	.byte 0x20, 0x45, 0x4E, 0x54, 0x45, 0x52, 0x50, 0x52, 0x49, 0x53, 0x45, 0x53, 0x00, 0x00, 0x00, 0x00
	.byte 0x48, 0x45, 0x4E, 0x44, 0x52, 0x49, 0x43, 0x4B, 0x20, 0x4D, 0x4F, 0x54, 0x4F, 0x52, 0x53, 0x50
	.byte 0x4F, 0x52, 0x54, 0x53, 0x00, 0x00, 0x00, 0x00, 0x52, 0x59, 0x52, 0x00, 0x52, 0x43, 0x52, 0x00
	.byte 0x44, 0x45, 0x49, 0x00, 0x5F, 0x5F, 0x5F, 0x5F, 0x5F, 0x5F, 0x5F, 0x5F, 0x5F, 0x5F, 0x5F, 0x5F
	.byte 0x5F, 0x5F, 0x5F, 0x5F, 0x5F, 0x5F, 0x5F, 0x5F, 0x5F, 0x5F, 0x5F, 0x5F, 0x5F, 0x5F, 0x5F, 0x5F
	.byte 0x5F, 0x5F, 0x00, 0x00, 0x30, 0x40, 0x00, 0x00, 0x84, 0x00, 0x00, 0x13, 0x80, 0x00, 0x00, 0x10
	.byte 0x80, 0x00, 0x00, 0x10, 0x80, 0x00, 0x00, 0x10, 0x80, 0x00, 0x00, 0x10, 0x80, 0x00, 0x00, 0x13
	.byte 0x80, 0x00, 0x00, 0x44, 0x85, 0x00, 0x00, 0x04, 0x80, 0x00, 0x00, 0x04, 0x80, 0x00, 0x00, 0x04
	.byte 0x80, 0x00, 0x00, 0x04, 0x80, 0x00, 0x00, 0x43, 0x80, 0x00, 0x00, 0x44, 0x80, 0x00, 0x00, 0x00
	.byte 0x30, 0x40, 0x00, 0x00, 0x80, 0x00, 0x00, 0x13, 0x80, 0x00, 0x00, 0x01, 0x80, 0x00, 0x00, 0x01
	.byte 0x80, 0x00, 0x00, 0x13, 0x80, 0x00, 0x00, 0x01, 0x80, 0x00, 0x00, 0x01, 0x80, 0x00, 0x00, 0x13
	.byte 0x80, 0x00, 0x01, 0x40, 0x31, 0x80, 0x00, 0x19, 0x14, 0x04, 0x00, 0x00, 0x14, 0x04, 0x00, 0x00
	.byte 0x31, 0x04, 0x00, 0x00, 0x14, 0x04, 0x00, 0x00, 0x14, 0x04, 0x00, 0x00, 0x31, 0x04, 0x00, 0x00
	.byte 0x44, 0x04, 0xFF, 0x00, 0x30, 0x40, 0x00, 0x00, 0x15, 0x00, 0x11, 0x31, 0x00, 0x00, 0x40, 0x14
	.byte 0x04, 0x00, 0x00, 0x10, 0x04, 0x00, 0x13, 0x41, 0x04, 0x00, 0x41, 0x04, 0x00, 0x00, 0x41, 0x80
	.byte 0x00, 0x25, 0x11, 0x11, 0x00, 0x00, 0x40, 0x44, 0x04, 0x30, 0x11, 0x03, 0x00, 0x10, 0x40, 0x41
	.byte 0x00, 0x10, 0x40, 0x41, 0x00, 0x30, 0x11, 0x43, 0x00, 0x00, 0x40, 0x41, 0x00, 0x00, 0x40, 0x41
	.byte 0x00, 0x10, 0x11, 0x43, 0x00, 0x00, 0x44, 0x44, 0xFE, 0x00, 0x00, 0x00, 0x30, 0x40, 0x00, 0x00
	.byte 0x3E, 0x00, 0x13, 0x31, 0x00, 0x00, 0x01, 0x14, 0x04, 0x00, 0x01, 0x14, 0x04, 0x00, 0x13, 0x31
	.byte 0x04, 0x00, 0x01, 0x14, 0x04, 0x00, 0x01, 0x14, 0x04, 0x00, 0x13, 0x31, 0x04, 0x00, 0x40, 0x44
	.byte 0x04, 0x30, 0x11, 0x03, 0x00, 0x10, 0x40, 0x41, 0x00, 0x10, 0x40, 0x41, 0x00, 0x30, 0x11, 0x43
	.byte 0x00, 0x10, 0x40, 0x41, 0x00, 0x10, 0x40, 0x41, 0x00, 0x30, 0x11, 0x43, 0x00, 0x00, 0x44, 0x44
	.byte 0xFE, 0x00, 0x00, 0x00, 0x30, 0x40, 0x00, 0x00, 0x15, 0x00, 0x11, 0x31, 0x00, 0x00, 0x40, 0x14
	.byte 0x04, 0x00, 0x00, 0x10, 0x04, 0x00, 0x13, 0x41, 0x04, 0x00, 0x41, 0x04, 0x00, 0x00, 0x41, 0x80
	.byte 0x00, 0x25, 0x11, 0x11, 0x00, 0x00, 0x40, 0x44, 0x04, 0x30, 0x11, 0x03, 0x00, 0x10, 0x40, 0x41
	.byte 0x00, 0x10, 0x40, 0x41, 0x00, 0x30, 0x11, 0x43, 0x00, 0x10, 0x40, 0x41, 0x00, 0x10, 0x40, 0x41
	.byte 0x00, 0x30, 0x11, 0x43, 0x00, 0x00, 0x44, 0x44, 0xFE, 0x00, 0x00, 0x00, 0x30, 0x40, 0x00, 0x00
	.byte 0x15, 0x00, 0x11, 0x31, 0x00, 0x00, 0x40, 0x14, 0x04, 0x00, 0x00, 0x10, 0x04, 0x00, 0x13, 0x41
	.byte 0x04, 0x00, 0x41, 0x04, 0x00, 0x00, 0x41, 0x80, 0x00, 0x07, 0x11, 0x11, 0x00, 0x00, 0x40, 0x44
	.byte 0x04, 0x10, 0x80, 0x00, 0x12, 0x10, 0x04, 0x00, 0x00, 0x10, 0x04, 0x01, 0x00, 0x10, 0x04, 0x41
	.byte 0x00, 0x30, 0x11, 0x41, 0x00, 0x00, 0x44, 0x41, 0x80, 0x00, 0x00, 0x41, 0x80, 0x00, 0x00, 0x40
	.byte 0xFE, 0x00, 0x00, 0x00, 0x30, 0x40, 0x00, 0x00, 0x3F, 0x13, 0x00, 0x30, 0x11, 0x10, 0x04, 0x10
	.byte 0x40, 0x10, 0x04, 0x10, 0x40, 0x10, 0x04, 0x10, 0x40, 0x10, 0x04, 0x10, 0x40, 0x10, 0x04, 0x10
	.byte 0x40, 0x13, 0x43, 0x30, 0x11, 0x44, 0x44, 0x00, 0x40, 0x03, 0x00, 0x11, 0x03, 0x41, 0x00, 0x44
	.byte 0x41, 0x41, 0x00, 0x00, 0x41, 0x41, 0x00, 0x11, 0x44, 0x41, 0x00, 0x44, 0x43, 0x41, 0x00, 0x00
	.byte 0x41, 0x43, 0x00, 0x11, 0x43, 0x44, 0x00, 0x44, 0x44, 0x00, 0x00, 0x00, 0x30, 0x40, 0x00, 0x00
	.byte 0x3F, 0x13, 0x00, 0x30, 0x11, 0x10, 0x04, 0x10, 0x40, 0x10, 0x04, 0x10, 0x40, 0x10, 0x04, 0x10
	.byte 0x40, 0x10, 0x04, 0x10, 0x40, 0x10, 0x04, 0x10, 0x40, 0x13, 0x43, 0x30, 0x11, 0x44, 0x44, 0x00
	.byte 0x40, 0x03, 0x10, 0x00, 0x00, 0x41, 0x10, 0x04, 0x00, 0x41, 0x10, 0x04, 0x01, 0x41, 0x10, 0x04
	.byte 0x41, 0x41, 0x30, 0x11, 0x41, 0x41, 0x00, 0x44, 0x41, 0x43, 0x00, 0x00, 0x41, 0x44, 0x00, 0x00
	.byte 0x40, 0x00, 0x00, 0x00, 0x30, 0x40, 0x00, 0x00, 0x80, 0x00, 0x00, 0x11, 0x80, 0x00, 0x00, 0x40
	.byte 0x84, 0x00, 0x00, 0x13, 0x80, 0x00, 0x00, 0x41, 0x80, 0x00, 0x00, 0x41, 0x80, 0x00, 0x00, 0x11
	.byte 0x80, 0x00, 0x01, 0x40, 0x31, 0x80, 0x00, 0x0C, 0x14, 0x04, 0x00, 0x00, 0x10, 0x04, 0x00, 0x00
	.byte 0x41, 0x04, 0x00, 0x00, 0x04, 0x84, 0x00, 0x00, 0x11, 0x80, 0x00, 0x01, 0x44, 0x04, 0xFF, 0x00
	.byte 0x30, 0x40, 0x00, 0x00, 0x01, 0x00, 0x01, 0x80, 0x00, 0x00, 0x41, 0x80, 0x00, 0x12, 0x41, 0x10
	.byte 0x00, 0x00, 0x41, 0x10, 0x04, 0x00, 0x13, 0x11, 0x04, 0x00, 0x40, 0x14, 0x04, 0x00, 0x00, 0x10
	.byte 0x04, 0x80, 0x00, 0x1F, 0x04, 0x30, 0x11, 0x03, 0x00, 0x10, 0x40, 0x41, 0x00, 0x10, 0x40, 0x41
	.byte 0x00, 0x10, 0x40, 0x41, 0x00, 0x10, 0x40, 0x41, 0x00, 0x10, 0x40, 0x41, 0x00, 0x30, 0x11, 0x43
	.byte 0x00, 0x00, 0x40, 0x44, 0xFE, 0x00, 0x00, 0x00, 0x30, 0x40, 0x00, 0x00, 0x3F, 0x13, 0x00, 0x30
	.byte 0x11, 0x10, 0x04, 0x10, 0x40, 0x10, 0x04, 0x10, 0x40, 0x10, 0x04, 0x10, 0x40, 0x10, 0x04, 0x10
	.byte 0x40, 0x10, 0x04, 0x10, 0x40, 0x13, 0x43, 0x30, 0x11, 0x44, 0x44, 0x00, 0x40, 0x03, 0x30, 0x11
	.byte 0x03, 0x41, 0x10, 0x40, 0x41, 0x41, 0x10, 0x40, 0x41, 0x41, 0x10, 0x40, 0x41, 0x41, 0x10, 0x40
	.byte 0x41, 0x41, 0x10, 0x40, 0x41, 0x43, 0x30, 0x11, 0x43, 0x44, 0x00, 0x40, 0x44, 0x00, 0x00, 0x00
	.byte 0x30, 0x40, 0x00, 0x00, 0x3F, 0x13, 0x00, 0x30, 0x11, 0x10, 0x04, 0x10, 0x40, 0x10, 0x04, 0x10
	.byte 0x40, 0x10, 0x04, 0x10, 0x40, 0x10, 0x04, 0x10, 0x40, 0x10, 0x04, 0x10, 0x40, 0x13, 0x43, 0x30
	.byte 0x11, 0x44, 0x44, 0x00, 0x40, 0x03, 0x10, 0x11, 0x03, 0x41, 0x00, 0x44, 0x41, 0x41, 0x00, 0x00
	.byte 0x41, 0x41, 0x30, 0x11, 0x44, 0x41, 0x10, 0x44, 0x00, 0x41, 0x10, 0x04, 0x00, 0x43, 0x10, 0x11
	.byte 0x01, 0x44, 0x00, 0x44, 0x44, 0x00, 0x00, 0x00, 0x30, 0x40, 0x00, 0x00, 0x3F, 0x13, 0x00, 0x30
	.byte 0x11, 0x10, 0x04, 0x10, 0x40, 0x10, 0x04, 0x10, 0x40, 0x10, 0x04, 0x10, 0x40, 0x10, 0x04, 0x10
	.byte 0x40, 0x10, 0x04, 0x10, 0x40, 0x13, 0x43, 0x30, 0x11, 0x44, 0x44, 0x00, 0x40, 0x03, 0x30, 0x11
	.byte 0x03, 0x41, 0x10, 0x40, 0x41, 0x41, 0x10, 0x40, 0x41, 0x41, 0x30, 0x11, 0x43, 0x41, 0x10, 0x40
	.byte 0x41, 0x41, 0x10, 0x40, 0x41, 0x43, 0x30, 0x11, 0x43, 0x44, 0x00, 0x44, 0x44, 0x00, 0x00, 0x00
	.byte 0x30, 0x40, 0x00, 0x00, 0x3F, 0x30, 0x01, 0x00, 0x13, 0x00, 0x41, 0x00, 0x10, 0x00, 0x41, 0x00
	.byte 0x10, 0x00, 0x41, 0x00, 0x10, 0x00, 0x41, 0x00, 0x10, 0x00, 0x41, 0x00, 0x10, 0x30, 0x31, 0x04
	.byte 0x13, 0x40, 0x44, 0x04, 0x44, 0x00, 0x30, 0x11, 0x03, 0x04, 0x10, 0x40, 0x41, 0x04, 0x10, 0x40
	.byte 0x41, 0x04, 0x10, 0x40, 0x41, 0x04, 0x10, 0x40, 0x41, 0x04, 0x10, 0x40, 0x41, 0x43, 0x30, 0x11
	.byte 0x43, 0x44, 0x00, 0x40, 0x44, 0x00, 0x00, 0x00, 0x30, 0x40, 0x00, 0x00, 0x3F, 0x30, 0x01, 0x00
	.byte 0x13, 0x00, 0x41, 0x00, 0x10, 0x00, 0x41, 0x00, 0x10, 0x00, 0x41, 0x00, 0x10, 0x00, 0x41, 0x00
	.byte 0x10, 0x00, 0x41, 0x00, 0x10, 0x30, 0x31, 0x04, 0x13, 0x40, 0x44, 0x04, 0x44, 0x00, 0x30, 0x01
	.byte 0x00, 0x04, 0x00, 0x41, 0x00, 0x04, 0x00, 0x41, 0x00, 0x04, 0x00, 0x41, 0x00, 0x04, 0x00, 0x41
	.byte 0x00, 0x04, 0x00, 0x41, 0x00, 0x43, 0x30, 0x31, 0x04, 0x44, 0x40, 0x44, 0x04, 0x00, 0x00, 0x00
	.byte 0x30, 0x40, 0x00, 0x00, 0x3F, 0x30, 0x01, 0x00, 0x13, 0x00, 0x41, 0x00, 0x10, 0x00, 0x41, 0x00
	.byte 0x10, 0x00, 0x41, 0x00, 0x10, 0x00, 0x41, 0x00, 0x10, 0x00, 0x41, 0x00, 0x10, 0x30, 0x31, 0x04
	.byte 0x13, 0x40, 0x44, 0x04, 0x44, 0x00, 0x30, 0x11, 0x03, 0x04, 0x10, 0x40, 0x41, 0x04, 0x10, 0x40
	.byte 0x41, 0x04, 0x30, 0x11, 0x43, 0x04, 0x10, 0x40, 0x41, 0x04, 0x10, 0x40, 0x41, 0x43, 0x30, 0x11
	.byte 0x43, 0x44, 0x00, 0x44, 0x44, 0x00, 0x00, 0x00, 0x30, 0x40, 0x00, 0x00, 0x3F, 0x30, 0x01, 0x00
	.byte 0x13, 0x00, 0x41, 0x00, 0x10, 0x00, 0x41, 0x00, 0x10, 0x00, 0x41, 0x00, 0x10, 0x00, 0x41, 0x00
	.byte 0x10, 0x00, 0x41, 0x00, 0x10, 0x30, 0x31, 0x04, 0x13, 0x40, 0x44, 0x04, 0x44, 0x00, 0x30, 0x11
	.byte 0x03, 0x04, 0x10, 0x40, 0x41, 0x04, 0x10, 0x40, 0x41, 0x04, 0x30, 0x11, 0x43, 0x04, 0x00, 0x40
	.byte 0x41, 0x04, 0x00, 0x40, 0x41, 0x43, 0x10, 0x11, 0x43, 0x44, 0x00, 0x44, 0x44, 0x00, 0x00, 0x00
	.byte 0x30, 0x40, 0x00, 0x00, 0x3F, 0x13, 0x00, 0x10, 0x11, 0x10, 0x04, 0x00, 0x44, 0x10, 0x04, 0x00
	.byte 0x00, 0x10, 0x04, 0x30, 0x11, 0x10, 0x04, 0x10, 0x44, 0x10, 0x04, 0x10, 0x04, 0x13, 0x43, 0x10
	.byte 0x11, 0x44, 0x44, 0x00, 0x44, 0x03, 0x30, 0x11, 0x03, 0x41, 0x10, 0x40, 0x41, 0x41, 0x10, 0x40
	.byte 0x41, 0x44, 0x10, 0x40, 0x41, 0x00, 0x10, 0x40, 0x41, 0x00, 0x10, 0x40, 0x41, 0x01, 0x30, 0x11
	.byte 0x43, 0x44, 0x00, 0x40, 0x44, 0x00, 0x00, 0x00, 0x30, 0x40, 0x00, 0x00, 0x2E, 0x13, 0x00, 0x10
	.byte 0x11, 0x10, 0x04, 0x00, 0x44, 0x10, 0x04, 0x00, 0x00, 0x10, 0x04, 0x30, 0x11, 0x10, 0x04, 0x10
	.byte 0x44, 0x10, 0x04, 0x10, 0x04, 0x13, 0x43, 0x10, 0x11, 0x44, 0x44, 0x00, 0x44, 0x03, 0x30, 0x01
	.byte 0x00, 0x41, 0x00, 0x41, 0x00, 0x41, 0x00, 0x41, 0x00, 0x44, 0x00, 0x41, 0x80, 0x00, 0x00, 0x41
	.byte 0x80, 0x00, 0x09, 0x41, 0x00, 0x01, 0x30, 0x31, 0x04, 0x44, 0x40, 0x44, 0x04, 0x00, 0x00, 0x00
	.byte 0x30, 0x40, 0x00, 0x00, 0x3F, 0x13, 0x00, 0x10, 0x11, 0x10, 0x04, 0x00, 0x44, 0x10, 0x04, 0x00
	.byte 0x00, 0x10, 0x04, 0x30, 0x11, 0x10, 0x04, 0x10, 0x44, 0x10, 0x04, 0x10, 0x04, 0x13, 0x43, 0x10
	.byte 0x11, 0x44, 0x44, 0x00, 0x44, 0x03, 0x10, 0x11, 0x03, 0x41, 0x00, 0x44, 0x41, 0x41, 0x00, 0x00
	.byte 0x41, 0x44, 0x30, 0x11, 0x44, 0x00, 0x10, 0x44, 0x00, 0x00, 0x10, 0x04, 0x00, 0x01, 0x10, 0x11
	.byte 0x01, 0x44, 0x00, 0x44, 0x44, 0x00, 0x00, 0x00, 0x30, 0x40, 0x00, 0x00, 0x33, 0x13, 0x00, 0x10
	.byte 0x11, 0x10, 0x04, 0x00, 0x44, 0x10, 0x04, 0x00, 0x00, 0x10, 0x04, 0x30, 0x11, 0x10, 0x04, 0x10
	.byte 0x44, 0x10, 0x04, 0x10, 0x04, 0x13, 0x43, 0x10, 0x11, 0x44, 0x44, 0x00, 0x44, 0x03, 0x10, 0x11
	.byte 0x03, 0x41, 0x00, 0x44, 0x41, 0x41, 0x00, 0x00, 0x41, 0x44, 0x00, 0x11, 0x44, 0x00, 0x00, 0x44
	.byte 0x43, 0x80, 0x00, 0x08, 0x41, 0x01, 0x10, 0x11, 0x43, 0x44, 0x00, 0x44, 0x44, 0x00, 0x00, 0x00
	.byte 0x30, 0x40, 0x00, 0x00, 0x3F, 0x13, 0x00, 0x10, 0x11, 0x10, 0x04, 0x00, 0x44, 0x10, 0x04, 0x00
	.byte 0x00, 0x10, 0x04, 0x30, 0x11, 0x10, 0x04, 0x10, 0x44, 0x10, 0x04, 0x10, 0x04, 0x13, 0x43, 0x10
	.byte 0x11, 0x44, 0x44, 0x00, 0x44, 0x03, 0x10, 0x00, 0x00, 0x41, 0x10, 0x04, 0x00, 0x41, 0x10, 0x04
	.byte 0x01, 0x44, 0x10, 0x04, 0x41, 0x00, 0x30, 0x11, 0x41, 0x00, 0x00, 0x44, 0x41, 0x01, 0x00, 0x00
	.byte 0x41, 0x44, 0x00, 0x00, 0x40, 0x00, 0x00, 0x00, 0x30, 0x40, 0x00, 0x00, 0x2E, 0x13, 0x00, 0x10
	.byte 0x11, 0x10, 0x04, 0x00, 0x44, 0x10, 0x04, 0x00, 0x00, 0x10, 0x04, 0x30, 0x11, 0x10, 0x04, 0x10
	.byte 0x44, 0x10, 0x04, 0x10, 0x04, 0x13, 0x43, 0x10, 0x11, 0x44, 0x44, 0x00, 0x44, 0x03, 0x10, 0x11
	.byte 0x01, 0x41, 0x10, 0x44, 0x04, 0x41, 0x10, 0x04, 0x00, 0x44, 0x30, 0x11, 0x80, 0x00, 0x01, 0x40
	.byte 0x01, 0x80, 0x00, 0x08, 0x41, 0x01, 0x10, 0x11, 0x40, 0x44, 0x00, 0x44, 0x04, 0x00, 0x00, 0x00
	.byte 0x30, 0x40, 0x00, 0x00, 0x3F, 0x13, 0x00, 0x10, 0x11, 0x10, 0x04, 0x00, 0x44, 0x10, 0x04, 0x00
	.byte 0x00, 0x10, 0x04, 0x30, 0x11, 0x10, 0x04, 0x10, 0x44, 0x10, 0x04, 0x10, 0x04, 0x13, 0x43, 0x10
	.byte 0x11, 0x44, 0x44, 0x00, 0x44, 0x03, 0x30, 0x11, 0x03, 0x41, 0x10, 0x40, 0x41, 0x41, 0x10, 0x40
	.byte 0x41, 0x44, 0x30, 0x11, 0x43, 0x00, 0x10, 0x40, 0x41, 0x00, 0x10, 0x40, 0x41, 0x01, 0x30, 0x11
	.byte 0x43, 0x44, 0x00, 0x44, 0x44, 0x00, 0x00, 0x00, 0x30, 0x40, 0x00, 0x00, 0x1D, 0x13, 0x00, 0x10
	.byte 0x00, 0x10, 0x04, 0x10, 0x04, 0x10, 0x04, 0x10, 0x04, 0x10, 0x04, 0x10, 0x04, 0x10, 0x04, 0x30
	.byte 0x11, 0x10, 0x04, 0x00, 0x44, 0x13, 0x43, 0x00, 0x00, 0x44, 0x44, 0x80, 0x00, 0x1E, 0x30, 0x11
	.byte 0x03, 0x00, 0x10, 0x40, 0x41, 0x01, 0x10, 0x40, 0x41, 0x41, 0x10, 0x40, 0x41, 0x41, 0x10, 0x40
	.byte 0x41, 0x41, 0x10, 0x40, 0x41, 0x41, 0x30, 0x11, 0x43, 0x40, 0x00, 0x40, 0x44, 0x00, 0x00, 0x00
	.byte 0x30, 0x40, 0x00, 0x00, 0x1D, 0x13, 0x00, 0x10, 0x00, 0x10, 0x04, 0x10, 0x04, 0x10, 0x04, 0x10
	.byte 0x04, 0x10, 0x04, 0x10, 0x04, 0x10, 0x04, 0x30, 0x11, 0x10, 0x04, 0x00, 0x44, 0x13, 0x43, 0x00
	.byte 0x00, 0x44, 0x44, 0x80, 0x00, 0x1E, 0x30, 0x11, 0x03, 0x00, 0x10, 0x40, 0x41, 0x01, 0x10, 0x40
	.byte 0x41, 0x41, 0x30, 0x11, 0x43, 0x41, 0x10, 0x40, 0x41, 0x41, 0x10, 0x40, 0x41, 0x41, 0x30, 0x11
	.byte 0x43, 0x40, 0x00, 0x44, 0x44, 0x00, 0x00, 0x00, 0x30, 0x40, 0x00, 0x00, 0x3F, 0x13, 0x00, 0x30
	.byte 0x11, 0x10, 0x04, 0x10, 0x40, 0x10, 0x04, 0x10, 0x40, 0x10, 0x04, 0x30, 0x11, 0x10, 0x04, 0x10
	.byte 0x40, 0x10, 0x04, 0x10, 0x40, 0x13, 0x43, 0x30, 0x11, 0x44, 0x44, 0x00, 0x44, 0x03, 0x30, 0x11
	.byte 0x03, 0x41, 0x10, 0x40, 0x41, 0x41, 0x10, 0x40, 0x41, 0x43, 0x10, 0x40, 0x41, 0x41, 0x10, 0x40
	.byte 0x41, 0x41, 0x10, 0x40, 0x41, 0x43, 0x30, 0x11, 0x43, 0x44, 0x00, 0x40, 0x44, 0x00, 0x00, 0x00
	.byte 0x30, 0x40, 0x00, 0x00, 0x3F, 0x30, 0x01, 0x00, 0x13, 0x00, 0x41, 0x00, 0x01, 0x00, 0x41, 0x00
	.byte 0x01, 0x00, 0x41, 0x00, 0x13, 0x00, 0x41, 0x00, 0x01, 0x00, 0x41, 0x00, 0x01, 0x30, 0x31, 0x04
	.byte 0x13, 0x40, 0x44, 0x04, 0x40, 0x31, 0x00, 0x13, 0x00, 0x14, 0x04, 0x10, 0x04, 0x14, 0x04, 0x10
	.byte 0x04, 0x31, 0x04, 0x10, 0x04, 0x14, 0x04, 0x10, 0x04, 0x14, 0x04, 0x10, 0x04, 0x31, 0x04, 0x13
	.byte 0x43, 0x44, 0x04, 0x44, 0x44, 0x00, 0x00, 0x00, 0x30, 0x40, 0x00, 0x00, 0x3F, 0x13, 0x00, 0x30
	.byte 0x11, 0x10, 0x04, 0x10, 0x40, 0x10, 0x04, 0x10, 0x40, 0x10, 0x04, 0x30, 0x11, 0x10, 0x04, 0x10
	.byte 0x40, 0x10, 0x04, 0x10, 0x40, 0x13, 0x43, 0x30, 0x11, 0x44, 0x44, 0x00, 0x44, 0x03, 0x10, 0x00
	.byte 0x00, 0x41, 0x10, 0x04, 0x00, 0x41, 0x10, 0x04, 0x01, 0x43, 0x10, 0x04, 0x41, 0x41, 0x30, 0x11
	.byte 0x41, 0x41, 0x00, 0x44, 0x41, 0x43, 0x00, 0x00, 0x41, 0x44, 0x00, 0x00, 0x40, 0x00, 0x00, 0x00
	.byte 0x30, 0x40, 0x00, 0x00, 0x3F, 0x13, 0x00, 0x30, 0x11, 0x10, 0x04, 0x10, 0x40, 0x10, 0x04, 0x10
	.byte 0x40, 0x10, 0x04, 0x30, 0x11, 0x10, 0x04, 0x10, 0x40, 0x10, 0x04, 0x10, 0x40, 0x13, 0x43, 0x30
	.byte 0x11, 0x44, 0x44, 0x00, 0x44, 0x03, 0x30, 0x11, 0x03, 0x41, 0x10, 0x40, 0x41, 0x41, 0x10, 0x40
	.byte 0x41, 0x43, 0x30, 0x11, 0x43, 0x41, 0x10, 0x40, 0x41, 0x41, 0x10, 0x40, 0x41, 0x43, 0x30, 0x11
	.byte 0x43, 0x44, 0x00, 0x44, 0x44, 0x00, 0x00, 0x00, 0xE0, 0x7F, 0xFF, 0x7F, 0xFF, 0x7F, 0x52, 0x4A
	.byte 0x00, 0x00, 0xD6, 0x56, 0x55, 0x12, 0x32, 0x3E, 0xAE, 0x31, 0x4D, 0x21, 0x4B, 0x21, 0x0A, 0x1D
	.byte 0xC6, 0x18, 0x1F, 0x00, 0x84, 0x10, 0x21, 0x04, 0x30, 0x00, 0x02, 0x00, 0x82, 0x00, 0x1A, 0x30
	.byte 0x23, 0x22, 0x80, 0x33, 0x82, 0x77, 0x60, 0x65, 0x55, 0x55, 0x40, 0x65, 0x86, 0x58, 0x45, 0x78
	.byte 0x44, 0x44, 0x54, 0x83, 0x45, 0x44, 0x54, 0x82, 0x55, 0x45, 0x81, 0x00, 0x1B, 0x22, 0x33, 0x00
	.byte 0x00, 0x77, 0x38, 0x23, 0x00, 0x55, 0x65, 0x56, 0x07, 0x87, 0x67, 0x46, 0x05, 0x44, 0x55, 0x52
	.byte 0x04, 0x44, 0x54, 0x23, 0x54, 0x54, 0x65, 0x53, 0x64, 0xBD, 0x00, 0x04, 0x24, 0x83, 0x66, 0x56
	.byte 0x74, 0x80, 0x22, 0x37, 0x74, 0x12, 0x2C, 0x11, 0xE5, 0x15, 0xCC, 0x11, 0x35, 0x1C, 0xCC, 0x11
	.byte 0x25, 0x11, 0xCC, 0x11, 0xE7, 0x11, 0xCE, 0x1C, 0xDE, 0xEE, 0xC3, 0xCC, 0x65, 0x76, 0x23, 0x65
	.byte 0x82, 0x22, 0x73, 0x65, 0xC1, 0x12, 0x25, 0x55, 0xC1, 0x1E, 0x21, 0x56, 0x11, 0x1E, 0x21, 0x42
	.byte 0x11, 0x1C, 0xC1, 0x58, 0xC1, 0xC2, 0xC1, 0x42, 0xEC, 0xE3, 0xED, 0x5E, 0xBD, 0x00, 0x40, 0xDD
	.byte 0xED, 0xEE, 0xEE, 0xDD, 0xBE, 0xAB, 0xBB, 0xBE, 0xAA, 0xAA, 0xFE, 0xBE, 0xAA, 0xAA, 0xFF, 0x2C
	.byte 0xAB, 0xEA, 0xFF, 0xDE, 0xEC, 0xB2, 0xAB, 0xD2, 0xDD, 0xDD, 0xCC, 0xDD, 0xDD, 0xE3, 0xDD, 0xEE
	.byte 0xEE, 0xDE, 0xDD, 0xAB, 0xBA, 0xEB, 0xDD, 0xAF, 0xAA, 0xBA, 0xD2, 0xEF, 0xAA, 0xAA, 0xC3, 0xEF
	.byte 0xAA, 0xBA, 0x1E, 0xBA, 0x2B, 0xDE, 0xED, 0xCC, 0xDD, 0xDD, 0xEE, 0xDD, 0xE3, 0xDD, 0xDD, 0x02
	.byte 0x80, 0x00, 0x00, 0x08, 0x80, 0x00, 0x00, 0x06, 0x80, 0x00, 0x00, 0x0C, 0x80, 0x00, 0x00, 0x0C
	.byte 0x80, 0x00, 0x00, 0x0C, 0x80, 0x00, 0x00, 0x0D, 0x80, 0x00, 0x00, 0x0C, 0xA0, 0x00, 0x10, 0xEE
	.byte 0xDC, 0xCE, 0xC1, 0xC1, 0x52, 0x44, 0x44, 0x1C, 0x7C, 0x25, 0x32, 0x56, 0x57, 0x25, 0x23, 0x78
	.byte 0x80, 0x55, 0x07, 0x82, 0x82, 0x78, 0x66, 0x00, 0x83, 0x22, 0x22, 0x81, 0x00, 0x1A, 0xC1, 0xEE
	.byte 0xED, 0x7E, 0x44, 0x54, 0x76, 0xCC, 0x23, 0x57, 0x12, 0x5C, 0x23, 0x56, 0x67, 0x75, 0x55, 0x55
	.byte 0x65, 0x88, 0x76, 0x87, 0x82, 0x02, 0x22, 0x82, 0x02, 0x82, 0x00, 0x00, 0x27, 0x80, 0x00, 0x00
	.byte 0x02, 0x80, 0x00, 0x00, 0x07, 0x80, 0x00, 0x00, 0x08, 0xB0, 0x00, 0x00, 0x30, 0x00, 0x02, 0x00
	.byte 0x83, 0x00, 0x19, 0x33, 0x23, 0x00, 0x20, 0x23, 0x78, 0x00, 0x56, 0x56, 0x55, 0x00, 0x54, 0x76
	.byte 0x88, 0x50, 0x25, 0x45, 0x44, 0x40, 0x77, 0x45, 0x44, 0x58, 0x72, 0x55, 0x45, 0x81, 0x00, 0x1B
	.byte 0x22, 0x32, 0x03, 0x00, 0x77, 0x87, 0x32, 0x23, 0x55, 0x55, 0x75, 0x78, 0x86, 0x77, 0x66, 0x45
	.byte 0x44, 0x54, 0x86, 0x44, 0x44, 0x54, 0x32, 0x46, 0x54, 0x65, 0xC3, 0x47, 0x91, 0x00, 0x00, 0x08
	.byte 0x80, 0x00, 0x00, 0x05, 0x80, 0x00, 0x00, 0x04, 0xA0, 0x00, 0x04, 0x55, 0x73, 0x67, 0x56, 0x75
	.byte 0x80, 0x22, 0x38, 0xE5, 0x1C, 0x1E, 0x11, 0xE5, 0x11, 0x1E, 0x11, 0xC2, 0xC1, 0x1E, 0x11, 0x12
	.byte 0xC1, 0x1C, 0x11, 0xCE, 0x21, 0xCC, 0x11, 0xED, 0xEE, 0xEE, 0xCC, 0x65, 0x76, 0x23, 0x46, 0x82
	.byte 0x22, 0xE3, 0x46, 0xE1, 0xC1, 0xE2, 0x45, 0xE1, 0x11, 0xE2, 0x65, 0xC1, 0x11, 0x22, 0x65, 0xC1
	.byte 0x11, 0x3C, 0x55, 0xEC, 0x11, 0x3C, 0x55, 0xEC, 0xEC, 0xED, 0x65, 0x05, 0x80, 0x00, 0x00, 0x08
	.byte 0x80, 0x00, 0x00, 0x02, 0x80, 0x00, 0x00, 0x03, 0x80, 0x00, 0x00, 0x03, 0x80, 0x00, 0x00, 0x08
	.byte 0x80, 0x00, 0x00, 0x08, 0xA4, 0x00, 0x00, 0xED, 0x80, 0xEE, 0x3B, 0xBE, 0xAA, 0xBA, 0xAB, 0xAA
	.byte 0xAA, 0xFA, 0xAF, 0xAA, 0xAA, 0xFE, 0xEF, 0xBB, 0xAA, 0xFF, 0xFF, 0xED, 0xBE, 0xBB, 0x2B, 0xDD
	.byte 0xDC, 0xCD, 0xCC, 0xED, 0xD3, 0xDD, 0xED, 0xEE, 0xEE, 0xDD, 0x65, 0xBA, 0xEB, 0xDD, 0x65, 0xAA
	.byte 0xBA, 0xD2, 0x5C, 0xAA, 0xAA, 0xCB, 0x7C, 0xAA, 0xBA, 0xD2, 0x7C, 0xBB, 0xCE, 0xCD, 0x6C, 0xDD
	.byte 0xDD, 0xE2, 0x5D, 0xD3, 0xDD, 0xDD, 0x5D, 0xBD, 0x00, 0x10, 0xC5, 0xCC, 0xC1, 0xC1, 0x57, 0x55
	.byte 0x55, 0x44, 0x52, 0x22, 0x22, 0x82, 0x55, 0x76, 0x27, 0x73, 0x56, 0x80, 0x55, 0x07, 0x28, 0x82
	.byte 0x72, 0x66, 0x30, 0x23, 0x22, 0x82, 0x81, 0x00, 0x19, 0xDE, 0xDD, 0xEE, 0x57, 0x54, 0x77, 0xCC
	.byte 0x02, 0x75, 0x1C, 0x6C, 0x06, 0x75, 0x55, 0x65, 0x02, 0x55, 0x65, 0x87, 0x00, 0x87, 0x88, 0x02
	.byte 0x00, 0x23, 0x08, 0xC3, 0x00, 0x00, 0x00, 0x00, 0x30, 0x00, 0x02, 0x00, 0x83, 0x00, 0x19, 0x30
	.byte 0x33, 0x00, 0x00, 0x82, 0x83, 0x00, 0x00, 0x55, 0x56, 0x00, 0x50, 0x75, 0x87, 0x00, 0x56, 0x47
	.byte 0x44, 0x00, 0x85, 0x45, 0x44, 0x70, 0x72, 0x55, 0x45, 0x81, 0x00, 0x1B, 0x22, 0x32, 0x33, 0x00
	.byte 0x77, 0x88, 0x28, 0x33, 0x55, 0x55, 0x65, 0x88, 0x88, 0x57, 0x67, 0x45, 0x44, 0x44, 0x67, 0x47
	.byte 0x44, 0x54, 0x38, 0x53, 0x55, 0x55, 0x53, 0x52, 0x85, 0x00, 0x00, 0x03, 0x80, 0x00, 0x00, 0x02
	.byte 0x80, 0x00, 0x00, 0x55, 0x80, 0x00, 0x00, 0x54, 0x80, 0x00, 0x00, 0x44, 0x80, 0x00, 0x00, 0x54
	.byte 0xA0, 0x00, 0x40, 0x60, 0x82, 0x67, 0x55, 0x70, 0xEC, 0x22, 0x22, 0xC7, 0xE1, 0x1C, 0x11, 0x17
	.byte 0xE1, 0x11, 0x11, 0x1C, 0xEC, 0x11, 0x11, 0x1C, 0xCC, 0x11, 0x11, 0xCE, 0xCE, 0x11, 0x11, 0xED
	.byte 0xEE, 0xEE, 0xCC, 0x65, 0x76, 0xE3, 0x4E, 0x28, 0x32, 0xE2, 0x47, 0xCC, 0xEC, 0xC2, 0x45, 0xCE
	.byte 0xC1, 0xC2, 0x55, 0xC2, 0xC1, 0x72, 0x64, 0x1E, 0xC1, 0x63, 0x54, 0x1E, 0xC1, 0x53, 0x84, 0xCE
	.byte 0xEC, 0x5E, 0x55, 0x74, 0x80, 0x00, 0x00, 0x25, 0x80, 0x00, 0x00, 0x26, 0x80, 0x00, 0x00, 0x28
	.byte 0x80, 0x00, 0x00, 0xE7, 0x80, 0x00, 0x00, 0x02, 0x80, 0x00, 0x00, 0x03, 0x80, 0x00, 0x00, 0x02
	.byte 0xA0, 0x00, 0x81, 0xEE, 0x14, 0xAA, 0xBA, 0xBB, 0xBA, 0xAA, 0xFA, 0xEF, 0xAA, 0xAA, 0xFE, 0xFF
	.byte 0xAA, 0xEB, 0xFF, 0xEF, 0xAA, 0xEE, 0xB2, 0xBB, 0xBB, 0xDE, 0x80, 0xDD, 0x23, 0xDE, 0xDD, 0xED
	.byte 0xD2, 0xEE, 0xDD, 0x5D, 0x75, 0xEB, 0xDD, 0x5D, 0x37, 0xBA, 0xDB, 0x5D, 0x86, 0xAA, 0xEB, 0x6C
	.byte 0x25, 0xBA, 0xC2, 0x6C, 0x05, 0xE2, 0x1D, 0x5C, 0x08, 0xDD, 0xE2, 0x5D, 0x03, 0xDD, 0xDD, 0x4C
	.byte 0x03, 0xBD, 0x00, 0x1B, 0x14, 0x1C, 0xEC, 0xDE, 0x67, 0x55, 0x45, 0x65, 0x23, 0x32, 0x52, 0x25
	.byte 0x76, 0x22, 0x52, 0x75, 0x55, 0x54, 0x55, 0x55, 0x78, 0x77, 0x78, 0x87, 0x00, 0x22, 0x32, 0x83
	.byte 0x81, 0x00, 0x18, 0xDD, 0xEE, 0x55, 0x00, 0x77, 0x2C, 0x55, 0x00, 0x11, 0x7C, 0x28, 0x00, 0x6C
	.byte 0x75, 0x02, 0x00, 0x65, 0x87, 0x00, 0x00, 0x88, 0x02, 0x00, 0x00, 0x08, 0xC4, 0x00, 0x00, 0x00
	.byte 0x30, 0x00, 0x02, 0x00, 0x84, 0x00, 0x00, 0x32, 0x80, 0x00, 0x14, 0x28, 0x00, 0x00, 0x50, 0x55
	.byte 0x00, 0x00, 0x55, 0x66, 0x00, 0x60, 0x54, 0x44, 0x00, 0x50, 0x45, 0x44, 0x00, 0x67, 0x55, 0x44
	.byte 0x81, 0x00, 0x07, 0x33, 0x32, 0x33, 0x00, 0x82, 0x87, 0x88, 0x32, 0x80, 0x55, 0x10, 0x26, 0x78
	.byte 0x57, 0x66, 0x55, 0x44, 0x45, 0x66, 0x76, 0x44, 0x54, 0x26, 0x22, 0x55, 0x55, 0x22, 0x2E, 0x85
	.byte 0x00, 0x00, 0x03, 0x80, 0x00, 0x00, 0x23, 0x80, 0x00, 0x0D, 0x56, 0x05, 0x00, 0x00, 0x45, 0x05
	.byte 0x00, 0x00, 0x44, 0x35, 0x00, 0x00, 0x44, 0x36, 0xA0, 0x00, 0x4F, 0x82, 0x67, 0x55, 0xE0, 0x2C
	.byte 0x27, 0x82, 0x12, 0xEC, 0x11, 0xC1, 0x1C, 0xCE, 0x11, 0xC1, 0x11, 0x1E, 0x11, 0x21, 0xC1, 0x1C
	.byte 0x11, 0xE1, 0xED, 0x1C, 0x11, 0x2C, 0xEE, 0xDE, 0xEE, 0x2C, 0x55, 0x85, 0xE3, 0x6C, 0x28, 0x37
	.byte 0x22, 0x42, 0xC2, 0x3E, 0xCC, 0x46, 0x1C, 0x3C, 0xEC, 0x45, 0x1C, 0x3C, 0x6C, 0x54, 0x11, 0x3C
	.byte 0x42, 0x64, 0x11, 0x3C, 0x47, 0x25, 0xCC, 0x2D, 0x45, 0x86, 0x44, 0x32, 0x00, 0x00, 0x54, 0x02
	.byte 0x00, 0x00, 0x25, 0x03, 0x00, 0x00, 0x37, 0x02, 0x00, 0x00, 0x22, 0x80, 0x00, 0x00, 0xE8, 0x80
	.byte 0x00, 0x00, 0x22, 0x80, 0x00, 0x00, 0x32, 0xA0, 0x00, 0x17, 0xBB, 0xEB, 0xEE, 0xEE, 0xAA, 0xEE
	.byte 0xBA, 0xBB, 0xFA, 0xFF, 0xAA, 0xAA, 0xFE, 0xFF, 0xAA, 0xAA, 0xEE, 0xEF, 0xAA, 0xBA, 0x2E, 0x22
	.byte 0x22, 0xE2, 0x80, 0xDD, 0x25, 0xED, 0xDD, 0x3D, 0xDE, 0xDD, 0xDE, 0xED, 0x55, 0x87, 0xDE, 0xDD
	.byte 0x65, 0x26, 0xDB, 0xED, 0x65, 0x32, 0x2B, 0x6D, 0x75, 0x07, 0xCB, 0x5D, 0x75, 0x02, 0x1C, 0x5C
	.byte 0x27, 0x00, 0xE2, 0x5C, 0x22, 0x00, 0xDE, 0x65, 0x32, 0x00, 0x03, 0xBC, 0x00, 0x0F, 0x14, 0xEC
	.byte 0xDD, 0xDD, 0x67, 0x45, 0x75, 0x77, 0x32, 0x52, 0xC2, 0x11, 0x76, 0x56, 0x57, 0x56, 0x80, 0x55
	.byte 0x01, 0x75, 0x72, 0x80, 0x88, 0x02, 0x20, 0x82, 0x88, 0x82, 0x00, 0x10, 0xED, 0x54, 0x02, 0x00
	.byte 0x2E, 0x54, 0x00, 0x00, 0x2C, 0x28, 0x00, 0x00, 0x76, 0x02, 0x00, 0x00, 0x38, 0x80, 0x00, 0x00
	.byte 0x02, 0xC8, 0x00, 0x00, 0x30, 0x00, 0x02, 0x00, 0x8C, 0x00, 0x10, 0x46, 0x00, 0x00, 0x60, 0x64
	.byte 0x00, 0x00, 0x57, 0x44, 0x00, 0x00, 0x55, 0x44, 0x00, 0x70, 0x55, 0x44, 0x81, 0x00, 0x80, 0x33
	.byte 0x18, 0x03, 0x32, 0x88, 0x88, 0x22, 0x65, 0x55, 0x55, 0x75, 0x87, 0x57, 0x66, 0x55, 0x44, 0x45
	.byte 0x45, 0x77, 0x44, 0x44, 0x85, 0x22, 0x55, 0x55, 0x38, 0x32, 0x85, 0x00, 0x00, 0x33, 0x80, 0x00
	.byte 0x12, 0x38, 0x23, 0x00, 0x00, 0x75, 0x78, 0x00, 0x00, 0x56, 0x44, 0x00, 0x00, 0x42, 0x54, 0x03
	.byte 0x00, 0x47, 0x54, 0x02, 0x9F, 0x00, 0x5B, 0x82, 0x67, 0x55, 0xC0, 0xEC, 0x2E, 0x82, 0x1C, 0x1E
	.byte 0x11, 0x21, 0xC1, 0x1C, 0x11, 0xEC, 0xE1, 0x11, 0x11, 0xCC, 0xEC, 0x11, 0x11, 0x1E, 0xC2, 0x1C
	.byte 0xCC, 0x12, 0xEE, 0xDE, 0xEE, 0xCE, 0x55, 0x85, 0x23, 0x21, 0x78, 0x38, 0x22, 0x6E, 0x5C, 0x23
	.byte 0x21, 0x47, 0x11, 0xE2, 0x71, 0x44, 0xC1, 0xC3, 0x5E, 0x54, 0xC1, 0xE3, 0x46, 0x75, 0xC1, 0x23
	.byte 0x44, 0x85, 0xEC, 0x53, 0x54, 0x87, 0x44, 0x25, 0x02, 0x00, 0x54, 0x36, 0x02, 0x00, 0x54, 0x33
	.byte 0x00, 0x00, 0x25, 0x32, 0x00, 0x00, 0x28, 0x3E, 0x00, 0x00, 0x32, 0x0E, 0x00, 0x00, 0x22, 0x0E
	.byte 0x00, 0x00, 0x28, 0xA0, 0x00, 0x1C, 0xBA, 0xEB, 0xEE, 0xDE, 0xFE, 0xAA, 0xBB, 0xDE, 0xFF, 0xAE
	.byte 0xAA, 0xEB, 0xFF, 0xAA, 0xAA, 0x3A, 0xEE, 0xAA, 0xBA, 0xEB, 0xEE, 0xEE, 0xCE, 0x1D, 0xDD, 0xDD
	.byte 0xED, 0xD2, 0x3E, 0x81, 0xDD, 0x1F, 0x4E, 0x65, 0x22, 0xDD, 0x55, 0x76, 0x28, 0xDD, 0x56, 0x76
	.byte 0x32, 0xCD, 0x56, 0x77, 0x02, 0x6D, 0x55, 0x87, 0x00, 0x6C, 0x75, 0x32, 0x00, 0x46, 0x2C, 0x08
	.byte 0x00, 0x45, 0x25, 0x00, 0x00, 0x02, 0xBC, 0x00, 0x19, 0x44, 0xDC, 0xDD, 0x6E, 0x55, 0x77, 0xC7
	.byte 0x72, 0x65, 0x1E, 0xC1, 0x42, 0x54, 0x67, 0x55, 0x26, 0x56, 0x65, 0x77, 0x28, 0x88, 0x82, 0x28
	.byte 0x00, 0x00, 0x03, 0x83, 0x00, 0x08, 0x54, 0x0E, 0x00, 0x00, 0x64, 0x0E, 0x00, 0x00, 0xE2, 0x80
	.byte 0x00, 0x00, 0x32, 0xD0, 0x00, 0x00, 0x00, 0x00, 0x30, 0x00, 0x02, 0x00, 0x90, 0x00, 0x0C, 0x46
	.byte 0x00, 0x00, 0x60, 0x44, 0x00, 0x00, 0x56, 0x44, 0x00, 0x62, 0x55, 0x44, 0x81, 0x00, 0x1B, 0x20
	.byte 0x33, 0x33, 0x00, 0x80, 0x32, 0x82, 0x22, 0x55, 0x56, 0x55, 0x65, 0x76, 0x67, 0x66, 0x55, 0x44
	.byte 0x44, 0x56, 0x77, 0x44, 0x44, 0x65, 0xC2, 0x55, 0x55, 0x38, 0x32, 0x85, 0x00, 0x00, 0x32, 0x80
	.byte 0x00, 0x12, 0x28, 0x33, 0x00, 0x00, 0x65, 0x32, 0x08, 0x00, 0x57, 0x55, 0x65, 0x00, 0x77, 0x44
	.byte 0x25, 0x00, 0x53, 0x44, 0x35, 0x9E, 0x00, 0x5D, 0x20, 0x82, 0x68, 0x55, 0x1C, 0xCC, 0x2E, 0x88
	.byte 0xC1, 0x1C, 0x11, 0xE5, 0xEC, 0x11, 0x11, 0x1E, 0xCE, 0x11, 0xC1, 0x1C, 0x15, 0x11, 0xE1, 0x11
	.byte 0xCE, 0x1C, 0x2C, 0x11, 0xEE, 0xEE, 0xCE, 0xCC, 0x55, 0x85, 0x23, 0x21, 0x72, 0x32, 0x22, 0x2C
	.byte 0x25, 0x23, 0x21, 0x42, 0x21, 0xC3, 0x2C, 0x44, 0x21, 0x12, 0x57, 0x54, 0x3C, 0x62, 0x45, 0x75
	.byte 0x3E, 0x53, 0x54, 0x26, 0x3E, 0x45, 0x55, 0x27, 0x42, 0x54, 0x88, 0x00, 0x44, 0x25, 0x22, 0x00
	.byte 0x44, 0x35, 0x08, 0x00, 0x64, 0x23, 0x03, 0x00, 0x37, 0x22, 0x03, 0x00, 0x22, 0xE2, 0x00, 0x00
	.byte 0x72, 0x2E, 0x00, 0x00, 0x88, 0x02, 0x9F, 0x00, 0x1B, 0xBB, 0xEB, 0xEE, 0xDD, 0xAF, 0xBA, 0xEB
	.byte 0xDD, 0xAE, 0xAA, 0xBB, 0xDD, 0xAA, 0xAA, 0x3A, 0xCD, 0xAA, 0xBA, 0xCB, 0x6D, 0xCC, 0xDC, 0x1D
	.byte 0x6C, 0xDD, 0x2D, 0xD2, 0x46, 0x80, 0xDD, 0x21, 0x45, 0x7E, 0x54, 0x75, 0x72, 0x5D, 0x55, 0x77
	.byte 0x28, 0x55, 0x65, 0x87, 0x32, 0x56, 0x76, 0x87, 0x03, 0x55, 0x65, 0x38, 0x00, 0x25, 0x87, 0x02
	.byte 0x00, 0x2C, 0x22, 0x00, 0x00, 0x2E, 0x03, 0x00, 0x00, 0x38, 0x80, 0x00, 0x00, 0x02, 0xB8, 0x00
	.byte 0x15, 0x65, 0x77, 0x5E, 0xE4, 0xC7, 0xCC, 0x5B, 0x25, 0xCC, 0xCC, 0x52, 0xC3, 0x55, 0x66, 0x37
	.byte 0x33, 0x77, 0x88, 0x32, 0x00, 0x32, 0x08, 0x87, 0x00, 0x00, 0x25, 0x80, 0x00, 0x00, 0x0C, 0x80
	.byte 0x00, 0x00, 0x02, 0xD4, 0x00, 0x00, 0x00, 0x00, 0x30, 0x00, 0x02, 0x00, 0x93, 0x00, 0x09, 0x80
	.byte 0x45, 0x00, 0x00, 0x56, 0x44, 0x00, 0x62, 0x55, 0x44, 0x86, 0x00, 0x16, 0x30, 0x23, 0x22, 0x60
	.byte 0x66, 0x56, 0x65, 0x55, 0x66, 0x66, 0x55, 0x44, 0x44, 0x56, 0x75, 0x44, 0x44, 0x55, 0xC6, 0x45
	.byte 0x54, 0x27, 0x23, 0x85, 0x00, 0x00, 0x32, 0x80, 0x00, 0x13, 0x88, 0x32, 0x00, 0x00, 0x55, 0x37
	.byte 0x33, 0x00, 0x56, 0x75, 0x58, 0x00, 0x26, 0x46, 0x44, 0x06, 0x32, 0x44, 0x54, 0x03, 0x9D, 0x00
	.byte 0x5D, 0xC0, 0x82, 0x68, 0x55, 0xC1, 0xCC, 0x2E, 0x82, 0xCC, 0x11, 0xC1, 0xCE, 0x1E, 0x11, 0xE1
	.byte 0x1C, 0x1C, 0x11, 0xEC, 0x11, 0x11, 0xC1, 0x1E, 0xC1, 0xCD, 0x5C, 0x1C, 0x21, 0xEE, 0xEE, 0xCE
	.byte 0x3C, 0x55, 0x86, 0x23, 0x2C, 0x76, 0x33, 0x22, 0x21, 0x32, 0xC3, 0x3C, 0x52, 0x35, 0x1E, 0x8C
	.byte 0x45, 0x32, 0xC1, 0x47, 0x54, 0x23, 0x6C, 0x44, 0x65, 0x33, 0x45, 0x54, 0x26, 0x63, 0x44, 0x65
	.byte 0x22, 0x53, 0x44, 0x24, 0x32, 0x45, 0x54, 0x87, 0x22, 0x44, 0x75, 0x73, 0x03, 0x44, 0x32, 0x23
	.byte 0x00, 0x85, 0x23, 0x33, 0x00, 0x82, 0x2E, 0x02, 0x00, 0x32, 0xE2, 0x00, 0x00, 0x82, 0x5C, 0x9F
	.byte 0x00, 0x3C, 0xBB, 0xEE, 0xDE, 0xED, 0xAA, 0xBB, 0xDD, 0x5D, 0xAA, 0x3A, 0xDD, 0x6C, 0xAA, 0x3A
	.byte 0xCD, 0x56, 0xBB, 0xCE, 0x5D, 0x55, 0xCD, 0xCC, 0x5E, 0x74, 0x3D, 0xCE, 0x56, 0x2C, 0xDD, 0x5D
	.byte 0x54, 0x22, 0x45, 0x54, 0x26, 0x72, 0x55, 0x65, 0x27, 0x27, 0x55, 0x76, 0x22, 0x32, 0x76, 0x22
	.byte 0x27, 0x02, 0x75, 0x77, 0x02, 0x00, 0x88, 0x37, 0x00, 0x00, 0x83, 0x03, 0x00, 0x00, 0x33, 0x80
	.byte 0x00, 0x04, 0x22, 0x03, 0x00, 0x00, 0x02, 0xB8, 0x00, 0x11, 0xEE, 0x4E, 0xE4, 0xEE, 0xC1, 0x42
	.byte 0xE5, 0x2C, 0x26, 0x26, 0x53, 0x0E, 0x76, 0x22, 0x33, 0x00, 0x88, 0x02, 0x8B, 0x00, 0x00, 0x03
	.byte 0xDC, 0x00, 0x00, 0x00, 0x30, 0x00, 0x02, 0x00, 0x94, 0x00, 0x08, 0x55, 0x00, 0x20, 0x56, 0x44
	.byte 0x00, 0x62, 0x55, 0x44, 0x87, 0x00, 0x15, 0x33, 0x23, 0x00, 0x50, 0x76, 0x77, 0x50, 0x85, 0x67
	.byte 0x55, 0x44, 0x55, 0x56, 0x75, 0x44, 0x44, 0x55, 0xC6, 0x45, 0x54, 0x86, 0x28, 0x85, 0x00, 0x17
	.byte 0x32, 0x03, 0x00, 0x00, 0x87, 0x22, 0x03, 0x00, 0x55, 0x86, 0x33, 0x00, 0x56, 0x54, 0x32, 0x02
	.byte 0x85, 0x57, 0x55, 0x05, 0x22, 0x57, 0x44, 0x74, 0x9D, 0x00, 0x1B, 0xE5, 0x22, 0x68, 0x55, 0x2C
	.byte 0xC1, 0x2E, 0x22, 0x1C, 0x11, 0xE1, 0xEC, 0x1C, 0x11, 0xCE, 0xC1, 0x11, 0xC1, 0x1E, 0x21, 0x11
	.byte 0xEC, 0x11, 0x3C, 0xCE, 0xCE, 0x11, 0x32, 0x80, 0xEE, 0x3F, 0x22, 0x55, 0x86, 0x23, 0x2E, 0x87
	.byte 0x33, 0xE3, 0xC1, 0x33, 0xC2, 0x22, 0x77, 0x23, 0x1C, 0x2E, 0x45, 0xC3, 0xE1, 0x47, 0x44, 0xC2
	.byte 0x57, 0x44, 0x65, 0x73, 0x44, 0x54, 0x26, 0x46, 0x54, 0x75, 0x82, 0x33, 0x45, 0x44, 0x36, 0x52
	.byte 0x44, 0x55, 0x72, 0x44, 0x55, 0x22, 0x27, 0x54, 0x25, 0x73, 0x38, 0x75, 0xE3, 0x33, 0x02, 0x82
	.byte 0xE2, 0x32, 0x00, 0x37, 0xEE, 0x02, 0x00, 0x22, 0xCE, 0x02, 0x82, 0x00, 0x00, 0x02, 0x80, 0x00
	.byte 0x00, 0x03, 0x94, 0x00, 0x38, 0xEB, 0xDE, 0xDD, 0x5E, 0xBA, 0xDE, 0xDD, 0x55, 0xAA, 0xD2, 0x6D
	.byte 0x55, 0xBB, 0xDE, 0x56, 0x65, 0xCC, 0x5D, 0x55, 0x65, 0xDC, 0x55, 0x75, 0x82, 0xED, 0x45, 0x22
	.byte 0x23, 0x5D, 0xE4, 0xE2, 0x33, 0x44, 0x55, 0x72, 0x78, 0x55, 0x76, 0x27, 0x28, 0x65, 0x72, 0x22
	.byte 0x22, 0x76, 0x82, 0x38, 0x03, 0x27, 0x22, 0x02, 0x00, 0x22, 0x32, 0x00, 0x00, 0x38, 0x80, 0x00
	.byte 0x00, 0x03, 0x80, 0x00, 0x05, 0x38, 0xEE, 0x00, 0x00, 0x32, 0x03, 0xB7, 0x00, 0x0D, 0x47, 0xE7
	.byte 0xEE, 0x33, 0x55, 0xC2, 0xEC, 0x00, 0x28, 0xE3, 0x0E, 0x00, 0x28, 0x33, 0xEF, 0x00, 0x00, 0x00
	.byte 0x30, 0x00, 0x02, 0x00, 0x94, 0x00, 0x08, 0x56, 0x00, 0x80, 0x56, 0x44, 0x20, 0x62, 0x55, 0x54
	.byte 0x88, 0x00, 0x14, 0x32, 0x00, 0x00, 0x50, 0x28, 0x00, 0x57, 0x65, 0x55, 0x44, 0x55, 0x56, 0x65
	.byte 0x44, 0x44, 0x55, 0xC5, 0x44, 0x54, 0x65, 0x27, 0x85, 0x00, 0x00, 0x33, 0x80, 0x00, 0x13, 0x88
	.byte 0x22, 0x03, 0x00, 0x55, 0x86, 0x32, 0x00, 0x56, 0x54, 0x37, 0x33, 0x85, 0x57, 0x75, 0x78, 0xE6
	.byte 0x68, 0x45, 0x44, 0x99, 0x00, 0x00, 0x06, 0x80, 0x00, 0x60, 0xEC, 0x27, 0x67, 0x55, 0xCE, 0xC1
	.byte 0x2E, 0x78, 0x1C, 0x11, 0xCE, 0x2C, 0x11, 0xC1, 0x1C, 0x2C, 0x11, 0xEC, 0x11, 0x32, 0xC1, 0x1E
	.byte 0xC1, 0x33, 0xEE, 0x1C, 0x21, 0x33, 0xEE, 0xDE, 0x3E, 0x52, 0x55, 0x86, 0x33, 0x32, 0x87, 0x33
	.byte 0xC3, 0xC1, 0x33, 0xC2, 0x23, 0x2C, 0xC3, 0x11, 0x22, 0x46, 0x17, 0x7C, 0x47, 0x44, 0xEC, 0x57
	.byte 0x44, 0x55, 0x57, 0x44, 0x55, 0x37, 0x44, 0x55, 0x25, 0x72, 0x33, 0x42, 0x44, 0x55, 0x23, 0x44
	.byte 0x44, 0x35, 0x45, 0x54, 0x65, 0x73, 0x44, 0x55, 0x32, 0x77, 0x54, 0x37, 0x23, 0x28, 0x27, 0x23
	.byte 0x32, 0x32, 0x22, 0x22, 0x32, 0x03, 0x32, 0xEE, 0x0E, 0x00, 0x02, 0x80, 0x00, 0x00, 0x08, 0x80
	.byte 0x00, 0x00, 0x32, 0x80, 0x00, 0x00, 0x02, 0x90, 0x00, 0x38, 0xDE, 0xDD, 0x7E, 0x45, 0xDB, 0xDD
	.byte 0x56, 0x54, 0xD3, 0x6D, 0x56, 0x65, 0xCC, 0x66, 0x65, 0x85, 0x6C, 0x55, 0x55, 0x77, 0x56, 0x75
	.byte 0x72, 0x87, 0x75, 0x22, 0x22, 0x28, 0x25, 0x22, 0x32, 0x33, 0x54, 0x65, 0x28, 0x88, 0x65, 0x72
	.byte 0x22, 0x28, 0x76, 0x87, 0x27, 0x22, 0x27, 0x82, 0x22, 0x03, 0x72, 0x38, 0x03, 0x00, 0x32, 0x03
	.byte 0x00, 0x00, 0x03, 0x84, 0x00, 0x08, 0x22, 0xCC, 0x02, 0x00, 0x38, 0x33, 0x00, 0x00, 0x03, 0xB4
	.byte 0x00, 0x0C, 0xE2, 0xCE, 0x02, 0x00, 0xC2, 0x5C, 0x00, 0x00, 0x23, 0x02, 0x00, 0x00, 0x33, 0xF0
	.byte 0x00, 0x00, 0x00, 0x00, 0x30, 0x00, 0x02, 0x00, 0x94, 0x00, 0x08, 0x56, 0x00, 0x80, 0x56, 0x44
	.byte 0x20, 0x72, 0x55, 0x54, 0x88, 0x00, 0x00, 0x20, 0x80, 0x00, 0x10, 0x20, 0x00, 0x00, 0x57, 0x55
	.byte 0x55, 0x45, 0x56, 0x75, 0x44, 0x44, 0x55, 0xC5, 0x44, 0x54, 0x65, 0x76, 0x85, 0x00, 0x00, 0x03
	.byte 0x80, 0x00, 0x13, 0x23, 0x22, 0x03, 0x00, 0x55, 0x86, 0x22, 0x03, 0x56, 0x55, 0x86, 0x33, 0x7C
	.byte 0x57, 0x64, 0x33, 0xC1, 0x82, 0x55, 0x65, 0x95, 0x00, 0x00, 0x03, 0x80, 0x00, 0x00, 0x06, 0x80
	.byte 0x00, 0x60, 0x5C, 0x2E, 0x68, 0x55, 0x1C, 0xC1, 0x82, 0x77, 0x11, 0xC1, 0xCC, 0x32, 0x11, 0xCC
	.byte 0x11, 0x32, 0xC1, 0x12, 0xE1, 0x23, 0xEC, 0x11, 0x3C, 0xC3, 0xCE, 0xC1, 0x33, 0x73, 0xEE, 0xEE
	.byte 0x83, 0x45, 0x55, 0x86, 0x32, 0x33, 0x27, 0x33, 0xC3, 0xEC, 0x33, 0xCE, 0xC3, 0x2C, 0xC2, 0xC1
	.byte 0x23, 0x57, 0x11, 0x2C, 0x46, 0x44, 0x7C, 0x46, 0x44, 0x55, 0x45, 0x44, 0x55, 0x26, 0x44, 0x55
	.byte 0x85, 0x22, 0x22, 0x68, 0x45, 0x44, 0x33, 0x42, 0x44, 0x45, 0x52, 0x44, 0x45, 0x25, 0x44, 0x55
	.byte 0x85, 0x73, 0x54, 0x25, 0x33, 0x76, 0x25, 0x23, 0x32, 0x22, 0x22, 0xE2, 0x3E, 0x32, 0x32, 0x2E
	.byte 0x3E, 0x00, 0x04, 0x80, 0x00, 0x00, 0x32, 0x80, 0x00, 0x00, 0x32, 0x80, 0x00, 0x00, 0x22, 0x80
	.byte 0x00, 0x00, 0x32, 0x8C, 0x00, 0x35, 0xDD, 0xED, 0x46, 0x44, 0xDD, 0x6D, 0x55, 0x55, 0x6D, 0x56
	.byte 0x65, 0x66, 0x66, 0x55, 0x66, 0x78, 0x55, 0x55, 0x76, 0x86, 0x77, 0x22, 0x87, 0x88, 0x2E, 0x3E
	.byte 0x78, 0x32, 0x22, 0x35, 0x33, 0x00, 0x55, 0x75, 0x28, 0x28, 0x75, 0x78, 0x88, 0x87, 0x77, 0x28
	.byte 0x27, 0x22, 0x82, 0x27, 0x22, 0x02, 0x27, 0x23, 0x03, 0x00, 0x33, 0x03, 0x87, 0x00, 0x09, 0x37
	.byte 0xCE, 0x0E, 0x00, 0x32, 0xEC, 0x03, 0x00, 0x32, 0x33, 0xB3, 0x00, 0x08, 0xCE, 0x3E, 0x00, 0x00
	.byte 0xEC, 0x03, 0x00, 0x00, 0x33, 0xF4, 0x00, 0x00, 0x30, 0x00, 0x02, 0x00, 0x94, 0x00, 0x08, 0x57
	.byte 0x00, 0x70, 0x56, 0x44, 0xEE, 0x72, 0x55, 0x54, 0x90, 0x00, 0x0C, 0x57, 0x55, 0x65, 0x77, 0x75
	.byte 0x44, 0x44, 0x54, 0xC5, 0x44, 0x44, 0x55, 0x76, 0x89, 0x00, 0x13, 0x32, 0x33, 0x03, 0x00, 0x76
	.byte 0x88, 0x22, 0x03, 0x57, 0x55, 0x86, 0x32, 0x6C, 0x57, 0x54, 0x38, 0x1C, 0x82, 0x55, 0x36, 0x95
	.byte 0x00, 0x00, 0x03, 0x80, 0x00, 0x00, 0x08, 0x80, 0x00, 0x49, 0xCC, 0x3C, 0x67, 0x55, 0x11, 0xC1
	.byte 0x22, 0x77, 0x11, 0xEC, 0xC1, 0x33, 0xC1, 0x12, 0x51, 0x33, 0x2C, 0x11, 0x35, 0xC3, 0x12, 0xC1
	.byte 0x33, 0xC5, 0x1D, 0x3C, 0x33, 0x57, 0xDD, 0x2E, 0x56, 0x44, 0x55, 0x76, 0x28, 0x22, 0x38, 0x33
	.byte 0xE3, 0x2C, 0x23, 0x25, 0x12, 0xE1, 0x1C, 0x21, 0x23, 0x67, 0xC1, 0x25, 0x56, 0x44, 0x77, 0x45
	.byte 0x44, 0x54, 0x44, 0x44, 0x55, 0x26, 0x54, 0x55, 0x26, 0x72, 0xC2, 0x85, 0x57, 0x55, 0x33, 0x63
	.byte 0x44, 0x44, 0x23, 0x45, 0x80, 0x44, 0x13, 0x54, 0x55, 0x26, 0x54, 0x54, 0x32, 0x63, 0x55, 0x32
	.byte 0x33, 0x76, 0x38, 0x23, 0x32, 0x23, 0x38, 0x22, 0x32, 0x23, 0x65, 0x80, 0x00, 0x00, 0x44, 0x80
	.byte 0x00, 0x00, 0x32, 0x80, 0x00, 0x08, 0x78, 0x03, 0x00, 0x00, 0x87, 0x03, 0x00, 0x00, 0x37, 0x80
	.byte 0x00, 0x00, 0x03, 0x84, 0x00, 0x04, 0xDD, 0x56, 0x44, 0x54, 0x6C, 0x80, 0x55, 0x2C, 0x56, 0x65
	.byte 0x65, 0x77, 0x55, 0x55, 0x28, 0x26, 0x55, 0x76, 0x76, 0x78, 0x32, 0x22, 0x78, 0x32, 0x2E, 0x73
	.byte 0x38, 0x03, 0x2C, 0x33, 0x03, 0x00, 0x55, 0x86, 0x72, 0x28, 0x26, 0x72, 0x82, 0x87, 0x27, 0x82
	.byte 0x28, 0x82, 0x72, 0x32, 0x22, 0x33, 0x22, 0x32, 0x02, 0x00, 0x32, 0x88, 0x00, 0x0C, 0x32, 0x22
	.byte 0x35, 0x03, 0x22, 0xCC, 0x0E, 0x00, 0x32, 0x2E, 0x00, 0x00, 0x30, 0xB0, 0x00, 0x00, 0x3C, 0x80
	.byte 0x00, 0x00, 0x03, 0xF8, 0x00, 0x00, 0x00, 0x00, 0x30, 0x00, 0x02, 0x00, 0x94, 0x00, 0x08, 0x58
	.byte 0x00, 0x73, 0x55, 0x44, 0xEE, 0x72, 0x55, 0x55, 0x91, 0x00, 0x0B, 0x55, 0x65, 0x67, 0x75, 0x44
	.byte 0x44, 0x54, 0xC6, 0x44, 0x44, 0x55, 0x66, 0x8A, 0x00, 0x12, 0x32, 0x03, 0x00, 0x66, 0x22, 0x22
	.byte 0x03, 0x57, 0x55, 0x86, 0x22, 0x7C, 0x57, 0x54, 0x27, 0x1C, 0x85, 0x45, 0x25, 0x95, 0x00, 0x00
	.byte 0x03, 0x80, 0x00, 0x00, 0x33, 0x80, 0x00, 0x60, 0x1C, 0x2C, 0x67, 0x55, 0x11, 0xE1, 0x22, 0x77
	.byte 0xC1, 0xCC, 0x21, 0x33, 0xEC, 0x11, 0x3C, 0xE3, 0x12, 0xE1, 0x33, 0x1C, 0x11, 0x32, 0xE3, 0xEC
	.byte 0xED, 0x33, 0x23, 0x55, 0xED, 0x68, 0x45, 0x44, 0x55, 0x65, 0x87, 0x88, 0x38, 0x33, 0x22, 0x32
	.byte 0x23, 0x32, 0x1E, 0xE1, 0x1C, 0x3C, 0xC2, 0x72, 0xC1, 0x22, 0x57, 0x45, 0x77, 0x45, 0x44, 0x54
	.byte 0x44, 0x44, 0x55, 0x55, 0x54, 0x55, 0x26, 0x82, 0x1E, 0x2C, 0x58, 0x65, 0x23, 0x82, 0x57, 0x44
	.byte 0x33, 0x52, 0x44, 0x54, 0x45, 0x44, 0x54, 0x54, 0x44, 0x55, 0x55, 0x32, 0x55, 0x75, 0x33, 0x68
	.byte 0x32, 0x33, 0x23, 0x87, 0x32, 0x23, 0x32, 0x22, 0x22, 0x80, 0x00, 0x00, 0x44, 0x80, 0x00, 0x10
	.byte 0x44, 0x07, 0x00, 0x00, 0x32, 0x02, 0x00, 0x00, 0x78, 0x02, 0x00, 0x00, 0x82, 0x08, 0x00, 0x00
	.byte 0x22, 0x80, 0x00, 0x00, 0x03, 0x80, 0x00, 0x34, 0x5C, 0x45, 0x44, 0x55, 0x56, 0x55, 0x55, 0x66
	.byte 0x65, 0x66, 0x86, 0x67, 0x55, 0x87, 0x67, 0x28, 0x77, 0x77, 0x82, 0x87, 0x23, 0x88, 0x27, 0x23
	.byte 0x23, 0x32, 0x33, 0x00, 0x33, 0x03, 0x00, 0x00, 0x55, 0x82, 0x78, 0x28, 0x22, 0x87, 0x88, 0x77
	.byte 0x27, 0x78, 0x88, 0x83, 0x78, 0x38, 0x22, 0x32, 0x22, 0x32, 0x03, 0x00, 0x03, 0x88, 0x00, 0x0D
	.byte 0x23, 0x22, 0x3E, 0x33, 0x23, 0xEE, 0x0E, 0x00, 0x53, 0xCC, 0x03, 0x00, 0x33, 0x33, 0xFF, 0x00
	.byte 0xAD, 0x00, 0x00, 0x00, 0x30, 0x00, 0x02, 0x00, 0x94, 0x00, 0x08, 0x50, 0x00, 0x83, 0x55, 0x44
	.byte 0xEC, 0x73, 0x55, 0x55, 0x91, 0x00, 0x0B, 0x55, 0x65, 0x00, 0x50, 0x44, 0x44, 0x54, 0xC7, 0x44
	.byte 0x44, 0x54, 0x76, 0x8E, 0x00, 0x0E, 0x20, 0x33, 0x03, 0x66, 0x65, 0x87, 0x32, 0x7C, 0x57, 0x54
	.byte 0x27, 0x11, 0x75, 0x45, 0x75, 0x95, 0x00, 0x00, 0x02, 0x80, 0x00, 0x00, 0x32, 0x80, 0x00, 0x24
	.byte 0x1C, 0x2C, 0x67, 0x55, 0x11, 0x2C, 0x83, 0x87, 0xC1, 0x1C, 0x3E, 0x33, 0x15, 0xC1, 0x33, 0xC2
	.byte 0x11, 0x32, 0xC3, 0x11, 0x21, 0x33, 0xC2, 0x7E, 0x3E, 0x23, 0x57, 0x45, 0x62, 0x45, 0x44, 0x44
	.byte 0x55, 0x65, 0x66, 0x86, 0x32, 0x80, 0x33, 0x0D, 0x22, 0x33, 0x1C, 0x2C, 0x11, 0x32, 0xCC, 0x2C
	.byte 0xCC, 0x22, 0x62, 0x45, 0x57, 0x45, 0x81, 0x44, 0x00, 0x45, 0x80, 0x55, 0x22, 0x26, 0x28, 0xCE
	.byte 0x81, 0x58, 0x64, 0xC3, 0x2C, 0x68, 0x55, 0x33, 0x73, 0x44, 0x44, 0x52, 0x45, 0x44, 0x45, 0x44
	.byte 0x54, 0x45, 0x64, 0x55, 0x54, 0x27, 0x23, 0x75, 0x32, 0x23, 0x67, 0x33, 0x23, 0x23, 0x28, 0x33
	.byte 0x80, 0x00, 0x18, 0x57, 0x02, 0x00, 0x00, 0x44, 0x06, 0x00, 0x00, 0x54, 0x02, 0x00, 0x00, 0x32
	.byte 0x32, 0x00, 0x00, 0x77, 0x22, 0x00, 0x00, 0x22, 0x28, 0x00, 0x00, 0x32, 0x80, 0x00, 0x01, 0x45
	.byte 0x44, 0x81, 0x55, 0x16, 0x65, 0x26, 0x66, 0x86, 0x87, 0x77, 0x87, 0x62, 0x87, 0x88, 0x77, 0x22
	.byte 0x78, 0x22, 0x82, 0x27, 0x33, 0x32, 0x32, 0x33, 0x03, 0x00, 0x03, 0x80, 0x00, 0x14, 0x65, 0x82
	.byte 0x78, 0x27, 0x82, 0x87, 0x88, 0x28, 0x22, 0x78, 0x28, 0x32, 0x27, 0x32, 0x22, 0x28, 0x23, 0x32
	.byte 0x02, 0x00, 0x02, 0x88, 0x00, 0x10, 0x23, 0xE2, 0x32, 0x22, 0x23, 0x22, 0x3E, 0x03, 0xC2, 0xCC
	.byte 0x03, 0x00, 0xE3, 0x25, 0x00, 0x00, 0x30, 0x8C, 0x00, 0x00, 0x02, 0xFF, 0x00, 0x9A, 0x00, 0x00
	.byte 0x30, 0x00, 0x02, 0x00, 0x94, 0x00, 0x08, 0x60, 0x20, 0x73, 0x55, 0x44, 0xCC, 0x72, 0x55, 0x45
	.byte 0x91, 0x00, 0x0B, 0x55, 0x75, 0x00, 0x00, 0x44, 0x44, 0x54, 0x67, 0x44, 0x44, 0x54, 0x76, 0x8F
	.byte 0x00, 0x0D, 0x32, 0x00, 0x00, 0x56, 0x38, 0x32, 0x7C, 0x57, 0x55, 0x27, 0x11, 0x77, 0x45, 0x75
	.byte 0x95, 0x00, 0x00, 0x02, 0x80, 0x00, 0x00, 0x32, 0x80, 0x00, 0x35, 0x11, 0x2E, 0x67, 0x55, 0xC1
	.byte 0xEC, 0x73, 0x87, 0xCE, 0xC1, 0x33, 0x33, 0x11, 0x3C, 0x23, 0xCC, 0x21, 0x33, 0x1E, 0x11, 0x32
	.byte 0x23, 0xEC, 0x77, 0x22, 0x68, 0x55, 0x44, 0x45, 0x44, 0x44, 0x54, 0x55, 0x55, 0x65, 0x75, 0x22
	.byte 0x33, 0x33, 0x22, 0x22, 0x23, 0xCC, 0x32, 0xC1, 0x23, 0xC1, 0x35, 0x5C, 0x23, 0x27, 0x56, 0x57
	.byte 0x45, 0x81, 0x44, 0x13, 0x45, 0x54, 0x55, 0x55, 0x86, 0x82, 0xCC, 0x71, 0x58, 0x54, 0xCE, 0x21
	.byte 0x62, 0x55, 0x23, 0x27, 0x67, 0x45, 0x23, 0x57, 0x81, 0x44, 0x0E, 0x54, 0x44, 0x54, 0x55, 0x55
	.byte 0x27, 0x55, 0x26, 0x33, 0x72, 0x33, 0x33, 0x63, 0x76, 0x32, 0x80, 0x00, 0x00, 0x32, 0x80, 0x00
	.byte 0x17, 0x55, 0x02, 0x00, 0x00, 0x44, 0x05, 0x00, 0x00, 0x54, 0x02, 0x00, 0x00, 0x33, 0x32, 0x00
	.byte 0x00, 0x86, 0x82, 0x00, 0x00, 0x82, 0x22, 0x00, 0x00, 0x81, 0x55, 0x14, 0x65, 0x65, 0x75, 0x77
	.byte 0x86, 0x22, 0x77, 0x27, 0x67, 0x26, 0x28, 0x78, 0x22, 0x78, 0x28, 0x33, 0x28, 0x32, 0x32, 0x23
	.byte 0x33, 0x84, 0x00, 0x13, 0x75, 0x28, 0x82, 0x27, 0x78, 0x22, 0x28, 0x32, 0x88, 0x68, 0x28, 0x32
	.byte 0x28, 0x33, 0x82, 0x32, 0x22, 0x32, 0x33, 0x32, 0x89, 0x00, 0x02, 0x23, 0x23, 0x33, 0x80, 0x22
	.byte 0x0B, 0x32, 0x22, 0xE2, 0x5E, 0x32, 0x00, 0xCE, 0xEC, 0x03, 0x00, 0x33, 0x03, 0x8B, 0x00, 0x00
	.byte 0x38, 0x80, 0x00, 0x00, 0x03, 0xFF, 0x00, 0x96, 0x00, 0x00, 0x00, 0x00, 0x30, 0x00, 0x02, 0x00
	.byte 0x94, 0x00, 0x08, 0x60, 0xE0, 0x72, 0x55, 0x44, 0xCC, 0x72, 0x55, 0x45, 0x91, 0x00, 0x0B, 0x55
	.byte 0x06, 0x00, 0x00, 0x44, 0x44, 0x54, 0x28, 0x44, 0x44, 0x54, 0x76, 0x93, 0x00, 0x09, 0x80, 0x33
	.byte 0x76, 0x57, 0x74, 0x28, 0xC1, 0x87, 0x45, 0x75, 0x95, 0x00, 0x00, 0x02, 0x80, 0x00, 0x00, 0x32
	.byte 0x80, 0x00, 0x19, 0x11, 0x2E, 0x56, 0x55, 0xCC, 0x2C, 0x82, 0x28, 0x1C, 0xEC, 0x33, 0x23, 0x51
	.byte 0x33, 0xC2, 0x1C, 0x32, 0x23, 0x11, 0xC1, 0x33, 0x23, 0x76, 0x27, 0x56, 0x55, 0x82, 0x44, 0x81
	.byte 0x55, 0x12, 0x85, 0x22, 0x22, 0x82, 0x88, 0x32, 0xE3, 0x25, 0x33, 0x21, 0xC3, 0x11, 0x3E, 0x2C
	.byte 0x23, 0x7E, 0x62, 0x56, 0x55, 0x81, 0x44, 0x01, 0x54, 0x54, 0x80, 0x55, 0x21, 0x26, 0x1C, 0x21
	.byte 0x58, 0x54, 0xCC, 0xEC, 0x62, 0x44, 0x62, 0x2C, 0x72, 0x55, 0x33, 0x62, 0x55, 0x44, 0x55, 0x44
	.byte 0x44, 0x45, 0x44, 0x55, 0x45, 0x54, 0x45, 0x55, 0x75, 0x32, 0x22, 0x33, 0x23, 0x67, 0x38, 0x80
	.byte 0x00, 0x00, 0x38, 0x80, 0x00, 0x17, 0x22, 0x03, 0x00, 0x00, 0x55, 0x07, 0x00, 0x00, 0x44, 0x04
	.byte 0x00, 0x00, 0x25, 0x22, 0x00, 0x00, 0x23, 0x28, 0x00, 0x00, 0x87, 0x28, 0x00, 0x00, 0x81, 0x55
	.byte 0x13, 0x75, 0x75, 0x78, 0x82, 0x27, 0x67, 0x86, 0x82, 0x27, 0x28, 0x78, 0x87, 0x77, 0x28, 0x38
	.byte 0x23, 0x33, 0x32, 0x33, 0x02, 0x85, 0x00, 0x13, 0x26, 0x22, 0x82, 0x38, 0x67, 0x27, 0x22, 0x33
	.byte 0x82, 0x68, 0x86, 0x23, 0x82, 0x33, 0x82, 0x53, 0x22, 0x28, 0x32, 0x33, 0x89, 0x00, 0x14, 0x23
	.byte 0x33, 0x72, 0x27, 0x22, 0xE2, 0x33, 0x28, 0x22, 0xEE, 0x33, 0x32, 0x5C, 0x2C, 0x03, 0x00, 0xE5
	.byte 0x32, 0x00, 0x00, 0x33, 0x88, 0x00, 0x04, 0x28, 0x22, 0x00, 0x00, 0x03, 0x80, 0x00, 0x00, 0x03
	.byte 0xFF, 0x00, 0x92, 0x00, 0x30, 0x00, 0x02, 0x00, 0x94, 0x00, 0x08, 0x67, 0xEE, 0x72, 0x55, 0x44
	.byte 0x1C, 0x72, 0x55, 0x45, 0x91, 0x00, 0x0B, 0x55, 0x07, 0x00, 0x00, 0x44, 0x44, 0x65, 0x08, 0x44
	.byte 0x44, 0x54, 0x76, 0x94, 0x00, 0x08, 0x30, 0x00, 0x67, 0x65, 0x33, 0x61, 0x82, 0x55, 0x85, 0x95
	.byte 0x00, 0x00, 0x03, 0x80, 0x00, 0x00, 0x32, 0x80, 0x00, 0x18, 0xC1, 0x82, 0x56, 0x55, 0xCC, 0x2C
	.byte 0x88, 0x28, 0xC1, 0x3E, 0x33, 0x22, 0x35, 0x23, 0xCC, 0x11, 0x33, 0x12, 0x11, 0xCC, 0x23, 0x77
	.byte 0x77, 0x72, 0x45, 0x82, 0x44, 0x82, 0x55, 0x13, 0x75, 0x22, 0x88, 0x78, 0x86, 0x32, 0x23, 0x32
	.byte 0x33, 0x3C, 0x12, 0xC1, 0x33, 0x3E, 0xE2, 0x22, 0x22, 0x55, 0x55, 0x45, 0x81, 0x44, 0x82, 0x55
	.byte 0x11, 0x11, 0x21, 0x58, 0x54, 0xCE, 0xC1, 0x62, 0x44, 0xC5, 0x2C, 0x72, 0x55, 0x23, 0x22, 0x68
	.byte 0x55, 0x22, 0x45, 0x81, 0x44, 0x0A, 0x54, 0x45, 0x55, 0x45, 0x54, 0x55, 0x75, 0x22, 0x32, 0x23
	.byte 0x28, 0x80, 0x00, 0x00, 0x27, 0x80, 0x00, 0x17, 0x38, 0x03, 0x00, 0x00, 0x78, 0x02, 0x00, 0x00
	.byte 0x46, 0x02, 0x00, 0x00, 0x44, 0x35, 0x00, 0x00, 0x22, 0x32, 0x00, 0x00, 0x82, 0x37, 0x00, 0x00
	.byte 0x80, 0x55, 0x13, 0x65, 0x26, 0x78, 0x27, 0x88, 0x77, 0x86, 0x22, 0x28, 0x28, 0x78, 0x76, 0x22
	.byte 0x22, 0x32, 0x23, 0x22, 0x33, 0x23, 0x02, 0x86, 0x00, 0x13, 0x22, 0x32, 0x22, 0x33, 0x67, 0x87
	.byte 0x22, 0x33, 0x82, 0x78, 0x37, 0x23, 0x82, 0x32, 0x33, 0xE2, 0x22, 0x22, 0x32, 0xC3, 0x80, 0x00
	.byte 0x00, 0x33, 0x85, 0x00, 0x15, 0x33, 0x23, 0x67, 0x76, 0x22, 0x33, 0x22, 0x78, 0x22, 0x32, 0x23
	.byte 0x22, 0xEE, 0x3C, 0x33, 0x33, 0xCC, 0x3E, 0x00, 0x00, 0x32, 0x03, 0x87, 0x00, 0x08, 0x82, 0x28
	.byte 0x00, 0x00, 0x27, 0x38, 0x00, 0x00, 0x03, 0xFF, 0x00, 0x92, 0x00, 0x00, 0x30, 0x00, 0x02, 0x00
	.byte 0x93, 0x00, 0x09, 0x80, 0x66, 0x5E, 0x77, 0x55, 0x44, 0x11, 0x72, 0x55, 0x45, 0x91, 0x00, 0x00
	.byte 0x86, 0x80, 0x00, 0x07, 0x44, 0x44, 0x65, 0x00, 0x44, 0x44, 0x54, 0x26, 0x98, 0x00, 0x04, 0x30
	.byte 0x5E, 0x77, 0x56, 0x26, 0x95, 0x00, 0x00, 0x03, 0x80, 0x00, 0x00, 0x32, 0x80, 0x00, 0x17, 0xC1
	.byte 0x22, 0x56, 0x55, 0x11, 0x3C, 0x22, 0x22, 0x2C, 0x32, 0x23, 0x22, 0x33, 0xC2, 0x1C, 0x11, 0x23
	.byte 0xCC, 0xCC, 0x5C, 0x22, 0x72, 0x77, 0x56, 0x81, 0x44, 0x82, 0x55, 0x12, 0x45, 0x55, 0x76, 0x88
	.byte 0x78, 0x66, 0x26, 0x33, 0x22, 0x33, 0x28, 0x32, 0x1C, 0x2C, 0x33, 0x33, 0xC5, 0x2C, 0x33, 0x81
	.byte 0x55, 0x81, 0x44, 0x24, 0x54, 0x55, 0x45, 0x44, 0x11, 0x2C, 0x58, 0x55, 0x1C, 0xC1, 0x62, 0x44
	.byte 0xCC, 0xEC, 0x72, 0x44, 0xC2, 0x2C, 0x62, 0x55, 0x23, 0x57, 0x56, 0x65, 0x45, 0x44, 0x44, 0x54
	.byte 0x55, 0x55, 0x44, 0x44, 0x55, 0x55, 0x75, 0x22, 0x28, 0x80, 0x00, 0x00, 0x27, 0x80, 0x00, 0x2B
	.byte 0x37, 0x02, 0x00, 0x00, 0x32, 0x03, 0x00, 0x00, 0x87, 0x02, 0x00, 0x00, 0x55, 0x02, 0x00, 0x00
	.byte 0x44, 0x37, 0x00, 0x00, 0x22, 0x32, 0x00, 0x00, 0x55, 0x66, 0x55, 0x76, 0x77, 0x22, 0x88, 0x77
	.byte 0x28, 0x22, 0x88, 0x22, 0x67, 0x77, 0x22, 0x22, 0x33, 0x23, 0x32, 0x33, 0x89, 0x00, 0x80, 0x22
	.byte 0x14, 0x32, 0x77, 0x76, 0x38, 0x23, 0x82, 0x88, 0x32, 0x23, 0x82, 0x88, 0x22, 0x2E, 0x22, 0x82
	.byte 0x32, 0xCC, 0x00, 0x00, 0x30, 0xE2, 0x80, 0x00, 0x00, 0x30, 0x81, 0x00, 0x15, 0x33, 0x33, 0x23
	.byte 0x82, 0x33, 0x73, 0x56, 0x22, 0x32, 0x33, 0x77, 0x27, 0xC2, 0x32, 0x22, 0x22, 0x5C, 0x33, 0x33
	.byte 0x00, 0x3E, 0x03, 0x87, 0x00, 0x09, 0x78, 0x32, 0x00, 0x00, 0x22, 0x22, 0x00, 0x00, 0x22, 0x03
	.byte 0xFF, 0x00, 0x91, 0x00, 0x30, 0x00, 0x02, 0x00, 0x92, 0x00, 0x0A, 0x30, 0x78, 0x66, 0xCC, 0x72
	.byte 0x45, 0x44, 0x11, 0x72, 0x55, 0x45, 0x91, 0x00, 0x00, 0x07, 0x80, 0x00, 0x07, 0x44, 0x44, 0x75
	.byte 0x00, 0x44, 0x44, 0x54, 0x25, 0x99, 0x00, 0x03, 0x65, 0x65, 0x07, 0x20, 0x99, 0x00, 0x00, 0x32
	.byte 0x80, 0x00, 0x04, 0xCE, 0x72, 0x56, 0x55, 0xC1, 0x80, 0x22, 0x0B, 0x32, 0x33, 0x22, 0x22, 0x23
	.byte 0xCC, 0x11, 0xE1, 0xC3, 0xCC, 0xCC, 0x2C, 0x81, 0x55, 0x81, 0x44, 0x80, 0x55, 0x18, 0x45, 0x45
	.byte 0x44, 0x55, 0x76, 0x88, 0x67, 0x55, 0x26, 0x33, 0x32, 0x82, 0xE8, 0x23, 0xC1, 0x3E, 0x23, 0x23
	.byte 0xCC, 0x3C, 0x33, 0x55, 0x26, 0x55, 0x55, 0x83, 0x44, 0x19, 0x55, 0x55, 0xC1, 0x86, 0x58, 0x75
	.byte 0x11, 0xC1, 0x62, 0x44, 0xCC, 0xC1, 0x72, 0x45, 0xCC, 0x2E, 0x62, 0x44, 0x83, 0x82, 0x58, 0x65
	.byte 0x55, 0x54, 0x45, 0x74, 0x80, 0x44, 0x05, 0x54, 0x55, 0x44, 0x44, 0x54, 0x22, 0x80, 0x00, 0x1F
	.byte 0x27, 0x02, 0x00, 0x00, 0x26, 0x02, 0x00, 0x00, 0x38, 0x08, 0x00, 0x00, 0x33, 0x02, 0x00, 0x00
	.byte 0x38, 0x02, 0x00, 0x00, 0x74, 0x07, 0x00, 0x00, 0x55, 0x02, 0x00, 0x00, 0x55, 0x55, 0x76, 0x22
	.byte 0x81, 0x77, 0x00, 0x88, 0x84, 0x22, 0x00, 0x23, 0x80, 0x22, 0x89, 0x00, 0x81, 0x22, 0x06, 0x77
	.byte 0x77, 0x32, 0x33, 0x22, 0x22, 0x33, 0x80, 0x22, 0x00, 0x23, 0x80, 0x22, 0x09, 0xC3, 0xEE, 0x00
	.byte 0x32, 0xE3, 0xCC, 0x00, 0x00, 0x30, 0x33, 0x81, 0x00, 0x80, 0x22, 0x15, 0x33, 0x33, 0x23, 0x77
	.byte 0x77, 0x32, 0x72, 0x77, 0x22, 0x22, 0x23, 0x88, 0x28, 0x2C, 0x23, 0x22, 0x02, 0x3E, 0x33, 0x00
	.byte 0x00, 0x03, 0x84, 0x00, 0x0D, 0x23, 0x02, 0x00, 0x00, 0x77, 0x03, 0x00, 0x00, 0x22, 0x02, 0x00
	.byte 0x00, 0x32, 0x02, 0xFF, 0x00, 0x8D, 0x00, 0x00, 0x30, 0x00, 0x02, 0x00, 0x92, 0x00, 0x0A, 0x2E
	.byte 0x78, 0x66, 0x1C, 0x72, 0x45, 0x44, 0xC1, 0x72, 0x55, 0x45, 0x91, 0x00, 0x00, 0x07, 0x80, 0x00
	.byte 0x07, 0x44, 0x44, 0x75, 0x00, 0x44, 0x44, 0x54, 0x26, 0xB9, 0x00, 0x00, 0x20, 0x80, 0x00, 0x14
	.byte 0xEC, 0x73, 0x56, 0x55, 0xEC, 0x33, 0x33, 0x82, 0x33, 0x22, 0x22, 0x32, 0xC3, 0x11, 0x11, 0x3C
	.byte 0xE2, 0xCE, 0xCC, 0x35, 0x44, 0x80, 0x55, 0x81, 0x44, 0x80, 0x55, 0x80, 0x44, 0x12, 0x55, 0x26
	.byte 0x78, 0x56, 0x55, 0x27, 0x33, 0x23, 0x78, 0xE8, 0xC2, 0xEC, 0x33, 0xC2, 0xC2, 0x11, 0x32, 0x23
	.byte 0x26, 0x80, 0x22, 0x83, 0x44, 0x19, 0x55, 0x55, 0xEC, 0x75, 0x67, 0x75, 0x11, 0xE1, 0x62, 0x55
	.byte 0x1C, 0xC1, 0x72, 0x45, 0x5C, 0xEC, 0x68, 0x44, 0xC7, 0x82, 0x58, 0x54, 0x62, 0x67, 0x55, 0x25
	.byte 0x80, 0x44, 0x05, 0x54, 0x55, 0x54, 0x45, 0x44, 0x33, 0x80, 0x00, 0x1C, 0x28, 0x02, 0x00, 0x00
	.byte 0x26, 0x02, 0x00, 0x00, 0x27, 0x08, 0x00, 0x00, 0x32, 0x02, 0x00, 0x00, 0x33, 0x38, 0x00, 0x00
	.byte 0x28, 0x07, 0x00, 0x00, 0x66, 0x08, 0x00, 0x00, 0x88, 0x80, 0x22, 0x0F, 0x66, 0x66, 0x76, 0x77
	.byte 0x88, 0x88, 0x22, 0x28, 0x22, 0x22, 0x88, 0x28, 0x33, 0x33, 0x22, 0x22, 0x89, 0x00, 0x1B, 0x22
	.byte 0x67, 0x55, 0x55, 0x87, 0x28, 0x33, 0x33, 0x22, 0x33, 0x23, 0x22, 0x22, 0x33, 0x2E, 0x2E, 0x82
	.byte 0x32, 0xEC, 0x22, 0x33, 0x33, 0xCE, 0xCC, 0x00, 0x00, 0x23, 0x32, 0x81, 0x00, 0x80, 0x55, 0x00
	.byte 0x44, 0x81, 0x33, 0x10, 0x23, 0x67, 0x66, 0x76, 0x32, 0x32, 0x33, 0x33, 0x32, 0x23, 0x23, 0x33
	.byte 0x32, 0x32, 0x33, 0x00, 0x03, 0x84, 0x00, 0x10, 0x75, 0x02, 0x00, 0x00, 0x22, 0x03, 0x00, 0x00
	.byte 0x22, 0x03, 0x00, 0x00, 0x82, 0x03, 0x00, 0x00, 0x33, 0xFF, 0x00, 0x8A, 0x00, 0x00, 0x00, 0x00
	.byte 0x30, 0x00, 0x02, 0x00, 0x92, 0x00, 0x0A, 0x2E, 0x78, 0x66, 0x1E, 0x72, 0x55, 0x44, 0xCC, 0x78
	.byte 0x55, 0x45, 0x91, 0x00, 0x00, 0x07, 0x80, 0x00, 0x07, 0x44, 0x44, 0x05, 0x00, 0x44, 0x44, 0x54
	.byte 0x26, 0xBD, 0x00, 0x15, 0xCC, 0x73, 0x66, 0x55, 0x22, 0x33, 0x33, 0x82, 0x23, 0x22, 0x22, 0x33
	.byte 0x1C, 0x11, 0x11, 0x32, 0x77, 0x27, 0xCE, 0x32, 0x44, 0x54, 0x80, 0x55, 0x80, 0x44, 0x02, 0x56
	.byte 0x55, 0x55, 0x80, 0x44, 0x39, 0x55, 0x86, 0x67, 0x55, 0x55, 0x27, 0x33, 0x82, 0x66, 0xC8, 0xCC
	.byte 0x3E, 0x23, 0xC5, 0x1C, 0xC1, 0x33, 0xC2, 0x72, 0x2E, 0x33, 0x33, 0x44, 0x44, 0x54, 0x55, 0x54
	.byte 0x55, 0x44, 0x44, 0xEE, 0x66, 0x00, 0x00, 0x11, 0x2C, 0x68, 0x65, 0x11, 0xC1, 0x72, 0x55, 0x1C
	.byte 0xC1, 0x68, 0x44, 0xEC, 0x8E, 0x57, 0x54, 0x77, 0x88, 0x55, 0x25, 0x45, 0x55, 0x55, 0x38, 0x80
	.byte 0x44, 0x01, 0x84, 0x30, 0x80, 0x00, 0x00, 0x33, 0x80, 0x00, 0x19, 0x28, 0x03, 0x00, 0x00, 0x37
	.byte 0x02, 0x00, 0x00, 0x32, 0x38, 0x00, 0x00, 0x23, 0x38, 0x00, 0x00, 0x83, 0x27, 0x00, 0x00, 0x72
	.byte 0x32, 0x00, 0x00, 0x77, 0x77, 0x80, 0x22, 0x0E, 0x82, 0x67, 0x76, 0x66, 0x76, 0x88, 0x28, 0x33
	.byte 0x33, 0x23, 0x22, 0x20, 0x33, 0x22, 0x22, 0x80, 0x00, 0x00, 0x30, 0x85, 0x00, 0x1F, 0x58, 0x55
	.byte 0x45, 0x54, 0x28, 0x33, 0x23, 0x22, 0x22, 0x33, 0x32, 0x33, 0x28, 0xE3, 0x22, 0x33, 0x88, 0x53
	.byte 0x22, 0x22, 0x33, 0xC3, 0xEC, 0x2C, 0x00, 0x30, 0xCE, 0x3E, 0x00, 0x00, 0x30, 0x03, 0x80, 0x44
	.byte 0x00, 0x54, 0x80, 0x22, 0x13, 0x67, 0x23, 0x22, 0x22, 0x72, 0x78, 0x75, 0x22, 0x28, 0x33, 0x78
	.byte 0x66, 0x76, 0x23, 0x22, 0x22, 0x33, 0x33, 0x20, 0x02, 0x82, 0x00, 0x0C, 0x82, 0x03, 0x00, 0x00
	.byte 0x29, 0x02, 0x00, 0x00, 0x32, 0x02, 0x00, 0x00, 0x22, 0x80, 0x00, 0x00, 0x38, 0xFF, 0x00, 0x8A
	.byte 0x00, 0x00, 0x00, 0x00, 0x30, 0x00, 0x02, 0x00, 0x92, 0x00, 0x0A, 0x3E, 0x78, 0x66, 0xCC, 0x72
	.byte 0x55, 0x44, 0xEC, 0x62, 0x55, 0x44, 0x91, 0x00, 0x00, 0x06, 0x80, 0x00, 0x07, 0x44, 0x54, 0x06
	.byte 0x00, 0x44, 0x44, 0x54, 0x06, 0xBD, 0x00, 0x1B, 0xE1, 0x72, 0x66, 0x55, 0x32, 0x33, 0x33, 0x82
	.byte 0x52, 0xCC, 0x2C, 0x33, 0xCC, 0x11, 0xC1, 0x23, 0x75, 0x77, 0x22, 0x23, 0x44, 0x44, 0x55, 0x75
	.byte 0x55, 0x45, 0x44, 0x44, 0x80, 0x55, 0x80, 0x44, 0x1A, 0x54, 0x86, 0x56, 0x55, 0x55, 0x28, 0x33
	.byte 0x68, 0x75, 0xC2, 0x5C, 0x33, 0x28, 0xCE, 0x11, 0x3C, 0x23, 0xCC, 0x77, 0x32, 0x33, 0x23, 0x44
	.byte 0x54, 0x65, 0x66, 0x45, 0x80, 0x44, 0x00, 0x02, 0x80, 0x00, 0x1B, 0xCC, 0x7C, 0x67, 0x07, 0x11
	.byte 0xE1, 0x72, 0x55, 0x11, 0xE1, 0x68, 0x54, 0xCC, 0x25, 0x57, 0x54, 0x2E, 0x82, 0x45, 0x85, 0x75
	.byte 0x56, 0x55, 0x38, 0x44, 0x44, 0x74, 0x33, 0x81, 0x00, 0x00, 0x30, 0x80, 0x00, 0x2B, 0x38, 0x03
	.byte 0x00, 0x00, 0x38, 0x02, 0x00, 0x00, 0x32, 0x08, 0x00, 0x00, 0x23, 0x38, 0x00, 0x00, 0x83, 0x38
	.byte 0x00, 0x00, 0x62, 0x28, 0x00, 0x00, 0x87, 0x72, 0x28, 0x82, 0x88, 0x22, 0x78, 0x87, 0x88, 0x67
	.byte 0x87, 0x22, 0x22, 0x32, 0x23, 0x82, 0x00, 0x33, 0x22, 0x82, 0x80, 0x00, 0x00, 0x30, 0x85, 0x00
	.byte 0x3B, 0x55, 0x44, 0x55, 0x45, 0x28, 0x23, 0x22, 0x56, 0x22, 0x23, 0x33, 0x33, 0x38, 0x22, 0x2C
	.byte 0x72, 0x28, 0x2E, 0xE2, 0x33, 0x32, 0x5C, 0x5E, 0x33, 0x00, 0xC2, 0x5C, 0x33, 0x00, 0x30, 0x33
	.byte 0x03, 0x55, 0x45, 0x44, 0x28, 0x55, 0x44, 0x44, 0x77, 0x33, 0x33, 0x22, 0x97, 0x56, 0x86, 0x88
	.byte 0x27, 0x72, 0x27, 0x32, 0x23, 0x82, 0x28, 0x23, 0x28, 0x22, 0x32, 0x03, 0x03, 0x81, 0x00, 0x0C
	.byte 0x67, 0x33, 0x00, 0x00, 0x37, 0x03, 0x00, 0x00, 0x22, 0x03, 0x00, 0x00, 0x23, 0x80, 0x00, 0x00
	.byte 0x03, 0x80, 0x00, 0x00, 0x03, 0xFF, 0x00, 0x86, 0x00, 0x00, 0x00, 0x00, 0x30, 0x00, 0x02, 0x00
	.byte 0x91, 0x00, 0x0B, 0xEE, 0xEE, 0x66, 0x66, 0xCC, 0x77, 0x55, 0x44, 0xCC, 0x62, 0x55, 0x44, 0x91
	.byte 0x00, 0x00, 0x06, 0x80, 0x00, 0x07, 0x44, 0x54, 0x07, 0x00, 0x44, 0x44, 0x54, 0x07, 0xBD, 0x00
	.byte 0x03, 0x2C, 0x83, 0x56, 0x45, 0x80, 0x33, 0x1C, 0x72, 0xCC, 0xCC, 0x2C, 0x33, 0xCE, 0x1C, 0x21
	.byte 0xC3, 0x55, 0x77, 0x32, 0xC3, 0x44, 0x44, 0x55, 0x26, 0x55, 0x55, 0x44, 0x44, 0x58, 0x55, 0x55
	.byte 0x54, 0x44, 0x44, 0x54, 0x85, 0x80, 0x55, 0x14, 0x28, 0x83, 0x56, 0x86, 0x12, 0x2C, 0x83, 0x28
	.byte 0x1C, 0x11, 0x32, 0xC2, 0xCC, 0x22, 0x33, 0x23, 0xCC, 0x54, 0x75, 0x22, 0x72, 0x81, 0x44, 0x00
	.byte 0x03, 0x80, 0x00, 0x1B, 0xEC, 0x77, 0x00, 0x00, 0x11, 0x7C, 0x67, 0x55, 0x11, 0x21, 0x62, 0x55
	.byte 0x11, 0x8C, 0x57, 0x54, 0x22, 0x72, 0x45, 0x75, 0x88, 0x56, 0x54, 0x32, 0x55, 0x55, 0x37, 0x33
	.byte 0x85, 0x00, 0x00, 0x37, 0x80, 0x00, 0x27, 0x32, 0x03, 0x00, 0x00, 0x32, 0x08, 0x00, 0x00, 0x23
	.byte 0x08, 0x00, 0x00, 0x82, 0x37, 0x00, 0x00, 0x67, 0x28, 0x00, 0x00, 0x76, 0x22, 0x28, 0x62, 0x28
	.byte 0x88, 0x78, 0x87, 0x28, 0x78, 0x87, 0x22, 0x23, 0x22, 0x83, 0x82, 0x00, 0x30, 0x22, 0x88, 0x80
	.byte 0x00, 0x00, 0x33, 0x85, 0x00, 0x80, 0x55, 0x04, 0x44, 0x22, 0x52, 0x55, 0x44, 0x80, 0x33, 0x41
	.byte 0x22, 0xE3, 0x22, 0x83, 0x27, 0xC2, 0x2E, 0x32, 0x77, 0xE3, 0x2E, 0x32, 0x22, 0xE0, 0xCC, 0x3E
	.byte 0x23, 0x00, 0x23, 0x33, 0x00, 0x44, 0x44, 0x37, 0x83, 0x44, 0x44, 0x25, 0x57, 0x62, 0x55, 0x65
	.byte 0x59, 0x32, 0x33, 0x92, 0x22, 0x76, 0x66, 0x72, 0x83, 0x87, 0x22, 0x22, 0x38, 0x32, 0x22, 0x28
	.byte 0x03, 0x33, 0x03, 0x00, 0x00, 0x77, 0x23, 0x00, 0x00, 0x37, 0x03, 0x00, 0x00, 0x32, 0x03, 0x00
	.byte 0x00, 0x32, 0x80, 0x00, 0x00, 0x02, 0xFF, 0x00, 0x8A, 0x00, 0x00, 0x00, 0x30, 0x00, 0x02, 0x00
	.byte 0x91, 0x00, 0x0B, 0xDD, 0xEE, 0x67, 0x66, 0xCE, 0x77, 0x55, 0x44, 0xEC, 0x67, 0x55, 0x44, 0x91
	.byte 0x00, 0x00, 0x06, 0x80, 0x00, 0x06, 0x44, 0x54, 0x08, 0x00, 0x44, 0x44, 0x64, 0xBE, 0x00, 0x1E
	.byte 0x32, 0x82, 0x57, 0x45, 0x23, 0x32, 0x33, 0x68, 0x11, 0xC1, 0x3C, 0x33, 0xC7, 0x1C, 0x3C, 0xCE
	.byte 0x54, 0x76, 0x32, 0x1C, 0x44, 0x44, 0x54, 0x27, 0x55, 0x55, 0x44, 0x44, 0x87, 0x56, 0x55, 0x80
	.byte 0x44, 0x01, 0x54, 0x85, 0x80, 0x55, 0x18, 0x27, 0x72, 0x55, 0x86, 0x12, 0x32, 0x78, 0xE2, 0x11
	.byte 0x21, 0x23, 0xCC, 0x1C, 0x32, 0x33, 0xC7, 0xEC, 0x55, 0x32, 0x83, 0x27, 0x44, 0x44, 0x55, 0x65
	.byte 0x81, 0x00, 0x00, 0x22, 0x80, 0x00, 0x17, 0xC1, 0x65, 0x76, 0x00, 0x11, 0x2C, 0x62, 0x55, 0x11
	.byte 0x2C, 0x58, 0x65, 0x5C, 0x78, 0x45, 0x25, 0x82, 0x56, 0x54, 0x38, 0x56, 0x55, 0x37, 0x23, 0x89
	.byte 0x00, 0x00, 0x27, 0x80, 0x00, 0x27, 0x32, 0x03, 0x00, 0x00, 0x23, 0x02, 0x00, 0x00, 0x72, 0x38
	.byte 0x00, 0x00, 0x78, 0x32, 0x00, 0x00, 0x78, 0x28, 0x22, 0x56, 0x87, 0x82, 0x78, 0x28, 0x23, 0x72
	.byte 0x87, 0x32, 0x23, 0x22, 0x82, 0x38, 0x00, 0x30, 0x22, 0x28, 0x00, 0x00, 0x30, 0x23, 0x80, 0x00
	.byte 0x00, 0x30, 0x81, 0x00, 0x33, 0x55, 0x45, 0x44, 0x44, 0x62, 0x55, 0x44, 0x55, 0x33, 0x33, 0x62
	.byte 0x55, 0x3E, 0x33, 0x32, 0x33, 0x2E, 0x3E, 0x67, 0x66, 0x2C, 0x22, 0x23, 0x22, 0x1E, 0x2C, 0x23
	.byte 0x82, 0x23, 0x32, 0x33, 0x23, 0x44, 0x26, 0x33, 0x82, 0x44, 0x84, 0x23, 0x57, 0x44, 0x64, 0x22
	.byte 0x55, 0x22, 0x77, 0x69, 0x37, 0x27, 0x73, 0x29, 0x82, 0x80, 0x22, 0x15, 0x38, 0x78, 0x28, 0x28
	.byte 0x03, 0x33, 0x33, 0x03, 0x00, 0x66, 0x23, 0x00, 0x00, 0x36, 0x32, 0x00, 0x00, 0x32, 0x03, 0x00
	.byte 0x00, 0x33, 0x80, 0x00, 0x00, 0x03, 0xFF, 0x00, 0x8A, 0x00, 0x00, 0x00, 0x30, 0x00, 0x02, 0x00
	.byte 0x8D, 0x00, 0x00, 0xE3, 0x80, 0x00, 0x0B, 0xDE, 0xED, 0x68, 0x55, 0xCC, 0x77, 0x55, 0x44, 0x21
	.byte 0x68, 0x55, 0x44, 0x91, 0x00, 0x00, 0x86, 0x80, 0x00, 0x06, 0x44, 0x64, 0x00, 0x00, 0x44, 0x44
	.byte 0x75, 0xBE, 0x00, 0x1E, 0x32, 0x23, 0x57, 0x45, 0x22, 0x22, 0x33, 0x58, 0x1C, 0x11, 0x32, 0x33
	.byte 0x77, 0xCC, 0x22, 0xEC, 0x54, 0x26, 0x22, 0x11, 0x45, 0x44, 0x64, 0x22, 0x55, 0x55, 0x44, 0x54
	.byte 0x22, 0x57, 0x45, 0x80, 0x44, 0x1D, 0x54, 0x26, 0x55, 0x55, 0x65, 0x87, 0x57, 0x55, 0x87, 0xC2
	.byte 0x83, 0x86, 0xC2, 0x11, 0x32, 0x52, 0xCE, 0x11, 0x32, 0x23, 0xC1, 0x1C, 0x26, 0x33, 0xC2, 0x22
	.byte 0x44, 0x55, 0x75, 0x88, 0x81, 0x00, 0x00, 0x02, 0x80, 0x00, 0x17, 0x5C, 0x66, 0x00, 0x00, 0xC1
	.byte 0x2E, 0x56, 0x06, 0x11, 0x2E, 0x58, 0x55, 0x51, 0x78, 0x45, 0x25, 0x88, 0x56, 0x54, 0x32, 0x56
	.byte 0x54, 0x37, 0x23, 0x8D, 0x00, 0x00, 0x38, 0x80, 0x00, 0x23, 0x33, 0x02, 0x00, 0x00, 0x83, 0x07
	.byte 0x00, 0x00, 0x78, 0x37, 0x00, 0x00, 0x78, 0x28, 0x72, 0x55, 0x27, 0x88, 0x87, 0x82, 0x32, 0x78
	.byte 0x28, 0x33, 0x20, 0x22, 0x28, 0x22, 0x00, 0x20, 0x28, 0x22, 0x00, 0x00, 0x30, 0xE2, 0x80, 0x00
	.byte 0x00, 0xC0, 0x80, 0x00, 0x4D, 0x30, 0x55, 0x44, 0x44, 0x55, 0x55, 0x45, 0x55, 0x44, 0x33, 0x52
	.byte 0x45, 0x44, 0x32, 0x33, 0x23, 0x52, 0x22, 0x68, 0x76, 0x32, 0xEE, 0x23, 0x22, 0x67, 0xCC, 0x32
	.byte 0x88, 0x28, 0xE2, 0x33, 0x22, 0x23, 0x65, 0x38, 0x33, 0x88, 0x84, 0x33, 0x82, 0x57, 0x54, 0x23
	.byte 0x58, 0x54, 0x54, 0x77, 0x55, 0x37, 0x23, 0x99, 0x27, 0x32, 0x78, 0x29, 0x83, 0x32, 0x22, 0x82
	.byte 0x38, 0x00, 0x82, 0x22, 0x03, 0x00, 0x76, 0x22, 0x00, 0x00, 0x26, 0x22, 0x00, 0x00, 0x23, 0x02
	.byte 0x00, 0x00, 0x33, 0x80, 0x00, 0x00, 0x03, 0xAC, 0x00, 0x03, 0x30, 0x03, 0x00, 0x33, 0x99, 0x00
	.byte 0x00, 0x30, 0xBC, 0x00, 0x30, 0x00, 0x02, 0x00, 0x8D, 0x00, 0x0F, 0xBA, 0xED, 0x00, 0x00, 0xEB
	.byte 0xED, 0x67, 0x56, 0xEC, 0x77, 0x55, 0x44, 0x2C, 0x67, 0x55, 0x44, 0x91, 0x00, 0x00, 0x76, 0x80
	.byte 0x00, 0x06, 0x44, 0x64, 0x00, 0x00, 0x44, 0x44, 0x85, 0xBE, 0x00, 0x1E, 0x33, 0x23, 0x57, 0x45
	.byte 0xCC, 0x2E, 0x23, 0x57, 0x1C, 0x11, 0x33, 0x83, 0x76, 0xCC, 0xC3, 0x3C, 0x44, 0x25, 0xC3, 0xC1
	.byte 0x45, 0x44, 0x75, 0x22, 0x55, 0x45, 0x44, 0x64, 0x88, 0x52, 0x45, 0x80, 0x44, 0x01, 0x55, 0x07
	.byte 0x80, 0x55, 0x18, 0x87, 0x56, 0x65, 0x87, 0xC2, 0x78, 0x87, 0xC7, 0x11, 0x23, 0x22, 0x1C, 0x11
	.byte 0x33, 0x12, 0xC2, 0x11, 0x32, 0x73, 0x2C, 0x7E, 0x54, 0x66, 0x27, 0x88, 0x85, 0x00, 0x00, 0x75
	.byte 0x80, 0x00, 0x13, 0xE1, 0x6E, 0x05, 0x00, 0xC1, 0x22, 0x56, 0x05, 0x71, 0x88, 0x55, 0x85, 0x88
	.byte 0x56, 0x54, 0x32, 0x56, 0x54, 0x37, 0x23, 0x8D, 0x00, 0x00, 0x20, 0x80, 0x00, 0x00, 0x33, 0x80
	.byte 0x00, 0x00, 0x23, 0x80, 0x00, 0x00, 0x78, 0x80, 0x00, 0x0C, 0x88, 0x22, 0x52, 0x55, 0x72, 0x88
	.byte 0x37, 0x52, 0x22, 0x78, 0x32, 0x33, 0x20, 0x80, 0x22, 0x07, 0x00, 0x20, 0x28, 0xE2, 0x00, 0x00
	.byte 0x23, 0x2E, 0x80, 0x00, 0x00, 0x5C, 0x80, 0x00, 0x4D, 0xE3, 0x44, 0x44, 0x65, 0x55, 0x55, 0x45
	.byte 0x44, 0x64, 0x62, 0x44, 0x44, 0x54, 0x33, 0x23, 0x45, 0x54, 0x77, 0x87, 0x33, 0x62, 0x33, 0x77
	.byte 0x86, 0x28, 0x3E, 0x22, 0x28, 0x28, 0x32, 0x22, 0x88, 0x87, 0x65, 0x38, 0x23, 0x88, 0x32, 0x33
	.byte 0x88, 0x57, 0x33, 0x82, 0x57, 0x55, 0x72, 0x57, 0x54, 0x37, 0x97, 0x54, 0x27, 0x33, 0x79, 0x28
	.byte 0x22, 0x33, 0x22, 0x82, 0x32, 0x00, 0x88, 0x32, 0x00, 0x00, 0x96, 0x02, 0x00, 0x00, 0x25, 0x02
	.byte 0x00, 0x00, 0x22, 0x08, 0x00, 0x00, 0x28, 0x80, 0x00, 0x00, 0x03, 0xAC, 0x00, 0x03, 0x03, 0x30
	.byte 0x33, 0x33, 0x99, 0x00, 0x00, 0x32, 0xBC, 0x00, 0x30, 0x00, 0x02, 0x00, 0x8D, 0x00, 0x0F, 0xAA
	.byte 0xEB, 0xED, 0x00, 0xEA, 0xEE, 0x57, 0x55, 0xCC, 0x77, 0x55, 0x44, 0x22, 0x68, 0x55, 0x44, 0x91
	.byte 0x00, 0x00, 0x75, 0x80, 0x00, 0x06, 0x44, 0x74, 0x00, 0x00, 0x44, 0x44, 0x85, 0xBE, 0x00, 0x1E
	.byte 0x32, 0x33, 0x57, 0x44, 0xC1, 0x2C, 0x83, 0x56, 0xCE, 0xC1, 0x33, 0x63, 0x75, 0x2E, 0x12, 0x32
	.byte 0x44, 0x85, 0x12, 0x3C, 0x45, 0x44, 0x25, 0x32, 0x57, 0x45, 0x44, 0x36, 0x27, 0x52, 0x45, 0x80
	.byte 0x44, 0x01, 0x55, 0x08, 0x80, 0x55, 0x18, 0x26, 0x55, 0x65, 0x77, 0x22, 0x67, 0x27, 0xC5, 0x11
	.byte 0x23, 0xC2, 0x11, 0x11, 0x73, 0xE1, 0x11, 0x11, 0x33, 0xCC, 0xCE, 0x6C, 0x25, 0x27, 0x22, 0x78
	.byte 0x85, 0x00, 0x00, 0x0C, 0x80, 0x00, 0x13, 0xCC, 0x02, 0x00, 0x00, 0xE1, 0x72, 0x65, 0x00, 0x2C
	.byte 0x82, 0x55, 0x85, 0x88, 0x56, 0x65, 0x32, 0x56, 0x65, 0x38, 0x33, 0x91, 0x00, 0x00, 0x03, 0x80
	.byte 0x00, 0x00, 0x03, 0x80, 0x00, 0x00, 0x22, 0x80, 0x00, 0x55, 0x88, 0x28, 0x55, 0x45, 0x78, 0x78
	.byte 0x23, 0x55, 0x22, 0x22, 0x33, 0x23, 0x20, 0x22, 0x22, 0x32, 0x00, 0x83, 0x22, 0x82, 0x00, 0x00
	.byte 0xE2, 0x32, 0x00, 0x00, 0xC0, 0x3C, 0x00, 0x00, 0x30, 0x3E, 0x44, 0x64, 0x67, 0x55, 0x45, 0x44
	.byte 0x54, 0x87, 0x44, 0x45, 0x44, 0x32, 0x23, 0x45, 0x44, 0x22, 0x27, 0x33, 0x57, 0x92, 0x52, 0x86
	.byte 0x23, 0x99, 0x22, 0x22, 0x27, 0x29, 0x22, 0x22, 0x28, 0x82, 0x55, 0x38, 0x33, 0x88, 0x33, 0x23
	.byte 0x88, 0x57, 0x23, 0x88, 0x57, 0x54, 0x72, 0x56, 0x54, 0x37, 0x47, 0x54, 0x27, 0x83, 0x67, 0x28
	.byte 0x80, 0x33, 0x07, 0x88, 0x33, 0x00, 0x88, 0x32, 0x00, 0x00, 0x78, 0x80, 0x00, 0x08, 0x72, 0x03
	.byte 0x00, 0x00, 0x32, 0x02, 0x00, 0x00, 0x82, 0x80, 0x00, 0x00, 0x32, 0x8F, 0x00, 0x00, 0x30, 0x99
	.byte 0x00, 0x03, 0x30, 0x32, 0x22, 0x22, 0x99, 0x00, 0x00, 0x33, 0xBC, 0x00, 0x30, 0x00, 0x02, 0x00
	.byte 0x8A, 0x00, 0x12, 0xEE, 0x00, 0x00, 0xAE, 0xAA, 0xDE, 0x0E, 0xBE, 0xCE, 0x56, 0x55, 0xCC, 0x72
	.byte 0x55, 0x44, 0x32, 0x62, 0x55, 0x44, 0x91, 0x00, 0x00, 0x75, 0x80, 0x00, 0x06, 0x44, 0x75, 0x00
	.byte 0x00, 0x44, 0x44, 0x05, 0xBE, 0x00, 0x3F, 0x22, 0x33, 0x57, 0x44, 0x11, 0x3C, 0x83, 0x55, 0xC7
	.byte 0x21, 0x32, 0x58, 0x74, 0x32, 0xCC, 0x73, 0x44, 0x25, 0x1C, 0x32, 0x55, 0x44, 0x27, 0x33, 0x57
	.byte 0x45, 0x54, 0x32, 0x22, 0x57, 0x44, 0x64, 0x44, 0x44, 0x65, 0x00, 0x55, 0x54, 0x55, 0x07, 0x55
	.byte 0x65, 0x87, 0x22, 0x76, 0x28, 0xCC, 0xCC, 0x27, 0x1E, 0x11, 0x11, 0x17, 0x1C, 0x11, 0x11, 0xC3
	.byte 0x2C, 0x11, 0xEC, 0x22, 0x32, 0x82, 0x78, 0x89, 0x00, 0x00, 0x2C, 0x80, 0x00, 0x0F, 0xEC, 0x56
	.byte 0x00, 0x00, 0x2C, 0x68, 0x64, 0x00, 0x82, 0x56, 0x65, 0x38, 0x56, 0x65, 0x38, 0x33, 0x99, 0x00
	.byte 0x00, 0x08, 0x80, 0x00, 0x60, 0x82, 0x72, 0x54, 0x44, 0x88, 0x32, 0x52, 0x55, 0x22, 0x32, 0x33
	.byte 0x46, 0x20, 0x23, 0x32, 0x23, 0x00, 0xE2, 0xE2, 0x87, 0x00, 0x20, 0xEC, 0x62, 0x00, 0x00, 0xCC
	.byte 0x23, 0x00, 0x00, 0x23, 0x23, 0x54, 0x77, 0x56, 0x55, 0x44, 0x54, 0x65, 0x87, 0x45, 0x44, 0x32
	.byte 0x33, 0x45, 0x44, 0x38, 0x82, 0x23, 0x55, 0x92, 0x52, 0x86, 0x23, 0x99, 0x57, 0x88, 0x27, 0x99
	.byte 0x82, 0x88, 0x22, 0x22, 0x82, 0x75, 0x33, 0x33, 0x23, 0x33, 0x23, 0x88, 0x27, 0x83, 0x88, 0x57
	.byte 0x64, 0x78, 0x56, 0x54, 0x37, 0x44, 0x54, 0x27, 0x82, 0x65, 0x38, 0x23, 0x32, 0x22, 0x32, 0x33
	.byte 0x00, 0x28, 0x33, 0x00, 0x00, 0x02, 0x80, 0x00, 0x00, 0x09, 0x80, 0x00, 0x00, 0x27, 0x80, 0x00
	.byte 0x00, 0x22, 0x80, 0x00, 0x00, 0x32, 0x8F, 0x00, 0x00, 0x03, 0x99, 0x00, 0x06, 0x22, 0x88, 0x88
	.byte 0x32, 0x30, 0x30, 0x33, 0x96, 0x00, 0x00, 0x03, 0xBC, 0x00, 0x00, 0x00, 0x30, 0x00, 0x02, 0x00
	.byte 0x89, 0x00, 0x13, 0xE0, 0x3E, 0xE3, 0x0E, 0xFF, 0xAA, 0xEA, 0xCE, 0xEB, 0xED, 0x56, 0x55, 0xCC
	.byte 0x77, 0x55, 0x44, 0x33, 0x73, 0x45, 0x44, 0x91, 0x00, 0x0A, 0x65, 0x08, 0x00, 0x00, 0x44, 0x75
	.byte 0x00, 0x00, 0x44, 0x44, 0x06, 0xBE, 0x00, 0x3F, 0xEC, 0x33, 0x57, 0x44, 0x1C, 0x3C, 0x63, 0x55
	.byte 0xC7, 0x3C, 0x32, 0x56, 0x74, 0xE3, 0x21, 0x68, 0x44, 0x25, 0x21, 0x23, 0x45, 0x54, 0x32, 0x23
	.byte 0x52, 0x44, 0x24, 0x33, 0x22, 0x55, 0x44, 0x26, 0x44, 0x44, 0x75, 0x00, 0x45, 0x54, 0x55, 0x08
	.byte 0x55, 0x65, 0x77, 0x28, 0x76, 0x28, 0xC2, 0xC2, 0xE2, 0x1C, 0x11, 0xE1, 0xE1, 0x11, 0x11, 0xC1
	.byte 0xCC, 0x1C, 0x11, 0x2C, 0x27, 0x22, 0x72, 0x78, 0x89, 0x00, 0x00, 0x62, 0x80, 0x00, 0x0F, 0x2C
	.byte 0x05, 0x00, 0x00, 0x22, 0x45, 0x06, 0x00, 0x82, 0x56, 0x64, 0x00, 0x56, 0x65, 0x87, 0x03, 0x9D
	.byte 0x00, 0x5D, 0x22, 0x42, 0x45, 0x44, 0x28, 0x23, 0x55, 0x44, 0x22, 0x32, 0x53, 0x54, 0x20, 0xE2
	.byte 0x32, 0x46, 0x00, 0x22, 0x72, 0x33, 0x00, 0xE0, 0x67, 0x85, 0x00, 0xC0, 0x22, 0x22, 0x00, 0x00
	.byte 0x23, 0x82, 0x86, 0x78, 0x56, 0x55, 0x54, 0x55, 0x65, 0x38, 0x44, 0x28, 0x33, 0x33, 0x44, 0x32
	.byte 0x23, 0x88, 0x55, 0x72, 0x72, 0x57, 0x23, 0x99, 0x47, 0x54, 0x27, 0x99, 0x77, 0x28, 0x22, 0x22
	.byte 0x23, 0x88, 0x86, 0x32, 0x33, 0x83, 0x33, 0x33, 0x88, 0x77, 0x82, 0x88, 0x67, 0x99, 0x78, 0x56
	.byte 0x54, 0x22, 0x44, 0x54, 0x27, 0x83, 0x65, 0x28, 0x82, 0x38, 0x33, 0x33, 0x32, 0x03, 0x38, 0x33
	.byte 0x8B, 0x00, 0x00, 0x03, 0x80, 0x00, 0x00, 0x08, 0x8F, 0x00, 0x00, 0x23, 0x80, 0x00, 0x00, 0x30
	.byte 0x95, 0x00, 0x06, 0x82, 0x88, 0x28, 0x32, 0x33, 0x33, 0x03, 0x96, 0x00, 0x00, 0x03, 0xBC, 0x00
	.byte 0x30, 0x00, 0x02, 0x00, 0x8A, 0x00, 0x12, 0xB2, 0xAA, 0xEB, 0xFA, 0xBF, 0xBA, 0xEB, 0xEB, 0x3E
	.byte 0x57, 0x55, 0xEE, 0x62, 0x55, 0x44, 0x33, 0x73, 0x45, 0x44, 0x8D, 0x00, 0x00, 0xEC, 0x80, 0x00
	.byte 0x0A, 0x55, 0x08, 0x00, 0x00, 0x44, 0x75, 0x00, 0x00, 0x44, 0x44, 0x08, 0xBE, 0x00, 0x3F, 0xCC
	.byte 0x32, 0x56, 0x44, 0x1E, 0x3C, 0x52, 0x55, 0xE5, 0x22, 0x83, 0x55, 0x54, 0xC3, 0x3E, 0x66, 0x44
	.byte 0xC7, 0x3C, 0x22, 0x45, 0x74, 0x33, 0x12, 0x52, 0x44, 0x32, 0xC2, 0x72, 0x45, 0x64, 0x72, 0x44
	.byte 0x44, 0x85, 0x00, 0x44, 0x54, 0x65, 0x00, 0x55, 0x65, 0x76, 0x08, 0x87, 0x27, 0x22, 0x2E, 0xCE
	.byte 0x11, 0x11, 0xCE, 0x1E, 0x11, 0x11, 0x2C, 0xCC, 0x11, 0x11, 0x2C, 0x22, 0x55, 0x87, 0x78, 0x89
	.byte 0x00, 0x00, 0x02, 0x80, 0x00, 0x00, 0x73, 0x80, 0x00, 0x0A, 0x6E, 0x05, 0x00, 0x00, 0x82, 0x45
	.byte 0x00, 0x00, 0x56, 0x55, 0x25, 0x9E, 0x00, 0x22, 0x88, 0x55, 0x44, 0x74, 0x22, 0x42, 0x45, 0x54
	.byte 0x22, 0x22, 0x54, 0x44, 0x70, 0x32, 0x48, 0x44, 0x20, 0x5E, 0x38, 0x55, 0x00, 0x2E, 0x76, 0x23
	.byte 0x00, 0x25, 0x22, 0x28, 0x00, 0x30, 0x22, 0x23, 0x88, 0x78, 0x56, 0x80, 0x55, 0x38, 0x86, 0x32
	.byte 0x87, 0x32, 0x33, 0x33, 0x32, 0x33, 0x82, 0x88, 0x72, 0x82, 0x77, 0x56, 0x99, 0x46, 0x44, 0x54
	.byte 0x99, 0x57, 0x76, 0x28, 0x22, 0x23, 0x82, 0x38, 0x75, 0x32, 0x33, 0x00, 0x33, 0x33, 0x23, 0x03
	.byte 0x82, 0x88, 0x97, 0x07, 0x78, 0x57, 0x94, 0x09, 0x44, 0x54, 0x27, 0x32, 0x75, 0x28, 0x82, 0x38
	.byte 0x33, 0x88, 0x28, 0x03, 0x33, 0x33, 0x03, 0xA0, 0x00, 0x01, 0x23, 0x88, 0x80, 0x00, 0x00, 0x33
	.byte 0x95, 0x00, 0x02, 0x88, 0x78, 0x22, 0x80, 0x33, 0x00, 0x03, 0x96, 0x00, 0x00, 0x03, 0xBC, 0x00
	.byte 0x30, 0x00, 0x02, 0x00, 0x89, 0x00, 0x13, 0xE0, 0x22, 0xAE, 0xAA, 0xAA, 0xFE, 0xAE, 0xBB, 0xEE
	.byte 0xEE, 0x57, 0x55, 0x23, 0x62, 0x55, 0x44, 0x22, 0x73, 0x45, 0x44, 0x89, 0x00, 0x00, 0xE3, 0x80
	.byte 0x00, 0x0E, 0xEE, 0x0C, 0x00, 0x00, 0x66, 0x86, 0x00, 0x00, 0x44, 0x75, 0x00, 0x00, 0x44, 0x54
	.byte 0x08, 0xBE, 0x00, 0x3F, 0x1C, 0x32, 0x45, 0x44, 0x17, 0x3C, 0x57, 0x55, 0x25, 0x22, 0x62, 0x55
	.byte 0x64, 0xC2, 0x73, 0x76, 0x44, 0x52, 0x23, 0x22, 0x45, 0x35, 0x23, 0xE1, 0x47, 0x64, 0x23, 0x21
	.byte 0x52, 0x44, 0x76, 0x22, 0x44, 0x44, 0x85, 0x00, 0x44, 0x55, 0x85, 0x00, 0x55, 0x65, 0x76, 0x02
	.byte 0x87, 0x77, 0x22, 0x22, 0xCC, 0x11, 0xE1, 0x3C, 0x11, 0x11, 0xC1, 0x5C, 0x1C, 0x11, 0xC1, 0x22
	.byte 0xCE, 0x5C, 0x82, 0x88, 0x8D, 0x00, 0x00, 0x06, 0x80, 0x00, 0x00, 0x47, 0x80, 0x00, 0x05, 0x47
	.byte 0x04, 0x00, 0x00, 0x56, 0x54, 0x9F, 0x00, 0x28, 0x52, 0x45, 0x54, 0x88, 0x23, 0x44, 0x44, 0x55
	.byte 0x22, 0x47, 0x44, 0x87, 0xE2, 0x63, 0x44, 0x32, 0xE0, 0x36, 0x66, 0x22, 0x20, 0x62, 0x23, 0x99
	.byte 0x20, 0x23, 0x78, 0x99, 0x00, 0x23, 0x22, 0x22, 0x88, 0x77, 0x56, 0x55, 0x55, 0x65, 0x88, 0x32
	.byte 0x32, 0x81, 0x33, 0x31, 0x23, 0x88, 0x88, 0x82, 0x88, 0x77, 0x56, 0x45, 0x44, 0x44, 0x54, 0x57
	.byte 0x55, 0x86, 0x28, 0x23, 0x22, 0x33, 0x33, 0x65, 0x86, 0x02, 0x00, 0x33, 0x33, 0x08, 0x00, 0x23
	.byte 0x22, 0x07, 0x00, 0x78, 0x97, 0x29, 0x00, 0x44, 0x95, 0x29, 0x00, 0x65, 0x28, 0x22, 0x00, 0x22
	.byte 0x88, 0x28, 0x00, 0x28, 0x32, 0x03, 0x9F, 0x00, 0x06, 0x30, 0x82, 0x88, 0x00, 0x00, 0x33, 0x33
	.byte 0x95, 0x00, 0x01, 0x88, 0x27, 0x81, 0x33, 0x97, 0x00, 0x00, 0x03, 0xBC, 0x00, 0x00, 0x00, 0x00
	.byte 0x30, 0x00, 0x02, 0x00, 0x8A, 0x00, 0x12, 0xBB, 0xFE, 0xAB, 0xAB, 0xAA, 0xEE, 0xBA, 0xEE, 0xEE
	.byte 0x57, 0x55, 0x33, 0x73, 0x55, 0x44, 0x52, 0x83, 0x45, 0x44, 0x89, 0x00, 0x12, 0xBA, 0x02, 0x00
	.byte 0x00, 0xBB, 0xDE, 0x07, 0x00, 0x65, 0x26, 0x07, 0x00, 0x44, 0x75, 0x08, 0x00, 0x44, 0x54, 0x88
	.byte 0xBE, 0x00, 0x3F, 0x16, 0x2E, 0x45, 0x44, 0xC5, 0x32, 0x56, 0x45, 0x24, 0x22, 0x57, 0x55, 0x74
	.byte 0x2C, 0x68, 0x77, 0x54, 0x22, 0x72, 0xC2, 0x45, 0x32, 0x12, 0x1E, 0x45, 0x35, 0x12, 0x1E, 0x44
	.byte 0x54, 0x28, 0xE3, 0x44, 0x54, 0x27, 0x00, 0x44, 0x55, 0x26, 0x00, 0x55, 0x55, 0x85, 0x07, 0x88
	.byte 0x78, 0x28, 0x72, 0xCC, 0xCC, 0xCE, 0x22, 0x11, 0x11, 0xCC, 0x2C, 0x11, 0x11, 0x21, 0x8E, 0xCC
	.byte 0x7C, 0x22, 0x78, 0x91, 0x00, 0x00, 0x05, 0x80, 0x00, 0x00, 0x44, 0x80, 0x00, 0x01, 0x45, 0x06
	.byte 0x9F, 0x00, 0x27, 0x56, 0x44, 0x86, 0x88, 0x52, 0x44, 0x55, 0x55, 0x63, 0x44, 0x27, 0x22, 0x26
	.byte 0x55, 0x33, 0x33, 0x82, 0x72, 0x22, 0x82, 0x77, 0x78, 0x79, 0x46, 0x30, 0x98, 0x79, 0x67, 0x20
	.byte 0x22, 0x32, 0x23, 0x88, 0x78, 0x56, 0x55, 0x55, 0x86, 0x87, 0x28, 0x82, 0x33, 0x00, 0x72, 0x81
	.byte 0x88, 0x01, 0x77, 0x57, 0x80, 0x44, 0x27, 0x54, 0x56, 0x55, 0x86, 0x28, 0x22, 0x33, 0x33, 0x88
	.byte 0x55, 0x06, 0x00, 0x00, 0x33, 0x32, 0x00, 0x00, 0x33, 0x23, 0x00, 0x00, 0x28, 0x29, 0x00, 0x00
	.byte 0x24, 0x99, 0x00, 0x00, 0x25, 0x77, 0x02, 0x00, 0x32, 0x82, 0x02, 0x00, 0x88, 0x22, 0x03, 0x9F
	.byte 0x00, 0x06, 0x82, 0x88, 0x88, 0x00, 0x30, 0x33, 0x33, 0x95, 0x00, 0x01, 0x77, 0x32, 0x80, 0x33
	.byte 0x00, 0x03, 0x97, 0x00, 0x00, 0x33, 0xBC, 0x00, 0x30, 0x00, 0x02, 0x00, 0x8A, 0x00, 0x12, 0xBE
	.byte 0xFB, 0xEF, 0xBE, 0xAA, 0xEA, 0xBB, 0xEE, 0xEE, 0x57, 0x55, 0x38, 0x73, 0x55, 0x44, 0x55, 0x82
	.byte 0x45, 0x44, 0x89, 0x00, 0x13, 0xAA, 0x2B, 0x00, 0x00, 0x3B, 0xEB, 0xED, 0x00, 0x65, 0x26, 0x73
	.byte 0x00, 0x44, 0x65, 0x53, 0x00, 0x44, 0x54, 0x62, 0x06, 0xBD, 0x00, 0x3F, 0xC5, 0x82, 0x45, 0x44
	.byte 0x55, 0x82, 0x55, 0x45, 0x24, 0x25, 0x55, 0x55, 0x74, 0x3C, 0x77, 0x87, 0x74, 0x32, 0x25, 0xCC
	.byte 0x54, 0x23, 0xE1, 0x11, 0x44, 0x23, 0xE1, 0x11, 0x44, 0x85, 0x22, 0xCC, 0x44, 0x54, 0x58, 0x06
	.byte 0x54, 0x55, 0xE7, 0x05, 0x55, 0x55, 0x27, 0x06, 0x88, 0x88, 0x28, 0x72, 0xCC, 0xEC, 0x25, 0x53
	.byte 0x11, 0xC1, 0xCC, 0x53, 0x11, 0xC1, 0x52, 0x57, 0xCC, 0x25, 0x83, 0x47, 0x95, 0x00, 0x00, 0x04
	.byte 0x80, 0x00, 0x00, 0x64, 0xA0, 0x00, 0x05, 0x45, 0x74, 0x87, 0x88, 0x44, 0x54, 0x80, 0x55, 0x13
	.byte 0x22, 0x32, 0x33, 0x57, 0x32, 0x33, 0x33, 0x78, 0x27, 0x82, 0x88, 0x72, 0x79, 0x45, 0x44, 0x92
	.byte 0x79, 0x56, 0x55, 0x28, 0x80, 0x22, 0x07, 0x88, 0x77, 0x66, 0x55, 0x76, 0x82, 0x65, 0x88, 0x81
	.byte 0x33, 0x07, 0x22, 0x88, 0x88, 0x38, 0x88, 0x88, 0x77, 0x27, 0x80, 0x44, 0x09, 0x24, 0x55, 0x55
	.byte 0x76, 0x38, 0x33, 0x33, 0x22, 0x88, 0x54, 0x80, 0x00, 0x00, 0x58, 0x80, 0x00, 0x15, 0x53, 0x08
	.byte 0x00, 0x00, 0x72, 0x02, 0x00, 0x00, 0x99, 0x03, 0x00, 0x00, 0x99, 0x02, 0x00, 0x00, 0x22, 0x02
	.byte 0x00, 0x00, 0x88, 0x02, 0x9F, 0x00, 0x04, 0x82, 0x77, 0x77, 0x87, 0x30, 0x80, 0x33, 0x95, 0x00
	.byte 0x05, 0x33, 0x33, 0x22, 0x32, 0x33, 0x03, 0x97, 0x00, 0x00, 0x33, 0xBC, 0x00, 0x00, 0x00, 0x00
	.byte 0x30, 0x00, 0x02, 0x00, 0x8A, 0x00, 0x12, 0xB3, 0xAB, 0xFE, 0xD2, 0xBE, 0xAA, 0xBA, 0xE6, 0xEE
	.byte 0x55, 0x56, 0x85, 0x83, 0x55, 0x44, 0x74, 0x82, 0x45, 0x44, 0x89, 0x00, 0x13, 0xBF, 0xBA, 0x0B
	.byte 0x00, 0xAB, 0xBA, 0xDB, 0x0C, 0x65, 0x65, 0xE2, 0x76, 0x44, 0x65, 0x33, 0x76, 0x44, 0x54, 0xE3
	.byte 0x75, 0xBD, 0x00, 0x26, 0x74, 0x72, 0x45, 0x44, 0x24, 0x73, 0x55, 0x44, 0x74, 0x62, 0x55, 0x55
	.byte 0xE5, 0x82, 0x87, 0x88, 0x34, 0xC2, 0xC2, 0xCC, 0x34, 0x12, 0x1E, 0x11, 0x24, 0xC2, 0x12, 0x11
	.byte 0x54, 0x28, 0xC2, 0xCC, 0x44, 0x54, 0xE2, 0x65, 0x54, 0x55, 0x32, 0x80, 0x55, 0x15, 0xE8, 0x55
	.byte 0x78, 0x77, 0xE2, 0x66, 0xCC, 0xEE, 0x3E, 0x56, 0x11, 0xCC, 0x3C, 0x45, 0x11, 0xEC, 0x3C, 0x45
	.byte 0xCC, 0x32, 0x72, 0x44, 0x99, 0x00, 0x00, 0x06, 0xA0, 0x00, 0x08, 0x54, 0x76, 0x87, 0x88, 0x55
	.byte 0x56, 0x55, 0x66, 0x32, 0x80, 0x33, 0x0F, 0x22, 0x32, 0x23, 0x22, 0x79, 0x78, 0x88, 0x88, 0x79
	.byte 0x45, 0x44, 0x44, 0x27, 0x57, 0x55, 0x55, 0x80, 0x22, 0x08, 0x33, 0x88, 0x78, 0x66, 0x44, 0x56
	.byte 0x55, 0x56, 0x55, 0x80, 0x33, 0x15, 0x63, 0x22, 0x32, 0x23, 0x82, 0x88, 0x88, 0x27, 0x79, 0x44
	.byte 0x44, 0x24, 0x99, 0x55, 0x55, 0x26, 0x77, 0x33, 0x22, 0x23, 0x82, 0x06, 0x80, 0x00, 0x00, 0x06
	.byte 0x80, 0x00, 0x00, 0x05, 0x80, 0x00, 0x00, 0x06, 0x80, 0x00, 0x00, 0x08, 0x80, 0x00, 0x00, 0x07
	.byte 0x80, 0x00, 0x00, 0x02, 0x80, 0x00, 0x00, 0x08, 0xA0, 0x00, 0x04, 0x22, 0x82, 0x88, 0x33, 0x00
	.byte 0x80, 0x33, 0x95, 0x00, 0x06, 0x23, 0x88, 0x22, 0x22, 0x33, 0x33, 0x03, 0x96, 0x00, 0x00, 0x03
	.byte 0xBC, 0x00, 0x00, 0x00, 0xE0, 0x7F, 0xDE, 0x7F, 0x29, 0x25, 0x21, 0x04, 0xFF, 0x17, 0x3B, 0x03
	.byte 0xB8, 0x06, 0x12, 0x02, 0x2C, 0x01, 0x1F, 0x00, 0xBD, 0x03, 0x4E, 0x01, 0x52, 0x4A, 0xC6, 0x18
	.byte 0x63, 0x0C, 0xDC, 0x10, 0x30, 0x00, 0x01, 0x00, 0xE0, 0x00, 0x00, 0x20, 0x80, 0x00, 0x00, 0x20
	.byte 0x80, 0x00, 0x00, 0x70, 0x80, 0x00, 0x00, 0x70, 0x80, 0x00, 0x00, 0x50, 0x80, 0x00, 0x00, 0x70
	.byte 0x80, 0x00, 0x00, 0x60, 0x80, 0x00, 0x00, 0x70, 0xA0, 0x00, 0x00, 0x60, 0x80, 0x00, 0x00, 0x50
	.byte 0x80, 0x00, 0x00, 0xC8, 0x80, 0x00, 0x00, 0xD7, 0x80, 0x00, 0x00, 0xD7, 0x80, 0x00, 0x00, 0xC7
	.byte 0x80, 0x00, 0x00, 0xEE, 0x80, 0x00, 0x00, 0xD5, 0xA0, 0x00, 0x00, 0x26, 0x80, 0x00, 0x00, 0xE3
	.byte 0x80, 0x00, 0x00, 0x62, 0x80, 0x00, 0x00, 0x80, 0x80, 0x00, 0x00, 0x80, 0x89, 0x00, 0x00, 0x00
	.byte 0x30, 0x00, 0x01, 0x00, 0xF4, 0x00, 0x00, 0x70, 0x80, 0x00, 0x00, 0x70, 0x80, 0x00, 0x00, 0xD0
	.byte 0xA0, 0x00, 0x00, 0xDE, 0x80, 0x00, 0x18, 0xDD, 0x00, 0x00, 0xE0, 0x3C, 0x00, 0x00, 0xC0, 0x3C
	.byte 0x00, 0x00, 0xD7, 0xED, 0x00, 0x00, 0xE6, 0xD2, 0x00, 0x00, 0xDE, 0xDD, 0x00, 0x00, 0xE6, 0xDD
	.byte 0x9F, 0x00, 0x0D, 0xC2, 0x77, 0x00, 0x00, 0xC2, 0xC1, 0x00, 0x00, 0x62, 0xC5, 0x00, 0x00, 0x80
	.byte 0x56, 0x80, 0x00, 0x00, 0x72, 0x80, 0x00, 0x00, 0x20, 0x85, 0x00, 0x00, 0x30, 0x00, 0x01, 0x00
	.byte 0xF4, 0x00, 0x00, 0xE0, 0x80, 0x00, 0x00, 0xD2, 0x80, 0x00, 0x00, 0xDD, 0x9F, 0x00, 0x1D, 0xD0
	.byte 0xED, 0x00, 0x00, 0xCE, 0xBB, 0x00, 0x20, 0x2D, 0xAA, 0x00, 0xC0, 0xE1, 0xAB, 0x00, 0xC0, 0xDE
	.byte 0xBE, 0x00, 0xD0, 0xD2, 0xDD, 0x00, 0xDE, 0xDD, 0xED, 0x00, 0xE3, 0xCE, 0xED, 0x9E, 0x00, 0x16
	.byte 0xC3, 0x7C, 0x45, 0x00, 0x50, 0xCC, 0x57, 0x00, 0x70, 0x65, 0x56, 0x00, 0x80, 0x57, 0x55, 0x00
	.byte 0x00, 0x82, 0x67, 0x00, 0x00, 0x20, 0x82, 0x85, 0x00, 0x00, 0x00, 0x00, 0x30, 0x00, 0x01, 0x00
	.byte 0xF0, 0x00, 0x00, 0x20, 0x80, 0x00, 0x08, 0xC3, 0x00, 0x00, 0xE0, 0xED, 0x00, 0x00, 0xDE, 0xED
	.byte 0x9E, 0x00, 0x1E, 0xE0, 0xED, 0xBB, 0x00, 0xC7, 0xAB, 0xAA, 0x00, 0xCC, 0xAB, 0xAA, 0xE0, 0xDC
	.byte 0xB2, 0xAA, 0xE0, 0xD3, 0xED, 0xB2, 0xD0, 0xDD, 0xDD, 0xCD, 0x70, 0xDE, 0x3D, 0xDE, 0x10, 0x67
	.byte 0xEC, 0xDD, 0x9D, 0x00, 0x17, 0x60, 0xE1, 0x45, 0x44, 0x70, 0x75, 0x75, 0x22, 0x20, 0x56, 0x65
	.byte 0x22, 0x00, 0x72, 0x55, 0x55, 0x00, 0x23, 0x88, 0x66, 0x00, 0x00, 0x20, 0xE2, 0x85, 0x00, 0x00
	.byte 0x30, 0x00, 0x01, 0x00, 0xEC, 0x00, 0x00, 0xC0, 0x80, 0x00, 0x0C, 0x12, 0x00, 0x00, 0xE0, 0x1E
	.byte 0x00, 0x00, 0xDD, 0xEE, 0x00, 0xD0, 0xED, 0xEE, 0x94, 0x00, 0x00, 0x20, 0x80, 0x00, 0x00, 0x20
	.byte 0x80, 0x00, 0x20, 0x70, 0x00, 0xED, 0xAB, 0xAA, 0xC0, 0xB2, 0xAA, 0xAA, 0xDC, 0xBE, 0xAA, 0xEA
	.byte 0xEE, 0x2D, 0xAB, 0xFE, 0xDD, 0xDD, 0xEE, 0xEB, 0xDD, 0x2D, 0xDE, 0xCC, 0xE7, 0x2D, 0xDE, 0xDD
	.byte 0x71, 0x45, 0xC1, 0xDD, 0x9D, 0x00, 0x17, 0x24, 0x75, 0x56, 0x44, 0x65, 0x25, 0x22, 0x72, 0x57
	.byte 0x55, 0x27, 0x22, 0x82, 0x67, 0x45, 0x55, 0x00, 0x22, 0x77, 0x66, 0x00, 0x00, 0x20, 0x82, 0x85
	.byte 0x00, 0x00, 0x00, 0x00, 0x30, 0x00, 0x01, 0x00, 0xE8, 0x00, 0x00, 0x50, 0x80, 0x00, 0x10, 0x12
	.byte 0x00, 0x00, 0xE0, 0x11, 0x00, 0x00, 0xDE, 0xCD, 0x00, 0xD0, 0xDD, 0xEE, 0xE0, 0xED, 0xBB, 0xEB
	.byte 0x84, 0x00, 0x00, 0xC0, 0x80, 0x00, 0x00, 0xE0, 0x80, 0x00, 0x00, 0xEE, 0x80, 0x00, 0x00, 0xDE
	.byte 0x80, 0x00, 0x00, 0xE2, 0x80, 0x00, 0x00, 0x7C, 0x80, 0x00, 0x20, 0x57, 0x2C, 0xAB, 0xAA, 0xBA
	.byte 0xBC, 0xAA, 0xAA, 0xFE, 0xED, 0xAB, 0xFE, 0xFF, 0xDD, 0xBE, 0xEE, 0xFF, 0xDD, 0xCD, 0x2E, 0xEB
	.byte 0x2D, 0xDE, 0xDD, 0xCD, 0xC5, 0xDC, 0xDD, 0x2E, 0x55, 0x45, 0xC1, 0xEE, 0x80, 0x00, 0x00, 0x76
	.byte 0x80, 0x00, 0x00, 0x58, 0x80, 0x00, 0x00, 0x82, 0x80, 0x00, 0x00, 0x20, 0x8D, 0x00, 0x17, 0x25
	.byte 0x22, 0x57, 0x44, 0x75, 0x22, 0x22, 0x75, 0x57, 0x55, 0x67, 0x25, 0x88, 0x57, 0x55, 0x55, 0x00
	.byte 0x32, 0x88, 0x77, 0x00, 0x00, 0x20, 0x23, 0x85, 0x00, 0x00, 0x00, 0x00, 0x30, 0x00, 0x01, 0x00
	.byte 0xDC, 0x00, 0x00, 0xE0, 0x84, 0x00, 0x00, 0x20, 0x80, 0x00, 0x14, 0x12, 0x00, 0x00, 0x20, 0x11
	.byte 0x00, 0x00, 0xCE, 0x21, 0x00, 0xD0, 0xED, 0xEE, 0xD0, 0xED, 0xEE, 0xEE, 0xBE, 0xAA, 0xBA, 0xEB
	.byte 0x80, 0x00, 0x00, 0xCE, 0x80, 0x00, 0x40, 0xDE, 0x00, 0x00, 0xE0, 0xDE, 0x00, 0x00, 0xE0, 0xDD
	.byte 0x00, 0x00, 0x70, 0xEC, 0x00, 0x00, 0xC0, 0xD5, 0x00, 0x00, 0xC0, 0x56, 0x00, 0x00, 0x60, 0x25
	.byte 0xAB, 0xAA, 0xAA, 0xBE, 0xAB, 0xAA, 0xFE, 0xEF, 0xBE, 0xFA, 0xFF, 0xAF, 0xCD, 0xBE, 0xEE, 0xAE
	.byte 0xD2, 0xCD, 0x2E, 0x22, 0xDD, 0xDD, 0xCD, 0xDD, 0x14, 0xDC, 0xE3, 0xDD, 0x72, 0x45, 0xDC, 0xDD
	.byte 0x00, 0x00, 0x60, 0x75, 0x00, 0x00, 0x20, 0x56, 0x80, 0x00, 0x00, 0x78, 0x80, 0x00, 0x00, 0x20
	.byte 0x8D, 0x00, 0x17, 0x22, 0x72, 0x65, 0x77, 0x75, 0x62, 0x25, 0x1C, 0x56, 0x55, 0x65, 0xCC, 0x2E
	.byte 0x67, 0x55, 0x55, 0x00, 0x82, 0x28, 0x22, 0x00, 0x00, 0x20, 0x32, 0x85, 0x00, 0x00, 0x00, 0x00
	.byte 0x30, 0x00, 0x01, 0x00, 0xD8, 0x00, 0x00, 0xE0, 0x80, 0x00, 0x00, 0xEC, 0x84, 0x00, 0x00, 0xC0
	.byte 0x80, 0x00, 0x60, 0x1C, 0x00, 0x00, 0xC0, 0xE1, 0x00, 0xE0, 0xCE, 0x5E, 0xD0, 0xDD, 0xEE, 0xCE
	.byte 0xB2, 0xBB, 0xEB, 0xEE, 0xAA, 0xAA, 0xBA, 0xEB, 0x00, 0x00, 0xE0, 0xBC, 0x00, 0x00, 0xEE, 0xED
	.byte 0x00, 0x00, 0xDD, 0xDD, 0x00, 0x00, 0xDE, 0xD2, 0x00, 0x00, 0x46, 0xDE, 0x00, 0x00, 0x56, 0x14
	.byte 0x00, 0x20, 0x66, 0x62, 0x00, 0x20, 0x65, 0x22, 0xAA, 0xEA, 0xFF, 0xAA, 0xAB, 0xFF, 0xEF, 0xAA
	.byte 0xB2, 0xFE, 0xAF, 0xAA, 0xCD, 0xBE, 0xAE, 0xAA, 0xDD, 0xDD, 0xEC, 0xCE, 0xDD, 0xEE, 0xDD, 0xED
	.byte 0xC4, 0xDE, 0xDD, 0xED, 0x52, 0x55, 0xE6, 0xDD, 0x00, 0x00, 0x57, 0x75, 0x00, 0x00, 0x83, 0x56
	.byte 0x00, 0x00, 0x80, 0x72, 0x80, 0x00, 0x00, 0x30, 0x8D, 0x00, 0x13, 0x62, 0x76, 0xCC, 0x2C, 0x55
	.byte 0xC7, 0xC1, 0xEC, 0x56, 0x55, 0x55, 0x65, 0x87, 0x78, 0x77, 0x87, 0x00, 0x38, 0x33, 0x38, 0x89
	.byte 0x00, 0x00, 0x00, 0x00, 0x30, 0x00, 0x01, 0x00, 0xD4, 0x00, 0x08, 0xE0, 0x00, 0x00, 0xE0, 0xBE
	.byte 0x00, 0x00, 0xDE, 0xA2, 0x84, 0x00, 0x60, 0xCE, 0x00, 0x00, 0xC0, 0xE1, 0x00, 0x20, 0x1D, 0xCC
	.byte 0xE0, 0xDD, 0xEE, 0x1C, 0xDE, 0xEE, 0xEE, 0xCE, 0xAA, 0xAA, 0xEB, 0xEE, 0xAA, 0xEA, 0xBF, 0xEB
	.byte 0x00, 0x00, 0xDE, 0xA2, 0x00, 0xE0, 0xDD, 0xBC, 0x00, 0xE0, 0x2D, 0xCD, 0x00, 0x60, 0xDC, 0xDD
	.byte 0x00, 0x60, 0xC5, 0xDD, 0x00, 0x57, 0x77, 0xC4, 0x00, 0x57, 0x22, 0x52, 0x00, 0x63, 0x65, 0x72
	.byte 0xEA, 0xFF, 0xAE, 0xBA, 0xFE, 0xEF, 0xAA, 0xAA, 0xBE, 0xAE, 0xAA, 0xAA, 0xCD, 0xEE, 0xBB, 0xEB
	.byte 0xEE, 0xDD, 0xDD, 0x1D, 0xEE, 0xDD, 0x3E, 0xCE, 0x44, 0xDC, 0xDD, 0x6D, 0x75, 0x77, 0x2E, 0x45
	.byte 0x00, 0x20, 0x56, 0x55, 0x00, 0x00, 0x22, 0x56, 0x80, 0x00, 0x00, 0x88, 0x80, 0x00, 0x00, 0x20
	.byte 0x8D, 0x00, 0x0F, 0xC7, 0x11, 0xB1, 0x45, 0x65, 0x66, 0x27, 0x25, 0x67, 0x66, 0x76, 0x23, 0x72
	.byte 0x78, 0x37, 0x33, 0x8D, 0x00, 0x00, 0x00, 0x00, 0x30, 0x00, 0x01, 0x00, 0xD0, 0x00, 0x0C, 0xE0
	.byte 0x00, 0x00, 0xE0, 0xAE, 0x00, 0x00, 0xEC, 0xAB, 0x00, 0xE0, 0xED, 0xAA, 0x80, 0x00, 0x00, 0xC0
	.byte 0x80, 0x00, 0x08, 0xCC, 0x00, 0x00, 0x12, 0xCC, 0x00, 0xDE, 0xCC, 0x1C, 0x80, 0xEE, 0x58, 0x1C
	.byte 0xAA, 0xBB, 0xEE, 0xCD, 0xAA, 0xBA, 0xEB, 0xEE, 0xEE, 0xFF, 0xBA, 0xEB, 0x00, 0xD0, 0xCD, 0xEB
	.byte 0x00, 0xD2, 0xDE, 0xBE, 0x00, 0xC2, 0xDE, 0xCD, 0x00, 0x46, 0xDC, 0xED, 0x00, 0x25, 0x45, 0x2D
	.byte 0x20, 0x25, 0x62, 0xC4, 0x20, 0x56, 0x22, 0x75, 0x00, 0x68, 0x55, 0xC5, 0xFF, 0xAE, 0xAA, 0xEB
	.byte 0xEE, 0xAA, 0xAA, 0xEA, 0xBE, 0xAA, 0xBA, 0xCB, 0xCD, 0xCC, 0xCC, 0xCD, 0xDD, 0x2D, 0xDE, 0x6C
	.byte 0xDD, 0xED, 0xED, 0x46, 0x27, 0xDE, 0x5D, 0x74, 0xC1, 0x2C, 0x45, 0x27, 0x00, 0x70, 0x57, 0x65
	.byte 0x00, 0x00, 0x22, 0x67, 0x00, 0x00, 0x20, 0x82, 0x91, 0x00, 0x0C, 0x44, 0xBC, 0x55, 0xC2, 0x65
	.byte 0x66, 0x38, 0xC3, 0x28, 0x82, 0x2B, 0x33, 0x30, 0x90, 0x00, 0x00, 0x00, 0x30, 0x00, 0x01, 0x00
	.byte 0xCF, 0x00, 0x0D, 0xE0, 0xBE, 0x00, 0x00, 0xEC, 0xAA, 0x00, 0xE0, 0xBC, 0xAA, 0x00, 0xDE, 0xBD
	.byte 0xFE, 0x80, 0x00, 0x64, 0xC0, 0x00, 0x00, 0xC0, 0xC1, 0x00, 0xE0, 0xCC, 0x15, 0xDE, 0xED, 0xCE
	.byte 0x1C, 0xBB, 0xEE, 0xCE, 0x11, 0xAA, 0xBA, 0xEE, 0xED, 0xFE, 0xAF, 0xEB, 0xEE, 0xFF, 0xAE, 0x3A
	.byte 0xEE, 0x00, 0xEE, 0xED, 0xEB, 0x00, 0xD5, 0xDD, 0xBE, 0x70, 0xC4, 0xDD, 0xDC, 0x60, 0x52, 0xEC
	.byte 0xDE, 0x50, 0x22, 0xC5, 0xDD, 0x60, 0x25, 0x66, 0xE7, 0x20, 0x56, 0x75, 0xCC, 0x00, 0x62, 0x65
	.byte 0xC4, 0xEF, 0xAA, 0xBA, 0xDE, 0xAA, 0xAA, 0x3A, 0xDD, 0x2E, 0xBB, 0xCE, 0x5C, 0xCD, 0x1C, 0xCC
	.byte 0x56, 0xED, 0xCE, 0x56, 0x55, 0xDE, 0x5D, 0x55, 0x22, 0x2C, 0x46, 0x24, 0x2E, 0x2C, 0x45, 0x22
	.byte 0xE2, 0x00, 0x30, 0x68, 0x65, 0x00, 0x00, 0x82, 0x82, 0x80, 0x00, 0x00, 0x80, 0x91, 0x00, 0x0B
	.byte 0x66, 0x26, 0xE3, 0xCC, 0x27, 0x23, 0x23, 0xEE, 0x28, 0x00, 0x30, 0x03, 0x91, 0x00, 0x00, 0x00
	.byte 0x30, 0x00, 0x01, 0x00, 0xCC, 0x00, 0x10, 0xBE, 0x00, 0x00, 0xEC, 0xAA, 0x00, 0xE0, 0xAE, 0xAA
	.byte 0x00, 0xDE, 0xBE, 0xFE, 0xE0, 0xDE, 0xBC, 0xFE, 0x80, 0x00, 0x64, 0xCC, 0x00, 0x00, 0xCE, 0xCC
	.byte 0xE0, 0xDE, 0xEC, 0x1C, 0xEE, 0xEE, 0xCE, 0x11, 0xAA, 0xEB, 0xCE, 0xCC, 0xEA, 0xBB, 0xEE, 0xEE
	.byte 0xFF, 0xAB, 0xEB, 0xEE, 0xAE, 0xAA, 0xE3, 0xDD, 0x70, 0xDC, 0xED, 0xEB, 0x60, 0xD4, 0xDC, 0x2C
	.byte 0x20, 0xC5, 0xEE, 0xDD, 0x70, 0x52, 0xDC, 0xED, 0x50, 0x57, 0x77, 0xDE, 0x60, 0x55, 0xCC, 0x25
	.byte 0x20, 0x56, 0xC5, 0xAC, 0x00, 0x78, 0x65, 0x66, 0xAA, 0xAA, 0xDB, 0xDD, 0xBB, 0xBB, 0xDE, 0x6C
	.byte 0xCD, 0xDC, 0x6C, 0x56, 0xD3, 0x6C, 0x56, 0x55, 0xDD, 0x56, 0x75, 0x27, 0x5E, 0x74, 0xE3, 0x22
	.byte 0x42, 0x24, 0xE2, 0x52, 0x56, 0x23, 0xE5, 0x5C, 0x00, 0x20, 0x88, 0x78, 0x00, 0x00, 0x20, 0x88
	.byte 0x95, 0x00, 0x07, 0x22, 0x23, 0xCC, 0x3E, 0x22, 0x33, 0x33, 0x03, 0x95, 0x00, 0x00, 0x00, 0x00
	.byte 0x30, 0x00, 0x01, 0x00, 0xBC, 0x00, 0x00, 0xE0, 0x88, 0x00, 0x78, 0xEE, 0x00, 0x00, 0xEE, 0xAB
	.byte 0x00, 0xE0, 0xAE, 0xAA, 0x00, 0xDD, 0xE2, 0xFF, 0x20, 0xDE, 0xE2, 0xFF, 0x50, 0xDD, 0xBC, 0xAE
	.byte 0x00, 0x00, 0x20, 0xCC, 0x00, 0xE0, 0xCC, 0x1C, 0xDE, 0xED, 0xCE, 0x11, 0xBA, 0xEE, 0x1E, 0xC1
	.byte 0xAA, 0xEB, 0xCE, 0x5C, 0xFF, 0xBA, 0xEE, 0x1C, 0xAE, 0xBA, 0xEE, 0xEE, 0xAA, 0xBA, 0xDE, 0xDD
	.byte 0x50, 0xDD, 0xCD, 0xB2, 0x20, 0xEC, 0xDE, 0xCD, 0x20, 0xC5, 0xDD, 0xEE, 0x70, 0x75, 0xDE, 0xDD
	.byte 0x50, 0xC5, 0xEC, 0xEE, 0x70, 0x55, 0xCC, 0x5B, 0x30, 0x57, 0x66, 0x57, 0x00, 0x82, 0x78, 0x37
	.byte 0xAA, 0xEB, 0xDD, 0x6E, 0xCC, 0xCC, 0x65, 0x56, 0xCD, 0x66, 0x55, 0x55, 0x6E, 0x55, 0x54, 0x55
	.byte 0x45, 0xE6, 0x22, 0x22, 0x74, 0x23, 0x22, 0x32, 0x35, 0x22, 0xCE, 0x3E, 0x33, 0x1E, 0xCC, 0x02
	.byte 0x00, 0x00, 0x88, 0x32, 0x99, 0x00, 0x02, 0x32, 0x23, 0x32, 0x9A, 0x00, 0x30, 0x00, 0x01, 0x00
	.byte 0xBC, 0x00, 0x00, 0xC0, 0x87, 0x00, 0x68, 0xE0, 0xAE, 0x00, 0x20, 0xAE, 0xAA, 0x00, 0xDE, 0xAB
	.byte 0xFE, 0x00, 0xCE, 0xEB, 0xFF, 0xC0, 0xDD, 0xE2, 0xAE, 0xC0, 0xCD, 0x2C, 0xAB, 0x00, 0x00, 0xC0
	.byte 0xCC, 0xEE, 0xDE, 0xCC, 0x1C, 0xBA, 0xEE, 0x1E, 0x11, 0xAA, 0xEB, 0xCE, 0x5C, 0xEF, 0xEB, 0xEE
	.byte 0x1C, 0xAE, 0x2A, 0xEE, 0xCC, 0xAA, 0xEB, 0xDD, 0x2D, 0xBA, 0xD2, 0xDD, 0x6C, 0x50, 0xEE, 0xDD
	.byte 0xEC, 0x60, 0xDC, 0xED, 0xDE, 0x60, 0xE7, 0xDD, 0xED, 0x50, 0xCC, 0xEE, 0x5E, 0x50, 0xC5, 0x2C
	.byte 0x44, 0x80, 0x66, 0x66, 0x65, 0x20, 0x88, 0x87, 0x33, 0x00, 0x20, 0x28, 0x32, 0xEE, 0xCD, 0x65
	.byte 0x55, 0xCC, 0x66, 0x55, 0x55, 0x56, 0x55, 0x55, 0x65, 0x74, 0x22, 0x72, 0x76, 0x32, 0x22, 0x23
	.byte 0x80, 0x22, 0x08, 0x25, 0x73, 0xC2, 0xCE, 0x3C, 0x33, 0xE3, 0x5C, 0x32, 0x9E, 0x00, 0x01, 0x30
	.byte 0x33, 0x9B, 0x00, 0x00, 0x30, 0x00, 0x01, 0x00, 0xBC, 0x00, 0x00, 0x52, 0x84, 0x00, 0x54, 0xBE
	.byte 0x00, 0x00, 0xEE, 0xAA, 0x00, 0xD0, 0xEE, 0xEE, 0x00, 0xCE, 0xFB, 0xFF, 0xE0, 0xCD, 0xEB, 0xAE
	.byte 0xC0, 0xDC, 0xBE, 0xAA, 0xC0, 0xD2, 0xED, 0xB2, 0x00, 0xE0, 0xCE, 0xCC, 0xEB, 0xEE, 0xCE, 0x11
	.byte 0xBA, 0xEB, 0x1C, 0xC1, 0xBF, 0xEB, 0xCE, 0x1C, 0xAE, 0xEB, 0xEE, 0xC1, 0xAA, 0xEB, 0xEE, 0x3E
	.byte 0xBA, 0xDE, 0xDD, 0x82, 0xEB, 0xDD, 0x6E, 0x45, 0x50, 0xDD, 0xEE, 0xC1, 0x60, 0xDE, 0xCD, 0x6E
	.byte 0xC0, 0x7C, 0xCE, 0x55, 0x50, 0xCC, 0x42, 0x24, 0x70, 0x66, 0x56, 0x26, 0x20, 0x78, 0x22, 0x23
	.byte 0x00, 0x80, 0x22, 0x33, 0x81, 0x00, 0x1D, 0x6C, 0x66, 0x55, 0x55, 0x56, 0x55, 0x65, 0x56, 0x75
	.byte 0x58, 0x55, 0x27, 0x23, 0x2E, 0x83, 0x67, 0x22, 0xCE, 0x22, 0x82, 0xEC, 0xCE, 0x22, 0x82, 0xCE
	.byte 0xEC, 0x33, 0x03, 0x33, 0x33, 0xBF, 0x00, 0x00, 0x30, 0x00, 0x01, 0x00, 0xBC, 0x00, 0x00, 0xCC
	.byte 0x80, 0x00, 0x54, 0xE0, 0x00, 0x00, 0xE0, 0xAA, 0x00, 0xE0, 0xEC, 0xAE, 0x00, 0xCE, 0xFB, 0xFF
	.byte 0x00, 0xCD, 0xEB, 0xAE, 0xC0, 0xDD, 0xA2, 0xAA, 0xE0, 0xDE, 0xEC, 0xBB, 0x40, 0xDD, 0xCE, 0xCC
	.byte 0xEE, 0xDE, 0xCE, 0x1C, 0xBA, 0xEB, 0xCE, 0xC1, 0xAA, 0xEB, 0xCC, 0xCC, 0xAF, 0xEB, 0x52, 0x11
	.byte 0xAA, 0xEB, 0xCE, 0x2C, 0xBA, 0xDE, 0xED, 0x33, 0xDE, 0xDD, 0x7D, 0x56, 0x5C, 0x66, 0x56, 0x45
	.byte 0x70, 0xDE, 0xCD, 0x65, 0x10, 0xEE, 0x5E, 0x55, 0x50, 0x2C, 0x44, 0x37, 0x60, 0x66, 0x65, 0x22
	.byte 0x80, 0x78, 0x33, 0xC2, 0x00, 0x22, 0x32, 0xC3, 0x80, 0x00, 0x00, 0x30, 0x81, 0x00, 0x00, 0x56
	.byte 0x82, 0x55, 0x05, 0x65, 0x57, 0x23, 0x23, 0x77, 0x72, 0x80, 0x22, 0x0A, 0x82, 0xEE, 0x2C, 0x62
	.byte 0x87, 0xCC, 0x35, 0x33, 0x33, 0x22, 0x03, 0xC3, 0x00, 0x00, 0x00, 0x00, 0x30, 0x00, 0x01, 0x00
	.byte 0xBA, 0x00, 0x02, 0xEE, 0xEE, 0xCE, 0x80, 0x00, 0x39, 0xAE, 0x00, 0x00, 0xEE, 0xAA, 0x00, 0xE0
	.byte 0xEE, 0xFF, 0x00, 0xCC, 0xEB, 0xAE, 0x20, 0xDC, 0xAB, 0xAA, 0xC0, 0xDE, 0xBE, 0xBA, 0x40, 0xED
	.byte 0xCC, 0xCC, 0x70, 0xDD, 0x5D, 0x65, 0xBA, 0xEB, 0xCE, 0x1C, 0xAA, 0xEB, 0x1E, 0xCC, 0xEF, 0xEB
	.byte 0xCC, 0x1C, 0xAA, 0xEB, 0x1E, 0x2C, 0xBA, 0xDE, 0xED, 0x33, 0xDE, 0xDD, 0x2E, 0x22, 0xCC, 0x66
	.byte 0x55, 0x44, 0x66, 0x80, 0x55, 0x13, 0x10, 0xEE, 0x55, 0x65, 0x40, 0x52, 0x54, 0x22, 0x60, 0x56
	.byte 0x36, 0x23, 0x20, 0x28, 0x33, 0x25, 0x00, 0x33, 0x32, 0xC5, 0x80, 0x00, 0x00, 0x23, 0x85, 0x00
	.byte 0x15, 0x55, 0x55, 0x66, 0x55, 0x7E, 0x65, 0x26, 0x78, 0x2E, 0x72, 0x67, 0x66, 0x22, 0x3E, 0x22
	.byte 0x88, 0xC5, 0x32, 0x22, 0x32, 0x33, 0x33, 0xC7, 0x00, 0x00, 0x00, 0x00, 0x30, 0x00, 0x01, 0x00
	.byte 0x9C, 0x00, 0x00, 0xE0, 0x99, 0x00, 0x3F, 0xBB, 0xDE, 0xED, 0xCC, 0x00, 0x00, 0xE0, 0xAE, 0x00
	.byte 0x00, 0xEE, 0xFF, 0x00, 0xC0, 0xEE, 0xEF, 0x00, 0xDE, 0xAB, 0xAA, 0x70, 0xDE, 0xBE, 0xBA, 0x40
	.byte 0xED, 0xCD, 0xCC, 0xE0, 0xED, 0x6C, 0x65, 0xC0, 0xCE, 0x55, 0x55, 0xAA, 0xEA, 0xCE, 0xCC, 0xEF
	.byte 0xEB, 0xCE, 0xC5, 0xAA, 0xEB, 0xCC, 0xC1, 0xBA, 0xEE, 0xCC, 0x32, 0xDB, 0xDD, 0x3E, 0x33, 0xDD
	.byte 0xED, 0x66, 0x55, 0x66, 0x56, 0x45, 0x44, 0x81, 0x55, 0x13, 0x40, 0x47, 0x74, 0x22, 0x60, 0x56
	.byte 0xE2, 0x22, 0x80, 0x32, 0xE3, 0x2E, 0x00, 0x23, 0xE3, 0xCC, 0x00, 0x00, 0x30, 0xC2, 0x89, 0x00
	.byte 0x10, 0x57, 0x55, 0x77, 0x56, 0x22, 0x72, 0x22, 0x77, 0x22, 0x23, 0x22, 0x88, 0xEC, 0x73, 0x77
	.byte 0x28, 0x3E, 0x80, 0x33, 0x00, 0x03, 0xC8, 0x00, 0x30, 0x00, 0x01, 0x00, 0x9C, 0x00, 0x00, 0xE0
	.byte 0x96, 0x00, 0x80, 0xEE, 0x3B, 0xAA, 0xBA, 0xEE, 0xCC, 0x00, 0x00, 0xE0, 0xEE, 0x00, 0x00, 0xEE
	.byte 0xFF, 0x00, 0xC0, 0xAE, 0xAA, 0x00, 0xDE, 0xBE, 0xAA, 0x20, 0xED, 0xCD, 0xEE, 0xE0, 0xED, 0x5C
	.byte 0x6E, 0xC0, 0xCE, 0x55, 0x55, 0x70, 0x42, 0x85, 0x77, 0xAA, 0xBA, 0xCE, 0xCC, 0xEF, 0xEB, 0xCE
	.byte 0x1C, 0xAA, 0xEE, 0x1C, 0x2C, 0xEB, 0xED, 0x2E, 0x33, 0xDD, 0xED, 0x22, 0x22, 0x66, 0x56, 0x45
	.byte 0x44, 0x80, 0x55, 0x14, 0x44, 0x55, 0x65, 0x55, 0x55, 0x70, 0x66, 0x23, 0x22, 0x70, 0x32, 0xE3
	.byte 0x22, 0x00, 0x80, 0x53, 0xEC, 0x00, 0x00, 0x30, 0xCE, 0x80, 0x00, 0x00, 0x30, 0x89, 0x00, 0x13
	.byte 0x22, 0x85, 0x82, 0x88, 0x33, 0x62, 0x66, 0x66, 0x2E, 0x22, 0x28, 0x88, 0x3E, 0x33, 0x33, 0x22
	.byte 0x03, 0x00, 0x00, 0x20, 0xC9, 0x00, 0x00, 0x00, 0x30, 0x00, 0x01, 0x00, 0x9C, 0x00, 0x00, 0xEE
	.byte 0x95, 0x00, 0x53, 0xB3, 0xAB, 0xDE, 0xEE, 0xAE, 0xAA, 0xEB, 0x1C, 0x00, 0x00, 0xE0, 0xFE, 0x00
	.byte 0x00, 0xBC, 0xAA, 0x00, 0xE0, 0xBC, 0xAA, 0x00, 0xED, 0xED, 0xEB, 0x70, 0xED, 0xCC, 0xEE, 0xC0
	.byte 0x5E, 0x55, 0x55, 0x50, 0x47, 0x85, 0x58, 0x70, 0x67, 0x23, 0x22, 0xEF, 0xBE, 0xCE, 0xCC, 0xAA
	.byte 0xEB, 0xCE, 0xC1, 0xBB, 0xEE, 0xCC, 0x32, 0xDD, 0xED, 0x33, 0x33, 0x66, 0x66, 0x56, 0x27, 0x55
	.byte 0x55, 0x44, 0x44, 0x55, 0x56, 0x55, 0x55, 0x67, 0x57, 0x65, 0x77, 0x20, 0x32, 0x53, 0x22, 0x00
	.byte 0x80, 0xE3, 0xE5, 0x00, 0x00, 0x20, 0xC5, 0x80, 0x00, 0x00, 0x33, 0x8D, 0x00, 0x0F, 0x33, 0x78
	.byte 0x77, 0x28, 0x3E, 0x82, 0x87, 0x22, 0x32, 0x22, 0x82, 0x78, 0x03, 0x33, 0x33, 0x22, 0xCD, 0x00
	.byte 0x30, 0x00, 0x01, 0x00, 0x9C, 0x00, 0x00, 0xE2, 0x93, 0x00, 0x3C, 0xEE, 0x00, 0xA2, 0xAA, 0x2A
	.byte 0xDE, 0xFF, 0xAE, 0xEB, 0xCC, 0x00, 0x00, 0xE0, 0xEE, 0x00, 0x00, 0xEC, 0xAA, 0x00, 0xD0, 0xED
	.byte 0xBB, 0x00, 0xE2, 0xCC, 0xCC, 0x00, 0xEE, 0x55, 0x66, 0x00, 0x47, 0x54, 0x55, 0x20, 0x66, 0x23
	.byte 0x22, 0x00, 0x38, 0xE3, 0x22, 0xAE, 0xBB, 0xCE, 0xCC, 0xBA, 0xEB, 0xCC, 0x2C, 0xDE, 0xED, 0x22
	.byte 0x33, 0xDD, 0x2D, 0x22, 0x23, 0x66, 0x55, 0x44, 0x80, 0x55, 0x01, 0x45, 0x44, 0x81, 0x55, 0x0B
	.byte 0x73, 0x77, 0x28, 0x58, 0x00, 0x20, 0xE3, 0x2E, 0x00, 0x00, 0x20, 0xCC, 0x80, 0x00, 0x00, 0x23
	.byte 0x91, 0x00, 0x0B, 0x23, 0x82, 0x66, 0x77, 0x8E, 0x76, 0x28, 0x22, 0x33, 0x33, 0x23, 0x28, 0x80
	.byte 0x00, 0x00, 0x33, 0xCD, 0x00, 0x00, 0x00, 0x00, 0x30, 0x00, 0x01, 0x00, 0x9C, 0x00, 0x00, 0xEE
	.byte 0x92, 0x00, 0x4E, 0xBE, 0xAA, 0xEE, 0xEE, 0xAE, 0xBA, 0xEE, 0xFE, 0xEF, 0xEB, 0xCC, 0x00, 0x00
	.byte 0xE0, 0xAB, 0x00, 0x00, 0xCD, 0xAB, 0x00, 0xE0, 0xCE, 0xEC, 0x00, 0xE8, 0x66, 0x66, 0x00, 0x57
	.byte 0x55, 0x55, 0x00, 0x58, 0x22, 0x62, 0x00, 0x22, 0xE3, 0x22, 0x00, 0x30, 0xE3, 0x2E, 0xAA, 0xBB
	.byte 0xCE, 0xCC, 0xEB, 0xEE, 0xCE, 0x32, 0xDD, 0xED, 0x33, 0x23, 0x66, 0x55, 0x66, 0x72, 0x55, 0x55
	.byte 0x44, 0x44, 0x54, 0x66, 0x55, 0x45, 0x67, 0x67, 0x75, 0x55, 0x22, 0x77, 0x27, 0x77, 0x00, 0x00
	.byte 0x20, 0xCC, 0x80, 0x00, 0x00, 0x23, 0x95, 0x00, 0x0B, 0x2E, 0x22, 0x27, 0x72, 0x33, 0x23, 0x82
	.byte 0x76, 0x00, 0x30, 0x23, 0x33, 0x80, 0x00, 0x00, 0x30, 0xCD, 0x00, 0x00, 0x30, 0x00, 0x01, 0x00
	.byte 0x9C, 0x00, 0x00, 0xEE, 0x92, 0x00, 0x4A, 0xB2, 0xAA, 0xBA, 0xEE, 0xFF, 0xAE, 0xEB, 0xAA, 0xBA
	.byte 0xEB, 0xCC, 0x00, 0x00, 0xC0, 0xBE, 0x00, 0x00, 0xCE, 0xCC, 0x00, 0xE0, 0x5E, 0x55, 0x00, 0x70
	.byte 0x54, 0x55, 0x00, 0x70, 0x25, 0x62, 0x00, 0x20, 0x23, 0xE2, 0x00, 0x00, 0x23, 0xE5, 0x00, 0x00
	.byte 0x30, 0x5C, 0xAA, 0xEB, 0xCE, 0x5C, 0xDD, 0xDD, 0x2E, 0x33, 0x66, 0x66, 0x38, 0xE3, 0x55, 0x55
	.byte 0x54, 0x75, 0x55, 0x55, 0x45, 0x44, 0x67, 0x67, 0x55, 0x55, 0x22, 0x28, 0x87, 0x65, 0x2C, 0x28
	.byte 0x67, 0x77, 0x80, 0x00, 0x00, 0x33, 0x99, 0x00, 0x0B, 0x23, 0x72, 0x87, 0x22, 0x00, 0x33, 0x83
	.byte 0x78, 0x00, 0x00, 0x30, 0x23, 0xD1, 0x00, 0x00, 0x30, 0x00, 0x01, 0x00, 0x9C, 0x00, 0x00, 0xEE
	.byte 0x8F, 0x00, 0x25, 0xE0, 0x3B, 0x00, 0xEE, 0xAE, 0xBA, 0xEE, 0xFE, 0xBF, 0xEB, 0xAA, 0xAA, 0xEB
	.byte 0x1E, 0x00, 0x00, 0x20, 0xED, 0x00, 0x00, 0xEE, 0xE5, 0x00, 0x00, 0x52, 0x55, 0x00, 0x00, 0x27
	.byte 0x72, 0x00, 0x00, 0x32, 0x2E, 0x00, 0x00, 0x20, 0x2E, 0x80, 0x00, 0x00, 0x5E, 0x80, 0x00, 0x20
	.byte 0xE0, 0xEB, 0xDE, 0xCD, 0x22, 0xDC, 0xED, 0x33, 0x33, 0x65, 0x55, 0x25, 0xE2, 0x55, 0x55, 0x44
	.byte 0x54, 0x56, 0x55, 0x55, 0x44, 0x72, 0x87, 0x66, 0x55, 0x2C, 0x68, 0x77, 0x67, 0x2E, 0x87, 0x22
	.byte 0x77, 0x9D, 0x00, 0x07, 0x33, 0x23, 0x78, 0x88, 0x00, 0x00, 0x33, 0x83, 0x80, 0x00, 0x00, 0x23
	.byte 0xD1, 0x00, 0x00, 0x00, 0x30, 0x00, 0x01, 0x00, 0x9C, 0x00, 0x00, 0xC2, 0x8F, 0x00, 0x0D, 0xE0
	.byte 0xAB, 0x00, 0xE2, 0xFF, 0xAE, 0xAE, 0xAA, 0xBB, 0xEE, 0xAE, 0xBA, 0xEE, 0xCC, 0x80, 0x00, 0x0C
	.byte 0xCE, 0x00, 0x00, 0x70, 0x55, 0x00, 0x00, 0x50, 0x77, 0x00, 0x00, 0x20, 0xE2, 0x80, 0x00, 0x00
	.byte 0xE2, 0x80, 0x00, 0x00, 0xC3, 0x80, 0x00, 0x00, 0x20, 0x81, 0x00, 0x1F, 0xEC, 0xDD, 0x2E, 0x33
	.byte 0x66, 0x56, 0x38, 0x23, 0x55, 0x55, 0x54, 0x76, 0x55, 0x56, 0x45, 0x44, 0x72, 0x65, 0x55, 0x45
	.byte 0x8E, 0x77, 0x62, 0x56, 0x2E, 0x88, 0x77, 0x77, 0x33, 0x23, 0x87, 0x78, 0x9E, 0x00, 0x06, 0x30
	.byte 0x83, 0x87, 0x00, 0x00, 0x30, 0x23, 0x80, 0x00, 0x00, 0x20, 0xD1, 0x00, 0x30, 0x00, 0x01, 0x00
	.byte 0x9C, 0x00, 0x00, 0xC0, 0x8F, 0x00, 0x0D, 0x20, 0xAE, 0x00, 0xA2, 0xEE, 0xEF, 0x2E, 0xAA, 0xAA
	.byte 0xEB, 0xCC, 0xED, 0xEE, 0xEE, 0x80, 0x00, 0x00, 0x50, 0x80, 0x00, 0x00, 0x60, 0x80, 0x00, 0x00
	.byte 0x20, 0x80, 0x00, 0x00, 0xE0, 0x80, 0x00, 0x00, 0x20, 0x89, 0x00, 0x1F, 0x66, 0xDE, 0x3E, 0x33
	.byte 0x54, 0x55, 0x65, 0xE3, 0x4C, 0x55, 0x44, 0x65, 0xCE, 0x57, 0x55, 0x44, 0x65, 0x88, 0x57, 0x55
	.byte 0xEE, 0x72, 0x77, 0x56, 0x30, 0x22, 0x28, 0x27, 0x00, 0x30, 0x78, 0x28, 0x9F, 0x00, 0x01, 0x33
	.byte 0x72, 0x80, 0x00, 0x00, 0x33, 0x80, 0x00, 0x00, 0x20, 0xD1, 0x00, 0x00, 0x30, 0x00, 0x01, 0x00
	.byte 0xAF, 0x00, 0x0D, 0x20, 0xFE, 0x00, 0xA2, 0xAA, 0xBB, 0xC0, 0xBE, 0xBB, 0xEE, 0x66, 0xDC, 0xED
	.byte 0x22, 0x9D, 0x00, 0x1F, 0x55, 0x66, 0x25, 0x23, 0x52, 0x55, 0x44, 0x77, 0xE2, 0x64, 0x45, 0x54
	.byte 0xE2, 0x87, 0x56, 0x45, 0xC0, 0x72, 0x68, 0x55, 0x20, 0x22, 0x77, 0x67, 0x00, 0x33, 0x27, 0x72
	.byte 0x00, 0x00, 0x83, 0x87, 0x9F, 0x00, 0x01, 0x30, 0x82, 0x80, 0x00, 0x00, 0x32, 0xD5, 0x00, 0x00
	.byte 0x30, 0x00, 0x01, 0x00, 0xAF, 0x00, 0x0D, 0xB0, 0xEE, 0x00, 0x20, 0xAB, 0xAA, 0x20, 0xCC, 0xEE
	.byte 0xEE, 0x60, 0x66, 0xEC, 0x33, 0x9D, 0x00, 0x1F, 0x80, 0x55, 0x55, 0x28, 0x20, 0x55, 0x45, 0x74
	.byte 0x20, 0x6E, 0x56, 0x44, 0x00, 0x7E, 0x67, 0x45, 0x00, 0x2E, 0x27, 0x56, 0x00, 0x30, 0x28, 0x67
	.byte 0x00, 0x00, 0x23, 0x28, 0x00, 0x00, 0x20, 0x28, 0xA0, 0x00, 0x00, 0x22, 0x80, 0x00, 0x00, 0x20
	.byte 0xD5, 0x00, 0x00, 0x00, 0x30, 0x00, 0x01, 0x00, 0xAF, 0x00, 0x0D, 0x20, 0xAB, 0x00, 0xE0, 0xBE
	.byte 0xBA, 0x00, 0x67, 0xDC, 0xED, 0x00, 0x58, 0x56, 0x32, 0x9E, 0x00, 0x1A, 0x53, 0x55, 0x25, 0x00
	.byte 0x52, 0x55, 0x54, 0x00, 0x60, 0x57, 0x45, 0x00, 0xE0, 0x77, 0x55, 0x00, 0x30, 0x78, 0x57, 0x00
	.byte 0x00, 0x83, 0x77, 0x00, 0x00, 0x30, 0x78, 0x80, 0x00, 0x00, 0x23, 0xA0, 0x00, 0x00, 0x83, 0x80
	.byte 0x00, 0x00, 0x30, 0xD5, 0x00, 0x00, 0x00, 0x00, 0x30, 0x00, 0x01, 0x00, 0xAF, 0x00, 0x0D, 0x20
	.byte 0xAB, 0x00, 0x00, 0xD7, 0xDD, 0x00, 0x00, 0x65, 0xED, 0x00, 0x00, 0x55, 0x35, 0x9F, 0x00, 0x15
	.byte 0x55, 0x64, 0x00, 0x00, 0x56, 0x45, 0x00, 0x00, 0x7C, 0x45, 0x00, 0x00, 0x6E, 0x57, 0x00, 0x00
	.byte 0x80, 0x57, 0x00, 0x00, 0x20, 0x78, 0x80, 0x00, 0x00, 0x82, 0x80, 0x00, 0x00, 0x23, 0xA0, 0x00
	.byte 0x00, 0x30, 0x80, 0x00, 0x00, 0x30, 0xD5, 0x00, 0x30, 0x00, 0x01, 0x00, 0xB0, 0x00, 0x0C, 0xEE
	.byte 0x00, 0x00, 0x70, 0xDC, 0x00, 0x00, 0x60, 0xE6, 0x00, 0x00, 0x50, 0x55, 0x9F, 0x00, 0x09, 0x60
	.byte 0x45, 0x00, 0x00, 0x70, 0x46, 0x00, 0x00, 0x70, 0x57, 0x80, 0x00, 0x00, 0x57, 0x80, 0x00, 0x00
	.byte 0x72, 0x80, 0x00, 0x00, 0x22, 0x80, 0x00, 0x00, 0x23, 0x80, 0x00, 0x00, 0x80, 0xA0, 0x00, 0x00
	.byte 0x80, 0x80, 0x00, 0x00, 0x30, 0xD5, 0x00, 0x00, 0x30, 0x00, 0x01, 0x00, 0xB0, 0x00, 0x00, 0xE0
	.byte 0x80, 0x00, 0x00, 0x50, 0x80, 0x00, 0x00, 0x50, 0x80, 0x00, 0x00, 0x50, 0xA0, 0x00, 0x00, 0x50
	.byte 0x80, 0x00, 0x00, 0x60, 0x80, 0x00, 0x00, 0x50, 0x80, 0x00, 0x00, 0x70, 0x80, 0x00, 0x00, 0x80
	.byte 0x80, 0x00, 0x00, 0x60, 0x80, 0x00, 0x00, 0x50, 0x80, 0x00, 0x00, 0x60, 0xA0, 0x00, 0x00, 0x20
	.byte 0x80, 0x00, 0x00, 0x20, 0x80, 0x00, 0x00, 0x30, 0x80, 0x00, 0x00, 0x80, 0x80, 0x00, 0x00, 0x70
	.byte 0x80, 0x00, 0x00, 0x80, 0x80, 0x00, 0x00, 0x20, 0xC1, 0x00, 0x00, 0x00, 0x30, 0x00, 0x01, 0x00
	.byte 0xE4, 0x00, 0x00, 0x80, 0x80, 0x00, 0x00, 0x80, 0x84, 0x00, 0x00, 0x80, 0x80, 0x00, 0x00, 0x80
	.byte 0x80, 0x00, 0x00, 0x50, 0x80, 0x00, 0x00, 0x40, 0xA0, 0x00, 0x00, 0x42, 0x80, 0x00, 0x00, 0x52
	.byte 0x80, 0x00, 0x00, 0x52, 0x80, 0x00, 0x00, 0x73, 0x80, 0x00, 0x00, 0x22, 0x80, 0x00, 0x00, 0x97
	.byte 0x80, 0x00, 0x00, 0x72, 0x80, 0x00, 0x00, 0x82, 0xA0, 0x00, 0x00, 0x23, 0x99, 0x00, 0x00, 0x00
	.byte 0xE0, 0x7F, 0xDE, 0x7F, 0x29, 0x25, 0x21, 0x04, 0xFF, 0x17, 0x3B, 0x03, 0xB8, 0x06, 0x12, 0x02
	.byte 0x2C, 0x01, 0x1F, 0x00, 0xBD, 0x03, 0x4E, 0x01, 0x52, 0x4A, 0xC6, 0x18, 0x63, 0x0C, 0xDC, 0x10
	.byte 0xE0, 0x7F, 0xDE, 0x7F, 0x29, 0x25, 0x21, 0x04, 0xFF, 0x17, 0x3B, 0x03, 0xB8, 0x06, 0x12, 0x02
	.byte 0x2C, 0x01, 0x1F, 0x00, 0xBD, 0x03, 0x4E, 0x01, 0x52, 0x4A, 0xC6, 0x18, 0x63, 0x0C, 0xDC, 0x10
	.byte 0x30, 0x80, 0x00, 0x00, 0xCA, 0x00, 0x00, 0x10, 0x81, 0x00, 0x04, 0x30, 0x03, 0x00, 0x00, 0x30
	.byte 0x92, 0x00, 0x08, 0x10, 0x23, 0x00, 0x00, 0x10, 0x23, 0x00, 0x00, 0x10, 0x88, 0x00, 0x00, 0x00
	.byte 0x30, 0x80, 0x00, 0x00, 0xC8, 0x00, 0x0C, 0x20, 0x00, 0x10, 0x00, 0x30, 0x00, 0x00, 0x20, 0x02
	.byte 0x00, 0x00, 0x10, 0x02, 0x8D, 0x00, 0x00, 0x22, 0x80, 0x00, 0x09, 0x10, 0x23, 0x00, 0x00, 0x10
	.byte 0x22, 0x00, 0x00, 0x10, 0x03, 0x87, 0x00, 0x00, 0x30, 0x80, 0x00, 0x00, 0xC4, 0x00, 0x10, 0x20
	.byte 0x00, 0x22, 0x00, 0x10, 0x00, 0x10, 0x00, 0x22, 0x00, 0x00, 0x12, 0x21, 0x00, 0x00, 0x10, 0x22
	.byte 0x89, 0x00, 0x00, 0x02, 0x80, 0x00, 0x0D, 0x11, 0x22, 0x00, 0x00, 0x12, 0x11, 0x02, 0x00, 0x10
	.byte 0x12, 0x02, 0x00, 0x10, 0x02, 0x87, 0x00, 0x00, 0x30, 0x80, 0x00, 0x00, 0xC0, 0x00, 0x00, 0x20
	.byte 0x80, 0x00, 0x13, 0x10, 0x00, 0x11, 0x00, 0x10, 0x00, 0x12, 0x22, 0x11, 0x00, 0x23, 0x11, 0x11
	.byte 0x00, 0x30, 0x11, 0x11, 0x00, 0x00, 0x03, 0x82, 0x00, 0x00, 0x03, 0x80, 0x00, 0x14, 0x12, 0x03
	.byte 0x00, 0x00, 0x11, 0x21, 0x00, 0x00, 0x11, 0x11, 0x02, 0x00, 0x12, 0x12, 0x02, 0x00, 0x13, 0x32
	.byte 0x03, 0x00, 0x33, 0x84, 0x00, 0x00, 0x00, 0x00, 0x30, 0x80, 0x00, 0x00, 0x9C, 0x00, 0x00, 0x30
	.byte 0x99, 0x00, 0x00, 0x02, 0x83, 0x00, 0x17, 0x20, 0x30, 0x22, 0x00, 0x10, 0x00, 0x12, 0x23, 0x12
	.byte 0x00, 0x12, 0x11, 0x11, 0x00, 0x22, 0x11, 0x11, 0x00, 0x20, 0x11, 0x11, 0x00, 0x00, 0x03, 0x82
	.byte 0x00, 0x18, 0x12, 0x02, 0x00, 0x00, 0x11, 0x21, 0x00, 0x00, 0x11, 0x11, 0x02, 0x00, 0x11, 0x11
	.byte 0x02, 0x00, 0x11, 0x11, 0x02, 0x00, 0x11, 0x32, 0x03, 0x00, 0x32, 0x84, 0x00, 0x00, 0x00, 0x00
	.byte 0x30, 0x80, 0x00, 0x00, 0x9C, 0x00, 0x00, 0x30, 0x95, 0x00, 0x00, 0x03, 0x80, 0x00, 0x00, 0x33
	.byte 0x80, 0x00, 0x1A, 0x30, 0x00, 0x00, 0x10, 0x30, 0x22, 0x30, 0x13, 0x00, 0x13, 0x21, 0x11, 0x20
	.byte 0x12, 0x11, 0x11, 0x00, 0x22, 0x11, 0x11, 0x00, 0x23, 0x11, 0x11, 0x00, 0x00, 0x33, 0x82, 0x00
	.byte 0x16, 0x22, 0x32, 0x00, 0x00, 0x11, 0x21, 0x02, 0x00, 0x11, 0x11, 0x32, 0x00, 0x11, 0x11, 0x32
	.byte 0x00, 0x11, 0x11, 0x02, 0x00, 0x23, 0x02, 0x02, 0x86, 0x00, 0x00, 0x00, 0x30, 0x80, 0x00, 0x00
	.byte 0x98, 0x00, 0x00, 0x30, 0x80, 0x00, 0x00, 0x20, 0x95, 0x00, 0x00, 0x03, 0x80, 0x00, 0x1E, 0x22
	.byte 0x02, 0x00, 0x00, 0x20, 0x22, 0x00, 0x13, 0x00, 0x12, 0x22, 0x11, 0x20, 0x12, 0x11, 0x11, 0x20
	.byte 0x22, 0x11, 0x11, 0x00, 0x22, 0x11, 0x11, 0x00, 0x23, 0x22, 0x11, 0x00, 0x00, 0x03, 0x82, 0x00
	.byte 0x15, 0x11, 0x21, 0x00, 0x00, 0x11, 0x11, 0x02, 0x00, 0x11, 0x11, 0x22, 0x00, 0x11, 0x11, 0x31
	.byte 0x00, 0x11, 0x13, 0x01, 0x00, 0x13, 0x02, 0x84, 0x00, 0x00, 0x30, 0xFF, 0x00, 0x00, 0x00, 0x00
	.byte 0x30, 0x80, 0x00, 0x00, 0x98, 0x00, 0x04, 0x30, 0x30, 0x03, 0x00, 0x12, 0x91, 0x00, 0x00, 0x03
	.byte 0x80, 0x00, 0x05, 0x33, 0x03, 0x00, 0x00, 0x22, 0x32, 0x80, 0x00, 0x16, 0x22, 0x30, 0x12, 0x20
	.byte 0x13, 0x11, 0x11, 0x20, 0x22, 0x11, 0x11, 0x20, 0x22, 0x11, 0x11, 0x00, 0x22, 0x11, 0x11, 0x00
	.byte 0x23, 0x22, 0x12, 0x85, 0x00, 0x15, 0x11, 0x21, 0x02, 0x00, 0x11, 0x11, 0x22, 0x00, 0x11, 0x11
	.byte 0x21, 0x00, 0x11, 0x11, 0x21, 0x00, 0x11, 0x22, 0x01, 0x00, 0x10, 0x01, 0x84, 0x00, 0x00, 0x20
	.byte 0xFF, 0x00, 0x00, 0x00, 0x30, 0x80, 0x00, 0x00, 0x94, 0x00, 0x00, 0x30, 0x80, 0x00, 0x04, 0x22
	.byte 0x30, 0x33, 0x00, 0x22, 0x91, 0x00, 0x00, 0x33, 0x80, 0x00, 0x1F, 0x22, 0x33, 0x00, 0x00, 0x12
	.byte 0x31, 0x03, 0x00, 0x00, 0x23, 0x22, 0x12, 0x20, 0x22, 0x22, 0x12, 0x20, 0x22, 0x12, 0x11, 0x20
	.byte 0x22, 0x11, 0x11, 0x00, 0x22, 0x11, 0x11, 0x00, 0x20, 0x22, 0x12, 0x85, 0x00, 0x15, 0x22, 0x11
	.byte 0x03, 0x00, 0x11, 0x11, 0x21, 0x00, 0x11, 0x11, 0x21, 0x02, 0x11, 0x23, 0x21, 0x00, 0x11, 0x01
	.byte 0x00, 0x00, 0x12, 0x01, 0x80, 0x00, 0x00, 0x22, 0x80, 0x00, 0x00, 0x20, 0xFF, 0x00, 0x00, 0x00
	.byte 0x30, 0x80, 0x00, 0x00, 0x90, 0x00, 0x00, 0x40, 0x80, 0x00, 0x08, 0x40, 0x40, 0x44, 0x00, 0x22
	.byte 0x00, 0x23, 0x22, 0x22, 0x8D, 0x00, 0x00, 0x04, 0x80, 0x00, 0x0C, 0x34, 0x03, 0x00, 0x00, 0x22
	.byte 0x32, 0x00, 0x00, 0x22, 0x22, 0x03, 0x00, 0x20, 0x80, 0x22, 0x13, 0x20, 0x22, 0x22, 0x12, 0x23
	.byte 0x22, 0x21, 0x11, 0x00, 0x22, 0x11, 0x11, 0x00, 0x22, 0x11, 0x11, 0x00, 0x00, 0x33, 0x11, 0x80
	.byte 0x00, 0x00, 0x32, 0x80, 0x00, 0x1A, 0x03, 0x22, 0x12, 0x22, 0x00, 0x21, 0x22, 0x21, 0x02, 0x11
	.byte 0x22, 0x21, 0x03, 0x11, 0x31, 0x33, 0x00, 0x11, 0x01, 0x01, 0x00, 0x10, 0x01, 0x02, 0x00, 0x00
	.byte 0x23, 0x80, 0x00, 0x00, 0x20, 0xFF, 0x00, 0x00, 0x30, 0x80, 0x00, 0x00, 0x8C, 0x00, 0x00, 0x50
	.byte 0x80, 0x00, 0x0C, 0x50, 0x40, 0x44, 0x00, 0x33, 0x00, 0x44, 0x40, 0x33, 0x30, 0x34, 0x33, 0x22
	.byte 0x89, 0x00, 0x00, 0x05, 0x80, 0x00, 0x10, 0x55, 0x04, 0x00, 0x00, 0x44, 0x44, 0x00, 0x00, 0x33
	.byte 0x32, 0x04, 0x00, 0x33, 0x23, 0x34, 0x00, 0x30, 0x80, 0x23, 0x13, 0x30, 0x23, 0x22, 0x12, 0x30
	.byte 0x23, 0x21, 0x11, 0x00, 0x32, 0x11, 0x11, 0x00, 0x32, 0x11, 0x11, 0x00, 0x00, 0x20, 0x21, 0x80
	.byte 0x00, 0x00, 0x21, 0x80, 0x00, 0x00, 0x03, 0x80, 0x22, 0x16, 0x03, 0x11, 0x23, 0x21, 0x03, 0x11
	.byte 0x31, 0x23, 0x03, 0x11, 0x01, 0x01, 0x00, 0x11, 0x01, 0x00, 0x00, 0x22, 0x11, 0x02, 0x00, 0x00
	.byte 0x23, 0x80, 0x00, 0x00, 0x30, 0xFF, 0x00, 0x00, 0x30, 0x80, 0x00, 0x00, 0x88, 0x00, 0x00, 0x50
	.byte 0x80, 0x00, 0x10, 0x50, 0x50, 0x55, 0x00, 0x43, 0x00, 0x55, 0x00, 0x43, 0x00, 0x45, 0x44, 0x34
	.byte 0x30, 0x33, 0x44, 0x34, 0x85, 0x00, 0x00, 0x05, 0x80, 0x00, 0x0F, 0x55, 0x05, 0x00, 0x00, 0x55
	.byte 0x55, 0x00, 0x00, 0x44, 0x53, 0x05, 0x00, 0x44, 0x34, 0x05, 0x00, 0x80, 0x33, 0x18, 0x00, 0x30
	.byte 0x33, 0x44, 0x24, 0x30, 0x33, 0x22, 0x12, 0x00, 0x32, 0x21, 0x11, 0x00, 0x22, 0x11, 0x11, 0x00
	.byte 0x30, 0x12, 0x11, 0x00, 0x00, 0x10, 0x11, 0x80, 0x00, 0x00, 0x11, 0x80, 0x00, 0x1A, 0x03, 0x22
	.byte 0x34, 0x22, 0x03, 0x11, 0x31, 0x23, 0x03, 0x11, 0x01, 0x31, 0x00, 0x11, 0x01, 0x00, 0x00, 0x11
	.byte 0x11, 0x02, 0x00, 0x20, 0x13, 0x02, 0x00, 0x00, 0x20, 0x83, 0x00, 0x00, 0x30, 0x80, 0x00, 0x00
	.byte 0x84, 0x00, 0x00, 0x50, 0x80, 0x00, 0x14, 0x50, 0x50, 0x55, 0x00, 0x50, 0x50, 0x55, 0x50, 0x44
	.byte 0x00, 0x55, 0x55, 0x45, 0x30, 0x43, 0x54, 0x45, 0x30, 0x33, 0x55, 0x45, 0x81, 0x00, 0x00, 0x05
	.byte 0x80, 0x00, 0x2F, 0x55, 0x05, 0x00, 0x00, 0x55, 0x55, 0x00, 0x00, 0x44, 0x54, 0x05, 0x00, 0x44
	.byte 0x44, 0x05, 0x00, 0x44, 0x44, 0x04, 0x00, 0x34, 0x44, 0x33, 0x03, 0x30, 0x33, 0x34, 0x13, 0x30
	.byte 0x33, 0x22, 0x11, 0x30, 0x22, 0x11, 0x11, 0x30, 0x22, 0x11, 0x11, 0x00, 0x30, 0x12, 0x11, 0x00
	.byte 0x00, 0x10, 0x11, 0x80, 0x00, 0x00, 0x11, 0x80, 0x00, 0x1A, 0x23, 0x11, 0x40, 0x33, 0x03, 0x21
	.byte 0x31, 0x33, 0x03, 0x11, 0x31, 0x01, 0x00, 0x11, 0x21, 0x02, 0x00, 0x12, 0x11, 0x02, 0x00, 0x22
	.byte 0x21, 0x00, 0x00, 0x30, 0x20, 0x83, 0x00, 0x00, 0x30, 0x80, 0x00, 0x00, 0x80, 0x00, 0x00, 0x50
	.byte 0x80, 0x00, 0x09, 0x50, 0x50, 0x05, 0x00, 0x55, 0x50, 0x55, 0x50, 0x55, 0x00, 0x80, 0x55, 0x0C
	.byte 0x40, 0x40, 0x55, 0x55, 0x40, 0x44, 0x55, 0x55, 0x45, 0x44, 0x55, 0x14, 0x05, 0x80, 0x00, 0x33
	.byte 0x55, 0x05, 0x00, 0x00, 0x55, 0x55, 0x00, 0x00, 0x55, 0x55, 0x05, 0x00, 0x55, 0x55, 0x05, 0x00
	.byte 0x55, 0x55, 0x45, 0x00, 0x55, 0x55, 0x35, 0x03, 0x23, 0x55, 0x34, 0x03, 0x40, 0x44, 0x33, 0x22
	.byte 0x30, 0x33, 0x11, 0x21, 0x30, 0x22, 0x11, 0x21, 0x30, 0x22, 0x12, 0x11, 0x00, 0x30, 0x12, 0x11
	.byte 0x00, 0x00, 0x23, 0x11, 0x80, 0x00, 0x00, 0x11, 0x80, 0x00, 0x19, 0x23, 0x22, 0x31, 0x33, 0x03
	.byte 0x22, 0x31, 0x33, 0x00, 0x11, 0x21, 0x02, 0x00, 0x11, 0x11, 0x02, 0x00, 0x11, 0x21, 0x03, 0x00
	.byte 0x21, 0x22, 0x00, 0x00, 0x32, 0x80, 0x00, 0x00, 0x30, 0x80, 0x00, 0x00, 0x30, 0x80, 0x00, 0x00
	.byte 0x80, 0x00, 0x1D, 0x50, 0x50, 0x55, 0x00, 0x50, 0x50, 0x55, 0x50, 0x65, 0x00, 0x65, 0x66, 0x66
	.byte 0x40, 0x50, 0x65, 0x66, 0x40, 0x55, 0x66, 0x66, 0x55, 0x55, 0x56, 0x35, 0x50, 0x55, 0x34, 0x33
	.byte 0x05, 0x80, 0x00, 0x33, 0x55, 0x55, 0x00, 0x00, 0x65, 0x56, 0x05, 0x00, 0x66, 0x66, 0x05, 0x00
	.byte 0x66, 0x66, 0x55, 0x00, 0x66, 0x66, 0x36, 0x04, 0x46, 0x55, 0x36, 0x03, 0x33, 0x42, 0x33, 0x03
	.byte 0x30, 0x43, 0x22, 0x22, 0x30, 0x23, 0x12, 0x22, 0x30, 0x23, 0x12, 0x21, 0x30, 0x20, 0x12, 0x11
	.byte 0x00, 0x00, 0x12, 0x11, 0x00, 0x00, 0x24, 0x11, 0x80, 0x00, 0x00, 0x12, 0x80, 0x00, 0x19, 0x30
	.byte 0x22, 0x32, 0x33, 0x04, 0x21, 0x22, 0x42, 0x00, 0x11, 0x11, 0x03, 0x00, 0x11, 0x21, 0x03, 0x00
	.byte 0x11, 0x21, 0x00, 0x00, 0x21, 0x02, 0x00, 0x00, 0x33, 0x80, 0x00, 0x00, 0x33, 0x80, 0x00, 0x00
	.byte 0x30, 0x80, 0x00, 0x00, 0x81, 0x00, 0x04, 0x50, 0x55, 0x50, 0x65, 0x50, 0x80, 0x66, 0x13, 0x50
	.byte 0x65, 0x66, 0x66, 0x50, 0x65, 0x66, 0x66, 0x55, 0x55, 0x66, 0x46, 0x50, 0x55, 0x46, 0x34, 0x00
	.byte 0x54, 0x33, 0x33, 0x81, 0x00, 0x2F, 0x66, 0x56, 0x00, 0x00, 0x66, 0x66, 0x05, 0x00, 0x66, 0x66
	.byte 0x56, 0x00, 0x66, 0x66, 0x46, 0x00, 0x66, 0x66, 0x46, 0x04, 0x33, 0x45, 0x46, 0x04, 0x33, 0x22
	.byte 0x43, 0x05, 0x50, 0x23, 0x12, 0x33, 0x30, 0x23, 0x12, 0x22, 0x30, 0x23, 0x12, 0x11, 0x00, 0x20
	.byte 0x12, 0x11, 0x00, 0x00, 0x22, 0x11, 0x80, 0x00, 0x00, 0x11, 0x80, 0x00, 0x00, 0x15, 0x80, 0x00
	.byte 0x1D, 0x50, 0x33, 0x22, 0x53, 0x00, 0x11, 0x22, 0x03, 0x00, 0x11, 0x21, 0x03, 0x00, 0x11, 0x31
	.byte 0x00, 0x00, 0x11, 0x21, 0x00, 0x00, 0x21, 0x01, 0x00, 0x00, 0x25, 0x05, 0x00, 0x00, 0x50, 0x80
	.byte 0x00, 0x00, 0x00, 0x00, 0x30, 0x80, 0x00, 0x00, 0x80, 0x00, 0x54, 0x65, 0x00, 0x00, 0x50, 0x65
	.byte 0x50, 0x55, 0x65, 0x66, 0x50, 0x55, 0x65, 0x66, 0x55, 0x55, 0x66, 0x66, 0x50, 0x55, 0x56, 0x46
	.byte 0x00, 0x54, 0x45, 0x44, 0x30, 0x23, 0x23, 0x44, 0x56, 0x06, 0x00, 0x00, 0x66, 0x66, 0x00, 0x00
	.byte 0x66, 0x66, 0x05, 0x00, 0x66, 0x66, 0x56, 0x00, 0x66, 0x50, 0x55, 0x05, 0x44, 0x50, 0x56, 0x05
	.byte 0x44, 0x33, 0x54, 0x05, 0x44, 0x23, 0x54, 0x00, 0x30, 0x23, 0x22, 0x32, 0x30, 0x23, 0x12, 0x22
	.byte 0x00, 0x20, 0x12, 0x11, 0x00, 0x20, 0x21, 0x11, 0x00, 0x20, 0x33, 0x12, 0x00, 0x30, 0x00, 0x11
	.byte 0x80, 0x00, 0x00, 0x20, 0x81, 0x00, 0x18, 0x22, 0x23, 0x04, 0x00, 0x11, 0x32, 0x04, 0x00, 0x11
	.byte 0x31, 0x00, 0x00, 0x11, 0x31, 0x00, 0x00, 0x11, 0x01, 0x00, 0x00, 0x21, 0x01, 0x00, 0x00, 0x20
	.byte 0x80, 0x00, 0x00, 0x30, 0x80, 0x00, 0x00, 0x00, 0x30, 0x80, 0x00, 0x00, 0x80, 0x00, 0x08, 0x65
	.byte 0x50, 0x55, 0x00, 0x65, 0x50, 0x55, 0x00, 0x66, 0x80, 0x55, 0x0D, 0x65, 0x50, 0x55, 0x56, 0x66
	.byte 0x00, 0x55, 0x45, 0x66, 0x40, 0x34, 0x34, 0x54, 0x40, 0x80, 0x33, 0x37, 0x65, 0x06, 0x00, 0x00
	.byte 0x66, 0x66, 0x00, 0x00, 0x66, 0x66, 0x55, 0x00, 0x66, 0x66, 0x56, 0x05, 0x66, 0x50, 0x55, 0x05
	.byte 0x56, 0x45, 0x56, 0x05, 0x55, 0x34, 0x55, 0x00, 0x44, 0x34, 0x05, 0x00, 0x30, 0x33, 0x23, 0x22
	.byte 0x40, 0x30, 0x23, 0x22, 0x00, 0x20, 0x22, 0x22, 0x00, 0x20, 0x21, 0x22, 0x00, 0x20, 0x33, 0x11
	.byte 0x00, 0x30, 0x03, 0x22, 0x80, 0x00, 0x00, 0x30, 0x81, 0x00, 0x18, 0x11, 0x33, 0x05, 0x00, 0x12
	.byte 0x42, 0x05, 0x00, 0x11, 0x41, 0x00, 0x00, 0x11, 0x31, 0x00, 0x00, 0x11, 0x01, 0x00, 0x00, 0x22
	.byte 0x02, 0x00, 0x00, 0x23, 0x84, 0x00, 0x00, 0x00, 0x30, 0x80, 0x00, 0x00, 0x81, 0x00, 0x07, 0x50
	.byte 0x55, 0x50, 0x55, 0x50, 0x55, 0x55, 0x65, 0x80, 0x55, 0x11, 0x65, 0x50, 0x55, 0x55, 0x66, 0x50
	.byte 0x54, 0x45, 0x65, 0x40, 0x34, 0x44, 0x43, 0x40, 0x34, 0x44, 0x33, 0x55, 0x80, 0x00, 0x33, 0x50
	.byte 0x00, 0x55, 0x00, 0x65, 0x00, 0x55, 0x05, 0x66, 0x00, 0x55, 0x05, 0x66, 0x06, 0x55, 0x05, 0x66
	.byte 0x36, 0x56, 0x00, 0x55, 0x35, 0x06, 0x00, 0x22, 0x34, 0x05, 0x00, 0x40, 0x34, 0x33, 0x23, 0x00
	.byte 0x30, 0x22, 0x23, 0x00, 0x10, 0x12, 0x22, 0x00, 0x10, 0x11, 0x21, 0x00, 0x10, 0x32, 0x11, 0x00
	.byte 0x20, 0x32, 0x11, 0x80, 0x00, 0x00, 0x32, 0x81, 0x00, 0x18, 0x12, 0x53, 0x05, 0x00, 0x12, 0x51
	.byte 0x00, 0x00, 0x12, 0x21, 0x00, 0x00, 0x12, 0x01, 0x00, 0x00, 0x11, 0x01, 0x00, 0x00, 0x33, 0x03
	.byte 0x00, 0x00, 0x40, 0x84, 0x00, 0x00, 0x00, 0x00, 0x30, 0x80, 0x00, 0x00, 0x83, 0x00, 0x1C, 0x50
	.byte 0x55, 0x00, 0x00, 0x50, 0x65, 0x00, 0x50, 0x66, 0x66, 0x00, 0x55, 0x66, 0x66, 0x50, 0x45, 0x66
	.byte 0x55, 0x50, 0x45, 0x55, 0x44, 0x50, 0x45, 0x44, 0x34, 0x00, 0x00, 0x55, 0x80, 0x00, 0x31, 0x55
	.byte 0x05, 0x66, 0x00, 0x55, 0x05, 0x66, 0x06, 0x56, 0x05, 0x66, 0x36, 0x56, 0x00, 0x65, 0x46, 0x06
	.byte 0x00, 0x23, 0x44, 0x06, 0x00, 0x23, 0x53, 0x05, 0x00, 0x00, 0x40, 0x32, 0x34, 0x00, 0x10, 0x22
	.byte 0x34, 0x00, 0x10, 0x12, 0x33, 0x00, 0x12, 0x11, 0x21, 0x00, 0x23, 0x22, 0x21, 0x00, 0x20, 0x22
	.byte 0x21, 0x80, 0x00, 0x00, 0x33, 0x81, 0x00, 0x14, 0x23, 0x53, 0x00, 0x00, 0x22, 0x21, 0x00, 0x00
	.byte 0x21, 0x31, 0x00, 0x00, 0x21, 0x01, 0x03, 0x00, 0x22, 0x03, 0x00, 0x00, 0x33, 0x88, 0x00, 0x00
	.byte 0x30, 0x80, 0x00, 0x00, 0x80, 0x00, 0x09, 0x50, 0x00, 0x00, 0x50, 0x55, 0x00, 0x50, 0x55, 0x55
	.byte 0x00, 0x80, 0x55, 0x00, 0x50, 0x80, 0x55, 0x00, 0x50, 0x80, 0x55, 0x25, 0x50, 0x55, 0x54, 0x55
	.byte 0x00, 0x40, 0x44, 0x45, 0x00, 0x00, 0x55, 0x00, 0x55, 0x00, 0x55, 0x05, 0x55, 0x05, 0x55, 0x05
	.byte 0x55, 0x45, 0x55, 0x05, 0x55, 0x45, 0x55, 0x00, 0x44, 0x45, 0x05, 0x00, 0x34, 0x54, 0x05, 0x00
	.byte 0x24, 0x54, 0x80, 0x00, 0x16, 0x20, 0x32, 0x45, 0x00, 0x13, 0x12, 0x44, 0x00, 0x12, 0x12, 0x31
	.byte 0x00, 0x12, 0x11, 0x11, 0x00, 0x23, 0x11, 0x21, 0x00, 0x20, 0x32, 0x22, 0x85, 0x00, 0x12, 0x23
	.byte 0x42, 0x00, 0x00, 0x22, 0x21, 0x00, 0x00, 0x23, 0x31, 0x03, 0x00, 0x21, 0x31, 0x03, 0x00, 0x22
	.byte 0x00, 0x03, 0x8A, 0x00, 0x30, 0x80, 0x00, 0x00, 0x1F, 0x00, 0x00, 0x50, 0x55, 0x00, 0x50, 0x65
	.byte 0x66, 0x00, 0x55, 0x66, 0x56, 0x50, 0x55, 0x66, 0x56, 0x50, 0x55, 0x65, 0x56, 0x50, 0x55, 0x65
	.byte 0x66, 0x00, 0x50, 0x54, 0x56, 0x00, 0x30, 0x43, 0x56, 0x81, 0x00, 0x00, 0x55, 0x80, 0x00, 0x15
	.byte 0x66, 0x56, 0x05, 0x00, 0x66, 0x56, 0x06, 0x00, 0x66, 0x56, 0x06, 0x00, 0x45, 0x55, 0x06, 0x00
	.byte 0x45, 0x65, 0x05, 0x00, 0x34, 0x63, 0x80, 0x00, 0x16, 0x20, 0x12, 0x55, 0x00, 0x12, 0x12, 0x32
	.byte 0x00, 0x12, 0x11, 0x21, 0x00, 0x12, 0x11, 0x21, 0x00, 0x23, 0x12, 0x21, 0x00, 0x30, 0x33, 0x02
	.byte 0x85, 0x00, 0x12, 0x33, 0x32, 0x00, 0x00, 0x33, 0x22, 0x03, 0x00, 0x32, 0x32, 0x02, 0x00, 0x22
	.byte 0x30, 0x02, 0x00, 0x30, 0x00, 0x03, 0x8A, 0x00, 0x30, 0x80, 0x00, 0x00, 0x1F, 0x00, 0x50, 0x55
	.byte 0x05, 0x00, 0x55, 0x65, 0x06, 0x50, 0x55, 0x66, 0x56, 0x50, 0x65, 0x66, 0x56, 0x50, 0x55, 0x66
	.byte 0x66, 0x00, 0x50, 0x65, 0x66, 0x00, 0x40, 0x53, 0x56, 0x00, 0x20, 0x13, 0x55, 0x82, 0x00, 0x18
	.byte 0x50, 0x00, 0x00, 0x05, 0x56, 0x00, 0x00, 0x66, 0x66, 0x00, 0x00, 0x56, 0x66, 0x00, 0x00, 0x45
	.byte 0x56, 0x00, 0x00, 0x45, 0x54, 0x00, 0x00, 0x44, 0x32, 0x80, 0x00, 0x16, 0x13, 0x13, 0x32, 0x00
	.byte 0x12, 0x12, 0x21, 0x00, 0x12, 0x11, 0x21, 0x00, 0x22, 0x12, 0x21, 0x00, 0x20, 0x12, 0x31, 0x00
	.byte 0x00, 0x32, 0x03, 0x85, 0x00, 0x0E, 0x44, 0x23, 0x00, 0x00, 0x43, 0x23, 0x02, 0x00, 0x32, 0x33
	.byte 0x02, 0x00, 0x33, 0x30, 0x02, 0x80, 0x00, 0x00, 0x03, 0x8A, 0x00, 0x00, 0x30, 0x80, 0x00, 0x00
	.byte 0x08, 0x00, 0x50, 0x00, 0x55, 0x00, 0x55, 0x50, 0x55, 0x50, 0x80, 0x55, 0x00, 0x50, 0x80, 0x55
	.byte 0x2D, 0x50, 0x65, 0x55, 0x66, 0x00, 0x50, 0x55, 0x66, 0x00, 0x30, 0x33, 0x55, 0x00, 0x30, 0x23
	.byte 0x44, 0x00, 0x50, 0x00, 0x00, 0x05, 0x56, 0x00, 0x00, 0x66, 0x66, 0x00, 0x00, 0x66, 0x66, 0x00
	.byte 0x00, 0x55, 0x56, 0x00, 0x00, 0x55, 0x55, 0x00, 0x00, 0x55, 0x03, 0x00, 0x00, 0x55, 0x24, 0x80
	.byte 0x00, 0x12, 0x22, 0x11, 0x42, 0x00, 0x22, 0x12, 0x22, 0x00, 0x22, 0x11, 0x22, 0x00, 0x23, 0x12
	.byte 0x22, 0x00, 0x00, 0x22, 0x01, 0x89, 0x00, 0x0E, 0x54, 0x24, 0x03, 0x00, 0x42, 0x33, 0x02, 0x00
	.byte 0x43, 0x30, 0x02, 0x00, 0x00, 0x30, 0x03, 0x8E, 0x00, 0x00, 0x00, 0x00, 0x30, 0x80, 0x00, 0x00
	.byte 0x80, 0x00, 0x50, 0x05, 0x00, 0x00, 0x55, 0x55, 0x00, 0x50, 0x55, 0x55, 0x00, 0x50, 0x65, 0x66
	.byte 0x00, 0x50, 0x65, 0x66, 0x00, 0x50, 0x44, 0x55, 0x00, 0x30, 0x23, 0x54, 0x00, 0x23, 0x23, 0x43
	.byte 0x00, 0x56, 0x00, 0x00, 0x66, 0x56, 0x00, 0x00, 0x66, 0x56, 0x00, 0x00, 0x56, 0x56, 0x00, 0x00
	.byte 0x56, 0x56, 0x00, 0x00, 0x55, 0x54, 0x00, 0x00, 0x65, 0x35, 0x00, 0x00, 0x55, 0x24, 0x03, 0x00
	.byte 0x00, 0x22, 0x22, 0x33, 0x00, 0x22, 0x22, 0x32, 0x00, 0x23, 0x12, 0x22, 0x00, 0x20, 0x12, 0x31
	.byte 0x00, 0x00, 0x22, 0x03, 0x89, 0x00, 0x0A, 0x43, 0x34, 0x02, 0x00, 0x43, 0x30, 0x02, 0x00, 0x00
	.byte 0x30, 0x02, 0x92, 0x00, 0x30, 0x80, 0x00, 0x00, 0x4F, 0x00, 0x50, 0x05, 0x00, 0x00, 0x50, 0x55
	.byte 0x00, 0x00, 0x50, 0x55, 0x55, 0x00, 0x50, 0x55, 0x65, 0x00, 0x50, 0x44, 0x64, 0x00, 0x30, 0x34
	.byte 0x63, 0x00, 0x35, 0x33, 0x63, 0x00, 0x33, 0x33, 0x44, 0x00, 0x55, 0x00, 0x00, 0x65, 0x55, 0x00
	.byte 0x00, 0x66, 0x56, 0x00, 0x00, 0x66, 0x06, 0x00, 0x00, 0x66, 0x06, 0x00, 0x00, 0x66, 0x56, 0x00
	.byte 0x00, 0x66, 0x36, 0x05, 0x00, 0x44, 0x34, 0x03, 0x00, 0x00, 0x33, 0x33, 0x43, 0x00, 0x33, 0x22
	.byte 0x33, 0x00, 0x30, 0x23, 0x33, 0x00, 0x00, 0x33, 0x52, 0x8D, 0x00, 0x0A, 0x44, 0x30, 0x03, 0x00
	.byte 0x50, 0x55, 0x03, 0x00, 0x00, 0x50, 0x05, 0x92, 0x00, 0x00, 0x00, 0x00, 0x30, 0x80, 0x00, 0x00
	.byte 0x1F, 0x00, 0x50, 0x55, 0x00, 0x00, 0x50, 0x55, 0x55, 0x00, 0x50, 0x55, 0x55, 0x00, 0x50, 0x55
	.byte 0x65, 0x00, 0x40, 0x44, 0x64, 0x00, 0x45, 0x44, 0x64, 0x00, 0x44, 0x34, 0x64, 0x00, 0x44, 0x44
	.byte 0x64, 0x81, 0x00, 0x00, 0x55, 0x80, 0x00, 0x26, 0x65, 0x06, 0x00, 0x00, 0x66, 0x06, 0x00, 0x00
	.byte 0x66, 0x56, 0x00, 0x00, 0x66, 0x36, 0x00, 0x00, 0x66, 0x36, 0x04, 0x00, 0x64, 0x40, 0x03, 0x00
	.byte 0x00, 0x44, 0x33, 0x44, 0x00, 0x40, 0x24, 0x34, 0x00, 0x00, 0x24, 0x52, 0x00, 0x00, 0x44, 0x8E
	.byte 0x00, 0x06, 0x40, 0x40, 0x03, 0x00, 0x00, 0x50, 0x04, 0x96, 0x00, 0x00, 0x30, 0x80, 0x00, 0x00
	.byte 0x20, 0x00, 0x50, 0x55, 0x55, 0x00, 0x50, 0x55, 0x55, 0x00, 0x50, 0x55, 0x55, 0x00, 0x50, 0x55
	.byte 0x66, 0x00, 0x50, 0x45, 0x65, 0x00, 0x44, 0x44, 0x65, 0x00, 0x44, 0x44, 0x64, 0x00, 0x44, 0x33
	.byte 0x44, 0x55, 0x80, 0x00, 0x26, 0x55, 0x05, 0x00, 0x00, 0x65, 0x06, 0x00, 0x00, 0x66, 0x06, 0x00
	.byte 0x00, 0x66, 0x46, 0x00, 0x00, 0x66, 0x46, 0x04, 0x00, 0x55, 0x45, 0x04, 0x00, 0x55, 0x40, 0x04
	.byte 0x00, 0x00, 0x45, 0x34, 0x44, 0x00, 0x40, 0x34, 0x43, 0x00, 0x00, 0x44, 0x93, 0x00, 0x01, 0x40
	.byte 0x04, 0x9A, 0x00, 0x00, 0x30, 0x80, 0x00, 0x00, 0x80, 0x00, 0x00, 0x50, 0x80, 0x00, 0x19, 0x55
	.byte 0x00, 0x50, 0x55, 0x55, 0x00, 0x50, 0x65, 0x56, 0x00, 0x65, 0x65, 0x56, 0x00, 0x65, 0x44, 0x66
	.byte 0x00, 0x65, 0x44, 0x64, 0x00, 0x55, 0x45, 0x44, 0x55, 0x80, 0x00, 0x23, 0x55, 0x05, 0x00, 0x00
	.byte 0x55, 0x06, 0x00, 0x00, 0x55, 0x45, 0x00, 0x00, 0x55, 0x46, 0x05, 0x00, 0x55, 0x45, 0x04, 0x00
	.byte 0x55, 0x55, 0x04, 0x00, 0x00, 0x50, 0x04, 0x00, 0x00, 0x50, 0x45, 0x44, 0x00, 0x00, 0x45, 0x54
	.byte 0xB5, 0x00, 0x00, 0x00, 0x30, 0x80, 0x00, 0x00, 0x80, 0x00, 0x37, 0x55, 0x00, 0x50, 0x55, 0x55
	.byte 0x00, 0x50, 0x65, 0x55, 0x00, 0x55, 0x65, 0x66, 0x00, 0x65, 0x56, 0x66, 0x00, 0x55, 0x55, 0x66
	.byte 0x00, 0x55, 0x55, 0x65, 0x00, 0x50, 0x55, 0x55, 0x50, 0x05, 0x00, 0x00, 0x55, 0x05, 0x00, 0x00
	.byte 0x55, 0x55, 0x00, 0x00, 0x56, 0x55, 0x05, 0x00, 0x55, 0x50, 0x05, 0x00, 0x55, 0x55, 0x05, 0x00
	.byte 0x05, 0x50, 0x05, 0x84, 0x00, 0x01, 0x55, 0x05, 0xB9, 0x00, 0x00, 0x00, 0x30, 0x80, 0x00, 0x00
	.byte 0x04, 0x00, 0x50, 0x55, 0x55, 0x00, 0x80, 0x55, 0x08, 0x00, 0x55, 0x66, 0x55, 0x00, 0x65, 0x55
	.byte 0x65, 0x00, 0x80, 0x55, 0x00, 0x00, 0x80, 0x55, 0x1E, 0x00, 0x50, 0x65, 0x56, 0x00, 0x00, 0x55
	.byte 0x56, 0x50, 0x05, 0x00, 0x00, 0x55, 0x55, 0x00, 0x00, 0x55, 0x55, 0x05, 0x00, 0x55, 0x55, 0x05
	.byte 0x00, 0x55, 0x50, 0x05, 0x00, 0x50, 0x50, 0x05, 0xC6, 0x00, 0x00, 0x00, 0x30, 0x80, 0x00, 0x00
	.byte 0x10, 0x00, 0x50, 0x55, 0x05, 0x00, 0x55, 0x55, 0x05, 0x00, 0x65, 0x56, 0x55, 0x00, 0x65, 0x55
	.byte 0x55, 0x00, 0x80, 0x55, 0x07, 0x00, 0x55, 0x65, 0x56, 0x00, 0x50, 0x55, 0x55, 0x82, 0x00, 0x00
	.byte 0x50, 0x80, 0x00, 0x10, 0x50, 0x05, 0x00, 0x00, 0x50, 0x05, 0x00, 0x00, 0x50, 0x05, 0x00, 0x00
	.byte 0x50, 0x05, 0x00, 0x00, 0x50, 0xC7, 0x00, 0x00, 0x05, 0x42, 0xBF, 0x3B, 0x5F, 0x33, 0xBE, 0x2E
	.byte 0x5D, 0x2A, 0xBB, 0x29, 0x3C, 0x11, 0x9C, 0x73, 0x18, 0x63, 0x94, 0x52, 0x10, 0x42, 0xAD, 0x35
	.byte 0x4A, 0x29, 0x08, 0x21, 0xC6, 0x18, 0x84, 0x10, 0x80, 0x01, 0xE0, 0x03, 0xE0, 0x03, 0xE0, 0x03
	.byte 0xE0, 0x03, 0xE0, 0x03, 0xE0, 0x03, 0xE0, 0x03, 0xE0, 0x03, 0xE0, 0x03, 0xFF, 0x7F, 0x18, 0x63
	.byte 0x10, 0x42, 0x8C, 0x31, 0x29, 0x25, 0x00, 0x00, 0xE0, 0x03, 0xE0, 0x03, 0xE0, 0x03, 0xE0, 0x03
	.byte 0xE0, 0x03, 0xE0, 0x03, 0xE0, 0x03, 0xE0, 0x03, 0xE0, 0x03, 0xE0, 0x03, 0xE0, 0x03, 0xE0, 0x03
	.byte 0xE0, 0x03, 0xE0, 0x03, 0xE0, 0x03, 0xE0, 0x03, 0xE0, 0x03, 0xE0, 0x03, 0xE0, 0x03, 0xE0, 0x03
	.byte 0xE0, 0x03, 0xE0, 0x03, 0xE0, 0x03, 0xE0, 0x03, 0xE0, 0x03, 0xE0, 0x03, 0xE0, 0x03, 0xE0, 0x03
	.byte 0xE0, 0x03, 0xE0, 0x03, 0xE0, 0x03, 0xE0, 0x03, 0xE0, 0x03, 0xE0, 0x03, 0xE0, 0x03, 0xE0, 0x03
	.byte 0xE0, 0x03, 0xE0, 0x03, 0xE0, 0x03, 0xE0, 0x03, 0xE0, 0x03, 0xE0, 0x03, 0xE0, 0x03, 0xE0, 0x03
	.byte 0xE0, 0x03, 0xE0, 0x03, 0xE0, 0x03, 0xE0, 0x03, 0xE0, 0x03, 0xE0, 0x03, 0xE0, 0x03, 0xE0, 0x03
	.byte 0xE0, 0x03, 0xE0, 0x03, 0xE0, 0x03, 0xE0, 0x03, 0xE0, 0x03, 0xE0, 0x03, 0xE0, 0x03, 0xE0, 0x03
	.byte 0xE0, 0x03, 0xE0, 0x03, 0xE0, 0x03, 0xE0, 0x03, 0xE0, 0x03, 0xE0, 0x03, 0xE0, 0x03, 0xE0, 0x03
	.byte 0xE0, 0x03, 0xE0, 0x03, 0xE0, 0x03, 0xE0, 0x03, 0xE0, 0x03, 0xE0, 0x03, 0xE0, 0x03, 0xE0, 0x03
	.byte 0xE0, 0x03, 0xE0, 0x03, 0xE0, 0x03, 0xE0, 0x03, 0xE0, 0x03, 0xE0, 0x03, 0xE0, 0x03, 0xE0, 0x03
	.byte 0xE0, 0x03, 0xE0, 0x03, 0xE0, 0x03, 0xE0, 0x03, 0xE0, 0x03, 0xE0, 0x03, 0xE0, 0x03, 0xE0, 0x03
	.byte 0xE0, 0x03, 0xE0, 0x03, 0xE0, 0x03, 0xE0, 0x03, 0xE0, 0x03, 0xE0, 0x03, 0xE0, 0x03, 0xE0, 0x03
	.byte 0xE0, 0x03, 0xE0, 0x03, 0xE0, 0x03, 0xE0, 0x03, 0xE0, 0x03, 0xE0, 0x03, 0xE0, 0x03, 0xE0, 0x03
	.byte 0xE0, 0x03, 0xE0, 0x03, 0xE0, 0x03, 0xE0, 0x03, 0xE0, 0x03, 0xE0, 0x03, 0xE0, 0x03, 0xE0, 0x03
	.byte 0xE0, 0x03, 0xE0, 0x03, 0xE0, 0x03, 0xE0, 0x03, 0xE0, 0x03, 0xE0, 0x03, 0xE0, 0x03, 0xE0, 0x03
	.byte 0xE0, 0x03, 0xE0, 0x03, 0xE0, 0x03, 0xE0, 0x03, 0xE0, 0x03, 0xE0, 0x03, 0xE0, 0x03, 0xE0, 0x03
	.byte 0xE0, 0x03, 0xE0, 0x03, 0xE0, 0x03, 0xE0, 0x03, 0xE0, 0x03, 0xE0, 0x03, 0xE0, 0x03, 0xE0, 0x03
	.byte 0xE0, 0x03, 0xE0, 0x03, 0xE0, 0x03, 0xE0, 0x03, 0xE0, 0x03, 0xE0, 0x03, 0xE0, 0x03, 0xE0, 0x03
	.byte 0xE0, 0x03, 0xE0, 0x03, 0xE0, 0x03, 0xE0, 0x03, 0xE0, 0x03, 0xE0, 0x03, 0xE0, 0x03, 0xE0, 0x03
	.byte 0xE0, 0x03, 0xE0, 0x03, 0xE0, 0x03, 0xE0, 0x03, 0xE0, 0x03, 0xE0, 0x03, 0xE0, 0x03, 0xE0, 0x03
	.byte 0xE0, 0x03, 0xE0, 0x03, 0xE0, 0x03, 0xE0, 0x03, 0xE0, 0x03, 0xE0, 0x03, 0xE0, 0x03, 0xE0, 0x03
	.byte 0xE0, 0x03, 0xE0, 0x03, 0xE0, 0x03, 0xE0, 0x03, 0xE0, 0x03, 0xE0, 0x03, 0xE0, 0x03, 0xE0, 0x03
	.byte 0xE0, 0x03, 0xE0, 0x03, 0xE0, 0x03, 0xE0, 0x03, 0xE0, 0x03, 0xE0, 0x03, 0xE0, 0x03, 0xE0, 0x03
	.byte 0xE0, 0x03, 0xE0, 0x03, 0xE0, 0x03, 0xE0, 0x03, 0xE0, 0x03, 0xE0, 0x03, 0xE0, 0x03, 0xE0, 0x03
	.byte 0xE0, 0x03, 0xE0, 0x03, 0xE0, 0x03, 0xE0, 0x03, 0xE0, 0x03, 0xE0, 0x03, 0xE0, 0x03, 0xE0, 0x03
	.byte 0xE0, 0x03, 0xE0, 0x03, 0xE0, 0x03, 0xE0, 0x03, 0xE0, 0x03, 0xE0, 0x03, 0xE0, 0x03, 0xE0, 0x03
	.byte 0xE0, 0x03, 0xE0, 0x03, 0xE0, 0x03, 0xE0, 0x03, 0xE0, 0x03, 0xE0, 0x03, 0xE0, 0x03, 0xE0, 0x03
	.byte 0xE0, 0x03, 0xE0, 0x03, 0xE0, 0x03, 0xE0, 0x03, 0xE0, 0x03, 0xE0, 0x03, 0xE0, 0x03, 0xE0, 0x03
	.byte 0xE0, 0x03, 0xE0, 0x03, 0xE0, 0x03, 0xE0, 0x03, 0xE0, 0x03, 0xE0, 0x03, 0xE0, 0x03, 0xE0, 0x03
	.byte 0xE0, 0x03, 0xE0, 0x03, 0xE0, 0x03, 0xBF, 0x7D, 0x00, 0x00, 0x01, 0x00, 0x02, 0x00, 0x03, 0x00
	.byte 0x04, 0x00, 0x05, 0x00, 0x06, 0x00, 0x07, 0x00, 0x08, 0x00, 0x09, 0x00, 0x0A, 0x00, 0x0B, 0x00
	.byte 0x0C, 0x00, 0x0D, 0x00, 0x0E, 0x00, 0x0F, 0x00, 0x10, 0x00, 0x11, 0x00, 0x12, 0x00, 0x13, 0x00
	.byte 0x14, 0x00, 0x15, 0x00, 0x16, 0x00, 0x17, 0x00, 0x18, 0x00, 0x19, 0x00, 0x1A, 0x00, 0x1B, 0x00
	.byte 0x1C, 0x00, 0x1D, 0x00, 0x1E, 0x00, 0x1F, 0x00, 0x20, 0x00, 0x21, 0x00, 0x22, 0x00, 0x23, 0x00
	.byte 0x24, 0x00, 0x25, 0x00, 0x26, 0x00, 0x27, 0x00, 0x28, 0x00, 0x29, 0x00, 0x2A, 0x00, 0x2B, 0x00
	.byte 0x2C, 0x00, 0x2D, 0x00, 0x2E, 0x00, 0x2F, 0x00, 0x30, 0x00, 0x31, 0x00, 0x32, 0x00, 0x33, 0x00
	.byte 0x34, 0x00, 0x35, 0x00, 0x36, 0x00, 0x37, 0x00, 0x38, 0x00, 0x39, 0x00, 0x3A, 0x00, 0x3B, 0x00
	.byte 0x3C, 0x00, 0x3D, 0x00, 0x3E, 0x00, 0x3F, 0x00, 0x40, 0x00, 0x1C, 0x00, 0x1E, 0x00, 0x23, 0x00
	.byte 0x24, 0x00, 0x25, 0x00, 0x26, 0x00, 0x27, 0x00, 0x28, 0x00, 0x29, 0x00, 0x2A, 0x00, 0x2B, 0x00
	.byte 0x2C, 0x00, 0x2D, 0x00, 0x2E, 0x00, 0x2F, 0x00, 0x30, 0x00, 0x31, 0x00, 0x32, 0x00, 0x33, 0x00
	.byte 0x34, 0x00, 0x35, 0x00, 0x36, 0x00, 0x37, 0x00, 0x38, 0x00, 0x39, 0x00, 0x3A, 0x00, 0x41, 0x00
	.byte 0x42, 0x00, 0x43, 0x00, 0x44, 0x00, 0x00, 0x00, 0x00, 0x00, 0x45, 0x00, 0x46, 0x00, 0x47, 0x00
	.byte 0x47, 0x00, 0x48, 0x00, 0x49, 0x00, 0x4A, 0x00, 0x4B, 0x00, 0x4C, 0x00, 0x4D, 0x00, 0x4E, 0x00
	.byte 0x00, 0x00, 0x4F, 0x00, 0x00, 0x00, 0x50, 0x00, 0x51, 0x00, 0x52, 0x00, 0x53, 0x00, 0x54, 0x00
	.byte 0x55, 0x00, 0x56, 0x00, 0x57, 0x00, 0x58, 0x00, 0x59, 0x00, 0x5A, 0x00, 0x5B, 0x00, 0x5B, 0x00
	.byte 0x5C, 0x00, 0x5D, 0x00, 0x5E, 0x00, 0x5F, 0x00, 0x00, 0x00, 0x60, 0x00, 0x61, 0x00, 0x62, 0x00
	.byte 0x63, 0x00, 0x64, 0x00, 0x65, 0x00, 0x66, 0x00, 0x67, 0x00, 0x68, 0x00, 0x69, 0x00, 0x6A, 0x00
	.byte 0x6B, 0x00, 0x6C, 0x00, 0x6D, 0x00, 0x6E, 0x00, 0x6F, 0x00, 0x70, 0x00, 0x71, 0x00, 0x72, 0x00
	.byte 0x73, 0x00, 0x74, 0x00, 0x75, 0x00, 0x76, 0x00, 0x77, 0x00, 0x78, 0x00, 0x79, 0x00, 0x7A, 0x00
	.byte 0x7B, 0x00, 0x7C, 0x00, 0x7D, 0x00, 0x7E, 0x00, 0x7F, 0x00, 0x80, 0x00, 0x81, 0x00, 0x82, 0x00
	.byte 0x83, 0x00, 0x84, 0x00, 0x85, 0x00, 0x86, 0x00, 0x87, 0x00, 0x88, 0x00, 0x89, 0x00, 0x8A, 0x00
	.byte 0x8B, 0x00, 0x8C, 0x00, 0x8D, 0x00, 0x51, 0x00, 0x51, 0x00, 0x51, 0x00, 0x8E, 0x00, 0x8F, 0x00
	.byte 0x88, 0x00, 0x90, 0x00, 0x91, 0x00, 0x92, 0x00, 0x93, 0x00, 0x94, 0x00, 0x95, 0x00, 0x96, 0x00
	.byte 0x97, 0x00, 0x98, 0x00, 0x99, 0x00, 0x00, 0x00, 0x9A, 0x00, 0x9B, 0x00, 0x9C, 0x00, 0x9D, 0x00
	.byte 0x6F, 0x00, 0x9E, 0x00, 0x9F, 0x00, 0xA0, 0x00, 0xA1, 0x00, 0xA2, 0x00, 0xA3, 0x00, 0xA4, 0x00
	.byte 0xA5, 0x00, 0xA6, 0x00, 0xA7, 0x00, 0x6F, 0x00, 0xA8, 0x00, 0xA9, 0x00, 0xAA, 0x00, 0xAB, 0x00
	.byte 0xAC, 0x00, 0xAD, 0x00, 0xAE, 0x00, 0xAF, 0x00, 0xB0, 0x00, 0xB1, 0x00, 0xB2, 0x00, 0xB3, 0x00
	.byte 0xB4, 0x00, 0xB5, 0x00, 0xB6, 0x00, 0xB7, 0x00, 0xB8, 0x00, 0x80, 0x00, 0x81, 0x00, 0x82, 0x00
	.byte 0x83, 0x00, 0x84, 0x00, 0x85, 0x00, 0x86, 0x00, 0x87, 0x00, 0x88, 0x00, 0x89, 0x00, 0x8A, 0x00
	.byte 0x8B, 0x00, 0x8C, 0x00, 0x8D, 0x00, 0x51, 0x00, 0x51, 0x00, 0x51, 0x00, 0x8E, 0x00, 0x8F, 0x00
	.byte 0x88, 0x00, 0x90, 0x00, 0x91, 0x00, 0x92, 0x00, 0x93, 0x00, 0x94, 0x00, 0x95, 0x00, 0xB9, 0x00
	.byte 0xBA, 0x00, 0xBB, 0x00, 0xBC, 0x00, 0x00, 0x00, 0xBD, 0x00, 0x9B, 0x00, 0x9C, 0x00, 0x9D, 0x00
	.byte 0x6F, 0x00, 0x9E, 0x00, 0x9F, 0x00, 0xA0, 0x00, 0xA1, 0x00, 0xA2, 0x00, 0xA3, 0x00, 0xA4, 0x00
	.byte 0xA5, 0x00, 0xA6, 0x00, 0xA7, 0x00, 0x6F, 0x00, 0xA8, 0x00, 0xA9, 0x00, 0xAA, 0x00, 0xAB, 0x00
	.byte 0xAC, 0x00, 0xAD, 0x00, 0xAE, 0x00, 0xAF, 0x00, 0xB0, 0x00, 0xB1, 0x00, 0xB2, 0x00, 0xBE, 0x00
	.byte 0xBF, 0x00, 0xC0, 0x00, 0xC1, 0x00, 0x00, 0x00, 0x00, 0x00, 0x00, 0x00, 0x00, 0x00, 0x00, 0x00
	.byte 0x00, 0x00, 0x00, 0x00, 0x00, 0x00, 0x00, 0x00, 0x00, 0x00, 0x00, 0x00, 0x00, 0x00, 0x00, 0x00
	.byte 0x00, 0x00, 0x00, 0x00, 0x00, 0x00, 0x00, 0x00, 0x00, 0x00, 0x00, 0x00, 0x00, 0x00, 0x00, 0x00
	.byte 0x00, 0x00, 0x00, 0x00, 0x00, 0x00, 0x00, 0x00, 0x00, 0x00, 0x00, 0x00, 0x00, 0x00, 0x00, 0x00
	.byte 0x00, 0x00, 0x00, 0x00, 0x00, 0x00, 0x00, 0x00, 0x00, 0x00, 0x00, 0x00, 0x00, 0x00, 0x00, 0x00
	.byte 0x00, 0x00, 0x00, 0x00, 0x00, 0x00, 0x00, 0x00, 0x00, 0x00, 0x00, 0x00, 0x00, 0x00, 0x00, 0x00
	.byte 0x00, 0x00, 0x00, 0x00, 0x00, 0x00, 0x00, 0x00, 0x00, 0x00, 0x00, 0x00, 0x00, 0x00, 0x00, 0x00
	.byte 0x00, 0x00, 0x00, 0x00, 0x00, 0x00, 0x00, 0x00, 0x00, 0x00, 0x00, 0x00, 0x00, 0x00, 0x00, 0x00
	.byte 0x00, 0x00, 0x00, 0x00, 0x00, 0x00, 0x00, 0x00, 0x00, 0x00, 0x00, 0x00, 0x00, 0x00, 0x00, 0x00
	.byte 0x00, 0x00, 0x00, 0x00, 0x00, 0x00, 0x00, 0x00, 0x00, 0x00, 0x00, 0x00, 0x00, 0x00, 0x00, 0x00
	.byte 0x00, 0x00, 0x00, 0x00, 0x00, 0x00, 0x00, 0x00, 0x00, 0x00, 0x00, 0x00, 0x00, 0x00, 0x00, 0x00
	.byte 0x00, 0x00, 0x00, 0x00, 0x00, 0x00, 0x00, 0x00, 0x00, 0x00, 0x00, 0x00, 0x00, 0x00, 0x00, 0x00
	.byte 0x00, 0x00, 0x00, 0x00, 0x00, 0x00, 0x00, 0x00, 0x00, 0x00, 0x00, 0x00, 0x00, 0x00, 0x00, 0x00
	.byte 0x00, 0x00, 0x00, 0x00, 0x00, 0x00, 0x00, 0x00, 0x00, 0x00, 0x00, 0x00, 0x00, 0x00, 0x00, 0x00
	.byte 0x00, 0x00, 0x00, 0x00, 0x00, 0x00, 0x00, 0x00, 0x00, 0x00, 0x00, 0x00, 0x00, 0x00, 0x00, 0x00
	.byte 0x00, 0x00, 0x00, 0x00, 0x00, 0x00, 0x00, 0x00, 0x00, 0x00, 0x00, 0x00, 0x00, 0x00, 0x00, 0x00
	.byte 0x00, 0x00, 0x00, 0x00, 0x00, 0x00, 0x00, 0x00, 0x00, 0x00, 0x00, 0x00, 0x00, 0x00, 0x00, 0x00
	.byte 0x00, 0x00, 0x00, 0x00, 0x00, 0x00, 0x00, 0x00, 0x00, 0x00, 0x00, 0x00, 0x00, 0x00, 0x00, 0x00
	.byte 0x00, 0x00, 0x00, 0x00, 0x00, 0x00, 0x00, 0x00, 0x00, 0x00, 0x00, 0x00, 0x00, 0x00, 0x00, 0x00
	.byte 0x00, 0x00, 0x00, 0x00, 0x00, 0x00, 0x00, 0x00, 0x00, 0x00, 0x00, 0x00, 0x00, 0x00, 0x00, 0x00
	.byte 0x00, 0x00, 0x00, 0x00, 0x00, 0x00, 0x00, 0x00, 0x00, 0x00, 0x00, 0x00, 0x00, 0x00, 0x00, 0x00
	.byte 0x00, 0x00, 0x00, 0x00, 0x00, 0x00, 0x00, 0x00, 0x00, 0x00, 0x00, 0x00, 0x00, 0x00, 0x00, 0x00
	.byte 0x00, 0x00, 0x00, 0x00, 0x00, 0x00, 0x00, 0x00, 0x00, 0x00, 0x00, 0x00, 0x00, 0x00, 0x00, 0x00
	.byte 0x00, 0x00, 0x00, 0x00, 0x00, 0x00, 0x00, 0x00, 0x00, 0x00, 0x00, 0x00, 0x00, 0x00, 0x00, 0x00
	.byte 0x00, 0x00, 0x00, 0x00, 0x00, 0x00, 0x00, 0x00, 0x00, 0x00, 0x00, 0x00, 0x00, 0x00, 0x00, 0x00
	.byte 0x00, 0x00, 0x00, 0x00, 0x00, 0x00, 0x00, 0x00, 0x00, 0x00, 0x00, 0x00, 0x00, 0x00, 0x00, 0x00
	.byte 0x00, 0x00, 0x00, 0x00, 0x00, 0x00, 0x00, 0x00, 0x00, 0x00, 0x00, 0x00, 0x00, 0x00, 0x00, 0x00
	.byte 0x00, 0x00, 0x00, 0x00, 0x00, 0x00, 0x00, 0x00, 0x00, 0x00, 0x00, 0x00, 0x00, 0x00, 0x00, 0x00
	.byte 0x00, 0x00, 0x00, 0x00, 0x00, 0x00, 0x00, 0x00, 0x00, 0x00, 0x00, 0x00, 0x00, 0x00, 0x00, 0x00
	.byte 0x00, 0x00, 0x00, 0x00, 0x00, 0x00, 0x00, 0x00, 0x00, 0x00, 0x00, 0x00, 0x00, 0x00, 0x00, 0x00
	.byte 0x00, 0x00, 0x00, 0x00, 0x00, 0x00, 0x00, 0x00, 0x00, 0x00, 0x00, 0x00, 0x00, 0x00, 0x00, 0x00
	.byte 0x00, 0x00, 0x00, 0x00, 0x00, 0x00, 0x00, 0x00, 0x00, 0x00, 0x00, 0x00, 0x00, 0x00, 0x00, 0x00
	.byte 0x00, 0x00, 0x00, 0x00, 0x00, 0x00, 0x00, 0x00, 0x00, 0x00, 0x01, 0x00, 0x02, 0x00, 0x03, 0x00
	.byte 0x04, 0x00, 0x05, 0x00, 0x06, 0x00, 0x07, 0x00, 0x08, 0x00, 0x09, 0x00, 0x0A, 0x00, 0x0B, 0x00
	.byte 0x0C, 0x00, 0x0D, 0x00, 0x0E, 0x00, 0x0F, 0x00, 0x10, 0x00, 0x11, 0x00, 0x12, 0x00, 0x13, 0x00
	.byte 0x14, 0x00, 0x15, 0x00, 0x16, 0x00, 0x17, 0x00, 0x18, 0x00, 0x19, 0x00, 0x1A, 0x00, 0x1B, 0x00
	.byte 0x1C, 0x00, 0x1D, 0x00, 0x1E, 0x00, 0x1F, 0x00, 0x20, 0x00, 0x21, 0x00, 0x22, 0x00, 0x23, 0x00
	.byte 0x24, 0x00, 0x25, 0x00, 0x26, 0x00, 0x27, 0x00, 0x28, 0x00, 0x29, 0x00, 0x2A, 0x00, 0x2B, 0x00
	.byte 0x2C, 0x00, 0x2D, 0x00, 0x2E, 0x00, 0x2F, 0x00, 0x30, 0x00, 0x31, 0x00, 0x32, 0x00, 0x33, 0x00
	.byte 0x34, 0x00, 0x35, 0x00, 0x36, 0x00, 0x37, 0x00, 0x38, 0x00, 0x39, 0x00, 0x3A, 0x00, 0x3B, 0x00
	.byte 0x3C, 0x00, 0x3D, 0x00, 0x3E, 0x00, 0x3F, 0x00, 0x40, 0x00, 0x41, 0x00, 0x42, 0x00, 0x43, 0x00
	.byte 0x44, 0x00, 0x45, 0x00, 0x46, 0x00, 0x47, 0x00, 0x48, 0x00, 0x49, 0x00, 0x4A, 0x00, 0x4B, 0x00
	.byte 0x4C, 0x00, 0x4D, 0x00, 0x4E, 0x00, 0x4F, 0x00, 0x50, 0x00, 0x51, 0x00, 0x52, 0x00, 0x53, 0x00
	.byte 0x54, 0x00, 0x55, 0x00, 0x56, 0x00, 0x57, 0x00, 0x58, 0x00, 0x59, 0x00, 0x5A, 0x00, 0x5B, 0x00
	.byte 0x5C, 0x00, 0x5D, 0x00, 0x5E, 0x00, 0x5F, 0x00, 0x60, 0x00, 0x61, 0x00, 0x62, 0x00, 0x63, 0x00
	.byte 0x64, 0x00, 0x65, 0x00, 0x66, 0x00, 0x67, 0x00, 0x68, 0x00, 0x69, 0x00, 0x6A, 0x00, 0x6B, 0x00
	.byte 0x6C, 0x00, 0x6D, 0x00, 0x6E, 0x00, 0x6F, 0x00, 0x70, 0x00, 0x71, 0x00, 0x72, 0x00, 0x73, 0x00
	.byte 0x74, 0x00, 0x75, 0x00, 0x76, 0x00, 0x77, 0x00, 0x78, 0x00, 0x79, 0x00, 0x7A, 0x00, 0x7B, 0x00
	.byte 0x7C, 0x00, 0x7D, 0x00, 0x7E, 0x00, 0x7F, 0x00, 0x80, 0x00, 0x81, 0x00, 0x82, 0x00, 0x83, 0x00
	.byte 0x84, 0x00, 0x85, 0x00, 0x86, 0x00, 0x87, 0x00, 0x88, 0x00, 0x89, 0x00, 0x8A, 0x00, 0x8B, 0x00
	.byte 0x8C, 0x00, 0x8D, 0x00, 0x8E, 0x00, 0x8F, 0x00, 0x90, 0x00, 0x91, 0x00, 0x92, 0x00, 0x93, 0x00
	.byte 0x94, 0x00, 0x95, 0x00, 0x96, 0x00, 0x97, 0x00, 0x98, 0x00, 0x99, 0x00, 0x9A, 0x00, 0x9B, 0x00
	.byte 0x9C, 0x00, 0x9D, 0x00, 0x9E, 0x00, 0x9F, 0x00, 0xA0, 0x00, 0xA1, 0x00, 0xA2, 0x00, 0xA3, 0x00
	.byte 0xA4, 0x00, 0xA5, 0x00, 0xA6, 0x00, 0xA7, 0x00, 0xA8, 0x00, 0xA9, 0x00, 0xAA, 0x00, 0xAB, 0x00
	.byte 0xAC, 0x00, 0xAD, 0x00, 0xAE, 0x00, 0xAF, 0x00, 0xB0, 0x00, 0xB1, 0x00, 0xB2, 0x00, 0xB3, 0x00
	.byte 0xB4, 0x00, 0xB5, 0x00, 0xB6, 0x00, 0xB7, 0x00, 0xB8, 0x00, 0xB9, 0x00, 0xBA, 0x00, 0xBB, 0x00
	.byte 0xBC, 0x00, 0xBD, 0x00, 0xBE, 0x00, 0xBF, 0x00, 0xC0, 0x00, 0xC1, 0x00, 0x00, 0x00, 0x00, 0x00
	.byte 0x00, 0x00, 0x00, 0x00, 0x00, 0x00, 0x00, 0x00, 0x00, 0x00, 0x00, 0x00, 0x00, 0x00, 0x00, 0x00
	.byte 0x00, 0x00, 0x00, 0x00, 0x00, 0x00, 0x00, 0x00, 0x00, 0x00, 0x00, 0x00, 0x00, 0x00, 0x00, 0x00
	.byte 0x00, 0xAA, 0x0F, 0x00, 0x00, 0xAA, 0x0F, 0x00, 0x00, 0xAA, 0x0F, 0x00, 0x00, 0xAA, 0x0F, 0x00
	.byte 0x00, 0xFF, 0x0F, 0x00, 0x00, 0xAA, 0x0F, 0x00, 0x00, 0xFF, 0x0F, 0x00, 0x00, 0x00, 0x00, 0x00
	.byte 0xA0, 0xFA, 0xAA, 0x0F, 0xA0, 0xFA, 0xAA, 0x0F, 0xF0, 0xFF, 0xFF, 0x0F, 0x00, 0x00, 0x00, 0x00
	.byte 0x00, 0x00, 0x00, 0xA0, 0x00, 0x00, 0x00, 0xF0, 0x00, 0x00, 0x00, 0x00, 0x00, 0x00, 0x00, 0x00
	.byte 0x00, 0x0A, 0x00, 0x0A, 0xAA, 0xAA, 0xAA, 0xAA, 0xAF, 0xFF, 0xAF, 0xFF, 0xA0, 0x00, 0xA0, 0x00
	.byte 0xAA, 0xAA, 0xAA, 0x0A, 0xFA, 0xFF, 0xFA, 0x0F, 0x0F, 0x00, 0x0F, 0x00, 0x00, 0x00, 0x00, 0x00
	.byte 0x00, 0xAA, 0x0F, 0x00, 0x00, 0xFF, 0x0F, 0x00, 0x00, 0xAA, 0x0F, 0x00, 0x00, 0xAA, 0x0F, 0x00
	.byte 0x00, 0xAA, 0x0F, 0x00, 0x00, 0xAA, 0x0F, 0x00, 0x00, 0xFF, 0x0F, 0x00, 0x00, 0x00, 0x00, 0x00
	.byte 0x00, 0x00, 0x00, 0x00, 0xAA, 0x0F, 0xAA, 0x0F, 0xAA, 0xAF, 0xFA, 0x0F, 0xFF, 0xAA, 0xFF, 0x00
	.byte 0xA0, 0xFA, 0xAA, 0x0F, 0xAA, 0xFF, 0xAA, 0x0F, 0xFF, 0x0F, 0xFF, 0x0F, 0x00, 0x00, 0x00, 0x00
	.byte 0xA0, 0xAA, 0xAA, 0x0F, 0xFA, 0xAF, 0xFF, 0xFA, 0xFA, 0xFA, 0xFA, 0xFA, 0xFA, 0xAA, 0xFF, 0xFA
	.byte 0xFA, 0xFA, 0xFA, 0xFA, 0xFA, 0xFF, 0xFF, 0xFA, 0xAF, 0xAA, 0xAA, 0xFF, 0x00, 0x00, 0x00, 0x00
	.byte 0x00, 0xAA, 0x0F, 0x00, 0x00, 0xAA, 0x0F, 0x00, 0x00, 0xFA, 0x0F, 0x00, 0x00, 0xFF, 0x00, 0x00
	.byte 0x00, 0x00, 0x00, 0x00, 0x00, 0x00, 0x00, 0x00, 0x00, 0x00, 0x00, 0x00, 0x00, 0x00, 0x00, 0x00
	.byte 0x00, 0xAA, 0x0F, 0x00, 0xA0, 0xFA, 0x0F, 0x00, 0xA0, 0xFA, 0x00, 0x00, 0xA0, 0xFA, 0x00, 0x00
	.byte 0xA0, 0xFA, 0x00, 0x00, 0xF0, 0xAA, 0x0F, 0x00, 0x00, 0xFF, 0x0F, 0x00, 0x00, 0x00, 0x00, 0x00
	.byte 0xA0, 0xFA, 0x00, 0x00, 0xF0, 0xAA, 0x0F, 0x00, 0x00, 0xAA, 0x0F, 0x00, 0x00, 0xAA, 0x0F, 0x00
	.byte 0x00, 0xAA, 0x0F, 0x00, 0xA0, 0xFA, 0x0F, 0x00, 0xF0, 0xFF, 0x00, 0x00, 0x00, 0x00, 0x00, 0x00
	.byte 0x00, 0x00, 0x00, 0x00, 0xA0, 0x0F, 0xFA, 0x00, 0xF0, 0xAA, 0xFF, 0x00, 0xAA, 0xAA, 0xAA, 0x0F
	.byte 0xFF, 0xAA, 0xFF, 0x0F, 0xA0, 0xFF, 0xFA, 0x00, 0xF0, 0x0F, 0xFF, 0x00, 0x00, 0x00, 0x00, 0x00
	.byte 0x00, 0x00, 0x00, 0x00, 0x00, 0xAA, 0x0F, 0x00, 0x00, 0xAA, 0x0F, 0x00, 0xAA, 0xAA, 0xAA, 0x0F
	.byte 0xFF, 0xAA, 0xFF, 0x0F, 0x00, 0xAA, 0x0F, 0x00, 0x00, 0xFF, 0x0F, 0x00, 0x00, 0x00, 0x00, 0x00
	.byte 0x00, 0x00, 0x00, 0x00, 0x00, 0x00, 0x00, 0x00, 0x00, 0x00, 0x00, 0x00, 0x00, 0x00, 0x00, 0x00
	.byte 0x00, 0xAA, 0x0F, 0x00, 0x00, 0xAA, 0x0F, 0x00, 0x00, 0xFA, 0x0F, 0x00, 0x00, 0x00, 0x00, 0x00
	.byte 0x00, 0x00, 0x00, 0x00, 0x00, 0x00, 0x00, 0x00, 0x00, 0x00, 0x00, 0x00, 0xAA, 0xAA, 0xAA, 0x0F
	.byte 0xFF, 0xFF, 0xFF, 0x0F, 0x00, 0x00, 0x00, 0x00, 0x00, 0x00, 0x00, 0x00, 0x00, 0x00, 0x00, 0x00
	.byte 0x00, 0x00, 0x00, 0x00, 0x00, 0x00, 0x00, 0x00, 0x00, 0x00, 0x00, 0x00, 0x00, 0x00, 0x00, 0x00
	.byte 0x00, 0xAA, 0x0F, 0x00, 0x00, 0xAA, 0x0F, 0x00, 0x00, 0xFF, 0x0F, 0x00, 0x00, 0x00, 0x00, 0x00
	.byte 0x00, 0x00, 0xA0, 0xFA, 0x00, 0x00, 0xAA, 0xFF, 0x00, 0xA0, 0xFA, 0x0F, 0x00, 0xAA, 0xFF, 0x00
	.byte 0xA0, 0xFA, 0x0F, 0x00, 0xAA, 0xFF, 0x00, 0x00, 0xFF, 0x0F, 0x00, 0x00, 0x00, 0x00, 0x00, 0x00
	.byte 0xA0, 0xAA, 0xAA, 0x0F, 0xAA, 0xFF, 0xAA, 0x0F, 0xAA, 0x0F, 0xAA, 0x0F, 0xAA, 0x0F, 0xAA, 0x0F
	.byte 0xAA, 0x0F, 0xAA, 0x0F, 0xAF, 0xAA, 0xFA, 0x0F, 0xF0, 0xFF, 0xFF, 0x00, 0x00, 0x00, 0x00, 0x00
	.byte 0xA0, 0xAA, 0x0F, 0x00, 0xAA, 0xAA, 0x0F, 0x00, 0xFF, 0xAA, 0x0F, 0x00, 0x00, 0xAA, 0x0F, 0x00
	.byte 0x00, 0xAA, 0x0F, 0x00, 0x00, 0xAA, 0x0F, 0x00, 0x00, 0xFF, 0x0F, 0x00, 0x00, 0x00, 0x00, 0x00
	.byte 0xAA, 0xAA, 0xAA, 0x0F, 0xFF, 0xFF, 0xAA, 0x0F, 0xAA, 0xAA, 0xAA, 0x0F, 0xAA, 0xFF, 0xFF, 0x0F
	.byte 0xAA, 0x0F, 0x00, 0x00, 0xAA, 0xAA, 0xAA, 0x0F, 0xFF, 0xFF, 0xFF, 0x0F, 0x00, 0x00, 0x00, 0x00
	.byte 0xA0, 0xAA, 0xFA, 0x00, 0xF0, 0xAF, 0xFA, 0x00, 0xA0, 0xAA, 0xFA, 0x00, 0xF0, 0xFF, 0xAA, 0x0F
	.byte 0x00, 0x00, 0xAA, 0x0F, 0xAA, 0xAA, 0xAA, 0x0F, 0xFF, 0xFF, 0xFF, 0x0F, 0x00, 0x00, 0x00, 0x00
	.byte 0xAA, 0x0F, 0x00, 0x00, 0xAA, 0x0F, 0xAA, 0x0F, 0xAA, 0x0F, 0xAA, 0x0F, 0xAA, 0x0F, 0xAA, 0x0F
	.byte 0xAA, 0xAA, 0xAA, 0x0F, 0xFF, 0xFF, 0xAA, 0x0F, 0x00, 0x00, 0xFF, 0x0F, 0x00, 0x00, 0x00, 0x00
	.byte 0xAA, 0xAA, 0xAA, 0x0F, 0xAA, 0xFF, 0xFF, 0x0F, 0xAA, 0xAA, 0xAA, 0x0F, 0xFF, 0xFF, 0xAA, 0x0F
	.byte 0x00, 0x00, 0xAA, 0x0F, 0xAA, 0xAA, 0xAA, 0x0F, 0xFF, 0xFF, 0xFF, 0x0F, 0x00, 0x00, 0x00, 0x00
	.byte 0xFA, 0x00, 0x00, 0x00, 0xFA, 0x00, 0x00, 0x00, 0xAA, 0xAA, 0xAA, 0x0F, 0xAA, 0xFF, 0xAA, 0x0F
	.byte 0xAA, 0x0F, 0xAA, 0x0F, 0xAA, 0xAA, 0xAA, 0x0F, 0xFF, 0xFF, 0xFF, 0x0F, 0x00, 0x00, 0x00, 0x00
	.byte 0xAA, 0xAA, 0xAA, 0x0F, 0xFF, 0xAF, 0xAA, 0x0F, 0x00, 0xA0, 0xAA, 0x0F, 0x00, 0xAA, 0xFA, 0x0F
	.byte 0x00, 0xAA, 0xFF, 0x00, 0xA0, 0xAA, 0x0F, 0x00, 0xF0, 0xFF, 0x0F, 0x00, 0x00, 0x00, 0x00, 0x00
	.byte 0xA0, 0xAA, 0xFA, 0x00, 0xA0, 0xFF, 0xFA, 0x00, 0xA0, 0x0F, 0xAA, 0x0F, 0xAA, 0xAA, 0xAA, 0x0F
	.byte 0xAA, 0xFF, 0xAA, 0x0F, 0xAA, 0xAA, 0xAA, 0x0F, 0xFF, 0xFF, 0xFF, 0x0F, 0x00, 0x00, 0x00, 0x00
	.byte 0xAA, 0xAA, 0xAA, 0x0F, 0xAA, 0xFF, 0xAA, 0x0F, 0xAA, 0x0F, 0xAA, 0x0F, 0xAA, 0xAA, 0xAA, 0x0F
	.byte 0xFF, 0xFF, 0xAA, 0x0F, 0xA0, 0xAA, 0xAA, 0x0F, 0xF0, 0xFF, 0xFF, 0x0F, 0x00, 0x00, 0x00, 0x00
	.byte 0x00, 0x00, 0x00, 0x00, 0x00, 0xAA, 0x0F, 0x00, 0x00, 0xAA, 0x0F, 0x00, 0x00, 0xFF, 0x0F, 0x00
	.byte 0x00, 0xAA, 0x0F, 0x00, 0x00, 0xAA, 0x0F, 0x00, 0x00, 0xFF, 0x0F, 0x00, 0x00, 0x00, 0x00, 0x00
	.byte 0x00, 0x00, 0x00, 0x00, 0x00, 0xAA, 0x0F, 0x00, 0x00, 0xAA, 0x0F, 0x00, 0x00, 0xFF, 0x0F, 0x00
	.byte 0x00, 0xAA, 0x0F, 0x00, 0x00, 0xAA, 0x0F, 0x00, 0x00, 0xFA, 0x0F, 0x00, 0x00, 0x00, 0x00, 0x00
	.byte 0x00, 0xA0, 0x0A, 0x00, 0x00, 0xAA, 0xAA, 0x00, 0xA0, 0xAA, 0xAA, 0x0A, 0xA0, 0xAA, 0xAA, 0xFA
	.byte 0xF0, 0xFF, 0xFF, 0xFF, 0x00, 0x00, 0x00, 0x00, 0x00, 0x00, 0x00, 0x00, 0x00, 0x00, 0x00, 0x00
	.byte 0x00, 0x00, 0x00, 0x00, 0x00, 0x00, 0x00, 0x00, 0xA0, 0xAA, 0xAA, 0x0F, 0xF0, 0xFF, 0xFF, 0x0F
	.byte 0xA0, 0xAA, 0xAA, 0x0F, 0xF0, 0xFF, 0xFF, 0x0F, 0x00, 0x00, 0x00, 0x00, 0x00, 0x00, 0x00, 0x00
	.byte 0xA0, 0xAA, 0xAA, 0xFA, 0xA0, 0xAA, 0xAA, 0xFA, 0x00, 0xAA, 0xAA, 0x0F, 0x00, 0xA0, 0xFA, 0x00
	.byte 0x00, 0xF0, 0x0F, 0x00, 0x00, 0x00, 0x00, 0x00, 0x00, 0x00, 0x00, 0x00, 0x00, 0x00, 0x00, 0x00
	.byte 0x00, 0x00, 0x00, 0x00, 0xA0, 0xAA, 0xAA, 0x0F, 0xF0, 0xFF, 0xAF, 0xFA, 0x00, 0xAA, 0xAA, 0xFF
	.byte 0x00, 0xFF, 0xFF, 0x0F, 0x00, 0xAA, 0xFA, 0x00, 0x00, 0xFF, 0xFF, 0x00, 0x00, 0x00, 0x00, 0x00
	.byte 0xA0, 0xAA, 0xAA, 0x0F, 0xFA, 0xFF, 0xFF, 0xFA, 0xFA, 0xA0, 0xFA, 0xFA, 0xFA, 0xFA, 0xFF, 0xFA
	.byte 0xFA, 0xAF, 0xFA, 0xFA, 0xFA, 0xF0, 0xFF, 0xFA, 0xAF, 0xAA, 0xAA, 0xFF, 0x00, 0x00, 0x00, 0x00
	.byte 0xA0, 0xAA, 0xFA, 0x00, 0xA0, 0xFF, 0xAA, 0x0F, 0xAA, 0x0F, 0xAA, 0x0F, 0xAA, 0xAA, 0xAA, 0x0F
	.byte 0xAA, 0xFF, 0xAA, 0x0F, 0xAA, 0x0F, 0xAA, 0x0F, 0xFF, 0x0F, 0xFF, 0x0F, 0x00, 0x00, 0x00, 0x00
	.byte 0xAA, 0xAA, 0xFA, 0x00, 0xAA, 0xFF, 0xFA, 0x00, 0xAA, 0xAA, 0xFA, 0x00, 0xAA, 0xFF, 0xAA, 0x0F
	.byte 0xAA, 0x0F, 0xAA, 0x0F, 0xAA, 0xAA, 0xAA, 0x0F, 0xFF, 0xFF, 0xFF, 0x0F, 0x00, 0x00, 0x00, 0x00
	.byte 0xA0, 0xAA, 0xAA, 0x0F, 0xAA, 0xFF, 0xFF, 0x0F, 0xAA, 0x0F, 0x00, 0x00, 0xAA, 0x0F, 0x00, 0x00
	.byte 0xAA, 0x0F, 0x00, 0x00, 0xAA, 0xAA, 0xAA, 0x0F, 0xFF, 0xFF, 0xFF, 0x0F, 0x00, 0x00, 0x00, 0x00
	.byte 0xAA, 0xAA, 0xFA, 0x00, 0xAA, 0xFF, 0xAA, 0x0F, 0xAA, 0x0F, 0xAA, 0x0F, 0xAA, 0x0F, 0xAA, 0x0F
	.byte 0xAA, 0x0F, 0xAA, 0x0F, 0xAA, 0xAA, 0xAA, 0x0F, 0xFF, 0xFF, 0xFF, 0x0F, 0x00, 0x00, 0x00, 0x00
	.byte 0xA0, 0xAA, 0xAA, 0x0F, 0xAA, 0xFF, 0xFF, 0x0F, 0xAA, 0xAA, 0xFA, 0x00, 0xAA, 0xFF, 0xFF, 0x00
	.byte 0xAA, 0x0F, 0x00, 0x00, 0xAA, 0xAA, 0xAA, 0x0F, 0xFF, 0xFF, 0xFF, 0x0F, 0x00, 0x00, 0x00, 0x00
	.byte 0xA0, 0xAA, 0xAA, 0x0F, 0xAA, 0xFF, 0xFF, 0x0F, 0xAA, 0xAA, 0xAA, 0x0F, 0xAA, 0xFF, 0xFF, 0x0F
	.byte 0xAA, 0x0F, 0x00, 0x00, 0xAA, 0x0F, 0x00, 0x00, 0xFF, 0x0F, 0x00, 0x00, 0x00, 0x00, 0x00, 0x00
	.byte 0xA0, 0xAA, 0xAA, 0x0F, 0xAA, 0xFF, 0xFF, 0x0F, 0xAA, 0x0F, 0x00, 0x00, 0xAA, 0xAF, 0xAA, 0x0F
	.byte 0xAA, 0xFF, 0xAA, 0x0F, 0xAA, 0xAA, 0xAA, 0x0F, 0xFF, 0xFF, 0xFF, 0x0F, 0x00, 0x00, 0x00, 0x00
	.byte 0xAA, 0x0F, 0xAA, 0x0F, 0xAA, 0x0F, 0xAA, 0x0F, 0xAA, 0xAA, 0xAA, 0x0F, 0xAA, 0xFF, 0xAA, 0x0F
	.byte 0xAA, 0x0F, 0xAA, 0x0F, 0xAA, 0x0F, 0xAA, 0x0F, 0xFF, 0x0F, 0xFF, 0x0F, 0x00, 0x00, 0x00, 0x00
	.byte 0xA0, 0xAA, 0xFA, 0x00, 0xF0, 0xAA, 0xFF, 0x00, 0x00, 0xAA, 0x0F, 0x00, 0x00, 0xAA, 0x0F, 0x00
	.byte 0x00, 0xAA, 0x0F, 0x00, 0xA0, 0xAA, 0xFA, 0x00, 0xF0, 0xFF, 0xFF, 0x00, 0x00, 0x00, 0x00, 0x00
	.byte 0x00, 0xA0, 0xAA, 0xFA, 0x00, 0xF0, 0xAA, 0xFF, 0x00, 0x00, 0xAA, 0x0F, 0xAA, 0x0F, 0xAA, 0x0F
	.byte 0xAA, 0x0F, 0xAA, 0x0F, 0xAA, 0xAA, 0xAA, 0x0F, 0xFF, 0xFF, 0xFF, 0x0F, 0x00, 0x00, 0x00, 0x00
	.byte 0xAA, 0x0F, 0xAA, 0x0F, 0xAA, 0xAF, 0xFA, 0x0F, 0xAA, 0xAA, 0xFF, 0x00, 0xAA, 0xAA, 0xFA, 0x00
	.byte 0xAA, 0xAF, 0xAA, 0x0F, 0xAA, 0xFF, 0xAA, 0x0F, 0xFF, 0x0F, 0xFF, 0x0F, 0x00, 0x00, 0x00, 0x00
	.byte 0xA0, 0xFA, 0x00, 0x00, 0xA0, 0xFA, 0x00, 0x00, 0xA0, 0xFA, 0x00, 0x00, 0xA0, 0xFA, 0x00, 0x00
	.byte 0xA0, 0xFA, 0x00, 0x00, 0xA0, 0xAA, 0xAA, 0x0F, 0xF0, 0xFF, 0xFF, 0x0F, 0x00, 0x00, 0x00, 0x00
	.byte 0xAA, 0x00, 0xA0, 0xFA, 0xAA, 0x0A, 0xAA, 0xFA, 0xAA, 0xAA, 0xAA, 0xFA, 0xAA, 0xAF, 0xAF, 0xFA
	.byte 0xAA, 0xFF, 0xAF, 0xFA, 0xAA, 0x0F, 0xA0, 0xFA, 0xFF, 0x0F, 0xF0, 0xFF, 0x00, 0x00, 0x00, 0x00
	.byte 0xAA, 0x0F, 0xAA, 0x0F, 0xAA, 0xFA, 0xAA, 0x0F, 0xAA, 0xAA, 0xAA, 0x0F, 0xAA, 0xAF, 0xAA, 0x0F
	.byte 0xAA, 0xFF, 0xAA, 0x0F, 0xAA, 0x0F, 0xAA, 0x0F, 0xFF, 0x0F, 0xFF, 0x0F, 0x00, 0x00, 0x00, 0x00
	.byte 0xA0, 0xAA, 0xAA, 0x0F, 0xAA, 0xFF, 0xAA, 0x0F, 0xAA, 0x0F, 0xAA, 0x0F, 0xAA, 0x0F, 0xAA, 0x0F
	.byte 0xAA, 0x0F, 0xAA, 0x0F, 0xAA, 0xAA, 0xAA, 0x0F, 0xFF, 0xFF, 0xFF, 0x0F, 0x00, 0x00, 0x00, 0x00
	.byte 0xA0, 0xAA, 0xAA, 0x0F, 0xAA, 0xFF, 0xAA, 0x0F, 0xAA, 0x0F, 0xAA, 0x0F, 0xAA, 0x0F, 0xAA, 0x0F
	.byte 0xAA, 0xAA, 0xAA, 0x0F, 0xAA, 0xFF, 0xFF, 0x0F, 0xAA, 0x0F, 0x00, 0x00, 0x00, 0x00, 0x00, 0x00
	.byte 0xA0, 0xAA, 0xAA, 0x0F, 0xAA, 0xFF, 0xAA, 0x0F, 0xAA, 0x0F, 0xAA, 0x0F, 0xAA, 0x0F, 0xAA, 0x0F
	.byte 0xAA, 0xAF, 0xAA, 0x0F, 0xAA, 0xAA, 0xAA, 0x0F, 0xFF, 0xAF, 0xFA, 0x0F, 0x00, 0x00, 0x00, 0x00
	.byte 0xA0, 0xAA, 0xAA, 0x0F, 0xAA, 0xFF, 0xAA, 0x0F, 0xAA, 0x0F, 0xAA, 0x0F, 0xAA, 0xAA, 0xAA, 0x0F
	.byte 0xAA, 0xAF, 0xFA, 0x0F, 0xAA, 0xFF, 0xAA, 0x0F, 0xFF, 0x0F, 0xFF, 0x0F, 0x00, 0x00, 0x00, 0x00
	.byte 0xA0, 0xAA, 0xAA, 0x0F, 0xAA, 0xFF, 0xFF, 0x0F, 0xAA, 0xAA, 0xAA, 0x0F, 0xFF, 0xFF, 0xAA, 0x0F
	.byte 0x00, 0x00, 0xAA, 0x0F, 0xAA, 0xAA, 0xAA, 0x0F, 0xFF, 0xFF, 0xFF, 0x0F, 0x00, 0x00, 0x00, 0x00
	.byte 0xAA, 0xAA, 0xAA, 0x0F, 0xFF, 0xAA, 0xFF, 0x0F, 0x00, 0xAA, 0x0F, 0x00, 0x00, 0xAA, 0x0F, 0x00
	.byte 0x00, 0xAA, 0x0F, 0x00, 0x00, 0xAA, 0x0F, 0x00, 0x00, 0xFF, 0x0F, 0x00, 0x00, 0x00, 0x00, 0x00
	.byte 0xAA, 0x0F, 0xAA, 0x0F, 0xAA, 0x0F, 0xAA, 0x0F, 0xAA, 0x0F, 0xAA, 0x0F, 0xAA, 0x0F, 0xAA, 0x0F
	.byte 0xAA, 0x0F, 0xAA, 0x0F, 0xAA, 0xAA, 0xAA, 0x0F, 0xFF, 0xFF, 0xFF, 0x0F, 0x00, 0x00, 0x00, 0x00
	.byte 0xAA, 0xFA, 0x00, 0xFA, 0xAA, 0xFA, 0xA0, 0xFA, 0xAF, 0xAA, 0xAF, 0x0F, 0xA0, 0xAA, 0xAA, 0x0F
	.byte 0xF0, 0xAA, 0xFA, 0x00, 0x00, 0xAA, 0xFA, 0x00, 0x00, 0xFF, 0x0F, 0x00, 0x00, 0x00, 0x00, 0x00
	.byte 0xAA, 0x0F, 0xA0, 0xFA, 0xAA, 0x0F, 0xA0, 0xFA, 0xAA, 0xAF, 0xAF, 0xFA, 0xAA, 0xAA, 0xAA, 0xFA
	.byte 0xAA, 0xFA, 0xAA, 0xFA, 0xAA, 0xFF, 0xAF, 0xFA, 0xFF, 0x0F, 0xF0, 0xFF, 0x00, 0x00, 0x00, 0x00
	.byte 0xAA, 0x0F, 0xA0, 0x0F, 0xAA, 0xFA, 0xFA, 0x0F, 0xAF, 0xAA, 0xFF, 0x00, 0xF0, 0xAA, 0xFA, 0x00
	.byte 0xA0, 0xAF, 0xAA, 0x0F, 0xFA, 0xFF, 0xAA, 0xFA, 0xFF, 0x00, 0xFF, 0xFF, 0x00, 0x00, 0x00, 0x00
	.byte 0xAA, 0xFA, 0x00, 0xA0, 0xAF, 0xAA, 0x0F, 0xFA, 0xF0, 0xAA, 0xAA, 0xFF, 0x00, 0xAF, 0xFA, 0x0F
	.byte 0x00, 0xA0, 0xFA, 0x00, 0x00, 0xA0, 0xFA, 0x00, 0x00, 0xF0, 0xFF, 0x00, 0x00, 0x00, 0x00, 0x00
	.byte 0xAA, 0xAA, 0xAA, 0x0F, 0xFF, 0xAF, 0xAA, 0x0F, 0x00, 0xAA, 0xAA, 0x0F, 0xA0, 0xAA, 0xFA, 0x0F
	.byte 0xAA, 0xAA, 0xFF, 0x00, 0xAA, 0xAA, 0xAA, 0x0F, 0xFF, 0xFF, 0xFF, 0x0F, 0x00, 0x00, 0x00, 0x00
	.byte 0xA0, 0xAA, 0x0F, 0x00, 0xA0, 0xFA, 0x0F, 0x00, 0xA0, 0xFA, 0x00, 0x00, 0xA0, 0xFA, 0x00, 0x00
	.byte 0xA0, 0xFA, 0x00, 0x00, 0xA0, 0xAA, 0x0F, 0x00, 0xF0, 0xFF, 0x0F, 0x00, 0x00, 0x00, 0x00, 0x00
	.byte 0x00, 0x00, 0x00, 0x00, 0xAA, 0x0F, 0x00, 0x00, 0xAF, 0xFA, 0x00, 0x00, 0xF0, 0xAA, 0x0F, 0x00
	.byte 0x00, 0xAF, 0xFA, 0x00, 0x00, 0xF0, 0xAA, 0x0F, 0x00, 0x00, 0xFF, 0x0F, 0x00, 0x00, 0x00, 0x00
	.byte 0xA0, 0xAA, 0x0F, 0x00, 0xF0, 0xAA, 0x0F, 0x00, 0x00, 0xAA, 0x0F, 0x00, 0x00, 0xAA, 0x0F, 0x00
	.byte 0x00, 0xAA, 0x0F, 0x00, 0xA0, 0xAA, 0x0F, 0x00, 0xF0, 0xFF, 0x0F, 0x00, 0x00, 0x00, 0x00, 0x00
	.byte 0xA0, 0xAA, 0x0F, 0x00, 0xAA, 0xAF, 0xFA, 0x00, 0xFA, 0xFF, 0xFA, 0x00, 0xFF, 0x00, 0xFF, 0x00
	.byte 0x00, 0x00, 0x00, 0x00, 0x00, 0x00, 0x00, 0x00, 0x00, 0x00, 0x00, 0x00, 0x00, 0x00, 0x00, 0x00
	.byte 0x00, 0x00, 0x00, 0x00, 0x00, 0x00, 0x00, 0x00, 0x00, 0x00, 0x00, 0x00, 0x00, 0x00, 0x00, 0x00
	.byte 0x00, 0x00, 0x00, 0x00, 0xAA, 0xAA, 0xAA, 0xFA, 0xFF, 0xFF, 0xFF, 0xFF, 0x00, 0x00, 0x00, 0x00
	.byte 0x00, 0x00, 0xAA, 0x0F, 0x00, 0x00, 0xAA, 0x0F, 0x00, 0x00, 0xAF, 0x0F, 0x00, 0x00, 0xF0, 0x0F
	.byte 0x00, 0x00, 0x00, 0x00, 0x00, 0x00, 0x00, 0x00, 0x00, 0x00, 0x00, 0x00, 0x00, 0x00, 0x00, 0x00
	.byte 0xAA, 0xAA, 0xAA, 0x0F, 0xFF, 0xFA, 0xAF, 0xFA, 0x00, 0xFA, 0xA0, 0xAF, 0x00, 0xFA, 0xA0, 0xFF
	.byte 0x00, 0xFF, 0xF0, 0x0F, 0x00, 0x00, 0x00, 0x00, 0x00, 0x00, 0x00, 0x00, 0x00, 0x00, 0x00, 0x00
	.byte 0x00, 0xAA, 0xFA, 0x00, 0x00, 0xAA, 0xFA, 0x00, 0x00, 0xAA, 0xFA, 0x00, 0x00, 0xAA, 0xFA, 0x00
	.byte 0x00, 0xAA, 0xFA, 0x00, 0x00, 0xAA, 0xFA, 0x00, 0x00, 0xFF, 0xFF, 0x00, 0x00, 0x00, 0x00, 0x00
	.byte 0xA0, 0x0F, 0x00, 0x00, 0xAA, 0x0F, 0x00, 0x00, 0xAF, 0x0F, 0x00, 0x00, 0xAF, 0x0F, 0x00, 0x00
	.byte 0xF0, 0x0F, 0x00, 0x00, 0x00, 0x00, 0x00, 0x00, 0x00, 0x00, 0x00, 0x00, 0x00, 0x00, 0x00, 0x00
	.byte 0xA0, 0xFA, 0xAA, 0x0F, 0xAA, 0xAF, 0xFA, 0x0F, 0xFF, 0xFF, 0xFF, 0x00, 0x00, 0x00, 0x00, 0x00
	.byte 0x00, 0x00, 0x00, 0x00, 0x00, 0x00, 0x00, 0x00, 0x00, 0x00, 0x00, 0x00, 0x00, 0x00, 0x00, 0x00
	.byte 0x00, 0x00, 0x00, 0x00, 0x00, 0x00, 0x00, 0x00, 0x00, 0xCC, 0x0C, 0x00, 0x00, 0xAA, 0xFA, 0x00
	.byte 0x00, 0xAA, 0xFA, 0x00, 0x00, 0xAA, 0xFA, 0x00, 0x00, 0xAA, 0xFA, 0x00, 0x00, 0x00, 0x00, 0x00
	.byte 0x00, 0x00, 0x00, 0x00, 0x00, 0x00, 0x00, 0x00, 0xC0, 0x0C, 0xCC, 0x00, 0xA0, 0xFA, 0xAA, 0x0F
	.byte 0xA0, 0xFA, 0xAA, 0x0F, 0xA0, 0xFA, 0xAA, 0x0F, 0xF0, 0xFF, 0xFF, 0x0F, 0x00, 0x00, 0x00, 0x00
	.byte 0x00, 0x00, 0x00, 0x00, 0x00, 0x00, 0x00, 0x00, 0x00, 0xCC, 0x0C, 0x00, 0x00, 0xAA, 0xFA, 0x00
	.byte 0x00, 0xAA, 0xFA, 0x00, 0x00, 0xCC, 0xFC, 0x00, 0x00, 0xAA, 0xFA, 0x00, 0x00, 0x00, 0x00, 0x00
	.byte 0x00, 0x00, 0x00, 0x00, 0x00, 0x00, 0x00, 0x00, 0xC0, 0x0C, 0x00, 0x0C, 0xAC, 0xFA, 0xC0, 0xFA
	.byte 0xFA, 0xFA, 0xAC, 0xFA, 0xCA, 0xCA, 0xAA, 0xFA, 0xAA, 0xAC, 0xAA, 0xFF, 0x00, 0x00, 0x00, 0x00
	.byte 0x00, 0x00, 0x00, 0x00, 0x00, 0x00, 0x00, 0x00, 0x00, 0xCC, 0x0C, 0x00, 0xC0, 0xAA, 0xCA, 0x0F
	.byte 0xA0, 0xFA, 0xAA, 0x0F, 0xA0, 0xCA, 0xAA, 0x0F, 0xA0, 0xAA, 0xCA, 0xCF, 0x00, 0x00, 0x00, 0x00
	.byte 0x00, 0x00, 0x00, 0x00, 0x00, 0x00, 0x00, 0x00, 0x00, 0xCC, 0x00, 0x00, 0x00, 0xAA, 0x0F, 0x00
	.byte 0x00, 0xAA, 0x0F, 0x00, 0x00, 0xAA, 0x0F, 0x00, 0x0F, 0xFA, 0x0F, 0x00, 0x00, 0x00, 0x00, 0x00
	.byte 0x00, 0x00, 0x00, 0x00, 0x00, 0x00, 0x00, 0x00, 0x00, 0xCC, 0x00, 0x00, 0xC0, 0xAA, 0x0F, 0x00
	.byte 0xA0, 0xFA, 0x0F, 0x00, 0xA0, 0xFA, 0x0F, 0x00, 0xA0, 0xFA, 0x00, 0x00, 0x00, 0x00, 0x00, 0x00
	.byte 0x00, 0x00, 0x00, 0x00, 0x00, 0x00, 0x00, 0x00, 0xC0, 0x0C, 0x00, 0x00, 0xA0, 0xCA, 0x0F, 0xC0
	.byte 0xF0, 0xAA, 0x0F, 0xA0, 0x00, 0xAA, 0x0F, 0xF0, 0x00, 0xAA, 0x0F, 0xC0, 0x00, 0x00, 0x00, 0x00
	.byte 0x00, 0x00, 0x00, 0x00, 0x00, 0x00, 0x00, 0x00, 0x00, 0x00, 0x00, 0x00, 0x0C, 0xC0, 0x0C, 0x00
	.byte 0xFA, 0xA0, 0xFA, 0x00, 0xCA, 0xAC, 0xFF, 0x00, 0xAC, 0xCA, 0xFC, 0x00, 0x00, 0x00, 0x00, 0x00
	.byte 0x00, 0x00, 0x00, 0x00, 0x00, 0x00, 0x00, 0x00, 0x00, 0x00, 0x00, 0x00, 0x00, 0xCC, 0x00, 0x00
	.byte 0x00, 0xAA, 0x0F, 0x00, 0x00, 0xAA, 0x0F, 0x00, 0xCC, 0xAA, 0xCC, 0x0F, 0x00, 0x00, 0x00, 0x00
	.byte 0x00, 0x00, 0x00, 0x00, 0x00, 0x00, 0x00, 0x00, 0x00, 0x00, 0x00, 0x00, 0x00, 0x00, 0x00, 0x00
	.byte 0x00, 0x00, 0x00, 0x00, 0x00, 0x00, 0x00, 0x00, 0xCC, 0xCC, 0xCC, 0x0F, 0x00, 0x00, 0x00, 0x00
	.byte 0x00, 0x00, 0x00, 0x00, 0x00, 0x00, 0x00, 0x00, 0x00, 0x00, 0x00, 0x0C, 0x00, 0x00, 0xC0, 0xFA
	.byte 0x00, 0x00, 0xAC, 0xFA, 0x00, 0xC0, 0xAA, 0xFA, 0x00, 0xAC, 0xAA, 0xFF, 0x00, 0x00, 0x00, 0x00
	.byte 0x00, 0x00, 0x00, 0x00, 0x00, 0x00, 0x00, 0x00, 0xC0, 0xCC, 0xCC, 0x0C, 0xAC, 0xAA, 0xAA, 0xFA
	.byte 0xAA, 0xFF, 0xAA, 0xFA, 0xAA, 0xFF, 0xAA, 0xFA, 0xAA, 0x0F, 0xAA, 0xFA, 0x00, 0x00, 0x00, 0x00
	.byte 0x00, 0x00, 0x00, 0x00, 0x00, 0x00, 0x00, 0x00, 0xCC, 0xCC, 0x0C, 0x00, 0xAA, 0xAA, 0xFA, 0x00
	.byte 0xFF, 0xAA, 0xFA, 0x00, 0xF0, 0xAA, 0xFA, 0x00, 0x00, 0xAA, 0xFA, 0x00, 0x00, 0x00, 0x00, 0x00
	.byte 0x00, 0x00, 0x00, 0x00, 0x00, 0x00, 0x00, 0x00, 0xCC, 0xCC, 0xCC, 0x00, 0xAA, 0xAA, 0xAA, 0xFC
	.byte 0xFF, 0xFF, 0xAF, 0xFA, 0xC0, 0xCC, 0xAC, 0xFA, 0xAC, 0xAA, 0xAA, 0xFA, 0x00, 0x00, 0x00, 0x00
	.byte 0x00, 0x00, 0x00, 0x00, 0x00, 0x00, 0x00, 0x00, 0xCC, 0xCC, 0x0C, 0x00, 0xAA, 0xAA, 0xCA, 0x0F
	.byte 0xFF, 0xFF, 0xAA, 0x0F, 0xC0, 0xCC, 0xAA, 0x0F, 0xA0, 0xAA, 0xAA, 0xFC, 0x00, 0x00, 0x00, 0x00
	.byte 0x00, 0x00, 0x00, 0x00, 0x00, 0x00, 0x00, 0x00, 0xCC, 0x0C, 0xC0, 0x0C, 0xAA, 0xFA, 0xA0, 0xFA
	.byte 0xAA, 0xFA, 0xA0, 0xFA, 0xAA, 0xFA, 0xA0, 0xFA, 0xAA, 0xFA, 0xA0, 0xFA, 0x00, 0x00, 0x00, 0x00
	.byte 0x00, 0x00, 0x00, 0x00, 0x00, 0x00, 0x00, 0x00, 0xCC, 0xCC, 0xCC, 0x0C, 0xAA, 0xAA, 0xAA, 0xFA
	.byte 0xAA, 0xFA, 0xFF, 0xFF, 0xAA, 0xCA, 0xCC, 0xFF, 0xAA, 0xAA, 0xAA, 0xFC, 0x00, 0x00, 0x00, 0x00
	.byte 0x00, 0x00, 0x00, 0x00, 0x00, 0x00, 0x00, 0x00, 0xC0, 0xCC, 0xCC, 0x0C, 0xAC, 0xAA, 0xAA, 0xFA
	.byte 0xAA, 0xFA, 0xFF, 0xFF, 0xAA, 0xCA, 0xCC, 0xFF, 0xAA, 0xAA, 0xAA, 0xFC, 0x00, 0x00, 0x00, 0x00
	.byte 0x00, 0x00, 0x00, 0x00, 0x00, 0x00, 0x00, 0x00, 0xCC, 0xCC, 0xCC, 0x0C, 0xAA, 0xAA, 0xAA, 0xFA
	.byte 0xFF, 0xFF, 0xAF, 0xFA, 0xF0, 0xFF, 0xAF, 0xFA, 0x00, 0x00, 0xAC, 0xFA, 0x00, 0x00, 0x00, 0x00
	.byte 0x00, 0x00, 0x00, 0x00, 0x00, 0x00, 0x00, 0x00, 0xC0, 0xCC, 0xCC, 0x00, 0xAC, 0xAA, 0xAA, 0xFC
	.byte 0xAA, 0xFA, 0xAF, 0xFA, 0xAA, 0xCA, 0xAC, 0xFA, 0xAC, 0xAA, 0xAA, 0xFC, 0x00, 0x00, 0x00, 0x00
	.byte 0x00, 0x00, 0x00, 0x00, 0x00, 0x00, 0x00, 0x00, 0xC0, 0xCC, 0xCC, 0x00, 0xAC, 0xAA, 0xAA, 0xFC
	.byte 0xAA, 0xFA, 0xAF, 0xFA, 0xAA, 0xFA, 0xAF, 0xFA, 0xAA, 0xFA, 0xA0, 0xFA, 0x00, 0x00, 0x00, 0x00
	.byte 0x00, 0x00, 0x00, 0x00, 0x00, 0x00, 0x00, 0x00, 0x00, 0x00, 0x00, 0x00, 0x00, 0xCC, 0x0F, 0x00
	.byte 0x00, 0xAA, 0x0F, 0x00, 0x00, 0xAA, 0x0F, 0x00, 0x00, 0xAA, 0x0F, 0x00, 0x00, 0x00, 0x00, 0x00
	.byte 0x00, 0x00, 0x00, 0x00, 0x00, 0x00, 0x00, 0x00, 0x00, 0x00, 0x00, 0x00, 0x00, 0xC0, 0x0F, 0x00
	.byte 0x00, 0xAC, 0x0F, 0x00, 0xC0, 0xAA, 0x0F, 0x00, 0xAC, 0xFA, 0x0F, 0x00, 0x00, 0x00, 0x00, 0x00
	.byte 0x00, 0x00, 0x00, 0x00, 0x00, 0x00, 0x00, 0x00, 0x00, 0x00, 0x00, 0x00, 0x00, 0x00, 0x00, 0x00
	.byte 0x00, 0x00, 0x00, 0x00, 0xCC, 0xCC, 0xCC, 0x0F, 0xAA, 0xAA, 0xAA, 0x0F, 0x00, 0x00, 0x00, 0x00
	.byte 0x00, 0x00, 0x00, 0x00, 0x00, 0x00, 0x00, 0x00, 0x00, 0x00, 0x00, 0x00, 0xFC, 0x00, 0x00, 0x00
	.byte 0xCA, 0x0F, 0x00, 0x00, 0xAA, 0xFC, 0x00, 0x00, 0xAF, 0xCA, 0x0F, 0x00, 0x00, 0x00, 0x00, 0x00
	.byte 0x00, 0x00, 0x00, 0x00, 0x00, 0x00, 0x00, 0x00, 0xCC, 0xCC, 0xCC, 0x00, 0xAA, 0xAA, 0xAA, 0xFC
	.byte 0xFF, 0xFF, 0xAA, 0xFA, 0xF0, 0xFF, 0xAA, 0xFA, 0x00, 0xCC, 0xAA, 0xFA, 0x00, 0xAA, 0xFA, 0x00
	.byte 0x00, 0xAA, 0xFA, 0x00, 0x00, 0xCC, 0xFC, 0x00, 0x00, 0xAA, 0xFA, 0x00, 0x00, 0xAA, 0xFA, 0x00
	.byte 0x00, 0xFF, 0xFF, 0x00, 0x00, 0xF0, 0xFF, 0x00, 0x00, 0x00, 0x00, 0x00, 0x00, 0xFF, 0xF0, 0x0F
	.byte 0x00, 0x00, 0x00, 0x00, 0x00, 0x00, 0x00, 0x00, 0x00, 0x00, 0x00, 0x00, 0x00, 0x00, 0x00, 0x00
	.byte 0x00, 0x00, 0x00, 0x00, 0x00, 0x00, 0x00, 0x00, 0x00, 0x00, 0x00, 0x00, 0xCC, 0xAA, 0xFA, 0x00
	.byte 0xAA, 0xFA, 0xFF, 0x00, 0xAA, 0xFA, 0xFF, 0x00, 0xAA, 0xCA, 0xCC, 0xFC, 0xAF, 0xAA, 0xAA, 0xFA
	.byte 0xF0, 0xFF, 0xFF, 0xFF, 0x00, 0xFF, 0xFF, 0xFF, 0x00, 0x00, 0x00, 0x00, 0x00, 0xAA, 0xFA, 0x00
	.byte 0x00, 0xAA, 0xFA, 0x00, 0x00, 0xAA, 0xFA, 0x00, 0x00, 0xAA, 0xFA, 0x00, 0x00, 0xAA, 0xFA, 0x00
	.byte 0x00, 0xFF, 0xFF, 0x00, 0x00, 0xF0, 0xFF, 0x00, 0x00, 0x00, 0x00, 0x00, 0xCF, 0xAA, 0xCA, 0xFC
	.byte 0xAC, 0xAA, 0xAC, 0xFA, 0xAA, 0xFA, 0xFA, 0xFA, 0xAA, 0xFF, 0xCA, 0xFA, 0xFA, 0xFF, 0xAA, 0xFF
	.byte 0xFF, 0x0F, 0xFF, 0xFF, 0xF0, 0x00, 0xF0, 0x0F, 0x00, 0x00, 0x00, 0x00, 0xC0, 0xAA, 0xAA, 0xAC
	.byte 0xAC, 0xFA, 0xAA, 0xAA, 0xAA, 0xCA, 0xAC, 0xCA, 0xAA, 0xAA, 0xAA, 0xAA, 0xAF, 0xAA, 0xAA, 0xAF
	.byte 0xF0, 0xFF, 0xFF, 0xFF, 0x00, 0xFF, 0xFF, 0x0F, 0x00, 0x00, 0x00, 0x00, 0x0F, 0xFF, 0x0F, 0x00
	.byte 0x0F, 0xF0, 0x00, 0x00, 0x0F, 0x00, 0x00, 0x00, 0x0F, 0x00, 0x00, 0x00, 0x0F, 0x00, 0x00, 0x00
	.byte 0x0F, 0x00, 0x00, 0x00, 0x0F, 0x00, 0x00, 0x00, 0x00, 0x00, 0x00, 0x00, 0xA0, 0xFA, 0x00, 0x00
	.byte 0xA0, 0xFA, 0x00, 0x00, 0xA0, 0xCA, 0x0F, 0x00, 0xA0, 0xAA, 0x0F, 0x00, 0xF0, 0xAA, 0x0F, 0x00
	.byte 0x00, 0xFF, 0x0F, 0x00, 0x00, 0xF0, 0x0F, 0x00, 0x00, 0x00, 0x00, 0x00, 0x00, 0xAA, 0x0F, 0xA0
	.byte 0x00, 0xAA, 0x0F, 0xF0, 0xC0, 0xAA, 0x0F, 0xC0, 0xA0, 0xAA, 0x0F, 0xA0, 0xA0, 0xFA, 0x0F, 0xF0
	.byte 0xF0, 0xFF, 0x0F, 0x00, 0x00, 0xFF, 0x00, 0x00, 0x00, 0x00, 0x00, 0x00, 0xAA, 0xAA, 0xFA, 0x00
	.byte 0xAC, 0xCA, 0xFF, 0x00, 0xFA, 0xAF, 0xFC, 0x00, 0xFA, 0xAF, 0xFA, 0x00, 0xFF, 0xF0, 0xFF, 0x00
	.byte 0xFF, 0x00, 0xFF, 0x00, 0x00, 0x00, 0x00, 0x00, 0x00, 0x00, 0x00, 0x00, 0xAA, 0xAA, 0xAA, 0x0F
	.byte 0xFF, 0xAA, 0xFF, 0x0F, 0xF0, 0xAA, 0xFF, 0x0F, 0x00, 0xAA, 0x0F, 0x00, 0x00, 0xFF, 0x0F, 0x00
	.byte 0x00, 0xF0, 0x0F, 0x00, 0x00, 0x00, 0x00, 0x00, 0x00, 0x00, 0x00, 0x00, 0x00, 0x00, 0x00, 0x00
	.byte 0x00, 0xCC, 0x00, 0x00, 0x00, 0xAA, 0x0F, 0x00, 0x00, 0xAA, 0x0F, 0x00, 0x00, 0xAA, 0x0F, 0x00
	.byte 0x00, 0xFA, 0x0F, 0x00, 0x00, 0xFF, 0x0F, 0x00, 0x00, 0xF0, 0x00, 0x00, 0xAA, 0xAA, 0xAA, 0x0F
	.byte 0xFF, 0xFF, 0xFF, 0x0F, 0xF0, 0xFF, 0xFF, 0x0F, 0x00, 0x00, 0x00, 0x00, 0x00, 0x00, 0x00, 0x00
	.byte 0x00, 0x00, 0x00, 0x00, 0x00, 0x00, 0x00, 0x00, 0x00, 0x00, 0x00, 0x00, 0x00, 0x00, 0x00, 0x00
	.byte 0x00, 0xCC, 0x00, 0x00, 0x00, 0xAA, 0x0F, 0x00, 0x00, 0xAA, 0x0F, 0x00, 0x00, 0xAA, 0x0F, 0x00
	.byte 0x00, 0xFF, 0x0F, 0x00, 0x00, 0xF0, 0x0F, 0x00, 0x00, 0x00, 0x00, 0x00, 0xC0, 0xAA, 0xFA, 0xFF
	.byte 0xAC, 0xAA, 0xFF, 0x0F, 0xAA, 0xFA, 0xFF, 0x00, 0xAA, 0xFF, 0x0F, 0x00, 0xFA, 0xFF, 0x00, 0x00
	.byte 0xFF, 0x0F, 0x00, 0x00, 0xF0, 0x00, 0x00, 0x00, 0x00, 0x00, 0x00, 0x00, 0xAA, 0x0F, 0xAA, 0xFA
	.byte 0xAA, 0x0F, 0xAA, 0xFA, 0xAA, 0xCC, 0xAA, 0xFA, 0xAA, 0xAA, 0xAA, 0xFA, 0xAA, 0xAA, 0xAA, 0xFC
	.byte 0xFF, 0xFF, 0xFF, 0xFF, 0xF0, 0xFF, 0xFF, 0xFF, 0x00, 0x00, 0x00, 0x00, 0x00, 0xAA, 0xFA, 0x00
	.byte 0x00, 0xAA, 0xFA, 0x00, 0xCC, 0xAA, 0xCA, 0xFC, 0xAA, 0xAA, 0xAA, 0xFA, 0xAA, 0xAA, 0xAA, 0xFA
	.byte 0xFF, 0xFF, 0xFF, 0xFF, 0xF0, 0xFF, 0xFF, 0xFF, 0x00, 0x00, 0x00, 0x00, 0xAA, 0xAA, 0xAA, 0xFF
	.byte 0xAA, 0xFA, 0xFF, 0xFF, 0xAA, 0xCA, 0xCC, 0xFC, 0xAA, 0xAA, 0xAA, 0xFA, 0xAA, 0xAA, 0xAA, 0xFA
	.byte 0xFF, 0xFF, 0xFF, 0xFF, 0xF0, 0xFF, 0xFF, 0xFF, 0x00, 0x00, 0x00, 0x00, 0xF0, 0xFF, 0xAA, 0xFA
	.byte 0x00, 0xFF, 0xAA, 0xFA, 0xCC, 0xCC, 0xAA, 0xFA, 0xAA, 0xAA, 0xAA, 0xFA, 0xAA, 0xAA, 0xAA, 0xFC
	.byte 0xFF, 0xFF, 0xFF, 0xFF, 0xF0, 0xFF, 0xFF, 0xFF, 0x00, 0x00, 0x00, 0x00, 0xAA, 0xCA, 0xAC, 0xFA
	.byte 0xAA, 0xAA, 0xAA, 0xFA, 0xAC, 0xAA, 0xAA, 0xFA, 0xFF, 0xFF, 0xAF, 0xFA, 0xF0, 0xFF, 0xAF, 0xFA
	.byte 0x00, 0x00, 0xF0, 0xFF, 0x00, 0x00, 0x00, 0xFF, 0x00, 0x00, 0x00, 0x00, 0xFF, 0xFF, 0xAF, 0xFA
	.byte 0xF0, 0xFF, 0xAF, 0xFA, 0xCC, 0xCC, 0xAC, 0xFA, 0xAA, 0xAA, 0xAA, 0xFA, 0xAA, 0xAA, 0xAA, 0xFC
	.byte 0xFF, 0xFF, 0xFF, 0xFF, 0xF0, 0xFF, 0xFF, 0xFF, 0x00, 0x00, 0x00, 0x00, 0xAA, 0xFA, 0xAF, 0xFA
	.byte 0xAA, 0xFA, 0xAF, 0xFA, 0xAA, 0xCA, 0xAC, 0xFA, 0xAA, 0xAA, 0xAA, 0xFA, 0xAF, 0xAA, 0xAA, 0xFF
	.byte 0xF0, 0xFF, 0xFF, 0xFF, 0x00, 0xFF, 0xFF, 0x0F, 0x00, 0x00, 0x00, 0x00, 0x00, 0x00, 0xAA, 0xFA
	.byte 0x00, 0x00, 0xAA, 0xFA, 0x00, 0x00, 0xAA, 0xFA, 0x00, 0x00, 0xAA, 0xFA, 0x00, 0x00, 0xAA, 0xFA
	.byte 0x00, 0x00, 0xFF, 0xFF, 0x00, 0x00, 0xF0, 0xFF, 0x00, 0x00, 0x00, 0x00, 0xAA, 0xFA, 0xAF, 0xFA
	.byte 0xAA, 0xFA, 0xAF, 0xFA, 0xAA, 0xCA, 0xAC, 0xFA, 0xAA, 0xAA, 0xAA, 0xFA, 0xAC, 0xAA, 0xAA, 0xFC
	.byte 0xFF, 0xFF, 0xFF, 0xFF, 0xF0, 0xFF, 0xFF, 0xFF, 0x00, 0x00, 0x00, 0x00, 0xAA, 0xCA, 0xAC, 0xFA
	.byte 0xAF, 0xAA, 0xAA, 0xFA, 0xC0, 0xCC, 0xAC, 0xFA, 0xA0, 0xAA, 0xAA, 0xFA, 0xA0, 0xAA, 0xAA, 0xFC
	.byte 0xF0, 0xFF, 0xFF, 0xFF, 0x00, 0xFF, 0xFF, 0xFF, 0x00, 0x00, 0x00, 0x00, 0x00, 0xFF, 0x0F, 0x00
	.byte 0x00, 0xCC, 0x0F, 0x00, 0x00, 0xAA, 0x0F, 0x00, 0x00, 0xAA, 0x0F, 0x00, 0x00, 0xAA, 0x0F, 0x00
	.byte 0x00, 0xFF, 0x0F, 0x00, 0x00, 0xF0, 0x0F, 0x00, 0x00, 0x00, 0x00, 0x00, 0x00, 0xFF, 0x0F, 0x00
	.byte 0x00, 0xCC, 0x0F, 0x00, 0x00, 0xAA, 0x0F, 0x00, 0x00, 0xAA, 0x0F, 0x00, 0x00, 0xAA, 0x0F, 0x00
	.byte 0x00, 0xFA, 0x0F, 0x00, 0x00, 0xFF, 0x0F, 0x00, 0x00, 0xF0, 0x00, 0x00, 0xAA, 0xFF, 0x0F, 0x00
	.byte 0xAA, 0xFC, 0x00, 0x00, 0xAF, 0xCA, 0x0F, 0x00, 0xF0, 0xAA, 0x0F, 0x00, 0x00, 0xAF, 0x0F, 0x00
	.byte 0x00, 0xF0, 0x0F, 0x00, 0x00, 0x00, 0x0F, 0x00, 0x00, 0x00, 0x00, 0x00, 0xFF, 0xFF, 0xFF, 0x0F
	.byte 0xCC, 0xCC, 0xCC, 0x0F, 0xAA, 0xAA, 0xAA, 0x0F, 0xFF, 0xFF, 0xFF, 0x0F, 0xF0, 0xFF, 0xFF, 0x0F
	.byte 0x00, 0x00, 0x00, 0x00, 0x00, 0x00, 0x00, 0x00, 0x00, 0x00, 0x00, 0x00, 0xF0, 0xAA, 0x0F, 0x00
	.byte 0xC0, 0xAA, 0x0F, 0x00, 0xAC, 0xFA, 0x0F, 0x00, 0xAA, 0xFF, 0x0F, 0x00, 0xFA, 0xFF, 0x00, 0x00
	.byte 0xFF, 0x0F, 0x00, 0x00, 0xF0, 0x00, 0x00, 0x00, 0x00, 0x00, 0x00, 0x00, 0x00, 0xAA, 0xFA, 0xFF
	.byte 0x00, 0xAA, 0xFA, 0xFF, 0x00, 0xCC, 0xFC, 0x00, 0x00, 0xAA, 0xFA, 0x00, 0x00, 0xAA, 0xFA, 0x00
	.byte 0x00, 0xFF, 0xFF, 0x00, 0x00, 0xF0, 0xFF, 0x00, 0x00, 0x00, 0x00, 0x00, 0x00, 0x00, 0x00, 0x00
	.byte 0x00, 0x00, 0x00, 0x00, 0x00, 0x00, 0x00, 0x00, 0xC0, 0xCC, 0xCC, 0x00, 0xAC, 0xAA, 0xAA, 0xFC
	.byte 0xBA, 0xFF, 0xBF, 0xFA, 0xFA, 0xAB, 0xFB, 0xFA, 0xFA, 0xFA, 0xFA, 0xFA, 0x00, 0x00, 0x00, 0x00
	.byte 0x00, 0x00, 0x00, 0x00, 0x00, 0x00, 0x00, 0x00, 0xC0, 0xCC, 0xCC, 0x00, 0xA0, 0xAA, 0xAA, 0x0C
	.byte 0xA0, 0xFF, 0xAA, 0xFA, 0xAC, 0xFF, 0xAA, 0xFA, 0xAA, 0xCC, 0xAA, 0xFA, 0x00, 0x00, 0x00, 0x00
	.byte 0x00, 0x00, 0x00, 0x00, 0x00, 0x00, 0x00, 0x00, 0xCC, 0xCC, 0x0C, 0x00, 0xAA, 0xAA, 0xCA, 0x00
	.byte 0xAA, 0xFF, 0xAA, 0x0F, 0xAA, 0xCC, 0xAA, 0x0F, 0xAA, 0xAA, 0xAA, 0x0C, 0x00, 0x00, 0x00, 0x00
	.byte 0x00, 0x00, 0x00, 0x00, 0x00, 0x00, 0x00, 0x00, 0xC0, 0xCC, 0xCC, 0x0C, 0xAC, 0xAA, 0xAA, 0xFA
	.byte 0xAA, 0xFF, 0xFF, 0xFF, 0xAA, 0xFF, 0xFF, 0xFF, 0xAA, 0x0F, 0x00, 0x00, 0x00, 0x00, 0x00, 0x00
	.byte 0x00, 0x00, 0x00, 0x00, 0x00, 0x00, 0x00, 0x00, 0xCC, 0xCC, 0xCC, 0x00, 0xAA, 0xAA, 0xAA, 0x0C
	.byte 0xAA, 0xFF, 0xAA, 0xFA, 0xAA, 0xFF, 0xAA, 0xFA, 0xAA, 0x0F, 0xAA, 0xFA, 0x00, 0x00, 0x00, 0x00
	.byte 0x00, 0x00, 0x00, 0x00, 0x00, 0x00, 0x00, 0x00, 0xC0, 0xCC, 0xCC, 0x0C, 0xAC, 0xAA, 0xAA, 0xFA
	.byte 0xAA, 0xFA, 0xFF, 0xFF, 0xAA, 0xCA, 0xFC, 0xFF, 0xAA, 0xAA, 0xFA, 0x00, 0x00, 0x00, 0x00, 0x00
	.byte 0x00, 0x00, 0x00, 0x00, 0x00, 0x00, 0x00, 0x00, 0xC0, 0xCC, 0xCC, 0x0C, 0xAC, 0xAA, 0xAA, 0xFA
	.byte 0xAA, 0xFA, 0xFF, 0xFF, 0xAA, 0xCA, 0xCC, 0xFF, 0xAA, 0xAA, 0xAA, 0x0F, 0x00, 0x00, 0x00, 0x00
	.byte 0x00, 0x00, 0x00, 0x00, 0x00, 0x00, 0x00, 0x00, 0xC0, 0xCC, 0xCC, 0x0C, 0xAC, 0xAA, 0xAA, 0xFA
	.byte 0xAA, 0xFA, 0xFF, 0xFF, 0xAA, 0xFA, 0xFF, 0xFF, 0xAA, 0xFA, 0x00, 0x00, 0x00, 0x00, 0x00, 0x00
	.byte 0x00, 0x00, 0x00, 0x00, 0x00, 0x00, 0x00, 0x00, 0xCC, 0x00, 0xCC, 0x0C, 0xAA, 0x0F, 0xAA, 0xFA
	.byte 0xAA, 0x0F, 0xAA, 0xFA, 0xAA, 0x0F, 0xAA, 0xFA, 0xAA, 0xCC, 0xAA, 0xFA, 0x00, 0x00, 0x00, 0x00
	.byte 0x00, 0x00, 0x00, 0x00, 0x00, 0x00, 0x00, 0x00, 0xCC, 0xCC, 0xCC, 0x0C, 0xAA, 0xAA, 0xAA, 0xFA
	.byte 0xFF, 0xAA, 0xFA, 0xFF, 0xF0, 0xAA, 0xFA, 0xFF, 0x00, 0xAA, 0xFA, 0x00, 0x00, 0x00, 0x00, 0x00
	.byte 0x00, 0x00, 0x00, 0x00, 0x00, 0x00, 0x00, 0x00, 0xCC, 0xCC, 0xCC, 0x0C, 0xAA, 0xAA, 0xAA, 0xFA
	.byte 0xFF, 0xFF, 0xAA, 0xFA, 0xF0, 0xFF, 0xAA, 0xFA, 0x00, 0x00, 0xAA, 0xFA, 0x00, 0x00, 0x00, 0x00
	.byte 0x00, 0x00, 0x00, 0x00, 0x00, 0x00, 0x00, 0x00, 0xCC, 0x00, 0xCC, 0xCC, 0xAA, 0xCF, 0xAA, 0xAA
	.byte 0xAA, 0xAC, 0xAA, 0xFA, 0xAA, 0xAA, 0xAA, 0xFF, 0xAA, 0xAA, 0xFA, 0xFF, 0x00, 0x00, 0x00, 0x00
	.byte 0x00, 0x00, 0x00, 0x00, 0x00, 0x00, 0x00, 0x00, 0xCC, 0x0C, 0x00, 0x00, 0xAA, 0xFA, 0x00, 0x00
	.byte 0xAA, 0xFA, 0x00, 0x00, 0xAA, 0xFA, 0x00, 0x00, 0xAA, 0xFA, 0x00, 0x00, 0x00, 0x00, 0x00, 0x00
	.byte 0x00, 0x00, 0x00, 0x00, 0x00, 0x00, 0x00, 0x00, 0xCC, 0xCC, 0xCC, 0xCC, 0xAA, 0xAA, 0xAA, 0xAA
	.byte 0xAA, 0xFF, 0xFF, 0xAA, 0xAA, 0xFF, 0xFF, 0xAA, 0xAA, 0x0F, 0x00, 0xAA, 0x00, 0x00, 0x00, 0x00
	.byte 0x00, 0x00, 0x00, 0x00, 0x00, 0x00, 0x00, 0x00, 0xCC, 0x00, 0xCC, 0x0C, 0xAA, 0x0C, 0xAA, 0xFA
	.byte 0xAA, 0xCA, 0xAA, 0xFA, 0xAA, 0xAA, 0xAA, 0xFA, 0xAA, 0xAA, 0xAA, 0xFA, 0x00, 0x00, 0x00, 0x00
	.byte 0x00, 0x00, 0x00, 0x00, 0x00, 0x00, 0x00, 0x00, 0xCC, 0xCC, 0xCC, 0x0C, 0xAA, 0xAA, 0xAA, 0xFA
	.byte 0xAA, 0xFF, 0xAA, 0xFA, 0xAA, 0xFF, 0xAA, 0xFA, 0xAA, 0x0F, 0xAA, 0xFA, 0x00, 0x00, 0x00, 0x00
	.byte 0x00, 0x00, 0x00, 0x00, 0x00, 0x00, 0x00, 0x00, 0xC0, 0xCC, 0xCC, 0x0C, 0xAC, 0xAA, 0xAA, 0xFA
	.byte 0xAA, 0xFF, 0xFF, 0xFF, 0xAA, 0xCC, 0xCC, 0xFC, 0xAA, 0xAA, 0xAA, 0xFA, 0x00, 0x00, 0x00, 0x00
	.byte 0x00, 0x00, 0x00, 0x00, 0x00, 0x00, 0x00, 0x00, 0xCC, 0x00, 0xCC, 0x0C, 0xAA, 0x0F, 0xAA, 0xFA
	.byte 0xAA, 0x0F, 0xAA, 0xFA, 0xAA, 0x0F, 0xAA, 0xFA, 0xAA, 0x0F, 0xAA, 0xFA, 0x00, 0x00, 0x00, 0x00
	.byte 0x00, 0x00, 0x00, 0x00, 0x00, 0x00, 0x00, 0x00, 0xCC, 0x0C, 0x00, 0x0C, 0xAA, 0xFA, 0x00, 0xFA
	.byte 0xAA, 0xCA, 0xC0, 0xFA, 0xAA, 0xAA, 0xAF, 0xFA, 0xAF, 0xAA, 0xAC, 0xFF, 0x00, 0x00, 0x00, 0x00
	.byte 0x00, 0x00, 0x00, 0x00, 0x00, 0x00, 0x00, 0x00, 0xC0, 0xCC, 0x00, 0x00, 0xA0, 0xAA, 0x0F, 0x00
	.byte 0xA0, 0xAA, 0x0F, 0x00, 0xA0, 0xAA, 0x0F, 0x00, 0xA0, 0xAA, 0x0F, 0x00, 0x00, 0x00, 0x00, 0x00
	.byte 0x00, 0x00, 0x00, 0x00, 0x00, 0x00, 0x00, 0x00, 0xCC, 0x0C, 0xC0, 0x0C, 0xAA, 0xFA, 0xA0, 0xFA
	.byte 0xAA, 0xFA, 0xA0, 0xFA, 0xAA, 0xFA, 0xAC, 0xFA, 0xAF, 0xCA, 0xAA, 0xFF, 0x00, 0x00, 0x00, 0x00
	.byte 0x00, 0x00, 0x00, 0x00, 0x00, 0x00, 0x00, 0x00, 0xCC, 0x0C, 0xC0, 0x0C, 0xAA, 0xFA, 0xA0, 0xFA
	.byte 0xAA, 0xFA, 0xA0, 0xFA, 0xAA, 0xFA, 0xA0, 0xFA, 0xAA, 0xCA, 0xAC, 0xFA, 0x00, 0x00, 0x00, 0x00
	.byte 0x00, 0x00, 0x00, 0x00, 0x00, 0x00, 0x00, 0x00, 0xCC, 0xCC, 0xCC, 0xCC, 0xAA, 0xAA, 0xAA, 0xAA
	.byte 0xFF, 0xCF, 0xAA, 0xFA, 0xF0, 0xAF, 0xAA, 0xFA, 0x00, 0xAC, 0xAA, 0xFF, 0x00, 0x00, 0x00, 0x00
	.byte 0x00, 0x00, 0x00, 0x00, 0x00, 0x00, 0x00, 0x00, 0x00, 0xCC, 0x0C, 0x00, 0x00, 0xAA, 0xFA, 0x00
	.byte 0x00, 0xAA, 0xFA, 0x00, 0x00, 0xAA, 0xFF, 0x00, 0x00, 0xAA, 0xFF, 0x00, 0x00, 0x00, 0x00, 0x00
	.byte 0x00, 0x00, 0x00, 0x00, 0x00, 0x00, 0x00, 0x00, 0xFC, 0x00, 0x00, 0x00, 0xCA, 0x0F, 0x00, 0x00
	.byte 0xAA, 0xFC, 0x00, 0x00, 0xAA, 0xCA, 0x0F, 0x00, 0xAF, 0xAA, 0xFC, 0x00, 0x00, 0x00, 0x00, 0x00
	.byte 0x00, 0x00, 0x00, 0x00, 0x00, 0x00, 0x00, 0x00, 0x00, 0xCC, 0x0C, 0x00, 0x00, 0xAA, 0xFA, 0x00
	.byte 0x00, 0xAA, 0xFA, 0x00, 0x00, 0xAF, 0xFA, 0x00, 0x00, 0xAF, 0xFA, 0x00, 0x00, 0x00, 0x00, 0x00
	.byte 0x00, 0x00, 0x00, 0x00, 0x00, 0x00, 0x00, 0x00, 0x00, 0x00, 0x00, 0x00, 0xA0, 0xAA, 0x0F, 0x00
	.byte 0xA0, 0xAA, 0x0F, 0x00, 0xAA, 0xAF, 0xFA, 0x00, 0xAA, 0xAF, 0xFA, 0x00, 0xFA, 0xFA, 0xFF, 0xFA
	.byte 0xFA, 0xFA, 0xFA, 0xFA, 0xFA, 0xAB, 0xFB, 0xFA, 0xBA, 0xFF, 0xBF, 0xFA, 0xAF, 0xAA, 0xAA, 0xFF
	.byte 0xF0, 0xFF, 0xFF, 0xFF, 0x00, 0xFF, 0xFF, 0x0F, 0x00, 0x00, 0x00, 0x00, 0xAA, 0xAA, 0xAA, 0xFA
	.byte 0xAA, 0xAA, 0xAA, 0xFA, 0xAA, 0xFF, 0xAA, 0xFA, 0xAA, 0xFF, 0xAA, 0xFA, 0xAA, 0x0F, 0xAA, 0xFC
	.byte 0xFF, 0x0F, 0xFF, 0xFF, 0xF0, 0x0F, 0xF0, 0xFF, 0x00, 0x00, 0x00, 0x00, 0xAA, 0xFF, 0xAA, 0xFA
	.byte 0xAA, 0xFF, 0xAA, 0xFA, 0xAA, 0xCC, 0xAA, 0xFA, 0xAA, 0xAA, 0xAA, 0xFA, 0xAA, 0xAA, 0xAA, 0xFC
	.byte 0xFF, 0xFF, 0xFF, 0xFF, 0xF0, 0xFF, 0xFF, 0xFF, 0x00, 0x00, 0x00, 0x00, 0xAA, 0x0F, 0x00, 0x00
	.byte 0xAA, 0x0F, 0x00, 0x00, 0xAA, 0xCC, 0xCC, 0x0C, 0xAA, 0xAA, 0xAA, 0xFA, 0xAC, 0xAA, 0xAA, 0xFC
	.byte 0xFF, 0xFF, 0xFF, 0xFF, 0xF0, 0xFF, 0xFF, 0xFF, 0x00, 0x00, 0x00, 0x00, 0xAA, 0xFA, 0xFF, 0x00
	.byte 0xAA, 0xFA, 0xFF, 0x00, 0xAA, 0xCA, 0xCC, 0x0C, 0xAA, 0xAA, 0xAA, 0xFA, 0xAC, 0xAA, 0xAA, 0xFA
	.byte 0xFF, 0xFF, 0xFF, 0xFF, 0xF0, 0xFF, 0xFF, 0xFF, 0x00, 0x00, 0x00, 0x00, 0xAA, 0xFA, 0xFF, 0x0F
	.byte 0xAA, 0xFA, 0xFF, 0x0F, 0xAA, 0xFA, 0x00, 0x00, 0xAA, 0xFA, 0x00, 0x00, 0xAC, 0xFA, 0x00, 0x00
	.byte 0xFF, 0xFF, 0x00, 0x00, 0xF0, 0xFF, 0x00, 0x00, 0x00, 0x00, 0x00, 0x00, 0xAA, 0xFA, 0xCC, 0x0C
	.byte 0xAA, 0xFA, 0xAA, 0xFA, 0xAA, 0xCA, 0xAC, 0xFA, 0xAA, 0xAA, 0xAA, 0xFA, 0xAC, 0xAA, 0xAA, 0xFA
	.byte 0xFF, 0xFF, 0xFF, 0xFF, 0xF0, 0xFF, 0xFF, 0xFF, 0x00, 0x00, 0x00, 0x00, 0xAA, 0xAA, 0xAA, 0xFA
	.byte 0xAA, 0xFF, 0xAA, 0xFA, 0xAA, 0xFF, 0xAA, 0xFA, 0xAA, 0x0F, 0xAA, 0xFA, 0xAA, 0x0F, 0xAA, 0xFA
	.byte 0xFF, 0x0F, 0xFF, 0xFF, 0xF0, 0x0F, 0xF0, 0xFF, 0x00, 0x00, 0x00, 0x00, 0x00, 0xAA, 0xFA, 0x00
	.byte 0x00, 0xAA, 0xFA, 0x00, 0xCC, 0xAA, 0xCA, 0x0C, 0xAA, 0xAA, 0xAA, 0xFA, 0xAA, 0xAA, 0xAA, 0xFA
	.byte 0xFF, 0xFF, 0xFF, 0xFF, 0xF0, 0xFF, 0xFF, 0xFF, 0x00, 0x00, 0x00, 0x00, 0xCC, 0x00, 0xAA, 0xFA
	.byte 0xAA, 0x0F, 0xAA, 0xFA, 0xAA, 0xCC, 0xAA, 0xFA, 0xAA, 0xAA, 0xAA, 0xFA, 0xAA, 0xAA, 0xAA, 0xFC
	.byte 0xFF, 0xFF, 0xFF, 0xFF, 0xF0, 0xFF, 0xFF, 0xFF, 0x00, 0x00, 0x00, 0x00, 0xAA, 0xAA, 0xFC, 0x0F
	.byte 0xAA, 0xAA, 0xCA, 0x00, 0xAA, 0xAA, 0xAA, 0x0C, 0xAA, 0xAF, 0xAA, 0xCA, 0xAA, 0xFF, 0xAA, 0xAA
	.byte 0xFF, 0x0F, 0xFF, 0xFF, 0xF0, 0x0F, 0xF0, 0xFF, 0x00, 0x00, 0x00, 0x00, 0xAA, 0xFA, 0x00, 0x00
	.byte 0xAA, 0xFA, 0x00, 0x00, 0xAA, 0xCA, 0xCC, 0x0C, 0xAA, 0xAA, 0xAA, 0xFA, 0xAC, 0xAA, 0xAA, 0xFA
	.byte 0xFF, 0xFF, 0xFF, 0xFF, 0xF0, 0xFF, 0xFF, 0xFF, 0x00, 0x00, 0x00, 0x00, 0xAA, 0x0F, 0x00, 0xAA
	.byte 0xAA, 0x0F, 0x00, 0xAA, 0xAA, 0x0F, 0x00, 0xAA, 0xAA, 0x0F, 0x00, 0xAA, 0xAA, 0x0F, 0x00, 0xAA
	.byte 0xFF, 0x0F, 0x00, 0xFF, 0xF0, 0x0F, 0x00, 0xF0, 0x00, 0x00, 0x00, 0x00, 0xAA, 0xAA, 0xAA, 0xFA
	.byte 0xAA, 0xAA, 0xAA, 0xFA, 0xAA, 0xAF, 0xAA, 0xFA, 0xAA, 0xFF, 0xAA, 0xFA, 0xAA, 0x0F, 0xAF, 0xFA
	.byte 0xFF, 0x0F, 0xF0, 0xFF, 0xF0, 0x0F, 0x00, 0xFF, 0x00, 0x00, 0x00, 0x00, 0xAA, 0xCC, 0xAA, 0xFA
	.byte 0xAA, 0xAA, 0xAA, 0xFC, 0xAA, 0xFF, 0xFF, 0xFF, 0xAA, 0xFF, 0xFF, 0xFF, 0xAA, 0x0F, 0x00, 0x00
	.byte 0xFF, 0x0F, 0x00, 0x00, 0xF0, 0x0F, 0x00, 0x00, 0x00, 0x00, 0x00, 0x00, 0xAA, 0x0F, 0xAA, 0xFA
	.byte 0xAA, 0xCF, 0xAA, 0xFA, 0xAA, 0xAC, 0xAA, 0xFA, 0xAA, 0xAA, 0xAA, 0xFA, 0xAC, 0xAA, 0xAA, 0xFC
	.byte 0xFF, 0xFF, 0xAA, 0xFA, 0xF0, 0xFF, 0xAF, 0xFA, 0x00, 0x00, 0xF0, 0xFF, 0xAA, 0xCC, 0xAA, 0xFA
	.byte 0xAA, 0xAA, 0xAA, 0xFC, 0xAA, 0xAF, 0xCA, 0xFF, 0xAA, 0xFF, 0xAA, 0xFC, 0xAA, 0x0F, 0xAF, 0xFA
	.byte 0xFF, 0x0F, 0xF0, 0xFF, 0xF0, 0x0F, 0x00, 0xFF, 0x00, 0x00, 0x00, 0x00, 0xAC, 0xAA, 0xAA, 0xFA
	.byte 0xFF, 0xFF, 0xAA, 0xFA, 0xCC, 0xCC, 0xAA, 0xFA, 0xAA, 0xAA, 0xAA, 0xFA, 0xAA, 0xAA, 0xAA, 0xFC
	.byte 0xFF, 0xFF, 0xFF, 0xFF, 0xF0, 0xFF, 0xFF, 0xFF, 0x00, 0x00, 0x00, 0x00, 0x00, 0xAA, 0xFA, 0x00
	.byte 0x00, 0xAA, 0xFA, 0x00, 0x00, 0xAA, 0xFA, 0x00, 0x00, 0xAA, 0xFA, 0x00, 0x00, 0xAA, 0xFC, 0x00
	.byte 0x00, 0xFF, 0xFF, 0x00, 0x00, 0xF0, 0xFF, 0x00, 0x00, 0x00, 0x00, 0x00, 0xAA, 0x0F, 0xAA, 0xFA
	.byte 0xAA, 0x0F, 0xAA, 0xFA, 0xAA, 0xCC, 0xAA, 0xFA, 0xAA, 0xAA, 0xAA, 0xFA, 0xAC, 0xAA, 0xAA, 0xFC
	.byte 0xFF, 0xFF, 0xFF, 0xFF, 0xF0, 0xFF, 0xFF, 0xFF, 0x00, 0x00, 0x00, 0x00, 0xA0, 0xAA, 0xAA, 0xFF
	.byte 0xF0, 0xAA, 0xFA, 0x0F, 0x00, 0xAA, 0xFA, 0x0F, 0x00, 0xAF, 0xFF, 0x00, 0x00, 0xA0, 0xFF, 0x00
	.byte 0x00, 0xF0, 0x0F, 0x00, 0x00, 0x00, 0x0F, 0x00, 0x00, 0x00, 0x00, 0x00, 0xA0, 0xAA, 0x0F, 0x00
	.byte 0xA0, 0xAA, 0x0F, 0x00, 0xA0, 0xAA, 0x0F, 0x00, 0xA0, 0xAA, 0xCC, 0xCC, 0xF0, 0xAA, 0xAA, 0xAA
	.byte 0x00, 0xFF, 0xFF, 0xFF, 0x00, 0xF0, 0xFF, 0xFF, 0x00, 0x00, 0x00, 0x00, 0xC0, 0xAA, 0xCA, 0xFF
	.byte 0xAC, 0xFA, 0xAA, 0x0C, 0xAA, 0xFA, 0xAF, 0xFA, 0xAA, 0xFA, 0xA0, 0xFA, 0xAA, 0xFA, 0xA0, 0xFA
	.byte 0xFF, 0xFF, 0xF0, 0xFF, 0xF0, 0xFF, 0x00, 0xFF, 0x00, 0x00, 0x00, 0x00, 0xAF, 0xAA, 0xAA, 0xFF
	.byte 0xF0, 0xAA, 0xFA, 0xFF, 0x00, 0xAA, 0xFA, 0x0F, 0x00, 0xAA, 0xFA, 0x00, 0x00, 0xAA, 0xFA, 0x00
	.byte 0x00, 0xFF, 0xFF, 0x00, 0x00, 0xF0, 0xFF, 0x00, 0x00, 0x00, 0x00, 0x00, 0x00, 0xAA, 0xAA, 0xFF
	.byte 0xC0, 0xAA, 0xFA, 0x0F, 0xA0, 0xAA, 0xCA, 0xCC, 0xAC, 0xAA, 0xAA, 0xAA, 0xAA, 0xAA, 0xAA, 0xCA
	.byte 0xFF, 0xFF, 0xFF, 0xFF, 0xF0, 0xFF, 0xFF, 0xFF, 0x00, 0x00, 0x00, 0x00, 0x00, 0xAA, 0x0F, 0x00
	.byte 0x00, 0xAA, 0x0F, 0x00, 0x00, 0xAA, 0x0F, 0x00, 0x00, 0xAA, 0xFA, 0x00, 0x00, 0xAA, 0xFA, 0x00
	.byte 0x00, 0xFF, 0xFF, 0x00, 0x00, 0xFF, 0xFF, 0x00, 0x00, 0x00, 0x00, 0x00, 0xF0, 0xAA, 0xCA, 0x0F
	.byte 0x00, 0xAF, 0xAA, 0xFC, 0x00, 0xF0, 0xAA, 0xFA, 0x00, 0x00, 0xAF, 0xFA, 0x00, 0x00, 0xF0, 0xFA
	.byte 0x00, 0x00, 0x00, 0xFF, 0x00, 0x00, 0x00, 0xF0, 0x00, 0x00, 0x00, 0x00, 0x00, 0xA0, 0xFA, 0x00
	.byte 0x00, 0xA0, 0xFA, 0x00, 0x00, 0xA0, 0xFA, 0x00, 0x00, 0xAA, 0xFA, 0x00, 0x00, 0xAA, 0xFA, 0x00
	.byte 0x00, 0xFF, 0xFF, 0x00, 0x00, 0xFF, 0xFF, 0x00, 0x00, 0x00, 0x00, 0x00, 0xFA, 0xFF, 0xFA, 0x00
	.byte 0xFA, 0xFF, 0xFA, 0x00, 0xFF, 0x00, 0xFF, 0x00, 0xFF, 0x00, 0xFF, 0x00, 0x00, 0x00, 0x00, 0x00
	.byte 0x00, 0x00, 0x00, 0x00, 0x00, 0x00, 0x00, 0x00, 0x00, 0x00, 0x00, 0x00, 0x00, 0x00, 0x00, 0x00
	.byte 0x00, 0x00, 0x00, 0x00, 0x00, 0x00, 0x00, 0x00, 0xAA, 0xAA, 0xAA, 0xFA, 0xAA, 0xAA, 0xAA, 0xFA
	.byte 0xFF, 0xFF, 0xFF, 0xFF, 0xF0, 0xFF, 0xFF, 0xFF, 0x00, 0x00, 0x00, 0x00, 0x00, 0x00, 0x00, 0x00
	.byte 0x00, 0x00, 0x00, 0x00, 0x00, 0x00, 0x00, 0x00, 0x00, 0x00, 0x00, 0x00, 0x00, 0x00, 0xAA, 0x0F
	.byte 0x00, 0x00, 0xAA, 0x0F, 0x00, 0x00, 0xAA, 0x0F, 0x00, 0x00, 0xAA, 0x0F, 0x00, 0x00, 0x00, 0x00
	.byte 0x00, 0x00, 0x00, 0x00, 0x00, 0x00, 0x00, 0x00, 0xCC, 0xCC, 0xCC, 0x00, 0xAA, 0xAA, 0xAA, 0x0C
	.byte 0xFF, 0xFF, 0xAA, 0xFA, 0xFF, 0xFF, 0xAA, 0xFA, 0x0F, 0x00, 0xAA, 0xFA, 0x00, 0x00, 0x00, 0x00
	.byte 0x00, 0x00, 0x00, 0x00, 0x00, 0x00, 0x00, 0x00, 0x00, 0x00, 0x00, 0x00, 0x00, 0xAA, 0xFA, 0x00
	.byte 0x00, 0xAA, 0xFA, 0x00, 0x00, 0xAA, 0xFA, 0x00, 0x00, 0xAA, 0xFA, 0x00, 0x00, 0x00, 0x00, 0x00
	.byte 0x00, 0x00, 0x00, 0x00, 0x00, 0x00, 0x00, 0x00, 0xCC, 0x00, 0x00, 0xCC, 0xAA, 0x0F, 0x00, 0xAA
	.byte 0xAA, 0x0F, 0x00, 0xAA, 0xAA, 0x0F, 0x00, 0xAA, 0xAA, 0x0F, 0x00, 0xAA, 0x00, 0x00, 0x00, 0x00
	.byte 0x00, 0x00, 0x00, 0x00, 0x00, 0x00, 0x00, 0x00, 0x00, 0x00, 0x00, 0x00, 0xA0, 0xFA, 0xAA, 0x0F
	.byte 0xA0, 0xFA, 0xAA, 0x0F, 0xAA, 0xAF, 0xFA, 0x0F, 0xAA, 0xAF, 0xFA, 0x0F, 0x00, 0x00, 0xAF, 0x0F
	.byte 0x00, 0x00, 0xFF, 0x0F, 0x00, 0x00, 0xF0, 0x0F, 0x00, 0x00, 0x00, 0x00, 0x00, 0x00, 0x00, 0x00
	.byte 0x00, 0x00, 0x00, 0x00, 0x00, 0x00, 0x00, 0x00, 0x00, 0x00, 0x00, 0x00, 0x0F, 0x00, 0xAA, 0xFA
	.byte 0x0F, 0x00, 0xAA, 0xFA, 0x0F, 0x00, 0xAA, 0xFA, 0x0F, 0x00, 0xAA, 0xFA, 0x0F, 0x00, 0xAA, 0xFC
	.byte 0x0F, 0x00, 0xFF, 0xFF, 0x0F, 0x00, 0xF0, 0xFF, 0x00, 0x00, 0x00, 0x00, 0x00, 0xAA, 0xFA, 0x00
	.byte 0x00, 0xAA, 0xFA, 0x00, 0x00, 0xAA, 0xFA, 0x00, 0x00, 0xAA, 0xFA, 0x00, 0x00, 0xAA, 0xFA, 0x00
	.byte 0x00, 0xFF, 0xFF, 0x00, 0x00, 0xFF, 0xFF, 0x00, 0x00, 0x00, 0x00, 0x00, 0xAA, 0x0F, 0x00, 0xAA
	.byte 0xAA, 0x0F, 0x00, 0xAA, 0xAA, 0x0F, 0x00, 0xAA, 0xAA, 0xCC, 0xCC, 0xAA, 0xAA, 0xAA, 0xAA, 0xAA
	.byte 0xFF, 0xFF, 0xFF, 0xFF, 0xFF, 0xFF, 0xFF, 0xFF, 0x00, 0x00, 0x00, 0x00, 0xFF, 0xFF, 0xFF, 0x00
	.byte 0xFF, 0xFF, 0xFF, 0x00, 0x00, 0x00, 0x00, 0x00, 0x00, 0x00, 0x00, 0x00, 0x00, 0x00, 0x00, 0x00
	.byte 0x00, 0x00, 0x00, 0x00, 0x00, 0x00, 0x00, 0x00, 0x00, 0x00, 0x00, 0x00, 0x80, 0x01, 0xFF, 0x03
	.byte 0x18, 0x03, 0x8C, 0x01, 0x1F, 0x00, 0x00, 0x00, 0xE0, 0x03, 0x94, 0x52, 0x1F, 0x0A, 0x5A, 0x73
	.byte 0xB5, 0x5E, 0xBD, 0x7F, 0xA5, 0x14, 0xCE, 0x41, 0x10, 0x4A, 0xFF, 0x7F, 0x40, 0x7E, 0xA0, 0x7E
	.byte 0x20, 0x7F, 0x60, 0x7B, 0xE0, 0x67, 0xE0, 0x4B, 0xEC, 0x33, 0xF9, 0x03, 0xFF, 0x03, 0x9F, 0x03
	.byte 0x3F, 0x03, 0x5F, 0x02, 0xFF, 0x01, 0x9F, 0x01, 0x3F, 0x01, 0x1F, 0x00, 0xE0, 0x03, 0xE0, 0x03
	.byte 0xE0, 0x03, 0xE0, 0x03, 0xE0, 0x03, 0xE0, 0x03, 0xE0, 0x03, 0xE0, 0x03, 0xE0, 0x03, 0xE0, 0x03
	.byte 0xE0, 0x03, 0xE0, 0x03, 0xE0, 0x03, 0xE0, 0x03, 0xE0, 0x03, 0xE0, 0x03, 0xE0, 0x03, 0xE0, 0x03
	.byte 0xE0, 0x03, 0xE0, 0x03, 0xE0, 0x03, 0xE0, 0x03, 0xE0, 0x03, 0xE0, 0x03, 0xE0, 0x03, 0xE0, 0x03
	.byte 0xE0, 0x03, 0xE0, 0x03, 0xE0, 0x03, 0xE0, 0x03, 0xE0, 0x03, 0xE0, 0x03, 0xE0, 0x03, 0xE0, 0x03
	.byte 0xE0, 0x03, 0xE0, 0x03, 0xE0, 0x03, 0xE0, 0x03, 0xE0, 0x03, 0xE0, 0x03, 0xE0, 0x03, 0xE0, 0x03
	.byte 0xE0, 0x03, 0xE0, 0x03, 0xE0, 0x03, 0xE0, 0x03, 0xE0, 0x03, 0xE0, 0x03, 0xE0, 0x03, 0xE0, 0x03
	.byte 0xE0, 0x03, 0xE0, 0x03, 0xE0, 0x03, 0xE0, 0x03, 0xE0, 0x03, 0xE0, 0x03, 0xE0, 0x03, 0xE0, 0x03
	.byte 0xE0, 0x03, 0xE0, 0x03, 0xE0, 0x03, 0xE0, 0x03, 0xE0, 0x03, 0xE0, 0x03, 0xE0, 0x03, 0xE0, 0x03
	.byte 0xE0, 0x03, 0xE0, 0x03, 0xE0, 0x03, 0xE0, 0x03, 0xE0, 0x03, 0xE0, 0x03, 0xE0, 0x03, 0xE0, 0x03
	.byte 0xE0, 0x03, 0xE0, 0x03, 0xE0, 0x03, 0xE0, 0x03, 0xE0, 0x03, 0xE0, 0x03, 0xE0, 0x03, 0xE0, 0x03
	.byte 0xE0, 0x03, 0xE0, 0x03, 0xE0, 0x03, 0xE0, 0x03, 0xE0, 0x03, 0xE0, 0x03, 0xE0, 0x03, 0xE0, 0x03
	.byte 0xE0, 0x03, 0xE0, 0x03, 0xE0, 0x03, 0xE0, 0x03, 0xE0, 0x03, 0xE0, 0x03, 0xE0, 0x03, 0xE0, 0x03
	.byte 0xE0, 0x03, 0xE0, 0x03, 0xE0, 0x03, 0xE0, 0x03, 0xE0, 0x03, 0xE0, 0x03, 0xE0, 0x03, 0xE0, 0x03
	.byte 0xE0, 0x03, 0xE0, 0x03, 0xE0, 0x03, 0xE0, 0x03, 0xE0, 0x03, 0xE0, 0x03, 0xE0, 0x03, 0xE0, 0x03
	.byte 0xE0, 0x03, 0xE0, 0x03, 0xE0, 0x03, 0xE0, 0x03, 0xE0, 0x03, 0xE0, 0x03, 0xE0, 0x03, 0xE0, 0x03
	.byte 0xE0, 0x03, 0xE0, 0x03, 0xE0, 0x03, 0xE0, 0x03, 0xE0, 0x03, 0xE0, 0x03, 0xE0, 0x03, 0xE0, 0x03
	.byte 0xE0, 0x03, 0xE0, 0x03, 0xE0, 0x03, 0xE0, 0x03, 0xE0, 0x03, 0xE0, 0x03, 0xE0, 0x03, 0xE0, 0x03
	.byte 0xE0, 0x03, 0xE0, 0x03, 0xE0, 0x03, 0xE0, 0x03, 0xE0, 0x03, 0xE0, 0x03, 0xE0, 0x03, 0xE0, 0x03
	.byte 0xE0, 0x03, 0xE0, 0x03, 0xE0, 0x03, 0xE0, 0x03, 0xE0, 0x03, 0xE0, 0x03, 0xE0, 0x03, 0xE0, 0x03
	.byte 0xE0, 0x03, 0xE0, 0x03, 0xE0, 0x03, 0xE0, 0x03, 0xE0, 0x03, 0xE0, 0x03, 0xE0, 0x03, 0xE0, 0x03
	.byte 0xE0, 0x03, 0xE0, 0x03, 0xE0, 0x03, 0xE0, 0x03, 0xE0, 0x03, 0xE0, 0x03, 0xE0, 0x03, 0xE0, 0x03
	.byte 0xE0, 0x03, 0xE0, 0x03, 0xE0, 0x03, 0xE0, 0x03, 0xE0, 0x03, 0xE0, 0x03, 0xE0, 0x03, 0xE0, 0x03
	.byte 0xE0, 0x03, 0xE0, 0x03, 0xE0, 0x03, 0xE0, 0x03, 0xE0, 0x03, 0xE0, 0x03, 0xE0, 0x03, 0xE0, 0x03
	.byte 0xE0, 0x03, 0xE0, 0x03, 0xE0, 0x03, 0xE0, 0x03, 0xE0, 0x03, 0xE0, 0x03, 0xE0, 0x03, 0xE0, 0x03
	.byte 0xE0, 0x03, 0xE0, 0x03, 0xE0, 0x03, 0xE0, 0x03, 0xE0, 0x03, 0xE0, 0x03, 0xE0, 0x03, 0xE0, 0x03
	.byte 0xE0, 0x03, 0xE0, 0x03, 0xE0, 0x03, 0xE0, 0x03, 0xE0, 0x03, 0xE0, 0x03, 0x08, 0x21, 0xE0, 0x03
	.byte 0xE0, 0x03, 0xE0, 0x03, 0xE0, 0x03, 0xE0, 0x03, 0xE0, 0x03, 0xE0, 0x03, 0xE0, 0x03, 0xE0, 0x03
	.byte 0xE0, 0x03, 0xE0, 0x03, 0xE0, 0x03, 0xE0, 0x03, 0xE0, 0x03, 0xFF, 0x7F, 0x00, 0x00, 0x01, 0x00
	.byte 0x02, 0x00, 0x03, 0x00, 0x04, 0x00, 0x05, 0x00, 0x06, 0x00, 0x07, 0x00, 0x08, 0x00, 0x09, 0x00
	.byte 0x0A, 0x00, 0x0B, 0x00, 0x0C, 0x00, 0x0D, 0x00, 0x0E, 0x00, 0x0F, 0x00, 0x10, 0x00, 0x11, 0x00
	.byte 0x12, 0x00, 0x13, 0x00, 0x14, 0x00, 0x15, 0x00, 0x16, 0x00, 0x17, 0x00, 0x18, 0x00, 0x19, 0x00
	.byte 0x1A, 0x00, 0x1B, 0x00, 0x1C, 0x00, 0x1D, 0x00, 0x1E, 0x00, 0x1F, 0x00, 0x20, 0x00, 0x21, 0x00
	.byte 0x22, 0x00, 0x23, 0x00, 0x24, 0x00, 0x25, 0x00, 0x26, 0x00, 0x27, 0x00, 0x28, 0x00, 0x29, 0x00
	.byte 0x2A, 0x00, 0x2B, 0x00, 0x2C, 0x00, 0x2D, 0x00, 0x2E, 0x00, 0x2F, 0x00, 0x30, 0x00, 0x31, 0x00
	.byte 0x32, 0x00, 0x33, 0x00, 0x34, 0x00, 0x35, 0x00, 0x36, 0x00, 0x37, 0x00, 0x38, 0x00, 0x39, 0x00
	.byte 0x3A, 0x00, 0x3B, 0x00, 0x3C, 0x00, 0x3D, 0x00, 0x3E, 0x00, 0x3F, 0x00, 0x40, 0x00, 0x40, 0x00
	.byte 0x40, 0x00, 0x40, 0x00, 0x41, 0x00, 0x42, 0x00, 0x43, 0x00, 0x44, 0x00, 0x45, 0x00, 0x46, 0x00
	.byte 0x47, 0x00, 0x47, 0x00, 0x47, 0x00, 0x47, 0x00, 0x47, 0x00, 0x48, 0x00, 0x49, 0x00, 0x4A, 0x00
	.byte 0x4B, 0x00, 0x4C, 0x00, 0x4D, 0x00, 0x4E, 0x00, 0x4F, 0x00, 0x50, 0x00, 0x51, 0x00, 0x52, 0x00
	.byte 0x53, 0x00, 0x54, 0x00, 0x55, 0x00, 0x56, 0x00, 0x57, 0x00, 0x58, 0x00, 0x59, 0x00, 0x5A, 0x00
	.byte 0x5B, 0x00, 0x40, 0x00, 0x40, 0x00, 0x40, 0x00, 0x40, 0x00, 0x40, 0x00, 0x40, 0x00, 0x40, 0x00
	.byte 0x40, 0x00, 0x40, 0x00, 0x40, 0x00, 0x40, 0x00, 0x40, 0x00, 0x40, 0x00, 0x40, 0x00, 0x40, 0x00
	.byte 0x40, 0x00, 0x40, 0x00, 0x40, 0x00, 0x40, 0x00, 0x40, 0x00, 0x40, 0x00, 0x40, 0x00, 0x40, 0x00
	.byte 0x40, 0x00, 0x40, 0x00, 0x40, 0x00, 0x40, 0x00, 0x40, 0x00, 0x40, 0x00, 0x40, 0x00, 0x40, 0x00
	.byte 0x40, 0x00, 0x40, 0x00, 0x40, 0x00, 0x40, 0x00, 0x40, 0x00, 0x40, 0x00, 0x47, 0x00, 0x47, 0x00
	.byte 0x47, 0x00, 0x47, 0x00, 0x47, 0x00, 0x47, 0x00, 0x47, 0x00, 0x47, 0x00, 0x47, 0x00, 0x47, 0x00
	.byte 0x47, 0x00, 0x47, 0x00, 0x47, 0x00, 0x47, 0x00, 0x47, 0x00, 0x47, 0x00, 0x47, 0x00, 0x47, 0x00
	.byte 0x47, 0x00, 0x47, 0x00, 0x47, 0x00, 0x47, 0x00, 0x47, 0x00, 0x47, 0x00, 0x47, 0x00, 0x47, 0x00
	.byte 0x47, 0x00, 0x47, 0x00, 0x47, 0x00, 0x47, 0x00, 0x47, 0x00, 0x47, 0x00, 0x47, 0x00, 0x47, 0x00
	.byte 0x47, 0x00, 0x47, 0x00, 0x47, 0x00, 0x47, 0x00, 0x47, 0x00, 0x47, 0x00, 0x47, 0x00, 0x47, 0x00
	.byte 0x47, 0x00, 0x47, 0x00, 0x47, 0x00, 0x47, 0x00, 0x47, 0x00, 0x47, 0x00, 0x47, 0x00, 0x47, 0x00
	.byte 0x47, 0x00, 0x47, 0x00, 0x47, 0x00, 0x47, 0x00, 0x47, 0x00, 0x47, 0x00, 0x47, 0x00, 0x47, 0x00
	.byte 0x47, 0x00, 0x47, 0x00, 0x47, 0x00, 0x47, 0x00, 0x47, 0x00, 0x47, 0x00, 0x47, 0x00, 0x47, 0x00
	.byte 0x47, 0x00, 0x47, 0x00, 0x47, 0x00, 0x47, 0x00, 0x47, 0x00, 0x47, 0x00, 0x47, 0x00, 0x47, 0x00
	.byte 0x47, 0x00, 0x47, 0x00, 0x47, 0x00, 0x47, 0x00, 0x47, 0x00, 0x47, 0x00, 0x47, 0x00, 0x47, 0x00
	.byte 0x47, 0x00, 0x47, 0x00, 0x47, 0x00, 0x47, 0x00, 0x47, 0x00, 0x47, 0x00, 0x47, 0x00, 0x47, 0x00
	.byte 0x47, 0x00, 0x47, 0x00, 0x47, 0x00, 0x47, 0x00, 0x47, 0x00, 0x47, 0x00, 0x47, 0x00, 0x47, 0x00
	.byte 0x47, 0x00, 0x47, 0x00, 0x47, 0x00, 0x47, 0x00, 0x47, 0x00, 0x47, 0x00, 0x47, 0x00, 0x47, 0x00
	.byte 0x47, 0x00, 0x47, 0x00, 0x47, 0x00, 0x47, 0x00, 0x47, 0x00, 0x47, 0x00, 0x47, 0x00, 0x47, 0x00
	.byte 0x47, 0x00, 0x47, 0x00, 0x47, 0x00, 0x47, 0x00, 0x47, 0x00, 0x47, 0x00, 0x47, 0x00, 0x47, 0x00
	.byte 0x47, 0x00, 0x47, 0x00, 0x47, 0x00, 0x47, 0x00, 0x47, 0x00, 0x47, 0x00, 0x47, 0x00, 0x47, 0x00
	.byte 0x47, 0x00, 0x47, 0x00, 0x47, 0x00, 0x47, 0x00, 0x47, 0x00, 0x47, 0x00, 0x47, 0x00, 0x47, 0x00
	.byte 0x47, 0x00, 0x47, 0x00, 0x47, 0x00, 0x47, 0x00, 0x47, 0x00, 0x47, 0x00, 0x47, 0x00, 0x47, 0x00
	.byte 0x47, 0x00, 0x47, 0x00, 0x47, 0x00, 0x47, 0x00, 0x47, 0x00, 0x47, 0x00, 0x47, 0x00, 0x47, 0x00
	.byte 0x47, 0x00, 0x47, 0x00, 0x47, 0x00, 0x47, 0x00, 0x47, 0x00, 0x47, 0x00, 0x47, 0x00, 0x47, 0x00
	.byte 0x47, 0x00, 0x47, 0x00, 0x47, 0x00, 0x47, 0x00, 0x47, 0x00, 0x47, 0x00, 0x47, 0x00, 0x47, 0x00
	.byte 0x47, 0x00, 0x47, 0x00, 0x47, 0x00, 0x47, 0x00, 0x47, 0x00, 0x47, 0x00, 0x47, 0x00, 0x47, 0x00
	.byte 0x47, 0x00, 0x47, 0x00, 0x47, 0x00, 0x47, 0x00, 0x47, 0x00, 0x47, 0x00, 0x47, 0x00, 0x47, 0x00
	.byte 0x47, 0x00, 0x47, 0x00, 0x47, 0x00, 0x47, 0x00, 0x47, 0x00, 0x47, 0x00, 0x47, 0x00, 0x47, 0x00
	.byte 0x47, 0x00, 0x47, 0x00, 0x47, 0x00, 0x47, 0x00, 0x47, 0x00, 0x47, 0x00, 0x47, 0x00, 0x47, 0x00
	.byte 0x47, 0x00, 0x47, 0x00, 0x47, 0x00, 0x47, 0x00, 0x47, 0x00, 0x47, 0x00, 0x47, 0x00, 0x47, 0x00
	.byte 0x47, 0x00, 0x47, 0x00, 0x47, 0x00, 0x47, 0x00, 0x47, 0x00, 0x47, 0x00, 0x47, 0x00, 0x47, 0x00
	.byte 0x47, 0x00, 0x47, 0x00, 0x47, 0x00, 0x47, 0x00, 0x47, 0x00, 0x47, 0x00, 0x47, 0x00, 0x47, 0x00
	.byte 0x47, 0x00, 0x47, 0x00, 0x47, 0x00, 0x47, 0x00, 0x47, 0x00, 0x47, 0x00, 0x47, 0x00, 0x47, 0x00
	.byte 0x47, 0x00, 0x47, 0x00, 0x47, 0x00, 0x47, 0x00, 0x47, 0x00, 0x47, 0x00, 0x47, 0x00, 0x47, 0x00
	.byte 0x47, 0x00, 0x47, 0x00, 0x47, 0x00, 0x47, 0x00, 0x47, 0x00, 0x47, 0x00, 0x47, 0x00, 0x47, 0x00
	.byte 0x47, 0x00, 0x47, 0x00, 0x47, 0x00, 0x47, 0x00, 0x47, 0x00, 0x47, 0x00, 0x47, 0x00, 0x47, 0x00
	.byte 0x47, 0x00, 0x47, 0x00, 0x47, 0x00, 0x47, 0x00, 0x47, 0x00, 0x47, 0x00, 0x47, 0x00, 0x47, 0x00
	.byte 0x47, 0x00, 0x47, 0x00, 0x47, 0x00, 0x47, 0x00, 0x47, 0x00, 0x47, 0x00, 0x47, 0x00, 0x47, 0x00
	.byte 0x47, 0x00, 0x47, 0x00, 0x47, 0x00, 0x47, 0x00, 0x47, 0x00, 0x47, 0x00, 0x47, 0x00, 0x47, 0x00
	.byte 0x47, 0x00, 0x47, 0x00, 0x47, 0x00, 0x47, 0x00, 0x47, 0x00, 0x47, 0x00, 0x47, 0x00, 0x47, 0x00
	.byte 0x47, 0x00, 0x47, 0x00, 0x47, 0x00, 0x47, 0x00, 0x47, 0x00, 0x47, 0x00, 0x47, 0x00, 0x47, 0x00
	.byte 0x47, 0x00, 0x47, 0x00, 0x47, 0x00, 0x47, 0x00, 0x47, 0x00, 0x47, 0x00, 0x47, 0x00, 0x47, 0x00
	.byte 0x47, 0x00, 0x47, 0x00, 0x47, 0x00, 0x47, 0x00, 0x47, 0x00, 0x47, 0x00, 0x47, 0x00, 0x47, 0x00
	.byte 0x47, 0x00, 0x47, 0x00, 0x47, 0x00, 0x47, 0x00, 0x47, 0x00, 0x47, 0x00, 0x47, 0x00, 0x47, 0x00
	.byte 0x47, 0x00, 0x47, 0x00, 0x47, 0x00, 0x47, 0x00, 0x47, 0x00, 0x40, 0x00, 0x5C, 0x00, 0x5D, 0x00
	.byte 0x5E, 0x00, 0x5F, 0x00, 0x60, 0x00, 0x47, 0x00, 0x47, 0x00, 0x47, 0x00, 0x47, 0x00, 0x47, 0x00
	.byte 0x47, 0x00, 0x47, 0x00, 0x47, 0x00, 0x47, 0x00, 0x47, 0x00, 0x47, 0x00, 0x47, 0x00, 0x47, 0x00
	.byte 0x47, 0x00, 0x47, 0x00, 0x47, 0x00, 0x47, 0x00, 0x47, 0x00, 0x47, 0x00, 0x47, 0x00, 0x47, 0x00
	.byte 0x47, 0x00, 0x47, 0x00, 0x47, 0x00, 0x47, 0x00, 0x47, 0x00, 0x47, 0x00, 0x47, 0x00, 0x47, 0x00
	.byte 0x47, 0x00, 0x47, 0x00, 0x47, 0x00, 0x47, 0x00, 0x47, 0x00, 0x47, 0x00, 0x47, 0x00, 0x47, 0x00
	.byte 0x47, 0x00, 0x47, 0x00, 0x47, 0x00, 0x47, 0x00, 0x47, 0x00, 0x47, 0x00, 0x47, 0x00, 0x47, 0x00
	.byte 0x47, 0x00, 0x47, 0x00, 0x47, 0x00, 0x47, 0x00, 0x47, 0x00, 0x47, 0x00, 0x47, 0x00, 0x47, 0x00
	.byte 0x47, 0x00, 0x47, 0x00, 0x47, 0x00, 0x47, 0x00, 0x47, 0x00, 0x47, 0x00, 0x47, 0x00, 0x47, 0x00
	.byte 0x47, 0x00, 0x47, 0x00, 0x47, 0x00, 0x47, 0x00, 0x47, 0x00, 0x47, 0x00, 0x47, 0x00, 0x47, 0x00
	.byte 0x47, 0x00, 0x47, 0x00, 0x47, 0x00, 0x47, 0x00, 0x47, 0x00, 0x47, 0x00, 0x47, 0x00, 0x47, 0x00
	.byte 0x47, 0x00, 0x47, 0x00, 0x47, 0x00, 0x47, 0x00, 0x47, 0x00, 0x47, 0x00, 0x47, 0x00, 0x47, 0x00
	.byte 0x47, 0x00, 0x47, 0x00, 0x47, 0x00, 0x47, 0x00, 0x47, 0x00, 0x47, 0x00, 0x47, 0x00, 0x47, 0x00
	.byte 0x47, 0x00, 0x47, 0x00, 0x47, 0x00, 0x47, 0x00, 0x47, 0x00, 0x47, 0x00, 0x47, 0x00, 0x47, 0x00
	.byte 0x47, 0x00, 0x47, 0x00, 0x47, 0x00, 0x47, 0x00, 0x47, 0x00, 0x47, 0x00, 0x47, 0x00, 0x47, 0x00
	.byte 0x47, 0x00, 0x47, 0x00, 0x47, 0x00, 0x47, 0x00, 0x47, 0x00, 0x47, 0x00, 0x47, 0x00, 0x47, 0x00
	.byte 0x47, 0x00, 0x47, 0x00, 0x47, 0x00, 0x47, 0x00, 0x47, 0x00, 0x47, 0x00, 0x47, 0x00, 0x47, 0x00
	.byte 0x47, 0x00, 0x47, 0x00, 0x47, 0x00, 0x47, 0x00, 0x47, 0x00, 0x61, 0x00, 0x62, 0x00, 0x63, 0x00
	.byte 0x64, 0x00, 0x65, 0x00, 0x66, 0x00, 0x47, 0x00, 0x47, 0x00, 0x47, 0x00, 0x47, 0x00, 0x47, 0x00
	.byte 0x47, 0x00, 0x47, 0x00, 0x47, 0x00, 0x47, 0x00, 0x47, 0x00, 0x47, 0x00, 0x47, 0x00, 0x47, 0x00
	.byte 0x47, 0x00, 0x47, 0x00, 0x47, 0x00, 0x47, 0x00, 0x47, 0x00, 0x47, 0x00, 0x47, 0x00, 0x47, 0x00
	.byte 0x47, 0x00, 0x47, 0x00, 0x47, 0x00, 0x47, 0x00, 0x47, 0x00, 0x47, 0x00, 0x47, 0x00, 0x47, 0x00
	.byte 0x47, 0x00, 0x47, 0x00, 0x47, 0x00, 0x47, 0x00, 0x47, 0x00, 0x47, 0x00, 0x47, 0x00, 0x47, 0x00
	.byte 0x47, 0x00, 0x47, 0x00, 0x47, 0x00, 0x47, 0x00, 0x47, 0x00, 0x47, 0x00, 0x47, 0x00, 0x47, 0x00
	.byte 0x47, 0x00, 0x47, 0x00, 0x47, 0x00, 0x47, 0x00, 0x47, 0x00, 0x47, 0x00, 0x47, 0x00, 0x47, 0x00
	.byte 0x47, 0x00, 0x47, 0x00, 0x47, 0x00, 0x47, 0x00, 0x47, 0x00, 0x47, 0x00, 0x47, 0x00, 0x47, 0x00
	.byte 0x47, 0x00, 0x67, 0x00, 0x68, 0x00, 0x69, 0x00, 0x6A, 0x00, 0x6B, 0x00, 0x6C, 0x00, 0x47, 0x00
	.byte 0x47, 0x00, 0x47, 0x00, 0x47, 0x00, 0x47, 0x00, 0x47, 0x00, 0x47, 0x00, 0x47, 0x00, 0x47, 0x00
	.byte 0x47, 0x00, 0x47, 0x00, 0x47, 0x00, 0x47, 0x00, 0x47, 0x00, 0x47, 0x00, 0x47, 0x00, 0x47, 0x00
	.byte 0x47, 0x00, 0x47, 0x00, 0x47, 0x00, 0x47, 0x00, 0x47, 0x00, 0x47, 0x00, 0x47, 0x00, 0x47, 0x00
	.byte 0x47, 0x00, 0x47, 0x00, 0x47, 0x00, 0x47, 0x00, 0x47, 0x00, 0x47, 0x00, 0x47, 0x00, 0x47, 0x00
	.byte 0x47, 0x00, 0x47, 0x00, 0x47, 0x00, 0x47, 0x00, 0x47, 0x00, 0x47, 0x00, 0x47, 0x00, 0x47, 0x00
	.byte 0x47, 0x00, 0x47, 0x00, 0x47, 0x00, 0x47, 0x00, 0x47, 0x00, 0x47, 0x00, 0x47, 0x00, 0x47, 0x00
	.byte 0x47, 0x00, 0x47, 0x00, 0x47, 0x00, 0x47, 0x00, 0x47, 0x00, 0x47, 0x00, 0x47, 0x00, 0x6D, 0x00
	.byte 0x6E, 0x00, 0x47, 0x00, 0x6F, 0x00, 0x70, 0x00, 0x71, 0x00, 0x72, 0x00, 0x73, 0x00, 0x74, 0x00
	.byte 0x75, 0x00, 0x76, 0x00, 0x77, 0x00, 0x47, 0x00, 0x47, 0x00, 0x47, 0x00, 0x47, 0x00, 0x47, 0x00
	.byte 0x47, 0x00, 0x47, 0x00, 0x47, 0x00, 0x47, 0x00, 0x47, 0x00, 0x47, 0x00, 0x47, 0x00, 0x47, 0x00
	.byte 0x47, 0x00, 0x47, 0x00, 0x47, 0x00, 0x47, 0x00, 0x47, 0x00, 0x47, 0x00, 0x47, 0x00, 0x47, 0x00
	.byte 0x47, 0x00, 0x47, 0x00, 0x47, 0x00, 0x47, 0x00, 0x47, 0x00, 0x47, 0x00, 0x47, 0x00, 0x47, 0x00
	.byte 0x47, 0x00, 0x47, 0x00, 0x47, 0x00, 0x47, 0x00, 0x47, 0x00, 0x47, 0x00, 0x47, 0x00, 0x47, 0x00
	.byte 0x47, 0x00, 0x47, 0x00, 0x47, 0x00, 0x47, 0x00, 0x47, 0x00, 0x47, 0x00, 0x47, 0x00, 0x47, 0x00
	.byte 0x47, 0x00, 0x47, 0x00, 0x47, 0x00, 0x47, 0x00, 0x47, 0x00, 0x47, 0x00, 0x47, 0x00, 0x47, 0x00
	.byte 0x47, 0x00, 0x47, 0x00, 0x47, 0x00, 0x47, 0x00, 0x47, 0x00, 0x78, 0x00, 0x79, 0x00, 0x7A, 0x00
	.byte 0x7B, 0x00, 0x7C, 0x00, 0x7D, 0x00, 0x7E, 0x00, 0x7F, 0x00, 0x80, 0x00, 0x81, 0x00, 0x47, 0x00
	.byte 0x47, 0x00, 0x47, 0x00, 0x47, 0x00, 0x47, 0x00, 0x47, 0x00, 0x47, 0x00, 0x47, 0x00, 0x47, 0x00
	.byte 0x47, 0x00, 0x47, 0x00, 0x47, 0x00, 0x47, 0x00, 0x47, 0x00, 0x47, 0x00, 0x47, 0x00, 0x47, 0x00
	.byte 0x47, 0x00, 0x47, 0x00, 0x47, 0x00, 0x47, 0x00, 0x47, 0x00, 0x47, 0x00, 0x47, 0x00, 0x47, 0x00
	.byte 0x47, 0x00, 0x47, 0x00, 0x47, 0x00, 0x47, 0x00, 0x47, 0x00, 0x47, 0x00, 0x47, 0x00, 0x47, 0x00
	.byte 0x47, 0x00, 0x47, 0x00, 0x47, 0x00, 0x47, 0x00, 0x47, 0x00, 0x47, 0x00, 0x47, 0x00, 0x47, 0x00
	.byte 0x47, 0x00, 0x47, 0x00, 0x47, 0x00, 0x47, 0x00, 0x47, 0x00, 0x47, 0x00, 0x47, 0x00, 0x47, 0x00
	.byte 0x47, 0x00, 0x47, 0x00, 0x47, 0x00, 0x47, 0x00, 0x47, 0x00, 0x82, 0x00, 0x83, 0x00, 0x84, 0x00
	.byte 0x85, 0x00, 0x86, 0x00, 0x87, 0x00, 0x88, 0x00, 0x89, 0x00, 0x8A, 0x00, 0x8B, 0x00, 0x8C, 0x00
	.byte 0x8D, 0x00, 0x8E, 0x00, 0x8F, 0x00, 0x47, 0x00, 0x47, 0x00, 0x47, 0x00, 0x47, 0x00, 0x47, 0x00
	.byte 0x47, 0x00, 0x47, 0x00, 0x47, 0x00, 0x47, 0x00, 0x90, 0x00, 0x91, 0x00, 0x47, 0x00, 0x47, 0x00
	.byte 0x47, 0x00, 0x47, 0x00, 0x47, 0x00, 0x47, 0x00, 0x47, 0x00, 0x47, 0x00, 0x47, 0x00, 0x47, 0x00
	.byte 0x47, 0x00, 0x47, 0x00, 0x47, 0x00, 0x47, 0x00, 0x47, 0x00, 0x47, 0x00, 0x47, 0x00, 0x47, 0x00
	.byte 0x47, 0x00, 0x47, 0x00, 0x47, 0x00, 0x47, 0x00, 0x47, 0x00, 0x47, 0x00, 0x47, 0x00, 0x47, 0x00
	.byte 0x47, 0x00, 0x47, 0x00, 0x47, 0x00, 0x47, 0x00, 0x47, 0x00, 0x47, 0x00, 0x92, 0x00, 0x93, 0x00
	.byte 0x94, 0x00, 0x95, 0x00, 0x96, 0x00, 0x97, 0x00, 0x98, 0x00, 0x99, 0x00, 0x9A, 0x00, 0x9B, 0x00
	.byte 0x9C, 0x00, 0x9D, 0x00, 0x9E, 0x00, 0x9F, 0x00, 0xA0, 0x00, 0xA1, 0x00, 0xA2, 0x00, 0xA3, 0x00
	.byte 0xA4, 0x00, 0xA5, 0x00, 0xA6, 0x00, 0xA7, 0x00, 0xA8, 0x00, 0xA9, 0x00, 0xAA, 0x00, 0x47, 0x00
	.byte 0x47, 0x00, 0x47, 0x00, 0x47, 0x00, 0x47, 0x00, 0x47, 0x00, 0x47, 0x00, 0xAB, 0x00, 0xAC, 0x00
	.byte 0xAD, 0x00, 0xAE, 0x00, 0xAF, 0x00, 0xB0, 0x00, 0xB1, 0x00, 0xB2, 0x00, 0xB3, 0x00, 0xB4, 0x00
	.byte 0xB5, 0x00, 0xB6, 0x00, 0xB7, 0x00, 0xB8, 0x00, 0xB9, 0x00, 0xBA, 0x00, 0xBB, 0x00, 0xBC, 0x00
	.byte 0xBD, 0x00, 0xBE, 0x00, 0xBF, 0x00, 0xC0, 0x00, 0xC1, 0x00, 0xC2, 0x00, 0xC3, 0x00, 0x47, 0x00
	.byte 0xC4, 0x00, 0xC5, 0x00, 0xC6, 0x00, 0xC7, 0x00, 0xC8, 0x00, 0xC9, 0x00, 0xCA, 0x00, 0xCB, 0x00
	.byte 0xCC, 0x00, 0xCD, 0x00, 0xCE, 0x00, 0xCF, 0x00, 0xD0, 0x00, 0xD1, 0x00, 0xD2, 0x00, 0xD3, 0x00
	.byte 0xD4, 0x00, 0xD5, 0x00, 0xD6, 0x00, 0xD7, 0x00, 0xD8, 0x00, 0xD9, 0x00, 0xDA, 0x00, 0xDB, 0x00
	.byte 0xDC, 0x00, 0xDD, 0x00, 0xDE, 0x00, 0xDF, 0x00, 0xE0, 0x00, 0xE1, 0x00, 0xE2, 0x00, 0xE3, 0x00
	.byte 0xE4, 0x00, 0xE5, 0x00, 0xE6, 0x00, 0xE7, 0x00, 0xE8, 0x00, 0x47, 0x00, 0x47, 0x00, 0x47, 0x00
	.byte 0x47, 0x00, 0x47, 0x00, 0xE9, 0x00, 0xE9, 0x00, 0xE9, 0x00, 0xE9, 0x00, 0xE9, 0x00, 0xE9, 0x00
	.byte 0xE9, 0x00, 0xE9, 0x00, 0xE9, 0x00, 0xE9, 0x00, 0xE9, 0x00, 0xE9, 0x00, 0xE9, 0x00, 0xE9, 0x00
	.byte 0xE9, 0x00, 0xE9, 0x00, 0xE9, 0x00, 0xE9, 0x00, 0xE9, 0x00, 0xE9, 0x00, 0xE9, 0x00, 0xE9, 0x00
	.byte 0xE9, 0x00, 0xE9, 0x00, 0xE9, 0x00, 0xE9, 0x00, 0xE9, 0x00, 0xE9, 0x00, 0xE9, 0x00, 0xE9, 0x00
	.byte 0xE9, 0x00, 0xE9, 0x00, 0xE9, 0x00, 0xE9, 0x00, 0xE9, 0x00, 0xE9, 0x00, 0xE9, 0x00, 0xE9, 0x00
	.byte 0xE9, 0x00, 0xE9, 0x00, 0xE9, 0x00, 0xE9, 0x00, 0xE9, 0x00, 0xE9, 0x00, 0xE9, 0x00, 0xE9, 0x00
	.byte 0xE9, 0x00, 0xE9, 0x00, 0xE9, 0x00, 0xE9, 0x00, 0xE9, 0x00, 0xE9, 0x00, 0xE9, 0x00, 0xE9, 0x00
	.byte 0xE9, 0x00, 0xE9, 0x00, 0xE9, 0x00, 0xE9, 0x00, 0xE9, 0x00, 0xE9, 0x00, 0xE9, 0x00, 0xE9, 0x00
	.byte 0xE9, 0x00, 0xE9, 0x00, 0xE9, 0x00, 0xE9, 0x00, 0xE9, 0x00, 0xE9, 0x00, 0xE9, 0x00, 0xE9, 0x00
	.byte 0xE9, 0x00, 0xE9, 0x00, 0xE9, 0x00, 0xE9, 0x00, 0xE9, 0x00, 0xE9, 0x00, 0xE9, 0x00, 0xE9, 0x00
	.byte 0xE9, 0x00, 0xE9, 0x00, 0xE9, 0x00, 0xE9, 0x00, 0xE9, 0x00, 0xE9, 0x00, 0xE9, 0x00, 0xE9, 0x00
	.byte 0xE9, 0x00, 0xE9, 0x00, 0xE9, 0x00, 0xE9, 0x00, 0xE9, 0x00, 0xE9, 0x00, 0xE9, 0x00, 0xE9, 0x00
	.byte 0xE9, 0x00, 0xE9, 0x00, 0xE9, 0x00, 0xE9, 0x00, 0xE9, 0x00, 0xE9, 0x00, 0xE9, 0x00, 0xE9, 0x00
	.byte 0xE9, 0x00, 0xE9, 0x00, 0xE9, 0x00, 0xE9, 0x00, 0xE9, 0x00, 0xE9, 0x00, 0xE9, 0x00, 0xE9, 0x00
	.byte 0xE9, 0x00, 0xE9, 0x00, 0xE9, 0x00, 0xE9, 0x00, 0xE9, 0x00, 0xE9, 0x00, 0xE9, 0x00, 0xE9, 0x00
	.byte 0xE9, 0x00, 0xE9, 0x00, 0xE9, 0x00, 0xE9, 0x00, 0xE9, 0x00, 0xE9, 0x00, 0xE9, 0x00, 0xE9, 0x00
	.byte 0xE9, 0x00, 0xE9, 0x00, 0xE9, 0x00, 0xE9, 0x00, 0xE9, 0x00, 0xE9, 0x00, 0xE9, 0x00, 0xE9, 0x00
	.byte 0xE9, 0x00, 0xE9, 0x00, 0xE9, 0x00, 0xE9, 0x00, 0xE9, 0x00, 0xE9, 0x00, 0xE9, 0x00, 0xE9, 0x00
	.byte 0xE9, 0x00, 0xE9, 0x00, 0xE9, 0x00, 0xE9, 0x00, 0xE9, 0x00, 0xE9, 0x00, 0xE9, 0x00, 0xE9, 0x00
	.byte 0xE9, 0x00, 0xE9, 0x00, 0xE9, 0x00, 0xE9, 0x00, 0xE9, 0x00, 0xE9, 0x00, 0xE9, 0x00, 0xE9, 0x00
	.byte 0xE9, 0x00, 0xE9, 0x00, 0xE9, 0x00, 0xE9, 0x00, 0xE9, 0x00, 0xE9, 0x00, 0xE9, 0x00, 0xE9, 0x00
	.byte 0xE9, 0x00, 0xE9, 0x00, 0xE9, 0x00, 0xE9, 0x00, 0xE9, 0x00, 0xE9, 0x00, 0xE9, 0x00, 0xE9, 0x00
	.byte 0xE9, 0x00, 0xE9, 0x00, 0xE9, 0x00, 0xE9, 0x00, 0xE9, 0x00, 0xE9, 0x00, 0xE9, 0x00, 0xE9, 0x00
	.byte 0xE9, 0x00, 0xE9, 0x00, 0xE9, 0x00, 0xE9, 0x00, 0xE9, 0x00, 0xE9, 0x00, 0xE9, 0x00, 0xE9, 0x00
	.byte 0xE9, 0x00, 0xE9, 0x00, 0xE9, 0x00, 0xE9, 0x00, 0xE9, 0x00, 0xE9, 0x00, 0xE9, 0x00, 0xE9, 0x00
	.byte 0xE9, 0x00, 0xE9, 0x00, 0xE9, 0x00, 0xE9, 0x00, 0xE9, 0x00, 0xE9, 0x00, 0xE9, 0x00, 0xE9, 0x00
	.byte 0xE9, 0x00, 0xE9, 0x00, 0xE9, 0x00, 0xE9, 0x00, 0xE9, 0x00, 0xE9, 0x00, 0xE9, 0x00, 0xE9, 0x00
	.byte 0xE9, 0x00, 0xE9, 0x00, 0xE9, 0x00, 0xE9, 0x00, 0xE9, 0x00, 0xE9, 0x00, 0xE9, 0x00, 0xE9, 0x00
	.byte 0xE9, 0x00, 0xE9, 0x00, 0xE9, 0x00, 0xE9, 0x00, 0xE9, 0x00, 0xE9, 0x00, 0xE9, 0x00, 0xE9, 0x00
	.byte 0xE9, 0x00, 0xE9, 0x00, 0xE9, 0x00, 0xE9, 0x00, 0xE9, 0x00, 0xE9, 0x00, 0xE9, 0x00, 0xE9, 0x00
	.byte 0xE9, 0x00, 0xE9, 0x00, 0xE9, 0x00, 0xE9, 0x00, 0xE9, 0x00, 0xE9, 0x00, 0xE9, 0x00, 0xE9, 0x00
	.byte 0xE9, 0x00, 0xE9, 0x00, 0xE9, 0x00, 0xE9, 0x00, 0xE9, 0x00, 0xE9, 0x00, 0xE9, 0x00, 0xE9, 0x00
	.byte 0xE9, 0x00, 0xE9, 0x00, 0xE9, 0x00, 0xE9, 0x00, 0xE9, 0x00, 0xE9, 0x00, 0xE9, 0x00, 0xE9, 0x00
	.byte 0xE9, 0x00, 0xE9, 0x00, 0xE9, 0x00, 0xE9, 0x00, 0xE9, 0x00, 0xE9, 0x00, 0xE9, 0x00, 0xE9, 0x00
	.byte 0xE9, 0x00, 0xE9, 0x00, 0xE9, 0x00, 0xE9, 0x00, 0xE9, 0x00, 0xE9, 0x00, 0xE9, 0x00, 0xE9, 0x00
	.byte 0xE9, 0x00, 0xE9, 0x00, 0xE9, 0x00, 0xE9, 0x00, 0xE9, 0x00, 0xE9, 0x00, 0xE9, 0x00, 0xE9, 0x00
	.byte 0xE9, 0x00, 0xE9, 0x00, 0xE9, 0x00, 0xE9, 0x00, 0xE9, 0x00, 0xE9, 0x00, 0xE9, 0x00, 0xE9, 0x00
	.byte 0xE9, 0x00, 0xE9, 0x00, 0xE9, 0x00, 0xE9, 0x00, 0xE9, 0x00, 0xE9, 0x00, 0xE9, 0x00, 0xE9, 0x00
	.byte 0xE9, 0x00, 0xE9, 0x00, 0xE9, 0x00, 0xE9, 0x00, 0xE9, 0x00, 0xE9, 0x00, 0xE9, 0x00, 0xE9, 0x00
	.byte 0xE9, 0x00, 0xE9, 0x00, 0xE9, 0x00, 0xE9, 0x00, 0xE9, 0x00, 0xE9, 0x00, 0xE9, 0x00, 0xE9, 0x00
	.byte 0xE9, 0x00, 0xE9, 0x00, 0xE9, 0x00, 0xE9, 0x00, 0xE9, 0x00, 0xE9, 0x00, 0xE9, 0x00, 0xE9, 0x00
	.byte 0xE9, 0x00, 0xE9, 0x00, 0xE9, 0x00, 0xE9, 0x00, 0xE9, 0x00, 0xE9, 0x00, 0xE9, 0x00, 0xE9, 0x00
	.byte 0xE9, 0x00, 0xE9, 0x00, 0xE9, 0x00, 0xE9, 0x00, 0xE9, 0x00, 0xE9, 0x00, 0xE9, 0x00, 0xE9, 0x00
	.byte 0xE9, 0x00, 0xE9, 0x00, 0xE9, 0x00, 0xE9, 0x00, 0xE9, 0x00, 0xE9, 0x00, 0xE9, 0x00, 0xE9, 0x00
	.byte 0xE9, 0x00, 0xE9, 0x00, 0xE9, 0x00, 0xE9, 0x00, 0xE9, 0x00, 0xE9, 0x00, 0xE9, 0x00, 0xE9, 0x00
	.byte 0xE9, 0x00, 0xE9, 0x00, 0xE9, 0x00, 0xE9, 0x00, 0xE9, 0x00, 0xE9, 0x00, 0xE9, 0x00, 0xE9, 0x00
	.byte 0xE9, 0x00, 0xE9, 0x00, 0xE9, 0x00, 0xE9, 0x00, 0xE9, 0x00, 0xE9, 0x00, 0xE9, 0x00, 0xE9, 0x00
	.byte 0xE9, 0x00, 0xE9, 0x00, 0xE9, 0x00, 0xE9, 0x00, 0xE9, 0x00, 0xE9, 0x00, 0xE9, 0x00, 0xE9, 0x00
	.byte 0xE9, 0x00, 0xE9, 0x00, 0xE9, 0x00, 0xE9, 0x00, 0xE9, 0x00, 0xE9, 0x00, 0xE9, 0x00, 0xE9, 0x00
	.byte 0xE9, 0x00, 0xE9, 0x00, 0xE9, 0x00, 0xE9, 0x00, 0xE9, 0x00, 0xE9, 0x00, 0xE9, 0x00, 0xE9, 0x00
	.byte 0xE9, 0x00, 0xE9, 0x00, 0xE9, 0x00, 0xE9, 0x00, 0xE9, 0x00, 0xE9, 0x00, 0xE9, 0x00, 0xE9, 0x00
	.byte 0xE9, 0x00, 0xE9, 0x00, 0xE9, 0x00, 0xE9, 0x00, 0xE9, 0x00, 0xE9, 0x00, 0xE9, 0x00, 0xE9, 0x00
	.byte 0xE9, 0x00, 0xE9, 0x00, 0xE9, 0x00, 0xE9, 0x00, 0xE9, 0x00, 0xE9, 0x00, 0xE9, 0x00, 0xE9, 0x00
	.byte 0xE9, 0x00, 0xE9, 0x00, 0xE9, 0x00, 0xE9, 0x00, 0xE9, 0x00, 0xE9, 0x00, 0xE9, 0x00, 0xE9, 0x00
	.byte 0xE9, 0x00, 0xE9, 0x00, 0xE9, 0x00, 0xE9, 0x00, 0xE9, 0x00, 0xE9, 0x00, 0xE9, 0x00, 0xE9, 0x00
	.byte 0xE9, 0x00, 0xE9, 0x00, 0xE9, 0x00, 0xE9, 0x00, 0xE9, 0x00, 0xE9, 0x00, 0xE9, 0x00, 0xE9, 0x00
	.byte 0xE9, 0x00, 0xE9, 0x00, 0xE9, 0x00, 0xE9, 0x00, 0xE9, 0x00, 0xE9, 0x00, 0xE9, 0x00, 0xE9, 0x00
	.byte 0xE9, 0x00, 0xE9, 0x00, 0xE9, 0x00, 0xE9, 0x00, 0xE9, 0x00, 0xE9, 0x00, 0xE9, 0x00, 0xE9, 0x00
	.byte 0xE9, 0x00, 0xE9, 0x00, 0xE9, 0x00, 0xE9, 0x00, 0xE9, 0x00, 0xE9, 0x00, 0xE9, 0x00, 0xE9, 0x00
	.byte 0xE9, 0x00, 0xE9, 0x00, 0xE9, 0x00, 0xE9, 0x00, 0xE9, 0x00, 0xE9, 0x00, 0xE9, 0x00, 0xE9, 0x00
	.byte 0xE9, 0x00, 0xE9, 0x00, 0xE9, 0x00, 0xE9, 0x00, 0xE9, 0x00, 0xE9, 0x00, 0xE9, 0x00, 0xE9, 0x00
	.byte 0xE9, 0x00, 0xE9, 0x00, 0xE9, 0x00, 0xE9, 0x00, 0xE9, 0x00, 0xE9, 0x00, 0xE9, 0x00, 0xE9, 0x00
	.byte 0xE9, 0x00, 0xE9, 0x00, 0xE9, 0x00, 0xE9, 0x00, 0xE9, 0x00, 0xE9, 0x00, 0xE9, 0x00, 0xE9, 0x00
	.byte 0xE9, 0x00, 0xE9, 0x00, 0xE9, 0x00, 0xE9, 0x00, 0xE9, 0x00, 0xE9, 0x00, 0xE9, 0x00, 0xE9, 0x00
	.byte 0xE9, 0x00, 0xE9, 0x00, 0xE9, 0x00, 0xE9, 0x00, 0xE9, 0x00, 0xE9, 0x00, 0xE9, 0x00, 0xE9, 0x00
	.byte 0xE9, 0x00, 0xE9, 0x00, 0xE9, 0x00, 0xE9, 0x00, 0xE9, 0x00, 0xE9, 0x00, 0xE9, 0x00, 0xE9, 0x00
	.byte 0xE9, 0x00, 0xE9, 0x00, 0xE9, 0x00, 0xE9, 0x00, 0xE9, 0x00, 0xE9, 0x00, 0xE9, 0x00, 0xE9, 0x00
	.byte 0xE9, 0x00, 0xE9, 0x00, 0xE9, 0x00, 0xE9, 0x00, 0xE9, 0x00, 0xE9, 0x00, 0xE9, 0x00, 0xE9, 0x00
	.byte 0xE9, 0x00, 0xE9, 0x00, 0xE9, 0x00, 0xE9, 0x00, 0xE9, 0x00, 0xE9, 0x00, 0xE9, 0x00, 0xE9, 0x00
	.byte 0xE9, 0x00, 0xE9, 0x00, 0xE9, 0x00, 0xE9, 0x00, 0xE9, 0x00, 0xE9, 0x00, 0xE9, 0x00, 0xE9, 0x00
	.byte 0xE9, 0x00, 0xE9, 0x00, 0xE9, 0x00, 0xE9, 0x00, 0xE9, 0x00, 0xE9, 0x00, 0xE9, 0x00, 0xE9, 0x00
	.byte 0xE9, 0x00, 0xE9, 0x00, 0xE9, 0x00, 0xE9, 0x00, 0xE9, 0x00, 0xE9, 0x00, 0xE9, 0x00, 0xE9, 0x00
	.byte 0xE9, 0x00, 0xE9, 0x00, 0xE9, 0x00, 0xE9, 0x00, 0xE9, 0x00, 0xE9, 0x00, 0xE9, 0x00, 0xE9, 0x00
	.byte 0xE9, 0x00, 0xE9, 0x00, 0xE9, 0x00, 0xE9, 0x00, 0xE9, 0x00, 0xE9, 0x00, 0xE9, 0x00, 0xE9, 0x00
	.byte 0xE9, 0x00, 0xE9, 0x00, 0xE9, 0x00, 0xE9, 0x00, 0xE9, 0x00, 0xE9, 0x00, 0xE9, 0x00, 0xE9, 0x00
	.byte 0xE9, 0x00, 0xE9, 0x00, 0xE9, 0x00, 0xE9, 0x00, 0xE9, 0x00, 0xE9, 0x00, 0xE9, 0x00, 0xE9, 0x00
	.byte 0xE9, 0x00, 0xE9, 0x00, 0xE9, 0x00, 0xE9, 0x00, 0xE9, 0x00, 0xE9, 0x00, 0x00, 0x00, 0x01, 0x00
	.byte 0x02, 0x00, 0x03, 0x00, 0x04, 0x00, 0x05, 0x00, 0x06, 0x00, 0x07, 0x00, 0x08, 0x00, 0x09, 0x00
	.byte 0x0A, 0x00, 0x0B, 0x00, 0x0C, 0x00, 0x0D, 0x00, 0x0E, 0x00, 0x0F, 0x00, 0x10, 0x00, 0x11, 0x00
	.byte 0x12, 0x00, 0x13, 0x00, 0x14, 0x00, 0x15, 0x00, 0x16, 0x00, 0x17, 0x00, 0x18, 0x00, 0x19, 0x00
	.byte 0x1A, 0x00, 0x1B, 0x00, 0x1C, 0x00, 0x1D, 0x00, 0x1E, 0x00, 0x1F, 0x00, 0x20, 0x00, 0x21, 0x00
	.byte 0x22, 0x00, 0x23, 0x00, 0x24, 0x00, 0x25, 0x00, 0x26, 0x00, 0x27, 0x00, 0x28, 0x00, 0x29, 0x00
	.byte 0x2A, 0x00, 0x2B, 0x00, 0x2C, 0x00, 0x2D, 0x00, 0x2E, 0x00, 0x2F, 0x00, 0x30, 0x00, 0x31, 0x00
	.byte 0x32, 0x00, 0x33, 0x00, 0x34, 0x00, 0x35, 0x00, 0x36, 0x00, 0x37, 0x00, 0x38, 0x00, 0x39, 0x00
	.byte 0x3A, 0x00, 0x3B, 0x00, 0x3C, 0x00, 0x3D, 0x00, 0x3E, 0x00, 0x3F, 0x00, 0x40, 0x00, 0x41, 0x00
	.byte 0x42, 0x00, 0x43, 0x00, 0x44, 0x00, 0x45, 0x00, 0x46, 0x00, 0x47, 0x00, 0x48, 0x00, 0x49, 0x00
	.byte 0x4A, 0x00, 0x4B, 0x00, 0x4C, 0x00, 0x4D, 0x00, 0x4E, 0x00, 0x4F, 0x00, 0x50, 0x00, 0x51, 0x00
	.byte 0x52, 0x00, 0x53, 0x00, 0x54, 0x00, 0x55, 0x00, 0x56, 0x00, 0x57, 0x00, 0x58, 0x00, 0x59, 0x00
	.byte 0x5A, 0x00, 0x5B, 0x00, 0x5C, 0x00, 0x5D, 0x00, 0x5E, 0x00, 0x5F, 0x00, 0x60, 0x00, 0x61, 0x00
	.byte 0x62, 0x00, 0x63, 0x00, 0x64, 0x00, 0x65, 0x00, 0x61, 0x04, 0x66, 0x00, 0x67, 0x00, 0x68, 0x00
	.byte 0x69, 0x00, 0x6A, 0x00, 0x6B, 0x00, 0x6C, 0x00, 0x6D, 0x00, 0x6E, 0x00, 0x6F, 0x00, 0x70, 0x00
	.byte 0x71, 0x00, 0x72, 0x00, 0x73, 0x00, 0x74, 0x00, 0x75, 0x00, 0x76, 0x00, 0x77, 0x00, 0x78, 0x00
	.byte 0x79, 0x00, 0x7A, 0x00, 0x7B, 0x00, 0x7C, 0x00, 0x7D, 0x00, 0x7E, 0x00, 0x7F, 0x00, 0x80, 0x00
	.byte 0x81, 0x00, 0x81, 0x04, 0x82, 0x00, 0x82, 0x04, 0x83, 0x00, 0x84, 0x00, 0x85, 0x00, 0x86, 0x00
	.byte 0x87, 0x00, 0x88, 0x00, 0x89, 0x00, 0x8A, 0x00, 0x8B, 0x00, 0x8C, 0x00, 0x8D, 0x00, 0x8E, 0x00
	.byte 0x8F, 0x00, 0x90, 0x00, 0x91, 0x00, 0x92, 0x00, 0x93, 0x00, 0x94, 0x00, 0x95, 0x00, 0x96, 0x00
	.byte 0x97, 0x00, 0x98, 0x00, 0x8F, 0x0C, 0x99, 0x00, 0x99, 0x04, 0x9A, 0x00, 0x9A, 0x04, 0x9B, 0x00
	.byte 0x9C, 0x00, 0x9D, 0x00, 0x9E, 0x00, 0x61, 0x08, 0x9F, 0x00, 0xA0, 0x00, 0xA1, 0x00, 0xA2, 0x00
	.byte 0x61, 0x0C, 0xA3, 0x00, 0xA4, 0x00, 0xA5, 0x00, 0xA6, 0x00, 0xA7, 0x00, 0xA8, 0x00, 0xA9, 0x00
	.byte 0xAA, 0x00, 0xAB, 0x00, 0xAC, 0x00, 0xAD, 0x00, 0xAE, 0x00, 0xAF, 0x00, 0xB0, 0x00, 0xB1, 0x00
	.byte 0xB2, 0x00, 0xB3, 0x00, 0xB4, 0x00, 0xB5, 0x00, 0xB6, 0x00, 0xB7, 0x00, 0xB8, 0x00, 0xB9, 0x00
	.byte 0xBA, 0x00, 0xBB, 0x00, 0xBC, 0x00, 0xBD, 0x00, 0xBE, 0x00, 0xBF, 0x00, 0xC0, 0x00, 0xC1, 0x00
	.byte 0xC2, 0x00, 0xC3, 0x00, 0xC4, 0x00, 0xC5, 0x00, 0xC6, 0x00, 0xC7, 0x00, 0xC8, 0x00, 0xC9, 0x00
	.byte 0xCA, 0x00, 0xCB, 0x00, 0xCC, 0x00, 0xCD, 0x00, 0xCE, 0x00, 0xCF, 0x00, 0xD0, 0x00, 0xD1, 0x00
	.byte 0xD2, 0x00, 0xD3, 0x00, 0xD4, 0x00, 0xD5, 0x00, 0xD6, 0x00, 0xD7, 0x00, 0xD8, 0x00, 0xD9, 0x00
	.byte 0xDA, 0x00, 0xDB, 0x00, 0xDC, 0x00, 0xDD, 0x00, 0xDE, 0x00, 0xDF, 0x00, 0xE0, 0x00, 0xE1, 0x00
	.byte 0x55, 0x05, 0x55, 0x55, 0x65, 0x05, 0x35, 0x36, 0x65, 0x05, 0x65, 0x65, 0x65, 0x05, 0x65, 0x66
	.byte 0x65, 0x55, 0x65, 0x65, 0x65, 0x66, 0x65, 0x65, 0x55, 0x55, 0x55, 0x55, 0x00, 0x00, 0x00, 0x00
	.byte 0x55, 0x55, 0x05, 0x00, 0x65, 0x36, 0x05, 0x00, 0x65, 0x65, 0x05, 0x00, 0x65, 0x36, 0x05, 0x00
	.byte 0x65, 0x55, 0x05, 0x00, 0x65, 0x05, 0x00, 0x00, 0x55, 0x05, 0x00, 0x00, 0x00, 0x00, 0x00, 0x00
	.byte 0x55, 0x55, 0x55, 0x55, 0x65, 0x66, 0x65, 0x65, 0x55, 0x56, 0x65, 0x65, 0x50, 0x56, 0x65, 0x65
	.byte 0x50, 0x56, 0x65, 0x65, 0x50, 0x56, 0x65, 0x65, 0x50, 0x55, 0x55, 0x55, 0x00, 0x00, 0x00, 0x00
	.byte 0x00, 0x50, 0x55, 0x55, 0x05, 0x65, 0x65, 0x66, 0x56, 0x66, 0x65, 0x55, 0x63, 0x63, 0x65, 0x56
	.byte 0x35, 0x65, 0x65, 0x55, 0x55, 0x65, 0x65, 0x66, 0x05, 0x55, 0x55, 0x55, 0x00, 0x00, 0x00, 0x00
	.byte 0x55, 0x55, 0x00, 0x00, 0x65, 0x36, 0x05, 0x00, 0x65, 0x65, 0x05, 0x00, 0x60, 0x56, 0x05, 0x00
	.byte 0x65, 0x65, 0x05, 0x00, 0x65, 0x65, 0x05, 0x00, 0x55, 0x55, 0x05, 0x00, 0x00, 0x00, 0x00, 0x00
	.byte 0x55, 0x55, 0x55, 0x55, 0x65, 0x36, 0x35, 0x36, 0x65, 0x65, 0x65, 0x65, 0x65, 0x36, 0x65, 0x65
	.byte 0x65, 0x55, 0x65, 0x65, 0x65, 0x05, 0x35, 0x36, 0x55, 0x05, 0x55, 0x55, 0x00, 0x00, 0x00, 0x00
	.byte 0x55, 0x55, 0x55, 0x55, 0x35, 0x66, 0x65, 0x65, 0x65, 0x55, 0x65, 0x55, 0x35, 0x36, 0x65, 0x55
	.byte 0x55, 0x65, 0x65, 0x55, 0x65, 0x36, 0x65, 0x55, 0x55, 0x55, 0x55, 0x55, 0x00, 0x00, 0x00, 0x00
	.byte 0x55, 0x55, 0x55, 0x55, 0x66, 0x65, 0x35, 0x36, 0x56, 0x65, 0x65, 0x65, 0x56, 0x65, 0x65, 0x65
	.byte 0x56, 0x65, 0x65, 0x65, 0x56, 0x65, 0x35, 0x36, 0x55, 0x55, 0x55, 0x55, 0x00, 0x00, 0x00, 0x00
	.byte 0x55, 0x50, 0x55, 0x00, 0x65, 0x55, 0x56, 0x00, 0x65, 0x56, 0x56, 0x00, 0x65, 0x63, 0x56, 0x00
	.byte 0x65, 0x35, 0x56, 0x00, 0x65, 0x55, 0x56, 0x00, 0x55, 0x05, 0x55, 0x00, 0x00, 0x00, 0x00, 0x00
	.byte 0x00, 0x00, 0x00, 0x00, 0x50, 0x05, 0x00, 0x55, 0x50, 0x51, 0x50, 0x51, 0x50, 0x11, 0x15, 0x51
	.byte 0x50, 0x31, 0x31, 0x51, 0x50, 0x51, 0x53, 0x51, 0x50, 0x51, 0x55, 0x51, 0x50, 0x55, 0x50, 0x55
	.byte 0x00, 0x00, 0x00, 0x00, 0x55, 0x55, 0x55, 0x55, 0x11, 0x52, 0x51, 0x51, 0x51, 0x51, 0x51, 0x51
	.byte 0x11, 0x52, 0x11, 0x51, 0x51, 0x55, 0x51, 0x51, 0x51, 0x50, 0x51, 0x51, 0x55, 0x50, 0x55, 0x55
	.byte 0x00, 0x00, 0x00, 0x00, 0x00, 0x00, 0x50, 0x55, 0x00, 0x50, 0x23, 0x11, 0x00, 0x35, 0x11, 0x11
	.byte 0x00, 0x13, 0x11, 0x52, 0x50, 0x12, 0x11, 0x53, 0x50, 0x11, 0x11, 0x55, 0x50, 0x11, 0x11, 0x55
	.byte 0x00, 0x00, 0x00, 0x00, 0x55, 0x55, 0x00, 0x00, 0x11, 0x32, 0x05, 0x00, 0x11, 0x11, 0x53, 0x00
	.byte 0x25, 0x11, 0x31, 0x05, 0x50, 0x11, 0x21, 0x55, 0x50, 0x11, 0x11, 0x55, 0x50, 0x11, 0x11, 0x55
	.byte 0x00, 0x00, 0x00, 0x00, 0x00, 0x00, 0x50, 0x55, 0x00, 0x00, 0x25, 0x11, 0x00, 0x55, 0x12, 0x11
	.byte 0x50, 0x12, 0x11, 0x11, 0x50, 0x11, 0x11, 0x11, 0x00, 0x55, 0x55, 0x11, 0x00, 0x55, 0x55, 0x11
	.byte 0x00, 0x00, 0x00, 0x00, 0x55, 0x00, 0x00, 0x00, 0x21, 0x05, 0x00, 0x00, 0x11, 0x05, 0x00, 0x00
	.byte 0x11, 0x55, 0x00, 0x00, 0x11, 0x55, 0x00, 0x00, 0x11, 0x55, 0x00, 0x00, 0x11, 0x55, 0x00, 0x00
	.byte 0x00, 0x00, 0x00, 0x00, 0x00, 0x55, 0x55, 0x55, 0x50, 0x12, 0x11, 0x11, 0x50, 0x11, 0x11, 0x11
	.byte 0x00, 0x55, 0x55, 0x55, 0x00, 0x50, 0x55, 0x55, 0x00, 0x25, 0x11, 0x11, 0x50, 0x12, 0x11, 0x11
	.byte 0x00, 0x00, 0x00, 0x00, 0x55, 0x55, 0x05, 0x00, 0x11, 0x11, 0x52, 0x00, 0x11, 0x11, 0x21, 0x05
	.byte 0x35, 0x11, 0x11, 0x55, 0x55, 0x11, 0x11, 0x55, 0x11, 0x11, 0x21, 0x55, 0x11, 0x11, 0x52, 0x55
	.byte 0x00, 0x00, 0x00, 0x00, 0x00, 0x00, 0x55, 0x55, 0x00, 0x50, 0x12, 0x11, 0x00, 0x50, 0x11, 0x11
	.byte 0x00, 0x00, 0x55, 0x35, 0x00, 0x00, 0x55, 0x55, 0x00, 0x50, 0x12, 0x11, 0x00, 0x50, 0x11, 0x11
	.byte 0x00, 0x00, 0x00, 0x00, 0x55, 0x55, 0x00, 0x00, 0x11, 0x32, 0x05, 0x00, 0x11, 0x21, 0x55, 0x00
	.byte 0x11, 0x11, 0x55, 0x00, 0x11, 0x11, 0x55, 0x00, 0x11, 0x11, 0x55, 0x00, 0x11, 0x11, 0x55, 0x00
	.byte 0x00, 0x00, 0x00, 0x00, 0x00, 0x55, 0x55, 0x00, 0x50, 0x12, 0x21, 0x05, 0x50, 0x11, 0x11, 0x55
	.byte 0x50, 0x11, 0x11, 0x55, 0x50, 0x11, 0x11, 0x55, 0x50, 0x11, 0x11, 0x55, 0x50, 0x11, 0x11, 0x55
	.byte 0x00, 0x00, 0x00, 0x00, 0x00, 0x00, 0x00, 0x00, 0x00, 0x00, 0x00, 0x00, 0x00, 0x55, 0x55, 0x00
	.byte 0x50, 0x12, 0x21, 0x05, 0x50, 0x11, 0x11, 0x55, 0x50, 0x11, 0x11, 0x55, 0x50, 0x11, 0x11, 0x55
	.byte 0x00, 0x00, 0x00, 0x00, 0x00, 0x50, 0x55, 0x55, 0x00, 0x25, 0x11, 0x11, 0x50, 0x12, 0x11, 0x11
	.byte 0x50, 0x11, 0x11, 0x53, 0x50, 0x11, 0x11, 0x55, 0x50, 0x11, 0x11, 0x11, 0x50, 0x12, 0x11, 0x11
	.byte 0x00, 0x00, 0x00, 0x00, 0x55, 0x55, 0x55, 0x00, 0x11, 0x11, 0x21, 0x05, 0x11, 0x11, 0x11, 0x05
	.byte 0x55, 0x55, 0x55, 0x05, 0x55, 0x55, 0x55, 0x00, 0x11, 0x11, 0x32, 0x05, 0x11, 0x11, 0x21, 0x55
	.byte 0x00, 0x00, 0x00, 0x00, 0x00, 0x55, 0x00, 0x00, 0x50, 0x12, 0x05, 0x00, 0x50, 0x11, 0x55, 0x00
	.byte 0x50, 0x11, 0x55, 0x00, 0x50, 0x11, 0x53, 0x55, 0x50, 0x11, 0x11, 0x11, 0x50, 0x11, 0x11, 0x11
	.byte 0x00, 0x00, 0x00, 0x00, 0x00, 0x00, 0x00, 0x00, 0x00, 0x00, 0x00, 0x00, 0x00, 0x00, 0x00, 0x00
	.byte 0x00, 0x00, 0x00, 0x00, 0x55, 0x55, 0x05, 0x00, 0x11, 0x21, 0x53, 0x00, 0x11, 0x11, 0x32, 0x05
	.byte 0x00, 0x00, 0x00, 0x00, 0x00, 0x55, 0x55, 0x55, 0x50, 0x12, 0x11, 0x11, 0x50, 0x11, 0x11, 0x11
	.byte 0x00, 0x55, 0x55, 0x35, 0x00, 0x55, 0x55, 0x55, 0x00, 0x00, 0x00, 0x55, 0x00, 0x00, 0x00, 0x25
	.byte 0x00, 0x00, 0x00, 0x00, 0x55, 0x55, 0x55, 0x00, 0x11, 0x11, 0x32, 0x05, 0x11, 0x11, 0x21, 0x55
	.byte 0x11, 0x11, 0x21, 0x55, 0x11, 0x11, 0x31, 0x55, 0x11, 0x11, 0x52, 0x55, 0x11, 0x11, 0x53, 0x05
	.byte 0x00, 0x00, 0x00, 0x00, 0x00, 0x00, 0x50, 0x55, 0x00, 0x00, 0x25, 0x11, 0x00, 0x50, 0x12, 0x11
	.byte 0x00, 0x50, 0x11, 0x31, 0x00, 0x50, 0x11, 0x51, 0x00, 0x50, 0x11, 0x31, 0x00, 0x35, 0x11, 0x11
	.byte 0x00, 0x00, 0x00, 0x00, 0x55, 0x55, 0x00, 0x00, 0x11, 0x32, 0x05, 0x00, 0x11, 0x11, 0x51, 0x00
	.byte 0x35, 0x11, 0x51, 0x00, 0x50, 0x11, 0x51, 0x00, 0x35, 0x11, 0x31, 0x05, 0x11, 0x11, 0x21, 0x55
	.byte 0x00, 0x00, 0x00, 0x00, 0x00, 0x50, 0x55, 0x55, 0x00, 0x25, 0x11, 0x11, 0x50, 0x12, 0x11, 0x11
	.byte 0x50, 0x11, 0x11, 0x53, 0x50, 0x11, 0x11, 0x55, 0x50, 0x11, 0x11, 0x55, 0x50, 0x11, 0x11, 0x53
	.byte 0x00, 0x00, 0x00, 0x00, 0x55, 0x55, 0x55, 0x00, 0x11, 0x11, 0x21, 0x05, 0x11, 0x11, 0x11, 0x55
	.byte 0x35, 0x11, 0x11, 0x55, 0x50, 0x11, 0x11, 0x55, 0x50, 0x11, 0x11, 0x55, 0x35, 0x11, 0x11, 0x55
	.byte 0xD0, 0x11, 0x11, 0x0D, 0x10, 0x55, 0x55, 0x51, 0x10, 0x05, 0x00, 0x51, 0xD0, 0x0C, 0x00, 0x5D
	.byte 0x10, 0x05, 0x00, 0x51, 0x10, 0x05, 0x00, 0x51, 0xD0, 0x11, 0x11, 0x5D, 0x00, 0x55, 0x55, 0x05
	.byte 0x00, 0x00, 0x00, 0x0D, 0x00, 0x00, 0x00, 0x51, 0x00, 0x00, 0x00, 0x51, 0x00, 0x00, 0x00, 0x5D
	.byte 0x00, 0x00, 0x00, 0x51, 0x00, 0x00, 0x00, 0x51, 0x00, 0x00, 0x00, 0x5D, 0x00, 0x00, 0x00, 0x55
	.byte 0xD0, 0x11, 0x11, 0x0D, 0xC0, 0x55, 0x55, 0x51, 0x00, 0x00, 0x00, 0x51, 0xD0, 0x11, 0x11, 0x5D
	.byte 0x10, 0x55, 0x55, 0x55, 0x10, 0x05, 0x00, 0x00, 0xD0, 0x11, 0x11, 0x5D, 0x50, 0x55, 0x55, 0x55
	.byte 0xD0, 0x11, 0x11, 0x5D, 0x00, 0x55, 0x55, 0x51, 0x00, 0x00, 0x00, 0x51, 0xD0, 0x11, 0x11, 0x5D
	.byte 0x00, 0x55, 0x55, 0x51, 0x00, 0x00, 0x00, 0x51, 0xD0, 0x11, 0x11, 0x5D, 0x00, 0x55, 0x55, 0x05
	.byte 0xD0, 0x05, 0x00, 0x5D, 0x10, 0x05, 0x00, 0x51, 0x10, 0x05, 0x00, 0x51, 0xD0, 0x11, 0x11, 0x5D
	.byte 0xC0, 0x55, 0x55, 0x51, 0x00, 0x00, 0x00, 0x51, 0x00, 0x00, 0x00, 0x5D, 0x00, 0x00, 0x00, 0x55
	.byte 0xD0, 0x11, 0x11, 0x0D, 0x10, 0x55, 0x55, 0x0C, 0x10, 0x05, 0x00, 0x00, 0xD0, 0x11, 0x11, 0x5D
	.byte 0xC0, 0x55, 0x55, 0x51, 0x00, 0x00, 0x00, 0x51, 0xD0, 0x11, 0x11, 0x5D, 0x00, 0x55, 0x55, 0x55
	.byte 0xD0, 0x11, 0x11, 0x0D, 0x10, 0x55, 0x55, 0x00, 0x10, 0x05, 0x00, 0x00, 0xD0, 0x11, 0x11, 0x0D
	.byte 0x10, 0x55, 0x55, 0x51, 0x10, 0x05, 0x00, 0x51, 0xD0, 0x11, 0x11, 0x5D, 0x00, 0x55, 0x55, 0x05
	.byte 0xD0, 0x11, 0x11, 0x0D, 0xC0, 0x55, 0x55, 0x51, 0x00, 0x00, 0x00, 0x51, 0x00, 0x00, 0x00, 0x5D
	.byte 0x00, 0x00, 0x00, 0x51, 0x00, 0x00, 0x00, 0x51, 0x00, 0x00, 0x00, 0x5D, 0x00, 0x00, 0x00, 0x05
	.byte 0xD0, 0x11, 0x11, 0x0D, 0x10, 0x55, 0x55, 0x51, 0x10, 0x05, 0x00, 0x51, 0xD0, 0x11, 0x11, 0x5D
	.byte 0x10, 0x55, 0x55, 0x51, 0x10, 0x05, 0x00, 0x51, 0xD0, 0x11, 0x11, 0x5D, 0x00, 0x55, 0x55, 0x05
	.byte 0xD0, 0x11, 0x11, 0x0D, 0x10, 0x55, 0x55, 0x51, 0x10, 0x05, 0x00, 0x51, 0xD0, 0x11, 0x11, 0x5D
	.byte 0x00, 0x55, 0x55, 0x51, 0x00, 0x00, 0x00, 0x51, 0x00, 0x00, 0x00, 0x5D, 0x00, 0x00, 0x00, 0x05
	.byte 0x00, 0x00, 0x00, 0x00, 0x00, 0x00, 0x00, 0x00, 0x00, 0x00, 0x00, 0x00, 0xD0, 0x00, 0x00, 0x00
	.byte 0x10, 0x05, 0x00, 0x00, 0x10, 0x05, 0x00, 0x00, 0xD0, 0x00, 0x00, 0x50, 0x00, 0x00, 0x00, 0x50
	.byte 0x00, 0x00, 0x00, 0x00, 0x00, 0x50, 0x55, 0x05, 0x00, 0x55, 0x11, 0x05, 0x50, 0x15, 0x51, 0x05
	.byte 0x55, 0x11, 0x55, 0x00, 0x15, 0x51, 0x05, 0x00, 0x11, 0x55, 0x00, 0x00, 0x55, 0x05, 0x00, 0x00
	.byte 0x00, 0x00, 0x00, 0x00, 0x55, 0x05, 0x00, 0x00, 0x12, 0x52, 0x00, 0x00, 0x51, 0x51, 0x00, 0x00
	.byte 0x51, 0x51, 0x00, 0x00, 0x51, 0x51, 0x00, 0x00, 0x12, 0x52, 0x00, 0x00, 0x55, 0x05, 0x00, 0x00
	.byte 0x00, 0x00, 0x00, 0x00, 0x55, 0x05, 0x00, 0x00, 0x11, 0x05, 0x00, 0x00, 0x15, 0x05, 0x00, 0x00
	.byte 0x15, 0x05, 0x00, 0x00, 0x15, 0x05, 0x00, 0x00, 0x11, 0x51, 0x00, 0x00, 0x55, 0x55, 0x00, 0x00
	.byte 0x00, 0x00, 0x00, 0x00, 0x55, 0x05, 0x00, 0x00, 0x11, 0x52, 0x00, 0x00, 0x55, 0x51, 0x00, 0x00
	.byte 0x12, 0x52, 0x00, 0x00, 0x51, 0x05, 0x00, 0x00, 0x11, 0x51, 0x00, 0x00, 0x55, 0x55, 0x00, 0x00
	.byte 0x00, 0x00, 0x00, 0x00, 0x55, 0x05, 0x00, 0x00, 0x11, 0x52, 0x00, 0x00, 0x55, 0x51, 0x00, 0x00
	.byte 0x15, 0x52, 0x00, 0x00, 0x55, 0x51, 0x00, 0x00, 0x11, 0x52, 0x00, 0x00, 0x55, 0x05, 0x00, 0x00
	.byte 0x00, 0x00, 0x00, 0x00, 0x05, 0x55, 0x00, 0x00, 0x51, 0x51, 0x00, 0x00, 0x51, 0x51, 0x00, 0x00
	.byte 0x12, 0x51, 0x00, 0x00, 0x55, 0x51, 0x00, 0x00, 0x50, 0x51, 0x00, 0x00, 0x50, 0x55, 0x00, 0x00
	.byte 0x00, 0x00, 0x00, 0x00, 0x55, 0x55, 0x00, 0x00, 0x11, 0x51, 0x00, 0x00, 0x51, 0x05, 0x00, 0x00
	.byte 0x11, 0x52, 0x00, 0x00, 0x55, 0x51, 0x00, 0x00, 0x11, 0x52, 0x00, 0x00, 0x55, 0x05, 0x00, 0x00
	.byte 0x00, 0x00, 0x00, 0x00, 0x55, 0x55, 0x00, 0x00, 0x12, 0x51, 0x00, 0x00, 0x51, 0x05, 0x00, 0x00
	.byte 0x11, 0x52, 0x00, 0x00, 0x51, 0x51, 0x00, 0x00, 0x12, 0x52, 0x00, 0x00, 0x55, 0x05, 0x00, 0x00
	.byte 0x00, 0x00, 0x00, 0x00, 0x55, 0x55, 0x00, 0x00, 0x11, 0x51, 0x00, 0x00, 0x55, 0x51, 0x00, 0x00
	.byte 0x50, 0x51, 0x00, 0x00, 0x50, 0x51, 0x00, 0x00, 0x50, 0x51, 0x00, 0x00, 0x50, 0x55, 0x00, 0x00
	.byte 0x00, 0x00, 0x00, 0x00, 0x55, 0x05, 0x00, 0x00, 0x12, 0x52, 0x00, 0x00, 0x51, 0x51, 0x00, 0x00
	.byte 0x12, 0x52, 0x00, 0x00, 0x51, 0x51, 0x00, 0x00, 0x12, 0x52, 0x00, 0x00, 0x55, 0x05, 0x00, 0x00
	.byte 0x00, 0x00, 0x00, 0x00, 0x55, 0x05, 0x00, 0x00, 0x12, 0x52, 0x00, 0x00, 0x51, 0x51, 0x00, 0x00
	.byte 0x12, 0x51, 0x00, 0x00, 0x55, 0x51, 0x00, 0x00, 0x50, 0x51, 0x00, 0x00, 0x50, 0x55, 0x00, 0x00
	.byte 0x00, 0x00, 0x00, 0x00, 0x55, 0x05, 0x55, 0x05, 0x11, 0x05, 0x12, 0x52, 0x15, 0x05, 0x51, 0x51
	.byte 0x15, 0x05, 0x51, 0x51, 0x15, 0x05, 0x51, 0x51, 0x11, 0x51, 0x12, 0x52, 0x55, 0x55, 0x55, 0x05
	.byte 0x00, 0x00, 0x00, 0x00, 0x55, 0x05, 0x55, 0x05, 0x11, 0x55, 0x11, 0x05, 0x15, 0x55, 0x15, 0x05
	.byte 0x15, 0x55, 0x15, 0x05, 0x15, 0x55, 0x15, 0x05, 0x11, 0x51, 0x11, 0x51, 0x55, 0x55, 0x55, 0x55
	.byte 0x00, 0x00, 0x00, 0x00, 0x55, 0x55, 0x55, 0x05, 0x11, 0x55, 0x11, 0x52, 0x15, 0x55, 0x55, 0x51
	.byte 0x15, 0x55, 0x12, 0x52, 0x15, 0x55, 0x51, 0x05, 0x11, 0x51, 0x11, 0x51, 0x55, 0x55, 0x55, 0x55
	.byte 0x00, 0x00, 0x00, 0x00, 0x55, 0x55, 0x00, 0x00, 0x15, 0x21, 0x05, 0x00, 0x55, 0x15, 0x05, 0x00
	.byte 0x25, 0x21, 0x05, 0x00, 0x15, 0x55, 0x00, 0x00, 0x15, 0x11, 0x05, 0x00, 0x55, 0x55, 0x05, 0x00
	.byte 0x00, 0x00, 0x00, 0x00, 0x55, 0x55, 0x00, 0x00, 0x15, 0x21, 0x05, 0x00, 0x55, 0x15, 0x05, 0x00
	.byte 0x50, 0x21, 0x05, 0x00, 0x55, 0x15, 0x05, 0x00, 0x15, 0x21, 0x05, 0x00, 0x55, 0x55, 0x00, 0x00
	.byte 0x00, 0x00, 0x00, 0x00, 0x55, 0x55, 0x05, 0x00, 0x15, 0x15, 0x05, 0x00, 0x15, 0x15, 0x05, 0x00
	.byte 0x25, 0x11, 0x05, 0x00, 0x55, 0x15, 0x05, 0x00, 0x00, 0x15, 0x05, 0x00, 0x00, 0x55, 0x05, 0x00
	.byte 0x00, 0x00, 0x00, 0x00, 0x55, 0x55, 0x05, 0x00, 0x15, 0x11, 0x05, 0x00, 0x15, 0x55, 0x00, 0x00
	.byte 0x15, 0x21, 0x05, 0x00, 0x55, 0x15, 0x05, 0x00, 0x15, 0x21, 0x05, 0x00, 0x55, 0x55, 0x00, 0x00
	.byte 0x00, 0x00, 0x00, 0x00, 0x55, 0x55, 0x05, 0x00, 0x25, 0x11, 0x05, 0x00, 0x15, 0x55, 0x00, 0x00
	.byte 0x15, 0x21, 0x05, 0x00, 0x15, 0x15, 0x05, 0x00, 0x25, 0x21, 0x05, 0x00, 0x55, 0x55, 0x00, 0x00
	.byte 0x00, 0x00, 0x00, 0x00, 0x55, 0x55, 0x05, 0x00, 0x15, 0x11, 0x05, 0x00, 0x55, 0x15, 0x05, 0x00
	.byte 0x00, 0x15, 0x05, 0x00, 0x00, 0x15, 0x05, 0x00, 0x00, 0x15, 0x05, 0x00, 0x00, 0x55, 0x05, 0x00
	.byte 0x00, 0x00, 0x00, 0x00, 0x50, 0x55, 0x00, 0x00, 0x25, 0x21, 0x05, 0x00, 0x15, 0x15, 0x05, 0x00
	.byte 0x25, 0x21, 0x05, 0x00, 0x15, 0x15, 0x05, 0x00, 0x25, 0x21, 0x05, 0x00, 0x50, 0x55, 0x00, 0x00
	.byte 0x00, 0x00, 0x00, 0x00, 0x50, 0x55, 0x00, 0x00, 0x25, 0x21, 0x05, 0x00, 0x15, 0x15, 0x05, 0x00
	.byte 0x25, 0x11, 0x05, 0x00, 0x50, 0x15, 0x05, 0x00, 0x00, 0x15, 0x05, 0x00, 0x00, 0x55, 0x05, 0x00
	.byte 0x33, 0x33, 0x33, 0x33, 0x33, 0x33, 0x33, 0x33, 0x33, 0x33, 0x33, 0x33, 0x33, 0x33, 0x33, 0x33
	.byte 0x33, 0x33, 0x33, 0x33, 0x33, 0x33, 0x33, 0x33, 0x33, 0x33, 0x33, 0x33, 0x33, 0x33, 0x33, 0x33
	.byte 0x00, 0x00, 0x00, 0x00, 0x11, 0x51, 0x51, 0x51, 0x15, 0x55, 0x51, 0x11, 0x10, 0x05, 0x51, 0x31
	.byte 0x10, 0x05, 0x51, 0x51, 0x10, 0x05, 0x51, 0x51, 0x50, 0x05, 0x55, 0x55, 0x00, 0x00, 0x00, 0x00
	.byte 0x00, 0x00, 0x00, 0x00, 0x00, 0x51, 0x11, 0x51, 0x15, 0x51, 0x51, 0x55, 0x31, 0x51, 0x11, 0x05
	.byte 0x53, 0x51, 0x51, 0x05, 0x55, 0x51, 0x11, 0x51, 0x00, 0x55, 0x55, 0x55, 0x00, 0x00, 0x00, 0x00
	.byte 0x00, 0x00, 0x00, 0x00, 0x00, 0x00, 0x00, 0x00, 0x51, 0x00, 0x00, 0x00, 0x55, 0x00, 0x00, 0x00
	.byte 0x00, 0x00, 0x00, 0x00, 0x51, 0x00, 0x00, 0x00, 0x55, 0x00, 0x00, 0x00, 0x00, 0x00, 0x00, 0x00
	.byte 0x00, 0x00, 0x00, 0x00, 0x00, 0x00, 0x00, 0x00, 0x11, 0x52, 0x11, 0x51, 0x51, 0x51, 0x51, 0x55
	.byte 0x11, 0x55, 0x11, 0x05, 0x51, 0x51, 0x51, 0x05, 0x11, 0x52, 0x11, 0x51, 0x55, 0x55, 0x55, 0x55
	.byte 0x00, 0x00, 0x00, 0x00, 0x00, 0x00, 0x00, 0x00, 0x12, 0x51, 0x11, 0x51, 0x51, 0x55, 0x15, 0x55
	.byte 0x12, 0x52, 0x10, 0x05, 0x55, 0x51, 0x10, 0x05, 0x11, 0x52, 0x10, 0x05, 0x55, 0x55, 0x50, 0x05
	.byte 0x00, 0x00, 0x00, 0x00, 0x00, 0x00, 0x00, 0x00, 0x00, 0x00, 0x00, 0x00, 0x51, 0x00, 0x00, 0x00
	.byte 0x55, 0x00, 0x00, 0x00, 0x00, 0x00, 0x00, 0x00, 0x51, 0x00, 0x00, 0x00, 0x55, 0x00, 0x00, 0x00
	.byte 0x00, 0x00, 0x00, 0x00, 0x00, 0x00, 0x00, 0x00, 0x00, 0x00, 0x00, 0x00, 0x00, 0x00, 0x00, 0x00
	.byte 0x00, 0x00, 0x00, 0x00, 0x00, 0x00, 0x00, 0x00, 0x00, 0x00, 0x00, 0x00, 0x00, 0x00, 0x00, 0x00
	.byte 0x50, 0x11, 0x11, 0x55, 0x50, 0x11, 0x11, 0x55, 0x50, 0x12, 0x11, 0x53, 0x00, 0x13, 0x11, 0x52
	.byte 0x00, 0x35, 0x11, 0x11, 0x00, 0x50, 0x12, 0x11, 0x00, 0x00, 0x55, 0x55, 0x00, 0x00, 0x55, 0x55
	.byte 0x50, 0x11, 0x11, 0x55, 0x50, 0x11, 0x11, 0x55, 0x50, 0x11, 0x11, 0x55, 0x25, 0x11, 0x31, 0x55
	.byte 0x11, 0x11, 0x53, 0x55, 0x11, 0x31, 0x55, 0x05, 0x55, 0x55, 0x55, 0x00, 0x55, 0x55, 0x05, 0x00
	.byte 0x00, 0x00, 0x50, 0x11, 0x00, 0x00, 0x50, 0x11, 0x00, 0x00, 0x50, 0x11, 0x00, 0x00, 0x50, 0x11
	.byte 0x00, 0x00, 0x50, 0x11, 0x00, 0x00, 0x50, 0x12, 0x00, 0x00, 0x00, 0x55, 0x00, 0x00, 0x00, 0x55
	.byte 0x11, 0x55, 0x00, 0x00, 0x11, 0x55, 0x00, 0x00, 0x11, 0x55, 0x00, 0x00, 0x11, 0x55, 0x00, 0x00
	.byte 0x11, 0x55, 0x00, 0x00, 0x21, 0x55, 0x00, 0x00, 0x55, 0x55, 0x00, 0x00, 0x55, 0x55, 0x00, 0x00
	.byte 0x50, 0x11, 0x21, 0x53, 0x50, 0x11, 0x31, 0x55, 0x50, 0x11, 0x31, 0x05, 0x50, 0x11, 0x21, 0x53
	.byte 0x50, 0x12, 0x11, 0x11, 0x00, 0x25, 0x11, 0x11, 0x00, 0x50, 0x55, 0x55, 0x00, 0x50, 0x55, 0x55
	.byte 0x55, 0x55, 0x55, 0x55, 0x55, 0x55, 0x55, 0x05, 0x00, 0x00, 0x00, 0x00, 0x55, 0x55, 0x55, 0x00
	.byte 0x11, 0x11, 0x21, 0x05, 0x11, 0x11, 0x11, 0x55, 0x55, 0x55, 0x55, 0x55, 0x55, 0x55, 0x55, 0x55
	.byte 0x00, 0x00, 0x55, 0x55, 0x00, 0x00, 0x50, 0x55, 0x00, 0x00, 0x00, 0x00, 0x00, 0x55, 0x55, 0x55
	.byte 0x50, 0x12, 0x11, 0x11, 0x50, 0x11, 0x11, 0x11, 0x00, 0x55, 0x55, 0x55, 0x00, 0x55, 0x55, 0x55
	.byte 0x35, 0x11, 0x32, 0x05, 0x55, 0x11, 0x21, 0x55, 0x50, 0x11, 0x11, 0x55, 0x35, 0x11, 0x11, 0x55
	.byte 0x11, 0x11, 0x21, 0x55, 0x11, 0x11, 0x32, 0x55, 0x55, 0x55, 0x55, 0x55, 0x55, 0x55, 0x55, 0x55
	.byte 0x50, 0x11, 0x11, 0x55, 0x50, 0x11, 0x11, 0x55, 0x50, 0x11, 0x11, 0x11, 0x50, 0x12, 0x11, 0x11
	.byte 0x00, 0x55, 0x55, 0x55, 0x00, 0x55, 0x55, 0x55, 0x00, 0x00, 0x00, 0x00, 0x00, 0x00, 0x00, 0x00
	.byte 0x50, 0x11, 0x11, 0x55, 0x55, 0x11, 0x11, 0x55, 0x11, 0x11, 0x11, 0x55, 0x11, 0x11, 0x11, 0x55
	.byte 0x55, 0x11, 0x11, 0x55, 0x55, 0x11, 0x11, 0x55, 0x00, 0x55, 0x55, 0x55, 0x00, 0x55, 0x55, 0x55
	.byte 0x00, 0x55, 0x55, 0x55, 0x00, 0x55, 0x55, 0x55, 0x00, 0x00, 0x00, 0x00, 0x00, 0x55, 0x55, 0x55
	.byte 0x50, 0x12, 0x11, 0x11, 0x50, 0x11, 0x11, 0x11, 0x00, 0x55, 0x55, 0x55, 0x00, 0x55, 0x55, 0x55
	.byte 0x35, 0x11, 0x11, 0x55, 0x55, 0x11, 0x11, 0x55, 0x50, 0x11, 0x11, 0x55, 0x35, 0x11, 0x11, 0x55
	.byte 0x11, 0x11, 0x21, 0x55, 0x11, 0x11, 0x52, 0x55, 0x55, 0x55, 0x55, 0x55, 0x55, 0x55, 0x55, 0x55
	.byte 0x50, 0x11, 0x11, 0x53, 0x50, 0x11, 0x11, 0x55, 0x50, 0x11, 0x11, 0x55, 0x50, 0x11, 0x11, 0x53
	.byte 0x50, 0x12, 0x11, 0x11, 0x50, 0x23, 0x11, 0x11, 0x00, 0x55, 0x55, 0x55, 0x00, 0x55, 0x55, 0x55
	.byte 0x35, 0x11, 0x21, 0x55, 0x50, 0x11, 0x11, 0x55, 0x50, 0x11, 0x11, 0x55, 0x35, 0x11, 0x11, 0x55
	.byte 0x11, 0x11, 0x21, 0x55, 0x11, 0x11, 0x52, 0x55, 0x55, 0x55, 0x55, 0x55, 0x55, 0x55, 0x55, 0x55
	.byte 0x00, 0x00, 0x50, 0x15, 0x00, 0x00, 0x55, 0x12, 0x00, 0x00, 0x25, 0x11, 0x00, 0x50, 0x15, 0x11
	.byte 0x00, 0x50, 0x12, 0x11, 0x00, 0x50, 0x12, 0x11, 0x00, 0x00, 0x55, 0x55, 0x00, 0x00, 0x55, 0x55
	.byte 0x11, 0x21, 0x55, 0x05, 0x11, 0x51, 0x55, 0x00, 0x11, 0x52, 0x55, 0x00, 0x11, 0x55, 0x05, 0x00
	.byte 0x21, 0x55, 0x05, 0x00, 0x51, 0x55, 0x00, 0x00, 0x55, 0x55, 0x00, 0x00, 0x55, 0x05, 0x00, 0x00
	.byte 0x50, 0x11, 0x11, 0x11, 0x50, 0x11, 0x11, 0x53, 0x50, 0x11, 0x11, 0x55, 0x50, 0x11, 0x11, 0x53
	.byte 0x50, 0x12, 0x11, 0x11, 0x00, 0x25, 0x11, 0x11, 0x00, 0x50, 0x55, 0x55, 0x00, 0x50, 0x55, 0x55
	.byte 0x11, 0x11, 0x11, 0x55, 0x35, 0x11, 0x11, 0x55, 0x50, 0x11, 0x11, 0x55, 0x35, 0x11, 0x11, 0x55
	.byte 0x11, 0x11, 0x21, 0x55, 0x11, 0x11, 0x52, 0x55, 0x55, 0x55, 0x55, 0x55, 0x55, 0x55, 0x55, 0x55
	.byte 0x50, 0x12, 0x11, 0x11, 0x50, 0x23, 0x11, 0x11, 0x00, 0x55, 0x55, 0x55, 0x00, 0x55, 0x55, 0x55
	.byte 0x00, 0x50, 0x12, 0x11, 0x00, 0x50, 0x11, 0x11, 0x00, 0x00, 0x55, 0x55, 0x00, 0x00, 0x55, 0x55
	.byte 0x11, 0x11, 0x11, 0x55, 0x11, 0x11, 0x11, 0x55, 0x35, 0x11, 0x11, 0x55, 0x55, 0x11, 0x11, 0x55
	.byte 0x11, 0x11, 0x11, 0x55, 0x11, 0x11, 0x31, 0x55, 0x55, 0x55, 0x55, 0x55, 0x55, 0x55, 0x55, 0x55
	.byte 0xDD, 0xDD, 0xDD, 0xDD, 0xDD, 0xDD, 0xDD, 0xDD, 0xDD, 0xDD, 0xDD, 0xDD, 0xDD, 0xDD, 0xDD, 0xDD
	.byte 0xDD, 0xDD, 0xDD, 0xDD, 0xDD, 0xDD, 0xDD, 0xDD, 0xDD, 0xDD, 0xDD, 0xDD, 0xDD, 0xDD, 0xDD, 0xDD
	.byte 0xEE, 0xEE, 0xEE, 0xEE, 0xEE, 0xEE, 0xEE, 0xEE, 0xEE, 0xEE, 0xEE, 0xEE, 0xEE, 0xEE, 0xEE, 0xEE
	.byte 0xEE, 0xEE, 0xEE, 0xEE, 0xEE, 0xEE, 0xEE, 0xEE, 0xEE, 0xEE, 0xEE, 0xEE, 0xEE, 0xEE, 0xEE, 0xEE
	.byte 0xAA, 0xAA, 0xAA, 0xAA, 0xAA, 0xAA, 0xAA, 0xAA, 0xAA, 0xAA, 0xAA, 0xAA, 0xAA, 0xAA, 0xAA, 0xAA
	.byte 0xAA, 0xAA, 0xAA, 0xAA, 0xAA, 0xAA, 0xAA, 0xAA, 0xAA, 0xAA, 0xAA, 0xAA, 0xAA, 0xAA, 0xAA, 0xAA
	.byte 0x99, 0x99, 0x99, 0x99, 0x99, 0x99, 0x99, 0x99, 0x99, 0x99, 0x99, 0x99, 0x99, 0x99, 0x99, 0x99
	.byte 0x99, 0x99, 0x99, 0x99, 0x99, 0x99, 0x99, 0x99, 0x99, 0x99, 0x99, 0x99, 0x99, 0x99, 0x99, 0x99
	.byte 0xBB, 0xBB, 0xBB, 0xBB, 0xBB, 0xBB, 0xBB, 0xBB, 0xBB, 0xBB, 0xBB, 0xBB, 0xBB, 0xBB, 0xBB, 0xBB
	.byte 0xBB, 0xBB, 0xBB, 0xBB, 0xBB, 0xBB, 0xBB, 0xBB, 0xBB, 0xBB, 0xBB, 0xBB, 0xBB, 0xBB, 0xBB, 0xBB
	.byte 0x00, 0x00, 0x00, 0x00, 0x00, 0x00, 0x00, 0x00, 0x00, 0x00, 0x00, 0x00, 0x00, 0x00, 0x00, 0x00
	.byte 0x00, 0x00, 0x00, 0x00, 0x00, 0x00, 0x00, 0x00, 0x00, 0x00, 0x00, 0x00, 0x00, 0x00, 0x00, 0x50
	.byte 0x00, 0x00, 0x00, 0x00, 0x00, 0x00, 0x00, 0x00, 0x00, 0x00, 0x00, 0x55, 0x00, 0x00, 0x55, 0x5D
	.byte 0x00, 0x55, 0x55, 0x55, 0x50, 0xD5, 0x55, 0x55, 0x55, 0x55, 0x55, 0xD5, 0xD5, 0x55, 0xD5, 0xAA
	.byte 0x00, 0x00, 0x00, 0x00, 0x00, 0x55, 0x55, 0x55, 0x55, 0x55, 0x55, 0x55, 0x55, 0x55, 0x55, 0x55
	.byte 0x55, 0xD5, 0xDD, 0xDD, 0xDD, 0xDD, 0xAA, 0xA5, 0xAD, 0x5A, 0x99, 0x99, 0x95, 0x99, 0x99, 0x99
	.byte 0x00, 0x00, 0x00, 0x00, 0x55, 0x55, 0x55, 0x00, 0x55, 0x55, 0x55, 0x55, 0x55, 0x55, 0x55, 0x55
	.byte 0x5D, 0xD5, 0xDD, 0x55, 0xAA, 0xA5, 0xAA, 0xDD, 0x99, 0x95, 0x5A, 0xAA, 0x9F, 0x95, 0x99, 0xA9
	.byte 0x00, 0x00, 0x00, 0x00, 0x00, 0x00, 0x00, 0x00, 0x55, 0x00, 0x00, 0x00, 0x55, 0x55, 0x00, 0x00
	.byte 0x35, 0x55, 0x55, 0x00, 0x5D, 0x55, 0x55, 0x05, 0xDA, 0x55, 0x53, 0x55, 0xA5, 0xDD, 0x55, 0x53
	.byte 0x00, 0x00, 0x00, 0x55, 0x00, 0x00, 0x50, 0xD5, 0x00, 0x00, 0x50, 0x5D, 0x00, 0x00, 0x55, 0x5D
	.byte 0x00, 0x50, 0xD5, 0x55, 0x00, 0x50, 0xD5, 0xD5, 0x00, 0x50, 0x5D, 0xD5, 0x00, 0x55, 0x5D, 0xAD
	.byte 0x5D, 0x55, 0x55, 0x9A, 0x55, 0xD5, 0x5D, 0x99, 0x55, 0xAA, 0x99, 0x95, 0xD5, 0x95, 0xF9, 0x59
	.byte 0xAD, 0x99, 0x99, 0x95, 0x95, 0xF9, 0x9F, 0x59, 0x9A, 0xF9, 0x99, 0x95, 0x99, 0x9F, 0x99, 0x59
	.byte 0x99, 0xF9, 0xFF, 0x9F, 0xF9, 0xFF, 0x99, 0x59, 0xF9, 0x99, 0x99, 0x59, 0x59, 0x99, 0x99, 0x59
	.byte 0x95, 0xB5, 0xBB, 0x5B, 0xB5, 0xB5, 0xBB, 0xBB, 0x55, 0xBB, 0xFB, 0xFF, 0xBB, 0xFB, 0xFF, 0xFF
	.byte 0x99, 0x99, 0x99, 0x99, 0x59, 0x95, 0x95, 0x99, 0x99, 0x55, 0x59, 0x99, 0x59, 0x5B, 0x59, 0x99
	.byte 0x5B, 0xB5, 0x55, 0x99, 0xBB, 0xBB, 0xBB, 0x99, 0xFF, 0xBB, 0xBB, 0x5B, 0xFF, 0xFF, 0xBB, 0x5B
	.byte 0xA9, 0xAA, 0x5D, 0x35, 0x99, 0x59, 0xDA, 0x55, 0x99, 0x99, 0xAA, 0x5D, 0x99, 0x99, 0xA9, 0x5A
	.byte 0x99, 0x99, 0x99, 0x55, 0x99, 0x99, 0x59, 0xA9, 0x59, 0x95, 0x95, 0xA9, 0x5B, 0x59, 0x59, 0x99
	.byte 0x55, 0x00, 0x00, 0x00, 0x53, 0x05, 0x00, 0x00, 0x35, 0x05, 0x00, 0x00, 0x35, 0x55, 0x00, 0x00
	.byte 0x55, 0x53, 0x05, 0x00, 0x5D, 0x53, 0x05, 0x00, 0xDA, 0xA5, 0x05, 0x00, 0xD5, 0x35, 0x55, 0x00
	.byte 0xBB, 0x55, 0x55, 0x00, 0x5B, 0xB3, 0x3B, 0x05, 0x35, 0xBF, 0xA3, 0x53, 0xB5, 0xBB, 0x3B, 0x53
	.byte 0xB5, 0xB3, 0x3B, 0x53, 0x35, 0x3A, 0x33, 0x53, 0x50, 0x33, 0x33, 0x05, 0x00, 0x55, 0x55, 0x00
	.byte 0xBB, 0x55, 0x55, 0x00, 0x5B, 0x88, 0x88, 0x05, 0x85, 0xFF, 0x48, 0x58, 0x85, 0xFF, 0x48, 0x54
	.byte 0x85, 0x88, 0x44, 0x54, 0x85, 0x88, 0x44, 0x58, 0x50, 0x44, 0x84, 0x05, 0x00, 0x55, 0x55, 0x00
	.byte 0x00, 0x00, 0x00, 0x00, 0x00, 0x00, 0x00, 0x00, 0x00, 0x00, 0x00, 0x00, 0x00, 0x00, 0x00, 0x00
	.byte 0x00, 0x00, 0x00, 0x00, 0x00, 0x00, 0x00, 0x55, 0x00, 0x00, 0x55, 0x55, 0x00, 0x55, 0x5C, 0xD5
	.byte 0x00, 0x00, 0x00, 0x00, 0x00, 0x00, 0x00, 0x00, 0x00, 0x00, 0x00, 0x00, 0x00, 0x00, 0x00, 0x00
	.byte 0x00, 0x00, 0x00, 0x00, 0x55, 0x55, 0x55, 0x00, 0x55, 0x55, 0x55, 0x55, 0xDD, 0xD5, 0x5D, 0x55
	.byte 0x00, 0x00, 0x00, 0x00, 0x00, 0x00, 0x00, 0x00, 0x00, 0x00, 0x00, 0x00, 0x00, 0x00, 0x00, 0x00
	.byte 0x00, 0x00, 0x00, 0x00, 0x00, 0x00, 0x00, 0x00, 0x05, 0x00, 0x00, 0x00, 0x55, 0x05, 0x00, 0x00
	.byte 0x00, 0xD5, 0x55, 0x5D, 0x50, 0xA5, 0x55, 0x9A, 0x50, 0xD5, 0xD5, 0x9A, 0x50, 0x5A, 0x55, 0x9A
	.byte 0x50, 0x5A, 0x55, 0x55, 0x50, 0x5A, 0xDD, 0xF9, 0x50, 0x5A, 0xAD, 0x99, 0x50, 0x5A, 0x5D, 0xF9
	.byte 0xF9, 0x9F, 0x99, 0xBB, 0xF9, 0x99, 0xB9, 0xBB, 0x99, 0x99, 0xB9, 0xBB, 0x52, 0x95, 0xB5, 0xBB
	.byte 0x59, 0x5B, 0x5B, 0xFB, 0x99, 0x55, 0x5B, 0xFB, 0x59, 0xB5, 0xB5, 0xFB, 0x99, 0xB9, 0xBB, 0xFB
	.byte 0xBB, 0xFF, 0xFA, 0xFF, 0xFB, 0xFF, 0xFF, 0xF9, 0x5F, 0xEF, 0x9E, 0x9D, 0x5F, 0xEF, 0xA5, 0xE5
	.byte 0x5F, 0x9F, 0xF9, 0x99, 0xFF, 0x55, 0x55, 0x55, 0xFF, 0xFF, 0xFF, 0xFF, 0xFF, 0xAF, 0xFD, 0xFF
	.byte 0xFF, 0xFF, 0xBF, 0x5B, 0xF9, 0xF9, 0xF9, 0x5B, 0xE9, 0xEA, 0x99, 0xB5, 0x5E, 0x5E, 0x99, 0xB5
	.byte 0x99, 0xAF, 0xF9, 0xF5, 0x55, 0x55, 0x55, 0xFF, 0xFF, 0xFF, 0xFF, 0xFF, 0xFF, 0xAF, 0xFA, 0xFF
	.byte 0xBB, 0x55, 0x5B, 0x99, 0x5B, 0x95, 0x55, 0x99, 0xBB, 0x9B, 0x99, 0x99, 0xBB, 0xBB, 0x99, 0x99
	.byte 0xBB, 0xBB, 0x99, 0x99, 0xBB, 0xBB, 0x9B, 0x99, 0xBB, 0xBB, 0x9B, 0x99, 0x5B, 0xBB, 0x95, 0x59
	.byte 0xAA, 0x5D, 0x53, 0x00, 0xA9, 0x5D, 0x5A, 0x05, 0x59, 0x5D, 0x53, 0x05, 0xA9, 0xDA, 0xA5, 0x05
	.byte 0x99, 0xDA, 0xA5, 0x05, 0x99, 0xD5, 0xA5, 0x05, 0x99, 0xDA, 0xA5, 0x05, 0x99, 0xDA, 0xA5, 0x05
	.byte 0x00, 0x00, 0x00, 0x00, 0x00, 0x00, 0x00, 0x00, 0x00, 0x00, 0x00, 0x50, 0x00, 0x00, 0x00, 0xC0
	.byte 0x00, 0x00, 0x00, 0xC5, 0x00, 0x00, 0x00, 0x55, 0x00, 0x00, 0x50, 0x5C, 0x00, 0x00, 0x50, 0x5C
	.byte 0x50, 0xCC, 0xD5, 0xAD, 0xC5, 0x55, 0xAD, 0x59, 0x5C, 0x5D, 0x9D, 0x99, 0xD5, 0xDD, 0x95, 0x9F
	.byte 0xD5, 0x99, 0x5F, 0xBB, 0xAD, 0xF9, 0xB9, 0xFB, 0xAD, 0x95, 0xBB, 0xFF, 0x9A, 0x9F, 0xFB, 0xE5
	.byte 0xAA, 0xA5, 0xAA, 0xDD, 0x99, 0x95, 0x59, 0xA9, 0x9F, 0x99, 0x99, 0x99, 0xBB, 0xBB, 0x99, 0x99
	.byte 0xBB, 0xBB, 0xBB, 0x59, 0xFF, 0xFF, 0xBB, 0x9B, 0xFF, 0x99, 0xF9, 0xBB, 0x59, 0x59, 0xEC, 0xBB
	.byte 0x55, 0x55, 0x00, 0x00, 0x5D, 0x55, 0x05, 0x00, 0x5D, 0x55, 0x05, 0x00, 0xD5, 0x5D, 0x55, 0x00
	.byte 0x99, 0xDA, 0x55, 0x00, 0x99, 0xDA, 0x55, 0x05, 0x59, 0xA9, 0xC5, 0x05, 0x99, 0xA9, 0x55, 0x05
	.byte 0x50, 0x5A, 0xAD, 0xF9, 0x50, 0x5A, 0xAD, 0xF9, 0x50, 0x5A, 0x5D, 0xF9, 0x50, 0x5A, 0xA5, 0x99
	.byte 0x50, 0x5A, 0xA5, 0x9A, 0x50, 0xD5, 0xA5, 0x95, 0x50, 0xA5, 0xD5, 0x9A, 0x00, 0xD5, 0x55, 0xAA
	.byte 0x99, 0xB9, 0xBB, 0xFB, 0x99, 0xB9, 0xBB, 0xBB, 0x99, 0xB9, 0xBB, 0xBB, 0x99, 0xB9, 0xBB, 0xBB
	.byte 0x9F, 0x99, 0xBB, 0xBB, 0x9F, 0x59, 0xB5, 0xB5, 0x99, 0x99, 0x55, 0x5B, 0x59, 0x59, 0x59, 0x5B
	.byte 0xFF, 0xFF, 0xFD, 0xFF, 0xFF, 0xFF, 0xFF, 0xFF, 0xFF, 0xFF, 0xFF, 0xFF, 0xFB, 0xFF, 0xDA, 0xDA
	.byte 0xBB, 0xFF, 0xDA, 0xDA, 0xBB, 0xFB, 0x5A, 0x5F, 0xBB, 0xBB, 0xDE, 0xDA, 0xBB, 0xAB, 0x55, 0x55
	.byte 0xFF, 0xAF, 0xFA, 0xFF, 0xFF, 0xFF, 0xFF, 0xBF, 0xFF, 0xFF, 0xFF, 0xBF, 0xDA, 0xDA, 0xDF, 0xBB
	.byte 0xDA, 0xDB, 0xDF, 0xBB, 0x5A, 0x5B, 0x5B, 0xBB, 0xDD, 0xDA, 0xDA, 0xBB, 0x55, 0x55, 0xDA, 0xBB
	.byte 0x5B, 0x5B, 0x5B, 0x95, 0x5B, 0xBB, 0x95, 0x95, 0x5B, 0x5B, 0x5B, 0x59, 0xBB, 0xBB, 0x95, 0x99
	.byte 0xBB, 0xBB, 0x99, 0x99, 0xBB, 0xBB, 0x99, 0x99, 0xBB, 0x9B, 0x99, 0x99, 0xBB, 0x9B, 0x99, 0x99
	.byte 0x95, 0x55, 0xA5, 0x05, 0x95, 0x5A, 0xA5, 0x05, 0x99, 0xDA, 0xA5, 0x05, 0x99, 0xDA, 0xA5, 0x05
	.byte 0x59, 0xDA, 0xA5, 0x05, 0xA9, 0x5D, 0x5A, 0x05, 0xA9, 0x5D, 0x5A, 0x05, 0xAA, 0x5D, 0x5A, 0x00
	.byte 0x00, 0x00, 0xA0, 0xFF, 0x00, 0x55, 0xFF, 0xFA, 0x50, 0x44, 0xF5, 0xFF, 0x50, 0x44, 0xF5, 0xAA
	.byte 0x50, 0x44, 0xA5, 0x00, 0x50, 0x44, 0x05, 0xAA, 0x00, 0x55, 0xA0, 0xFF, 0x00, 0xF0, 0xFA, 0xFF
	.byte 0x00, 0x00, 0xA0, 0xFF, 0x00, 0x55, 0xFF, 0xFA, 0x50, 0x66, 0xF5, 0xFF, 0x50, 0x66, 0xF5, 0xAA
	.byte 0x50, 0x66, 0xA5, 0x00, 0x50, 0x66, 0x05, 0xAA, 0x00, 0x55, 0xA0, 0xFF, 0x00, 0xF0, 0xFA, 0xFF
	.byte 0x00, 0x00, 0x50, 0x5C, 0x00, 0x00, 0x50, 0x5C, 0x00, 0x00, 0x50, 0x5C, 0x00, 0x00, 0x50, 0x5C
	.byte 0x00, 0x00, 0x50, 0x5C, 0x00, 0x00, 0x50, 0x55, 0x00, 0x00, 0x50, 0x55, 0x00, 0x00, 0x00, 0x55
	.byte 0x9A, 0xBF, 0xFB, 0x95, 0x9D, 0xBF, 0xFB, 0xFF, 0x55, 0xB5, 0xFB, 0xFF, 0x9D, 0xB9, 0xFB, 0xFF
	.byte 0x9A, 0xBF, 0xBB, 0xFF, 0x9A, 0x99, 0xB9, 0xFB, 0xAD, 0x95, 0xB9, 0xAB, 0xAD, 0x99, 0xB9, 0xBB
	.byte 0xEF, 0xF9, 0xFC, 0xBF, 0xFF, 0xFF, 0xFF, 0xBF, 0xFF, 0xFA, 0xFA, 0xBF, 0xFF, 0xFF, 0xFF, 0xBB
	.byte 0xDD, 0xAA, 0xDF, 0xBB, 0x55, 0xBA, 0x5B, 0xBB, 0x55, 0x55, 0xDA, 0xBB, 0xBB, 0xBB, 0xBB, 0xBB
	.byte 0x9B, 0xA9, 0x55, 0x05, 0x9B, 0xD9, 0xC5, 0x05, 0x5B, 0x55, 0xC5, 0x05, 0x9B, 0xD9, 0xC5, 0x05
	.byte 0x9B, 0xA9, 0xC5, 0x05, 0x9B, 0xA9, 0xC5, 0x05, 0x59, 0xDA, 0xC5, 0x05, 0x99, 0x5A, 0x5C, 0x00
	.byte 0x00, 0x55, 0x5D, 0x55, 0x00, 0x55, 0x5D, 0x55, 0x00, 0x50, 0xD5, 0xD5, 0x00, 0x50, 0xD5, 0x55
	.byte 0x00, 0x00, 0x55, 0x5D, 0x00, 0x00, 0x55, 0xD5, 0x00, 0x00, 0x50, 0x55, 0x00, 0x00, 0x00, 0x55
	.byte 0x95, 0x59, 0xB5, 0xB5, 0x9A, 0x99, 0x99, 0xB9, 0x5A, 0x99, 0x99, 0x99, 0xAD, 0x99, 0x95, 0x99
	.byte 0xD5, 0x5A, 0x99, 0x99, 0x55, 0xD5, 0x99, 0x99, 0x5D, 0xD5, 0x9A, 0x99, 0xD5, 0x55, 0xAD, 0x9A
	.byte 0xBB, 0xBB, 0xBB, 0xBB, 0xBB, 0xBB, 0xBB, 0xBB, 0x5E, 0xBE, 0xBB, 0xBB, 0x55, 0xB5, 0xBB, 0xBB
	.byte 0x5E, 0x9E, 0xBB, 0xBB, 0x99, 0x99, 0xA9, 0xAA, 0x99, 0x5D, 0x5A, 0x5D, 0x99, 0xAA, 0xA5, 0xDD
	.byte 0xBB, 0xBB, 0xBB, 0x55, 0xBB, 0xBB, 0xBB, 0x5B, 0xBB, 0xBB, 0xBB, 0xB5, 0xBB, 0xBB, 0xBB, 0x55
	.byte 0xBB, 0xBB, 0x99, 0x99, 0xAD, 0x99, 0xA9, 0x99, 0x5D, 0x53, 0xD5, 0x99, 0x9A, 0x99, 0xD9, 0x99
	.byte 0x5B, 0x95, 0x95, 0x99, 0x9B, 0x55, 0x59, 0xA9, 0x59, 0x59, 0x59, 0xA9, 0x59, 0x95, 0x95, 0xA5
	.byte 0x99, 0x99, 0xA9, 0xDA, 0x99, 0x95, 0xAA, 0x5D, 0x99, 0x59, 0xDA, 0x35, 0xA9, 0xAA, 0x55, 0x53
	.byte 0xD5, 0xA5, 0x55, 0x00, 0xDA, 0xA5, 0x55, 0x00, 0x5A, 0x5A, 0x05, 0x00, 0x5D, 0x5A, 0x05, 0x00
	.byte 0xA5, 0x55, 0x00, 0x00, 0x5A, 0x55, 0x00, 0x00, 0x55, 0x05, 0x00, 0x00, 0x55, 0x00, 0x00, 0x00
	.byte 0x11, 0x11, 0x11, 0x11, 0x00, 0x00, 0x00, 0x00, 0x00, 0x00, 0x00, 0x00, 0x00, 0x00, 0x00, 0x00
	.byte 0x00, 0x00, 0x00, 0x00, 0x00, 0x00, 0x00, 0x00, 0x00, 0x00, 0x00, 0x00, 0x00, 0x00, 0x00, 0x00
	.byte 0x01, 0x00, 0x00, 0x00, 0x00, 0x00, 0x00, 0x00, 0x00, 0x00, 0x00, 0x00, 0x00, 0x00, 0x00, 0x00
	.byte 0x00, 0x00, 0x00, 0x00, 0x00, 0x00, 0x00, 0x00, 0x00, 0x00, 0x00, 0x00, 0x00, 0x00, 0x00, 0x00
	.byte 0x00, 0x00, 0x00, 0x50, 0x00, 0x00, 0x00, 0x55, 0x00, 0x00, 0x50, 0x55, 0x00, 0x00, 0x55, 0x55
	.byte 0x00, 0x00, 0x55, 0x55, 0x00, 0x00, 0x50, 0x55, 0x00, 0x00, 0x00, 0x55, 0x00, 0x00, 0x00, 0x50
	.byte 0x55, 0x55, 0x55, 0x55, 0x33, 0x33, 0x33, 0x33, 0x33, 0x33, 0x33, 0x33, 0x33, 0x33, 0x33, 0x33
	.byte 0x33, 0x33, 0x33, 0x33, 0x33, 0x33, 0x33, 0x33, 0x33, 0x33, 0x33, 0x33, 0x55, 0x55, 0x55, 0x55
	.byte 0x55, 0x55, 0x55, 0x55, 0x34, 0x33, 0x33, 0x33, 0x34, 0x33, 0x33, 0x33, 0x34, 0x33, 0x33, 0x33
	.byte 0x34, 0x33, 0x33, 0x33, 0x34, 0x33, 0x33, 0x33, 0x34, 0x33, 0x33, 0x33, 0x55, 0x55, 0x55, 0x55
	.byte 0x55, 0x55, 0x55, 0x55, 0x44, 0x33, 0x33, 0x33, 0x44, 0x33, 0x33, 0x33, 0x44, 0x33, 0x33, 0x33
	.byte 0x44, 0x33, 0x33, 0x33, 0x44, 0x33, 0x33, 0x33, 0x44, 0x33, 0x33, 0x33, 0x55, 0x55, 0x55, 0x55
	.byte 0x55, 0x55, 0x55, 0x55, 0x44, 0x34, 0x33, 0x33, 0x44, 0x34, 0x33, 0x33, 0x44, 0x34, 0x33, 0x33
	.byte 0x44, 0x34, 0x33, 0x33, 0x44, 0x34, 0x33, 0x33, 0x44, 0x34, 0x33, 0x33, 0x55, 0x55, 0x55, 0x55
	.byte 0x55, 0x55, 0x55, 0x55, 0x44, 0x44, 0x33, 0x33, 0x44, 0x44, 0x33, 0x33, 0x44, 0x44, 0x33, 0x33
	.byte 0x44, 0x44, 0x33, 0x33, 0x44, 0x44, 0x33, 0x33, 0x44, 0x44, 0x33, 0x33, 0x55, 0x55, 0x55, 0x55
	.byte 0x55, 0x55, 0x55, 0x55, 0x44, 0x44, 0x34, 0x33, 0x44, 0x44, 0x34, 0x33, 0x44, 0x44, 0x34, 0x33
	.byte 0x44, 0x44, 0x34, 0x33, 0x44, 0x44, 0x34, 0x33, 0x44, 0x44, 0x34, 0x33, 0x55, 0x55, 0x55, 0x55
	.byte 0x55, 0x55, 0x55, 0x55, 0x44, 0x44, 0x44, 0x33, 0x44, 0x44, 0x44, 0x33, 0x44, 0x44, 0x44, 0x33
	.byte 0x44, 0x44, 0x44, 0x33, 0x44, 0x44, 0x44, 0x33, 0x44, 0x44, 0x44, 0x33, 0x55, 0x55, 0x55, 0x55
	.byte 0x55, 0x55, 0x55, 0x55, 0x44, 0x44, 0x44, 0x34, 0x44, 0x44, 0x44, 0x34, 0x44, 0x44, 0x44, 0x34
	.byte 0x44, 0x44, 0x44, 0x34, 0x44, 0x44, 0x44, 0x34, 0x44, 0x44, 0x44, 0x34, 0x55, 0x55, 0x55, 0x55
	.byte 0x55, 0x55, 0x55, 0x55, 0x44, 0x44, 0x44, 0x44, 0x44, 0x44, 0x44, 0x44, 0x44, 0x44, 0x44, 0x44
	.byte 0x44, 0x44, 0x44, 0x44, 0x44, 0x44, 0x44, 0x44, 0x44, 0x44, 0x44, 0x44, 0x55, 0x55, 0x55, 0x55
	.byte 0x00, 0xFA, 0xFA, 0xFF, 0x00, 0x55, 0xAF, 0xAA, 0x50, 0x44, 0x05, 0x00, 0x50, 0x44, 0xA5, 0xAA
	.byte 0x50, 0x44, 0xF5, 0xFF, 0x50, 0x44, 0xF5, 0xFF, 0x00, 0x55, 0xAF, 0xAA, 0x00, 0xA0, 0xFA, 0xFF
	.byte 0x00, 0xFA, 0xFA, 0xFF, 0x00, 0x55, 0xAF, 0xAA, 0x50, 0x66, 0x05, 0x00, 0x50, 0x66, 0xA5, 0xAA
	.byte 0x50, 0x66, 0xF5, 0xFF, 0x50, 0x66, 0xF5, 0xFF, 0x00, 0x55, 0xAF, 0xAA, 0x00, 0xA0, 0xFA, 0xFF
	.byte 0x00, 0x00, 0x00, 0x55, 0x00, 0x00, 0x00, 0x50, 0x00, 0x00, 0x00, 0x50, 0x00, 0x00, 0x00, 0x00
	.byte 0x00, 0x00, 0x00, 0x00, 0x00, 0x00, 0x00, 0x00, 0x00, 0x00, 0x00, 0x00, 0x00, 0x00, 0x00, 0x00
	.byte 0xD5, 0xFA, 0x59, 0xB9, 0xD5, 0xDD, 0x95, 0x99, 0x55, 0x55, 0x9D, 0x59, 0x55, 0xD5, 0xAD, 0x9A
	.byte 0x50, 0x55, 0xDD, 0xAD, 0x00, 0x55, 0x55, 0xD5, 0x00, 0x00, 0x55, 0x55, 0x00, 0x00, 0x00, 0x55
	.byte 0xBB, 0xBB, 0xBB, 0x95, 0x99, 0x99, 0x99, 0x59, 0x55, 0x3D, 0xD5, 0xD9, 0x99, 0x99, 0xA9, 0xDA
	.byte 0xAA, 0xAA, 0xDA, 0x5D, 0xDD, 0xDD, 0x5D, 0xC5, 0x55, 0x55, 0x55, 0x55, 0x55, 0x55, 0x55, 0x00
	.byte 0xFF, 0x55, 0x55, 0x00, 0x5F, 0x88, 0x88, 0x05, 0x85, 0xFF, 0x48, 0x58, 0x85, 0xFF, 0x48, 0x54
	.byte 0x85, 0x88, 0x44, 0x54, 0x85, 0x88, 0x44, 0x58, 0x50, 0x44, 0x84, 0x05, 0x00, 0x55, 0x55, 0x00
	.byte 0x55, 0x5D, 0xD5, 0xAA, 0x55, 0xD5, 0x55, 0xDD, 0x50, 0x55, 0x5D, 0x55, 0x00, 0x55, 0xD5, 0x5D
	.byte 0x00, 0x50, 0x55, 0xD5, 0x00, 0x00, 0x50, 0x55, 0x00, 0x00, 0x00, 0x50, 0x00, 0x00, 0x00, 0x00
	.byte 0x9A, 0x99, 0x99, 0x99, 0xAA, 0xAA, 0x99, 0x99, 0xDD, 0xAD, 0xAA, 0xAA, 0x55, 0xD5, 0xDD, 0xDD
	.byte 0x5D, 0x55, 0x55, 0x55, 0xD5, 0xDD, 0xD5, 0x33, 0x55, 0x55, 0x55, 0x55, 0x00, 0x55, 0x55, 0x55
	.byte 0x99, 0x99, 0x99, 0xA9, 0x99, 0x99, 0xAA, 0xAA, 0xAA, 0xAA, 0xAA, 0xDD, 0xDD, 0xDD, 0xDD, 0x55
	.byte 0x55, 0x55, 0x55, 0x35, 0x33, 0x53, 0x33, 0x53, 0x55, 0x55, 0x55, 0x55, 0x55, 0x55, 0x55, 0x00
	.byte 0xAA, 0xDA, 0x35, 0x55, 0xDD, 0x55, 0x53, 0x55, 0x55, 0x35, 0x55, 0x05, 0x35, 0x53, 0x55, 0x00
	.byte 0x53, 0x55, 0x05, 0x00, 0x55, 0x05, 0x00, 0x00, 0x05, 0x00, 0x00, 0x00, 0x00, 0x00, 0x00, 0x00
	.byte 0x00, 0x00, 0x00, 0x00, 0x00, 0x11, 0x05, 0x00, 0x00, 0x11, 0x05, 0x00, 0x00, 0x11, 0x05, 0x00
	.byte 0x00, 0x11, 0x05, 0x00, 0x00, 0x55, 0x05, 0x00, 0x00, 0x11, 0x05, 0x00, 0x00, 0x55, 0x05, 0x00
	.byte 0x00, 0x00, 0x00, 0x00, 0x10, 0x51, 0x11, 0x05, 0x10, 0x51, 0x11, 0x05, 0x50, 0x55, 0x55, 0x05
	.byte 0x00, 0x00, 0x00, 0x00, 0x00, 0x00, 0x00, 0x00, 0x00, 0x00, 0x00, 0x00, 0x00, 0x00, 0x00, 0x00
	.byte 0x00, 0x00, 0x00, 0x00, 0x00, 0x10, 0x00, 0x10, 0x10, 0x11, 0x11, 0x11, 0x50, 0x51, 0x55, 0x51
	.byte 0x00, 0x51, 0x00, 0x51, 0x11, 0x11, 0x11, 0x11, 0x15, 0x55, 0x15, 0x55, 0x50, 0x00, 0x50, 0x00
	.byte 0x00, 0x00, 0x00, 0x00, 0x00, 0x11, 0x05, 0x00, 0x01, 0x55, 0x05, 0x00, 0x05, 0x11, 0x05, 0x00
	.byte 0x00, 0x11, 0x05, 0x00, 0x00, 0x11, 0x05, 0x00, 0x00, 0x11, 0x05, 0x00, 0x00, 0x55, 0x05, 0x00
	.byte 0x00, 0x00, 0x00, 0x00, 0x00, 0x00, 0x00, 0x00, 0x11, 0x05, 0x11, 0x05, 0x11, 0x15, 0x51, 0x05
	.byte 0x55, 0x11, 0x55, 0x00, 0x10, 0x51, 0x11, 0x05, 0x11, 0x55, 0x11, 0x05, 0x55, 0x05, 0x55, 0x05
	.byte 0x00, 0x00, 0x00, 0x00, 0x10, 0x11, 0x11, 0x05, 0x51, 0x15, 0x55, 0x51, 0x51, 0x51, 0x51, 0x51
	.byte 0x51, 0x11, 0x55, 0x51, 0x51, 0x51, 0x51, 0x51, 0x51, 0x55, 0x55, 0x51, 0x15, 0x11, 0x11, 0x55
	.byte 0x00, 0x00, 0x00, 0x00, 0x00, 0x11, 0x05, 0x00, 0x00, 0x11, 0x05, 0x00, 0x00, 0x51, 0x05, 0x00
	.byte 0x00, 0x55, 0x00, 0x00, 0x00, 0x00, 0x00, 0x00, 0x00, 0x00, 0x00, 0x00, 0x00, 0x00, 0x00, 0x00
	.byte 0x00, 0x00, 0x00, 0x00, 0x00, 0x11, 0x05, 0x00, 0x10, 0x51, 0x05, 0x00, 0x10, 0x51, 0x00, 0x00
	.byte 0x10, 0x51, 0x00, 0x00, 0x10, 0x51, 0x00, 0x00, 0x50, 0x11, 0x05, 0x00, 0x00, 0x55, 0x05, 0x00
	.byte 0x00, 0x00, 0x00, 0x00, 0x10, 0x51, 0x00, 0x00, 0x50, 0x11, 0x05, 0x00, 0x00, 0x11, 0x05, 0x00
	.byte 0x00, 0x11, 0x05, 0x00, 0x00, 0x11, 0x05, 0x00, 0x10, 0x51, 0x05, 0x00, 0x50, 0x55, 0x00, 0x00
	.byte 0x00, 0x00, 0x00, 0x00, 0x00, 0x00, 0x00, 0x00, 0x10, 0x05, 0x51, 0x00, 0x50, 0x11, 0x55, 0x00
	.byte 0x11, 0x11, 0x11, 0x05, 0x55, 0x11, 0x55, 0x05, 0x10, 0x55, 0x51, 0x00, 0x50, 0x05, 0x55, 0x00
	.byte 0x00, 0x00, 0x00, 0x00, 0x00, 0x00, 0x00, 0x00, 0x00, 0x11, 0x05, 0x00, 0x00, 0x11, 0x05, 0x00
	.byte 0x11, 0x11, 0x11, 0x05, 0x55, 0x11, 0x55, 0x05, 0x00, 0x11, 0x05, 0x00, 0x00, 0x55, 0x05, 0x00
	.byte 0x00, 0x00, 0x00, 0x00, 0x00, 0x00, 0x00, 0x00, 0x00, 0x00, 0x00, 0x00, 0x00, 0x00, 0x00, 0x00
	.byte 0x00, 0x00, 0x00, 0x00, 0x00, 0x11, 0x05, 0x00, 0x00, 0x11, 0x05, 0x00, 0x00, 0x51, 0x05, 0x00
	.byte 0x00, 0x00, 0x00, 0x00, 0x00, 0x00, 0x00, 0x00, 0x00, 0x00, 0x00, 0x00, 0x00, 0x00, 0x00, 0x00
	.byte 0x11, 0x11, 0x11, 0x05, 0x55, 0x55, 0x55, 0x05, 0x00, 0x00, 0x00, 0x00, 0x00, 0x00, 0x00, 0x00
	.byte 0x00, 0x00, 0x00, 0x00, 0x00, 0x00, 0x00, 0x00, 0x00, 0x00, 0x00, 0x00, 0x00, 0x00, 0x00, 0x00
	.byte 0x00, 0x00, 0x00, 0x00, 0x00, 0x11, 0x05, 0x00, 0x00, 0x11, 0x05, 0x00, 0x00, 0x55, 0x05, 0x00
	.byte 0x00, 0x00, 0x00, 0x00, 0x00, 0x00, 0x10, 0x51, 0x00, 0x00, 0x11, 0x55, 0x00, 0x10, 0x51, 0x05
	.byte 0x00, 0x11, 0x55, 0x00, 0x10, 0x51, 0x05, 0x00, 0x11, 0x55, 0x00, 0x00, 0x55, 0x05, 0x00, 0x00
	.byte 0x00, 0x00, 0x00, 0x00, 0x10, 0x11, 0x11, 0x05, 0x11, 0x55, 0x11, 0x05, 0x11, 0x05, 0x11, 0x05
	.byte 0x11, 0x05, 0x11, 0x05, 0x11, 0x05, 0x11, 0x05, 0x15, 0x11, 0x51, 0x05, 0x50, 0x55, 0x55, 0x00
	.byte 0x00, 0x00, 0x00, 0x00, 0x10, 0x11, 0x05, 0x00, 0x11, 0x11, 0x05, 0x00, 0x55, 0x11, 0x05, 0x00
	.byte 0x00, 0x11, 0x05, 0x00, 0x00, 0x11, 0x05, 0x00, 0x00, 0x11, 0x05, 0x00, 0x00, 0x55, 0x05, 0x00
	.byte 0x00, 0x00, 0x00, 0x00, 0x11, 0x11, 0x11, 0x05, 0x55, 0x55, 0x11, 0x05, 0x11, 0x11, 0x11, 0x05
	.byte 0x11, 0x55, 0x55, 0x05, 0x11, 0x05, 0x00, 0x00, 0x11, 0x11, 0x11, 0x05, 0x55, 0x55, 0x55, 0x05
	.byte 0x00, 0x00, 0x00, 0x00, 0x10, 0x11, 0x51, 0x00, 0x50, 0x15, 0x51, 0x00, 0x10, 0x11, 0x51, 0x00
	.byte 0x50, 0x55, 0x11, 0x05, 0x00, 0x00, 0x11, 0x05, 0x11, 0x11, 0x11, 0x05, 0x55, 0x55, 0x55, 0x05
	.byte 0x00, 0x00, 0x00, 0x00, 0x11, 0x05, 0x00, 0x00, 0x11, 0x05, 0x11, 0x05, 0x11, 0x05, 0x11, 0x05
	.byte 0x11, 0x05, 0x11, 0x05, 0x11, 0x11, 0x11, 0x05, 0x55, 0x55, 0x11, 0x05, 0x00, 0x00, 0x55, 0x05
	.byte 0x00, 0x00, 0x00, 0x00, 0x11, 0x11, 0x11, 0x05, 0x11, 0x55, 0x55, 0x05, 0x11, 0x11, 0x11, 0x05
	.byte 0x55, 0x55, 0x11, 0x05, 0x00, 0x00, 0x11, 0x05, 0x11, 0x11, 0x11, 0x05, 0x55, 0x55, 0x55, 0x05
	.byte 0x00, 0x00, 0x00, 0x00, 0x51, 0x00, 0x00, 0x00, 0x51, 0x00, 0x00, 0x00, 0x11, 0x11, 0x11, 0x05
	.byte 0x11, 0x55, 0x11, 0x05, 0x11, 0x05, 0x11, 0x05, 0x11, 0x11, 0x11, 0x05, 0x55, 0x55, 0x55, 0x05
	.byte 0x00, 0x00, 0x00, 0x00, 0x11, 0x11, 0x11, 0x05, 0x55, 0x15, 0x11, 0x05, 0x00, 0x10, 0x11, 0x05
	.byte 0x00, 0x11, 0x51, 0x05, 0x00, 0x11, 0x55, 0x00, 0x10, 0x11, 0x05, 0x00, 0x50, 0x55, 0x05, 0x00
	.byte 0x00, 0x00, 0x00, 0x00, 0x10, 0x11, 0x51, 0x00, 0x10, 0x55, 0x51, 0x00, 0x10, 0x05, 0x11, 0x05
	.byte 0x11, 0x11, 0x11, 0x05, 0x11, 0x55, 0x11, 0x05, 0x11, 0x11, 0x11, 0x05, 0x55, 0x55, 0x55, 0x05
	.byte 0x00, 0x00, 0x00, 0x00, 0x11, 0x11, 0x11, 0x05, 0x11, 0x55, 0x11, 0x05, 0x11, 0x05, 0x11, 0x05
	.byte 0x11, 0x11, 0x11, 0x05, 0x55, 0x55, 0x11, 0x05, 0x10, 0x11, 0x11, 0x05, 0x50, 0x55, 0x55, 0x05
	.byte 0x00, 0x00, 0x00, 0x00, 0x00, 0x00, 0x00, 0x00, 0x00, 0x11, 0x05, 0x00, 0x00, 0x11, 0x05, 0x00
	.byte 0x00, 0x55, 0x05, 0x00, 0x00, 0x11, 0x05, 0x00, 0x00, 0x11, 0x05, 0x00, 0x00, 0x51, 0x05, 0x00
	.byte 0x00, 0x00, 0x00, 0x00, 0x00, 0x00, 0x00, 0x00, 0x00, 0x11, 0x05, 0x00, 0x10, 0x51, 0x05, 0x00
	.byte 0x11, 0x55, 0x00, 0x00, 0x15, 0x51, 0x00, 0x00, 0x50, 0x11, 0x05, 0x00, 0x00, 0x55, 0x05, 0x00
	.byte 0x00, 0x00, 0x00, 0x00, 0x00, 0x00, 0x00, 0x00, 0x00, 0x00, 0x00, 0x00, 0x11, 0x11, 0x11, 0x05
	.byte 0x55, 0x55, 0x55, 0x05, 0x11, 0x11, 0x11, 0x05, 0x55, 0x55, 0x55, 0x05, 0x00, 0x00, 0x00, 0x00
	.byte 0x00, 0x00, 0x00, 0x00, 0x00, 0x00, 0x00, 0x00, 0x11, 0x05, 0x00, 0x00, 0x15, 0x51, 0x00, 0x00
	.byte 0x50, 0x11, 0x05, 0x00, 0x10, 0x51, 0x05, 0x00, 0x11, 0x55, 0x00, 0x00, 0x55, 0x05, 0x00, 0x00
	.byte 0x00, 0x00, 0x00, 0x00, 0x00, 0x00, 0x00, 0x00, 0x11, 0x11, 0x11, 0x05, 0x55, 0x55, 0x15, 0x51
	.byte 0x00, 0x11, 0x11, 0x55, 0x00, 0x55, 0x55, 0x05, 0x00, 0x11, 0x51, 0x00, 0x00, 0x55, 0x55, 0x00
	.byte 0x00, 0x00, 0x00, 0x00, 0x10, 0x11, 0x11, 0x05, 0x51, 0x55, 0x55, 0x51, 0x51, 0x10, 0x51, 0x51
	.byte 0x51, 0x51, 0x55, 0x51, 0x51, 0x15, 0x51, 0x51, 0x51, 0x50, 0x55, 0x51, 0x15, 0x11, 0x11, 0x55
	.byte 0x00, 0x00, 0x00, 0x00, 0x10, 0x11, 0x51, 0x00, 0x10, 0x55, 0x11, 0x05, 0x11, 0x05, 0x11, 0x05
	.byte 0x11, 0x11, 0x11, 0x05, 0x11, 0x55, 0x11, 0x05, 0x11, 0x05, 0x11, 0x05, 0x55, 0x05, 0x55, 0x05
	.byte 0x00, 0x00, 0x00, 0x00, 0x11, 0x11, 0x51, 0x00, 0x11, 0x55, 0x51, 0x00, 0x11, 0x11, 0x51, 0x00
	.byte 0x11, 0x55, 0x11, 0x05, 0x11, 0x05, 0x11, 0x05, 0x11, 0x11, 0x11, 0x05, 0x55, 0x55, 0x55, 0x05
	.byte 0x00, 0x00, 0x00, 0x00, 0x10, 0x11, 0x11, 0x05, 0x11, 0x55, 0x55, 0x05, 0x11, 0x05, 0x00, 0x00
	.byte 0x11, 0x05, 0x00, 0x00, 0x11, 0x05, 0x00, 0x00, 0x11, 0x11, 0x11, 0x05, 0x55, 0x55, 0x55, 0x05
	.byte 0x00, 0x00, 0x00, 0x00, 0x11, 0x11, 0x51, 0x00, 0x11, 0x55, 0x11, 0x05, 0x11, 0x05, 0x11, 0x05
	.byte 0x11, 0x05, 0x11, 0x05, 0x11, 0x05, 0x11, 0x05, 0x11, 0x11, 0x11, 0x05, 0x55, 0x55, 0x55, 0x05
	.byte 0x00, 0x00, 0x00, 0x00, 0x00, 0x11, 0x11, 0x51, 0x10, 0x51, 0x55, 0x55, 0x10, 0x11, 0x11, 0x05
	.byte 0x10, 0x51, 0x55, 0x05, 0x10, 0x51, 0x00, 0x00, 0x10, 0x11, 0x11, 0x51, 0x50, 0x55, 0x55, 0x55
	.byte 0x00, 0x00, 0x00, 0x00, 0x10, 0x11, 0x11, 0x05, 0x11, 0x55, 0x55, 0x05, 0x11, 0x11, 0x11, 0x05
	.byte 0x11, 0x55, 0x55, 0x05, 0x11, 0x05, 0x00, 0x00, 0x11, 0x05, 0x00, 0x00, 0x55, 0x05, 0x00, 0x00
	.byte 0x00, 0x00, 0x00, 0x00, 0x10, 0x11, 0x11, 0x05, 0x11, 0x55, 0x55, 0x05, 0x11, 0x05, 0x00, 0x00
	.byte 0x11, 0x15, 0x11, 0x05, 0x11, 0x55, 0x11, 0x05, 0x11, 0x11, 0x11, 0x05, 0x55, 0x55, 0x55, 0x05
	.byte 0x00, 0x00, 0x00, 0x00, 0x11, 0x05, 0x11, 0x05, 0x11, 0x05, 0x11, 0x05, 0x11, 0x11, 0x11, 0x05
	.byte 0x11, 0x55, 0x11, 0x05, 0x11, 0x05, 0x11, 0x05, 0x11, 0x05, 0x11, 0x05, 0x55, 0x05, 0x55, 0x05
	.byte 0x00, 0x00, 0x00, 0x00, 0x11, 0x11, 0x11, 0x05, 0x55, 0x11, 0x55, 0x05, 0x00, 0x11, 0x05, 0x00
	.byte 0x00, 0x11, 0x05, 0x00, 0x00, 0x11, 0x05, 0x00, 0x11, 0x11, 0x11, 0x05, 0x55, 0x55, 0x55, 0x05
	.byte 0x00, 0x00, 0x00, 0x00, 0x00, 0x10, 0x11, 0x51, 0x00, 0x50, 0x11, 0x55, 0x00, 0x00, 0x11, 0x05
	.byte 0x11, 0x05, 0x11, 0x05, 0x11, 0x05, 0x11, 0x05, 0x11, 0x11, 0x11, 0x05, 0x55, 0x55, 0x55, 0x05
	.byte 0x00, 0x00, 0x00, 0x00, 0x11, 0x05, 0x11, 0x05, 0x11, 0x15, 0x51, 0x05, 0x11, 0x11, 0x55, 0x00
	.byte 0x11, 0x11, 0x51, 0x00, 0x11, 0x15, 0x11, 0x05, 0x11, 0x55, 0x11, 0x05, 0x55, 0x05, 0x55, 0x05
	.byte 0x00, 0x00, 0x00, 0x00, 0x10, 0x51, 0x00, 0x00, 0x10, 0x51, 0x00, 0x00, 0x10, 0x51, 0x00, 0x00
	.byte 0x10, 0x51, 0x00, 0x00, 0x10, 0x51, 0x00, 0x00, 0x10, 0x11, 0x11, 0x05, 0x50, 0x55, 0x55, 0x05
	.byte 0x00, 0x00, 0x00, 0x00, 0x11, 0x00, 0x10, 0x51, 0x11, 0x01, 0x11, 0x51, 0x11, 0x11, 0x11, 0x51
	.byte 0x11, 0x15, 0x15, 0x51, 0x11, 0x55, 0x15, 0x51, 0x11, 0x05, 0x10, 0x51, 0x55, 0x05, 0x50, 0x55
	.byte 0x00, 0x00, 0x00, 0x00, 0x11, 0x05, 0x11, 0x05, 0x11, 0x51, 0x11, 0x05, 0x11, 0x11, 0x11, 0x05
	.byte 0x11, 0x15, 0x11, 0x05, 0x11, 0x55, 0x11, 0x05, 0x11, 0x05, 0x11, 0x05, 0x55, 0x05, 0x55, 0x05
	.byte 0x00, 0x00, 0x00, 0x00, 0x10, 0x11, 0x11, 0x05, 0x11, 0x55, 0x11, 0x05, 0x11, 0x05, 0x11, 0x05
	.byte 0x11, 0x05, 0x11, 0x05, 0x11, 0x05, 0x11, 0x05, 0x11, 0x11, 0x11, 0x05, 0x55, 0x55, 0x55, 0x05
	.byte 0x00, 0x00, 0x00, 0x00, 0x10, 0x11, 0x11, 0x05, 0x11, 0x55, 0x11, 0x05, 0x11, 0x05, 0x11, 0x05
	.byte 0x11, 0x05, 0x11, 0x05, 0x11, 0x11, 0x11, 0x05, 0x11, 0x55, 0x55, 0x05, 0x11, 0x05, 0x00, 0x00
	.byte 0x00, 0x00, 0x00, 0x00, 0x10, 0x11, 0x11, 0x05, 0x11, 0x55, 0x11, 0x05, 0x11, 0x05, 0x11, 0x05
	.byte 0x11, 0x05, 0x11, 0x05, 0x11, 0x15, 0x11, 0x05, 0x11, 0x11, 0x11, 0x05, 0x55, 0x15, 0x51, 0x05
	.byte 0x00, 0x00, 0x00, 0x00, 0x10, 0x11, 0x11, 0x05, 0x11, 0x55, 0x11, 0x05, 0x11, 0x05, 0x11, 0x05
	.byte 0x11, 0x11, 0x11, 0x05, 0x11, 0x15, 0x51, 0x05, 0x11, 0x55, 0x11, 0x05, 0x55, 0x05, 0x55, 0x05
	.byte 0x00, 0x00, 0x00, 0x00, 0x10, 0x11, 0x11, 0x05, 0x11, 0x55, 0x55, 0x05, 0x11, 0x11, 0x11, 0x05
	.byte 0x55, 0x55, 0x11, 0x05, 0x00, 0x00, 0x11, 0x05, 0x11, 0x11, 0x11, 0x05, 0x55, 0x55, 0x55, 0x05
	.byte 0x00, 0x00, 0x00, 0x00, 0x11, 0x11, 0x11, 0x05, 0x55, 0x11, 0x55, 0x05, 0x00, 0x11, 0x05, 0x00
	.byte 0x00, 0x11, 0x05, 0x00, 0x00, 0x11, 0x05, 0x00, 0x00, 0x11, 0x05, 0x00, 0x00, 0x55, 0x05, 0x00
	.byte 0x00, 0x00, 0x00, 0x00, 0x11, 0x05, 0x11, 0x05, 0x11, 0x05, 0x11, 0x05, 0x11, 0x05, 0x11, 0x05
	.byte 0x11, 0x05, 0x11, 0x05, 0x11, 0x05, 0x11, 0x05, 0x11, 0x11, 0x11, 0x05, 0x55, 0x55, 0x55, 0x05
	.byte 0x00, 0x00, 0x00, 0x00, 0x11, 0x51, 0x00, 0x51, 0x11, 0x51, 0x10, 0x51, 0x15, 0x11, 0x15, 0x05
	.byte 0x10, 0x11, 0x11, 0x05, 0x50, 0x11, 0x51, 0x00, 0x00, 0x11, 0x51, 0x00, 0x00, 0x55, 0x05, 0x00
	.byte 0x00, 0x00, 0x00, 0x00, 0x11, 0x05, 0x10, 0x51, 0x11, 0x05, 0x10, 0x51, 0x11, 0x15, 0x15, 0x51
	.byte 0x11, 0x11, 0x11, 0x51, 0x11, 0x51, 0x11, 0x51, 0x11, 0x55, 0x15, 0x51, 0x55, 0x05, 0x50, 0x55
	.byte 0x00, 0x00, 0x00, 0x00, 0x11, 0x05, 0x10, 0x05, 0x11, 0x51, 0x51, 0x05, 0x15, 0x11, 0x55, 0x00
	.byte 0x50, 0x11, 0x51, 0x00, 0x10, 0x15, 0x11, 0x05, 0x51, 0x55, 0x11, 0x51, 0x55, 0x00, 0x55, 0x55
	.byte 0x00, 0x00, 0x00, 0x00, 0x11, 0x51, 0x00, 0x10, 0x15, 0x11, 0x05, 0x51, 0x50, 0x11, 0x11, 0x55
	.byte 0x00, 0x15, 0x51, 0x05, 0x00, 0x10, 0x51, 0x00, 0x00, 0x10, 0x51, 0x00, 0x00, 0x50, 0x55, 0x00
	.byte 0x00, 0x00, 0x00, 0x00, 0x11, 0x11, 0x11, 0x05, 0x55, 0x15, 0x11, 0x05, 0x00, 0x11, 0x11, 0x05
	.byte 0x10, 0x11, 0x51, 0x05, 0x11, 0x11, 0x55, 0x00, 0x11, 0x11, 0x11, 0x05, 0x55, 0x55, 0x55, 0x05
	.byte 0x00, 0x00, 0x00, 0x00, 0x10, 0x11, 0x05, 0x00, 0x10, 0x51, 0x05, 0x00, 0x10, 0x51, 0x00, 0x00
	.byte 0x10, 0x51, 0x00, 0x00, 0x10, 0x51, 0x00, 0x00, 0x10, 0x11, 0x05, 0x00, 0x50, 0x55, 0x05, 0x00
	.byte 0x00, 0x00, 0x00, 0x00, 0x00, 0x00, 0x00, 0x00, 0x11, 0x05, 0x00, 0x00, 0x15, 0x51, 0x00, 0x00
	.byte 0x50, 0x11, 0x05, 0x00, 0x00, 0x15, 0x51, 0x00, 0x00, 0x50, 0x11, 0x05, 0x00, 0x00, 0x55, 0x05
	.byte 0x00, 0x00, 0x00, 0x00, 0x10, 0x11, 0x05, 0x00, 0x50, 0x11, 0x05, 0x00, 0x00, 0x11, 0x05, 0x00
	.byte 0x00, 0x11, 0x05, 0x00, 0x00, 0x11, 0x05, 0x00, 0x10, 0x11, 0x05, 0x00, 0x50, 0x55, 0x05, 0x00
	.byte 0x00, 0x00, 0x00, 0x00, 0x10, 0x11, 0x05, 0x00, 0x11, 0x15, 0x51, 0x00, 0x51, 0x55, 0x51, 0x00
	.byte 0x55, 0x00, 0x55, 0x00, 0x00, 0x00, 0x00, 0x00, 0x00, 0x00, 0x00, 0x00, 0x00, 0x00, 0x00, 0x00
	.byte 0x00, 0x00, 0x00, 0x00, 0x00, 0x00, 0x00, 0x00, 0x00, 0x00, 0x00, 0x00, 0x00, 0x00, 0x00, 0x00
	.byte 0x00, 0x00, 0x00, 0x00, 0x00, 0x00, 0x00, 0x00, 0x11, 0x11, 0x11, 0x51, 0x55, 0x55, 0x55, 0x55
	.byte 0x55, 0x55, 0x55, 0x55, 0x55, 0x55, 0x55, 0x55, 0x55, 0x55, 0x55, 0x55, 0x55, 0x55, 0x55, 0x55
	.byte 0x55, 0x55, 0x55, 0x55, 0x55, 0x55, 0x55, 0x55, 0x55, 0x55, 0x55, 0x55, 0x55, 0x55, 0x55, 0x55
	.byte 0x30, 0x80, 0x00, 0x00, 0x00, 0x30, 0x80, 0x33, 0x3C, 0x30, 0x11, 0x11, 0x32, 0x30, 0x11, 0x13
	.byte 0x31, 0x30, 0x11, 0x13, 0x31, 0x30, 0x11, 0x11, 0x32, 0x30, 0x11, 0x33, 0x33, 0x30, 0x11, 0x03
	.byte 0x00, 0x30, 0x11, 0x03, 0x00, 0x33, 0x33, 0x03, 0x00, 0x13, 0x11, 0x03, 0x00, 0x33, 0x11, 0x03
	.byte 0x00, 0x30, 0x11, 0x03, 0x00, 0x30, 0x11, 0x03, 0x00, 0x30, 0x11, 0x03, 0x00, 0x33, 0x11, 0x33
	.byte 0x00, 0x13, 0x11, 0x31, 0x00, 0x30, 0x80, 0x33, 0x13, 0x30, 0x46, 0x44, 0x44, 0x00, 0x63, 0x44
	.byte 0x44, 0x00, 0x30, 0x46, 0x44, 0x00, 0x00, 0x63, 0x44, 0x00, 0x00, 0x30, 0x46, 0x80, 0x00, 0x00
	.byte 0x63, 0x80, 0x00, 0x00, 0x30, 0x80, 0x33, 0x11, 0x00, 0x44, 0x44, 0x36, 0x00, 0x44, 0x64, 0x03
	.byte 0x00, 0x44, 0x36, 0x00, 0x00, 0x64, 0x03, 0x00, 0x00, 0x36, 0x80, 0x00, 0x00, 0x03, 0x84, 0x00
	.byte 0x30, 0x80, 0x00, 0x00, 0x00, 0x30, 0x80, 0x33, 0x3C, 0x30, 0x11, 0x11, 0x32, 0x30, 0x11, 0x13
	.byte 0x31, 0x30, 0x11, 0x13, 0x31, 0x30, 0x11, 0x11, 0x32, 0x30, 0x11, 0x33, 0x33, 0x30, 0x11, 0x03
	.byte 0x00, 0x30, 0x11, 0x03, 0x00, 0x33, 0x33, 0x03, 0x00, 0x13, 0x11, 0x03, 0x00, 0x33, 0x11, 0x03
	.byte 0x00, 0x30, 0x11, 0x03, 0x00, 0x30, 0x11, 0x03, 0x00, 0x30, 0x11, 0x03, 0x00, 0x33, 0x11, 0x33
	.byte 0x00, 0x13, 0x11, 0x31, 0x00, 0x30, 0x80, 0x33, 0x13, 0x30, 0x56, 0x55, 0x55, 0x00, 0x63, 0x55
	.byte 0x55, 0x00, 0x30, 0x56, 0x55, 0x00, 0x00, 0x63, 0x55, 0x00, 0x00, 0x30, 0x56, 0x80, 0x00, 0x00
	.byte 0x63, 0x80, 0x00, 0x00, 0x30, 0x80, 0x33, 0x11, 0x00, 0x55, 0x55, 0x36, 0x00, 0x55, 0x65, 0x03
	.byte 0x00, 0x55, 0x36, 0x00, 0x00, 0x65, 0x03, 0x00, 0x00, 0x36, 0x80, 0x00, 0x00, 0x03, 0x84, 0x00
	.byte 0x30, 0x80, 0x00, 0x00, 0x00, 0x30, 0x80, 0x33, 0x3C, 0x30, 0x11, 0x11, 0x32, 0x30, 0x11, 0x13
	.byte 0x31, 0x30, 0x11, 0x13, 0x31, 0x30, 0x11, 0x11, 0x32, 0x30, 0x11, 0x33, 0x33, 0x30, 0x11, 0x03
	.byte 0x00, 0x30, 0x11, 0x03, 0x00, 0x33, 0x33, 0x03, 0x00, 0x13, 0x11, 0x03, 0x00, 0x33, 0x11, 0x03
	.byte 0x00, 0x30, 0x11, 0x03, 0x00, 0x30, 0x11, 0x03, 0x00, 0x30, 0x11, 0x03, 0x00, 0x33, 0x11, 0x33
	.byte 0x00, 0x13, 0x11, 0x31, 0x00, 0x30, 0x80, 0x33, 0x13, 0x30, 0x56, 0x55, 0x55, 0x00, 0x63, 0x55
	.byte 0x55, 0x00, 0x30, 0x56, 0x55, 0x00, 0x00, 0x63, 0x55, 0x00, 0x00, 0x30, 0x56, 0x80, 0x00, 0x00
	.byte 0x63, 0x80, 0x00, 0x00, 0x30, 0x80, 0x33, 0x11, 0x00, 0x55, 0x55, 0x36, 0x00, 0x55, 0x65, 0x03
	.byte 0x00, 0x55, 0x36, 0x00, 0x00, 0x65, 0x03, 0x00, 0x00, 0x36, 0x80, 0x00, 0x00, 0x03, 0x84, 0x00
	.byte 0x30, 0x80, 0x00, 0x00, 0x00, 0x30, 0x80, 0x33, 0x3C, 0x30, 0x11, 0x11, 0x32, 0x30, 0x11, 0x13
	.byte 0x31, 0x30, 0x11, 0x13, 0x31, 0x30, 0x11, 0x11, 0x32, 0x30, 0x11, 0x33, 0x33, 0x30, 0x11, 0x03
	.byte 0x00, 0x30, 0x11, 0x03, 0x00, 0x33, 0x33, 0x03, 0x00, 0x13, 0x11, 0x03, 0x00, 0x33, 0x11, 0x03
	.byte 0x00, 0x30, 0x11, 0x03, 0x00, 0x30, 0x11, 0x03, 0x00, 0x30, 0x11, 0x03, 0x00, 0x33, 0x11, 0x33
	.byte 0x00, 0x13, 0x11, 0x31, 0x00, 0x30, 0x80, 0x33, 0x00, 0x30, 0x80, 0x66, 0x0F, 0x00, 0x63, 0x66
	.byte 0x66, 0x00, 0x30, 0x66, 0x66, 0x00, 0x00, 0x63, 0x66, 0x00, 0x00, 0x30, 0x66, 0x80, 0x00, 0x00
	.byte 0x63, 0x80, 0x00, 0x00, 0x30, 0x80, 0x33, 0x11, 0x00, 0x66, 0x66, 0x36, 0x00, 0x66, 0x66, 0x03
	.byte 0x00, 0x66, 0x36, 0x00, 0x00, 0x66, 0x03, 0x00, 0x00, 0x36, 0x80, 0x00, 0x00, 0x03, 0x84, 0x00
	.byte 0x30, 0x80, 0x00, 0x00, 0x00, 0x30, 0x80, 0x33, 0x3C, 0x30, 0x11, 0x11, 0x32, 0x30, 0x11, 0x13
	.byte 0x31, 0x30, 0x11, 0x13, 0x31, 0x30, 0x11, 0x11, 0x32, 0x30, 0x11, 0x33, 0x33, 0x30, 0x11, 0x03
	.byte 0x00, 0x30, 0x11, 0x03, 0x00, 0x33, 0x33, 0x03, 0x00, 0x13, 0x11, 0x03, 0x00, 0x33, 0x11, 0x03
	.byte 0x00, 0x30, 0x11, 0x03, 0x00, 0x30, 0x11, 0x03, 0x00, 0x30, 0x11, 0x03, 0x00, 0x33, 0x11, 0x33
	.byte 0x00, 0x13, 0x11, 0x31, 0x00, 0x30, 0x80, 0x33, 0x13, 0x30, 0x56, 0x55, 0x55, 0x00, 0x63, 0x55
	.byte 0x55, 0x00, 0x30, 0x56, 0x55, 0x00, 0x00, 0x63, 0x55, 0x00, 0x00, 0x30, 0x56, 0x80, 0x00, 0x00
	.byte 0x63, 0x80, 0x00, 0x00, 0x30, 0x80, 0x33, 0x11, 0x00, 0x55, 0x55, 0x36, 0x00, 0x55, 0x65, 0x03
	.byte 0x00, 0x55, 0x36, 0x00, 0x00, 0x65, 0x03, 0x00, 0x00, 0x36, 0x80, 0x00, 0x00, 0x03, 0x84, 0x00
	.byte 0x30, 0x80, 0x00, 0x00, 0x00, 0x30, 0x80, 0x33, 0x3C, 0x30, 0x11, 0x11, 0x32, 0x30, 0x11, 0x13
	.byte 0x31, 0x30, 0x11, 0x13, 0x31, 0x30, 0x11, 0x11, 0x32, 0x30, 0x11, 0x33, 0x33, 0x30, 0x11, 0x03
	.byte 0x00, 0x30, 0x11, 0x03, 0x00, 0x33, 0x33, 0x03, 0x00, 0x13, 0x11, 0x03, 0x00, 0x33, 0x11, 0x03
	.byte 0x00, 0x30, 0x11, 0x03, 0x00, 0x30, 0x11, 0x03, 0x00, 0x30, 0x11, 0x03, 0x00, 0x33, 0x11, 0x33
	.byte 0x00, 0x13, 0x11, 0x31, 0x00, 0x30, 0x80, 0x33, 0x13, 0x30, 0x56, 0x55, 0x55, 0x00, 0x63, 0x55
	.byte 0x55, 0x00, 0x30, 0x56, 0x55, 0x00, 0x00, 0x63, 0x55, 0x00, 0x00, 0x30, 0x56, 0x80, 0x00, 0x00
	.byte 0x63, 0x80, 0x00, 0x00, 0x30, 0x80, 0x33, 0x11, 0x00, 0x55, 0x55, 0x36, 0x00, 0x55, 0x65, 0x03
	.byte 0x00, 0x55, 0x36, 0x00, 0x00, 0x65, 0x03, 0x00, 0x00, 0x36, 0x80, 0x00, 0x00, 0x03, 0x84, 0x00
	.byte 0x30, 0x80, 0x00, 0x00, 0x00, 0x30, 0x80, 0x33, 0x3C, 0x30, 0x11, 0x11, 0x32, 0x30, 0x11, 0x13
	.byte 0x31, 0x30, 0x11, 0x13, 0x31, 0x30, 0x11, 0x11, 0x32, 0x30, 0x11, 0x33, 0x33, 0x30, 0x11, 0x03
	.byte 0x00, 0x30, 0x11, 0x03, 0x00, 0x33, 0x33, 0x03, 0x00, 0x13, 0x11, 0x03, 0x00, 0x33, 0x11, 0x03
	.byte 0x00, 0x30, 0x11, 0x03, 0x00, 0x30, 0x11, 0x03, 0x00, 0x30, 0x11, 0x03, 0x00, 0x33, 0x11, 0x33
	.byte 0x00, 0x13, 0x11, 0x31, 0x00, 0x30, 0x80, 0x33, 0x13, 0x30, 0x45, 0x44, 0x44, 0x00, 0x53, 0x44
	.byte 0x44, 0x00, 0x30, 0x45, 0x44, 0x00, 0x00, 0x53, 0x44, 0x00, 0x00, 0x30, 0x45, 0x80, 0x00, 0x00
	.byte 0x53, 0x80, 0x00, 0x00, 0x30, 0x80, 0x33, 0x11, 0x00, 0x44, 0x44, 0x35, 0x00, 0x44, 0x54, 0x03
	.byte 0x00, 0x44, 0x35, 0x00, 0x00, 0x54, 0x03, 0x00, 0x00, 0x35, 0x80, 0x00, 0x00, 0x03, 0x84, 0x00
	.byte 0x2C, 0x19, 0xFE, 0x7F, 0x10, 0x42, 0x42, 0x08, 0xFF, 0x03, 0xF7, 0x02, 0xF0, 0x01, 0x1F, 0x00
	.byte 0x19, 0x00, 0x14, 0x00, 0xE0, 0x03, 0xE0, 0x02, 0x00, 0x02, 0x00, 0x7E, 0x00, 0x69, 0x00, 0x54
	.byte 0x30, 0x80, 0x00, 0x00, 0x00, 0x30, 0x80, 0x33, 0x1B, 0x30, 0x11, 0x11, 0x32, 0x30, 0x11, 0x13
	.byte 0x31, 0x30, 0x11, 0x13, 0x31, 0x30, 0x11, 0x11, 0x32, 0x30, 0x11, 0x33, 0x33, 0x30, 0x11, 0x03
	.byte 0x30, 0x30, 0x11, 0x03, 0x30, 0x80, 0x33, 0x1D, 0x00, 0x11, 0x11, 0x32, 0x00, 0x33, 0x13, 0x31
	.byte 0x00, 0x33, 0x13, 0x31, 0x00, 0x12, 0x11, 0x32, 0x00, 0x11, 0x33, 0x33, 0x00, 0x11, 0x33, 0x33
	.byte 0x00, 0x11, 0x11, 0x31, 0x00, 0x30, 0x80, 0x33, 0x13, 0x30, 0xAB, 0xAA, 0xAA, 0x00, 0xB3, 0xAA
	.byte 0xAA, 0x00, 0x30, 0xAB, 0xAA, 0x00, 0x00, 0xB3, 0xAA, 0x00, 0x00, 0x30, 0xAB, 0x80, 0x00, 0x00
	.byte 0xB3, 0x80, 0x00, 0x00, 0x30, 0x80, 0x33, 0x11, 0x00, 0xAA, 0xAA, 0x3B, 0x00, 0xAA, 0xBA, 0x03
	.byte 0x00, 0xAA, 0x3B, 0x00, 0x00, 0xBA, 0x03, 0x00, 0x00, 0x3B, 0x80, 0x00, 0x00, 0x03, 0x84, 0x00
	.byte 0x30, 0x80, 0x00, 0x00, 0x00, 0x30, 0x80, 0x33, 0x1B, 0x30, 0x11, 0x11, 0x32, 0x30, 0x11, 0x13
	.byte 0x31, 0x30, 0x11, 0x13, 0x31, 0x30, 0x11, 0x11, 0x32, 0x30, 0x11, 0x33, 0x33, 0x30, 0x11, 0x03
	.byte 0x30, 0x30, 0x11, 0x03, 0x30, 0x80, 0x33, 0x1D, 0x00, 0x11, 0x11, 0x32, 0x00, 0x33, 0x13, 0x31
	.byte 0x00, 0x33, 0x13, 0x31, 0x00, 0x12, 0x11, 0x32, 0x00, 0x11, 0x33, 0x33, 0x00, 0x11, 0x33, 0x33
	.byte 0x00, 0x11, 0x11, 0x31, 0x00, 0x30, 0x80, 0x33, 0x13, 0x30, 0xBC, 0xBB, 0xBB, 0x00, 0xC3, 0xBB
	.byte 0xBB, 0x00, 0x30, 0xBC, 0xBB, 0x00, 0x00, 0xC3, 0xBB, 0x00, 0x00, 0x30, 0xBC, 0x80, 0x00, 0x00
	.byte 0xC3, 0x80, 0x00, 0x00, 0x30, 0x80, 0x33, 0x11, 0x00, 0xBB, 0xBB, 0x3C, 0x00, 0xBB, 0xCB, 0x03
	.byte 0x00, 0xBB, 0x3C, 0x00, 0x00, 0xCB, 0x03, 0x00, 0x00, 0x3C, 0x80, 0x00, 0x00, 0x03, 0x84, 0x00
	.byte 0x30, 0x80, 0x00, 0x00, 0x00, 0x30, 0x80, 0x33, 0x1B, 0x30, 0x11, 0x11, 0x32, 0x30, 0x11, 0x13
	.byte 0x31, 0x30, 0x11, 0x13, 0x31, 0x30, 0x11, 0x11, 0x32, 0x30, 0x11, 0x33, 0x33, 0x30, 0x11, 0x03
	.byte 0x30, 0x30, 0x11, 0x03, 0x30, 0x80, 0x33, 0x1D, 0x00, 0x11, 0x11, 0x32, 0x00, 0x33, 0x13, 0x31
	.byte 0x00, 0x33, 0x13, 0x31, 0x00, 0x12, 0x11, 0x32, 0x00, 0x11, 0x33, 0x33, 0x00, 0x11, 0x33, 0x33
	.byte 0x00, 0x11, 0x11, 0x31, 0x00, 0x30, 0x80, 0x33, 0x13, 0x30, 0xBC, 0xBB, 0xBB, 0x00, 0xC3, 0xBB
	.byte 0xBB, 0x00, 0x30, 0xBC, 0xBB, 0x00, 0x00, 0xC3, 0xBB, 0x00, 0x00, 0x30, 0xBC, 0x80, 0x00, 0x00
	.byte 0xC3, 0x80, 0x00, 0x00, 0x30, 0x80, 0x33, 0x11, 0x00, 0xBB, 0xBB, 0x3C, 0x00, 0xBB, 0xCB, 0x03
	.byte 0x00, 0xBB, 0x3C, 0x00, 0x00, 0xCB, 0x03, 0x00, 0x00, 0x3C, 0x80, 0x00, 0x00, 0x03, 0x84, 0x00
	.byte 0x30, 0x80, 0x00, 0x00, 0x00, 0x30, 0x80, 0x33, 0x1B, 0x30, 0x11, 0x11, 0x32, 0x30, 0x11, 0x13
	.byte 0x31, 0x30, 0x11, 0x13, 0x31, 0x30, 0x11, 0x11, 0x32, 0x30, 0x11, 0x33, 0x33, 0x30, 0x11, 0x03
	.byte 0x30, 0x30, 0x11, 0x03, 0x30, 0x80, 0x33, 0x1D, 0x00, 0x11, 0x11, 0x32, 0x00, 0x33, 0x13, 0x31
	.byte 0x00, 0x33, 0x13, 0x31, 0x00, 0x12, 0x11, 0x32, 0x00, 0x11, 0x33, 0x33, 0x00, 0x11, 0x33, 0x33
	.byte 0x00, 0x11, 0x11, 0x31, 0x00, 0x30, 0x80, 0x33, 0x00, 0x30, 0x80, 0xCC, 0x0F, 0x00, 0xC3, 0xCC
	.byte 0xCC, 0x00, 0x30, 0xCC, 0xCC, 0x00, 0x00, 0xC3, 0xCC, 0x00, 0x00, 0x30, 0xCC, 0x80, 0x00, 0x00
	.byte 0xC3, 0x80, 0x00, 0x00, 0x30, 0x80, 0x33, 0x11, 0x00, 0xCC, 0xCC, 0x3C, 0x00, 0xCC, 0xCC, 0x03
	.byte 0x00, 0xCC, 0x3C, 0x00, 0x00, 0xCC, 0x03, 0x00, 0x00, 0x3C, 0x80, 0x00, 0x00, 0x03, 0x84, 0x00
	.byte 0x30, 0x80, 0x00, 0x00, 0x00, 0x30, 0x80, 0x33, 0x1B, 0x30, 0x11, 0x11, 0x32, 0x30, 0x11, 0x13
	.byte 0x31, 0x30, 0x11, 0x13, 0x31, 0x30, 0x11, 0x11, 0x32, 0x30, 0x11, 0x33, 0x33, 0x30, 0x11, 0x03
	.byte 0x30, 0x30, 0x11, 0x03, 0x30, 0x80, 0x33, 0x1D, 0x00, 0x11, 0x11, 0x32, 0x00, 0x33, 0x13, 0x31
	.byte 0x00, 0x33, 0x13, 0x31, 0x00, 0x12, 0x11, 0x32, 0x00, 0x11, 0x33, 0x33, 0x00, 0x11, 0x33, 0x33
	.byte 0x00, 0x11, 0x11, 0x31, 0x00, 0x30, 0x80, 0x33, 0x13, 0x30, 0xBC, 0xBB, 0xBB, 0x00, 0xC3, 0xBB
	.byte 0xBB, 0x00, 0x30, 0xBC, 0xBB, 0x00, 0x00, 0xC3, 0xBB, 0x00, 0x00, 0x30, 0xBC, 0x80, 0x00, 0x00
	.byte 0xC3, 0x80, 0x00, 0x00, 0x30, 0x80, 0x33, 0x11, 0x00, 0xBB, 0xBB, 0x3C, 0x00, 0xBB, 0xCB, 0x03
	.byte 0x00, 0xBB, 0x3C, 0x00, 0x00, 0xCB, 0x03, 0x00, 0x00, 0x3C, 0x80, 0x00, 0x00, 0x03, 0x84, 0x00
	.byte 0x30, 0x80, 0x00, 0x00, 0x00, 0x30, 0x80, 0x33, 0x1B, 0x30, 0x11, 0x11, 0x32, 0x30, 0x11, 0x13
	.byte 0x31, 0x30, 0x11, 0x13, 0x31, 0x30, 0x11, 0x11, 0x32, 0x30, 0x11, 0x33, 0x33, 0x30, 0x11, 0x03
	.byte 0x30, 0x30, 0x11, 0x03, 0x30, 0x80, 0x33, 0x1D, 0x00, 0x11, 0x11, 0x32, 0x00, 0x33, 0x13, 0x31
	.byte 0x00, 0x33, 0x13, 0x31, 0x00, 0x12, 0x11, 0x32, 0x00, 0x11, 0x33, 0x33, 0x00, 0x11, 0x33, 0x33
	.byte 0x00, 0x11, 0x11, 0x31, 0x00, 0x30, 0x80, 0x33, 0x13, 0x30, 0xBC, 0xBB, 0xBB, 0x00, 0xC3, 0xBB
	.byte 0xBB, 0x00, 0x30, 0xBC, 0xBB, 0x00, 0x00, 0xC3, 0xBB, 0x00, 0x00, 0x30, 0xBC, 0x80, 0x00, 0x00
	.byte 0xC3, 0x80, 0x00, 0x00, 0x30, 0x80, 0x33, 0x11, 0x00, 0xBB, 0xBB, 0x3C, 0x00, 0xBB, 0xCB, 0x03
	.byte 0x00, 0xBB, 0x3C, 0x00, 0x00, 0xCB, 0x03, 0x00, 0x00, 0x3C, 0x80, 0x00, 0x00, 0x03, 0x84, 0x00
	.byte 0x30, 0x80, 0x00, 0x00, 0x00, 0x30, 0x80, 0x33, 0x1B, 0x30, 0x11, 0x11, 0x32, 0x30, 0x11, 0x13
	.byte 0x31, 0x30, 0x11, 0x13, 0x31, 0x30, 0x11, 0x11, 0x32, 0x30, 0x11, 0x33, 0x33, 0x30, 0x11, 0x03
	.byte 0x30, 0x30, 0x11, 0x03, 0x30, 0x80, 0x33, 0x1D, 0x00, 0x11, 0x11, 0x32, 0x00, 0x33, 0x13, 0x31
	.byte 0x00, 0x33, 0x13, 0x31, 0x00, 0x12, 0x11, 0x32, 0x00, 0x11, 0x33, 0x33, 0x00, 0x11, 0x33, 0x33
	.byte 0x00, 0x11, 0x11, 0x31, 0x00, 0x30, 0x80, 0x33, 0x13, 0x30, 0xAB, 0xAA, 0xAA, 0x00, 0xB3, 0xAA
	.byte 0xAA, 0x00, 0x30, 0xAB, 0xAA, 0x00, 0x00, 0xB3, 0xAA, 0x00, 0x00, 0x30, 0xAB, 0x80, 0x00, 0x00
	.byte 0xB3, 0x80, 0x00, 0x00, 0x30, 0x80, 0x33, 0x11, 0x00, 0xAA, 0xAA, 0x3B, 0x00, 0xAA, 0xBA, 0x03
	.byte 0x00, 0xAA, 0x3B, 0x00, 0x00, 0xBA, 0x03, 0x00, 0x00, 0x3B, 0x80, 0x00, 0x00, 0x03, 0x84, 0x00
	.byte 0x2C, 0x19, 0xFE, 0x7F, 0x10, 0x42, 0x42, 0x08, 0xFF, 0x03, 0xF7, 0x02, 0xF0, 0x01, 0x1F, 0x00
	.byte 0x19, 0x00, 0x14, 0x00, 0xE0, 0x03, 0xE0, 0x02, 0x00, 0x02, 0x00, 0x7E, 0x00, 0x69, 0x00, 0x54
	.byte 0x30, 0x80, 0x00, 0x00, 0x00, 0x30, 0x80, 0x33, 0x1B, 0x30, 0x11, 0x11, 0x32, 0x30, 0x11, 0x13
	.byte 0x31, 0x30, 0x11, 0x13, 0x31, 0x30, 0x11, 0x11, 0x32, 0x30, 0x11, 0x33, 0x33, 0x30, 0x11, 0x03
	.byte 0x30, 0x30, 0x11, 0x03, 0x30, 0x80, 0x33, 0x1D, 0x00, 0x11, 0x11, 0x32, 0x00, 0x33, 0x13, 0x31
	.byte 0x00, 0x33, 0x13, 0x31, 0x00, 0x13, 0x11, 0x32, 0x00, 0x33, 0x13, 0x31, 0x00, 0x33, 0x13, 0x31
	.byte 0x00, 0x11, 0x11, 0x32, 0x00, 0x30, 0x80, 0x33, 0x13, 0x30, 0x78, 0x77, 0x77, 0x00, 0x83, 0x77
	.byte 0x77, 0x00, 0x30, 0x78, 0x77, 0x00, 0x00, 0x83, 0x77, 0x00, 0x00, 0x30, 0x78, 0x80, 0x00, 0x00
	.byte 0x83, 0x80, 0x00, 0x00, 0x30, 0x80, 0x33, 0x11, 0x00, 0x77, 0x77, 0x38, 0x00, 0x77, 0x87, 0x03
	.byte 0x00, 0x77, 0x38, 0x00, 0x00, 0x87, 0x03, 0x00, 0x00, 0x38, 0x80, 0x00, 0x00, 0x03, 0x84, 0x00
	.byte 0x30, 0x80, 0x00, 0x00, 0x00, 0x30, 0x80, 0x33, 0x1B, 0x30, 0x11, 0x11, 0x32, 0x30, 0x11, 0x13
	.byte 0x31, 0x30, 0x11, 0x13, 0x31, 0x30, 0x11, 0x11, 0x32, 0x30, 0x11, 0x33, 0x33, 0x30, 0x11, 0x03
	.byte 0x30, 0x30, 0x11, 0x03, 0x30, 0x80, 0x33, 0x1D, 0x00, 0x11, 0x11, 0x32, 0x00, 0x33, 0x13, 0x31
	.byte 0x00, 0x33, 0x13, 0x31, 0x00, 0x13, 0x11, 0x32, 0x00, 0x33, 0x13, 0x31, 0x00, 0x33, 0x13, 0x31
	.byte 0x00, 0x11, 0x11, 0x32, 0x00, 0x30, 0x80, 0x33, 0x13, 0x30, 0x89, 0x88, 0x88, 0x00, 0x93, 0x88
	.byte 0x88, 0x00, 0x30, 0x89, 0x88, 0x00, 0x00, 0x93, 0x88, 0x00, 0x00, 0x30, 0x89, 0x80, 0x00, 0x00
	.byte 0x93, 0x80, 0x00, 0x00, 0x30, 0x80, 0x33, 0x11, 0x00, 0x88, 0x88, 0x39, 0x00, 0x88, 0x98, 0x03
	.byte 0x00, 0x88, 0x39, 0x00, 0x00, 0x98, 0x03, 0x00, 0x00, 0x39, 0x80, 0x00, 0x00, 0x03, 0x84, 0x00
	.byte 0x30, 0x80, 0x00, 0x00, 0x00, 0x30, 0x80, 0x33, 0x1B, 0x30, 0x11, 0x11, 0x32, 0x30, 0x11, 0x13
	.byte 0x31, 0x30, 0x11, 0x13, 0x31, 0x30, 0x11, 0x11, 0x32, 0x30, 0x11, 0x33, 0x33, 0x30, 0x11, 0x03
	.byte 0x30, 0x30, 0x11, 0x03, 0x30, 0x80, 0x33, 0x1D, 0x00, 0x11, 0x11, 0x32, 0x00, 0x33, 0x13, 0x31
	.byte 0x00, 0x33, 0x13, 0x31, 0x00, 0x13, 0x11, 0x32, 0x00, 0x33, 0x13, 0x31, 0x00, 0x33, 0x13, 0x31
	.byte 0x00, 0x11, 0x11, 0x32, 0x00, 0x30, 0x80, 0x33, 0x13, 0x30, 0x89, 0x88, 0x88, 0x00, 0x93, 0x88
	.byte 0x88, 0x00, 0x30, 0x89, 0x88, 0x00, 0x00, 0x93, 0x88, 0x00, 0x00, 0x30, 0x89, 0x80, 0x00, 0x00
	.byte 0x93, 0x80, 0x00, 0x00, 0x30, 0x80, 0x33, 0x11, 0x00, 0x88, 0x88, 0x39, 0x00, 0x88, 0x98, 0x03
	.byte 0x00, 0x88, 0x39, 0x00, 0x00, 0x98, 0x03, 0x00, 0x00, 0x39, 0x80, 0x00, 0x00, 0x03, 0x84, 0x00
	.byte 0x30, 0x80, 0x00, 0x00, 0x00, 0x30, 0x80, 0x33, 0x1B, 0x30, 0x11, 0x11, 0x32, 0x30, 0x11, 0x13
	.byte 0x31, 0x30, 0x11, 0x13, 0x31, 0x30, 0x11, 0x11, 0x32, 0x30, 0x11, 0x33, 0x33, 0x30, 0x11, 0x03
	.byte 0x30, 0x30, 0x11, 0x03, 0x30, 0x80, 0x33, 0x1D, 0x00, 0x11, 0x11, 0x32, 0x00, 0x33, 0x13, 0x31
	.byte 0x00, 0x33, 0x13, 0x31, 0x00, 0x13, 0x11, 0x32, 0x00, 0x33, 0x13, 0x31, 0x00, 0x33, 0x13, 0x31
	.byte 0x00, 0x11, 0x11, 0x32, 0x00, 0x30, 0x80, 0x33, 0x00, 0x30, 0x80, 0x99, 0x0F, 0x00, 0x93, 0x99
	.byte 0x99, 0x00, 0x30, 0x99, 0x99, 0x00, 0x00, 0x93, 0x99, 0x00, 0x00, 0x30, 0x99, 0x80, 0x00, 0x00
	.byte 0x93, 0x80, 0x00, 0x00, 0x30, 0x80, 0x33, 0x11, 0x00, 0x99, 0x99, 0x39, 0x00, 0x99, 0x99, 0x03
	.byte 0x00, 0x99, 0x39, 0x00, 0x00, 0x99, 0x03, 0x00, 0x00, 0x39, 0x80, 0x00, 0x00, 0x03, 0x84, 0x00
	.byte 0x30, 0x80, 0x00, 0x00, 0x00, 0x30, 0x80, 0x33, 0x1B, 0x30, 0x11, 0x11, 0x32, 0x30, 0x11, 0x13
	.byte 0x31, 0x30, 0x11, 0x13, 0x31, 0x30, 0x11, 0x11, 0x32, 0x30, 0x11, 0x33, 0x33, 0x30, 0x11, 0x03
	.byte 0x30, 0x30, 0x11, 0x03, 0x30, 0x80, 0x33, 0x1D, 0x00, 0x11, 0x11, 0x32, 0x00, 0x33, 0x13, 0x31
	.byte 0x00, 0x33, 0x13, 0x31, 0x00, 0x13, 0x11, 0x32, 0x00, 0x33, 0x13, 0x31, 0x00, 0x33, 0x13, 0x31
	.byte 0x00, 0x11, 0x11, 0x32, 0x00, 0x30, 0x80, 0x33, 0x13, 0x30, 0x89, 0x88, 0x88, 0x00, 0x93, 0x88
	.byte 0x88, 0x00, 0x30, 0x89, 0x88, 0x00, 0x00, 0x93, 0x88, 0x00, 0x00, 0x30, 0x89, 0x80, 0x00, 0x00
	.byte 0x93, 0x80, 0x00, 0x00, 0x30, 0x80, 0x33, 0x11, 0x00, 0x88, 0x88, 0x39, 0x00, 0x88, 0x98, 0x03
	.byte 0x00, 0x88, 0x39, 0x00, 0x00, 0x98, 0x03, 0x00, 0x00, 0x39, 0x80, 0x00, 0x00, 0x03, 0x84, 0x00
	.byte 0x30, 0x80, 0x00, 0x00, 0x00, 0x30, 0x80, 0x33, 0x1B, 0x30, 0x11, 0x11, 0x32, 0x30, 0x11, 0x13
	.byte 0x31, 0x30, 0x11, 0x13, 0x31, 0x30, 0x11, 0x11, 0x32, 0x30, 0x11, 0x33, 0x33, 0x30, 0x11, 0x03
	.byte 0x30, 0x30, 0x11, 0x03, 0x30, 0x80, 0x33, 0x1D, 0x00, 0x11, 0x11, 0x32, 0x00, 0x33, 0x13, 0x31
	.byte 0x00, 0x33, 0x13, 0x31, 0x00, 0x13, 0x11, 0x32, 0x00, 0x33, 0x13, 0x31, 0x00, 0x33, 0x13, 0x31
	.byte 0x00, 0x11, 0x11, 0x32, 0x00, 0x30, 0x80, 0x33, 0x13, 0x30, 0x89, 0x88, 0x88, 0x00, 0x93, 0x88
	.byte 0x88, 0x00, 0x30, 0x89, 0x88, 0x00, 0x00, 0x93, 0x88, 0x00, 0x00, 0x30, 0x89, 0x80, 0x00, 0x00
	.byte 0x93, 0x80, 0x00, 0x00, 0x30, 0x80, 0x33, 0x11, 0x00, 0x88, 0x88, 0x39, 0x00, 0x88, 0x98, 0x03
	.byte 0x00, 0x88, 0x39, 0x00, 0x00, 0x98, 0x03, 0x00, 0x00, 0x39, 0x80, 0x00, 0x00, 0x03, 0x84, 0x00
	.byte 0x30, 0x80, 0x00, 0x00, 0x00, 0x30, 0x80, 0x33, 0x1B, 0x30, 0x11, 0x11, 0x32, 0x30, 0x11, 0x13
	.byte 0x31, 0x30, 0x11, 0x13, 0x31, 0x30, 0x11, 0x11, 0x32, 0x30, 0x11, 0x33, 0x33, 0x30, 0x11, 0x03
	.byte 0x30, 0x30, 0x11, 0x03, 0x30, 0x80, 0x33, 0x1D, 0x00, 0x11, 0x11, 0x32, 0x00, 0x33, 0x13, 0x31
	.byte 0x00, 0x33, 0x13, 0x31, 0x00, 0x13, 0x11, 0x32, 0x00, 0x33, 0x13, 0x31, 0x00, 0x33, 0x13, 0x31
	.byte 0x00, 0x11, 0x11, 0x32, 0x00, 0x30, 0x80, 0x33, 0x13, 0x30, 0x78, 0x77, 0x77, 0x00, 0x83, 0x77
	.byte 0x77, 0x00, 0x30, 0x78, 0x77, 0x00, 0x00, 0x83, 0x77, 0x00, 0x00, 0x30, 0x78, 0x80, 0x00, 0x00
	.byte 0x83, 0x80, 0x00, 0x00, 0x30, 0x80, 0x33, 0x11, 0x00, 0x77, 0x77, 0x38, 0x00, 0x77, 0x87, 0x03
	.byte 0x00, 0x77, 0x38, 0x00, 0x00, 0x87, 0x03, 0x00, 0x00, 0x38, 0x80, 0x00, 0x00, 0x03, 0x84, 0x00
	.byte 0x2C, 0x19, 0xFE, 0x7F, 0x10, 0x42, 0x42, 0x08, 0xFF, 0x03, 0xF7, 0x02, 0xF0, 0x01, 0x1F, 0x00
	.byte 0x19, 0x00, 0x14, 0x00, 0xE0, 0x03, 0xE0, 0x02, 0x00, 0x02, 0x00, 0x7E, 0x00, 0x69, 0x00, 0x54
	.byte 0x30, 0x80, 0x00, 0x00, 0x00, 0x30, 0x80, 0x33, 0x1B, 0x30, 0x11, 0x11, 0x32, 0x30, 0x11, 0x13
	.byte 0x31, 0x30, 0x11, 0x13, 0x31, 0x30, 0x11, 0x11, 0x32, 0x30, 0x11, 0x33, 0x33, 0x30, 0x11, 0x03
	.byte 0x00, 0x30, 0x11, 0x03, 0x00, 0x80, 0x33, 0x1D, 0x00, 0x11, 0x13, 0x31, 0x00, 0x11, 0x13, 0x31
	.byte 0x00, 0x11, 0x13, 0x31, 0x00, 0x11, 0x11, 0x31, 0x00, 0x33, 0x13, 0x31, 0x00, 0x00, 0x13, 0x31
	.byte 0x00, 0x00, 0x13, 0x31, 0x00, 0x30, 0x80, 0x33, 0x13, 0x30, 0xDE, 0xDD, 0xDD, 0x00, 0xE3, 0xDD
	.byte 0xDD, 0x00, 0x30, 0xDE, 0xDD, 0x00, 0x00, 0xE3, 0xDD, 0x00, 0x00, 0x30, 0xDE, 0x80, 0x00, 0x00
	.byte 0xE3, 0x80, 0x00, 0x00, 0x30, 0x80, 0x33, 0x11, 0x00, 0xDD, 0xDD, 0x3E, 0x00, 0xDD, 0xED, 0x03
	.byte 0x00, 0xDD, 0x3E, 0x00, 0x00, 0xED, 0x03, 0x00, 0x00, 0x3E, 0x80, 0x00, 0x00, 0x03, 0x84, 0x00
	.byte 0x30, 0x80, 0x00, 0x00, 0x00, 0x30, 0x80, 0x33, 0x1B, 0x30, 0x11, 0x11, 0x32, 0x30, 0x11, 0x13
	.byte 0x31, 0x30, 0x11, 0x13, 0x31, 0x30, 0x11, 0x11, 0x32, 0x30, 0x11, 0x33, 0x33, 0x30, 0x11, 0x03
	.byte 0x00, 0x30, 0x11, 0x03, 0x00, 0x80, 0x33, 0x1D, 0x00, 0x11, 0x13, 0x31, 0x00, 0x11, 0x13, 0x31
	.byte 0x00, 0x11, 0x13, 0x31, 0x00, 0x11, 0x11, 0x31, 0x00, 0x33, 0x13, 0x31, 0x00, 0x00, 0x13, 0x31
	.byte 0x00, 0x00, 0x13, 0x31, 0x00, 0x30, 0x80, 0x33, 0x13, 0x30, 0xEF, 0xEE, 0xEE, 0x00, 0xF3, 0xEE
	.byte 0xEE, 0x00, 0x30, 0xEF, 0xEE, 0x00, 0x00, 0xF3, 0xEE, 0x00, 0x00, 0x30, 0xEF, 0x80, 0x00, 0x00
	.byte 0xF3, 0x80, 0x00, 0x00, 0x30, 0x80, 0x33, 0x11, 0x00, 0xEE, 0xEE, 0x3F, 0x00, 0xEE, 0xFE, 0x03
	.byte 0x00, 0xEE, 0x3F, 0x00, 0x00, 0xFE, 0x03, 0x00, 0x00, 0x3F, 0x80, 0x00, 0x00, 0x03, 0x84, 0x00
	.byte 0x30, 0x80, 0x00, 0x00, 0x00, 0x30, 0x80, 0x33, 0x1B, 0x30, 0x11, 0x11, 0x32, 0x30, 0x11, 0x13
	.byte 0x31, 0x30, 0x11, 0x13, 0x31, 0x30, 0x11, 0x11, 0x32, 0x30, 0x11, 0x33, 0x33, 0x30, 0x11, 0x03
	.byte 0x00, 0x30, 0x11, 0x03, 0x00, 0x80, 0x33, 0x1D, 0x00, 0x11, 0x13, 0x31, 0x00, 0x11, 0x13, 0x31
	.byte 0x00, 0x11, 0x13, 0x31, 0x00, 0x11, 0x11, 0x31, 0x00, 0x33, 0x13, 0x31, 0x00, 0x00, 0x13, 0x31
	.byte 0x00, 0x00, 0x13, 0x31, 0x00, 0x30, 0x80, 0x33, 0x13, 0x30, 0xEF, 0xEE, 0xEE, 0x00, 0xF3, 0xEE
	.byte 0xEE, 0x00, 0x30, 0xEF, 0xEE, 0x00, 0x00, 0xF3, 0xEE, 0x00, 0x00, 0x30, 0xEF, 0x80, 0x00, 0x00
	.byte 0xF3, 0x80, 0x00, 0x00, 0x30, 0x80, 0x33, 0x11, 0x00, 0xEE, 0xEE, 0x3F, 0x00, 0xEE, 0xFE, 0x03
	.byte 0x00, 0xEE, 0x3F, 0x00, 0x00, 0xFE, 0x03, 0x00, 0x00, 0x3F, 0x80, 0x00, 0x00, 0x03, 0x84, 0x00
	.byte 0x30, 0x80, 0x00, 0x00, 0x00, 0x30, 0x80, 0x33, 0x1B, 0x30, 0x11, 0x11, 0x32, 0x30, 0x11, 0x13
	.byte 0x31, 0x30, 0x11, 0x13, 0x31, 0x30, 0x11, 0x11, 0x32, 0x30, 0x11, 0x33, 0x33, 0x30, 0x11, 0x03
	.byte 0x00, 0x30, 0x11, 0x03, 0x00, 0x80, 0x33, 0x1D, 0x00, 0x11, 0x13, 0x31, 0x00, 0x11, 0x13, 0x31
	.byte 0x00, 0x11, 0x13, 0x31, 0x00, 0x11, 0x11, 0x31, 0x00, 0x33, 0x13, 0x31, 0x00, 0x00, 0x13, 0x31
	.byte 0x00, 0x00, 0x13, 0x31, 0x00, 0x30, 0x80, 0x33, 0x00, 0x30, 0x80, 0xFF, 0x0F, 0x00, 0xF3, 0xFF
	.byte 0xFF, 0x00, 0x30, 0xFF, 0xFF, 0x00, 0x00, 0xF3, 0xFF, 0x00, 0x00, 0x30, 0xFF, 0x80, 0x00, 0x00
	.byte 0xF3, 0x80, 0x00, 0x00, 0x30, 0x80, 0x33, 0x11, 0x00, 0xFF, 0xFF, 0x3F, 0x00, 0xFF, 0xFF, 0x03
	.byte 0x00, 0xFF, 0x3F, 0x00, 0x00, 0xFF, 0x03, 0x00, 0x00, 0x3F, 0x80, 0x00, 0x00, 0x03, 0x84, 0x00
	.byte 0x30, 0x80, 0x00, 0x00, 0x00, 0x30, 0x80, 0x33, 0x1B, 0x30, 0x11, 0x11, 0x32, 0x30, 0x11, 0x13
	.byte 0x31, 0x30, 0x11, 0x13, 0x31, 0x30, 0x11, 0x11, 0x32, 0x30, 0x11, 0x33, 0x33, 0x30, 0x11, 0x03
	.byte 0x00, 0x30, 0x11, 0x03, 0x00, 0x80, 0x33, 0x1D, 0x00, 0x11, 0x13, 0x31, 0x00, 0x11, 0x13, 0x31
	.byte 0x00, 0x11, 0x13, 0x31, 0x00, 0x11, 0x11, 0x31, 0x00, 0x33, 0x13, 0x31, 0x00, 0x00, 0x13, 0x31
	.byte 0x00, 0x00, 0x13, 0x31, 0x00, 0x30, 0x80, 0x33, 0x13, 0x30, 0xEF, 0xEE, 0xEE, 0x00, 0xF3, 0xEE
	.byte 0xEE, 0x00, 0x30, 0xEF, 0xEE, 0x00, 0x00, 0xF3, 0xEE, 0x00, 0x00, 0x30, 0xEF, 0x80, 0x00, 0x00
	.byte 0xF3, 0x80, 0x00, 0x00, 0x30, 0x80, 0x33, 0x11, 0x00, 0xEE, 0xEE, 0x3F, 0x00, 0xEE, 0xFE, 0x03
	.byte 0x00, 0xEE, 0x3F, 0x00, 0x00, 0xFE, 0x03, 0x00, 0x00, 0x3F, 0x80, 0x00, 0x00, 0x03, 0x84, 0x00
	.byte 0x30, 0x80, 0x00, 0x00, 0x00, 0x30, 0x80, 0x33, 0x1B, 0x30, 0x11, 0x11, 0x32, 0x30, 0x11, 0x13
	.byte 0x31, 0x30, 0x11, 0x13, 0x31, 0x30, 0x11, 0x11, 0x32, 0x30, 0x11, 0x33, 0x33, 0x30, 0x11, 0x03
	.byte 0x00, 0x30, 0x11, 0x03, 0x00, 0x80, 0x33, 0x1D, 0x00, 0x11, 0x13, 0x31, 0x00, 0x11, 0x13, 0x31
	.byte 0x00, 0x11, 0x13, 0x31, 0x00, 0x11, 0x11, 0x31, 0x00, 0x33, 0x13, 0x31, 0x00, 0x00, 0x13, 0x31
	.byte 0x00, 0x00, 0x13, 0x31, 0x00, 0x30, 0x80, 0x33, 0x13, 0x30, 0xEF, 0xEE, 0xEE, 0x00, 0xF3, 0xEE
	.byte 0xEE, 0x00, 0x30, 0xEF, 0xEE, 0x00, 0x00, 0xF3, 0xEE, 0x00, 0x00, 0x30, 0xEF, 0x80, 0x00, 0x00
	.byte 0xF3, 0x80, 0x00, 0x00, 0x30, 0x80, 0x33, 0x11, 0x00, 0xEE, 0xEE, 0x3F, 0x00, 0xEE, 0xFE, 0x03
	.byte 0x00, 0xEE, 0x3F, 0x00, 0x00, 0xFE, 0x03, 0x00, 0x00, 0x3F, 0x80, 0x00, 0x00, 0x03, 0x84, 0x00
	.byte 0x30, 0x80, 0x00, 0x00, 0x00, 0x30, 0x80, 0x33, 0x1B, 0x30, 0x11, 0x11, 0x32, 0x30, 0x11, 0x13
	.byte 0x31, 0x30, 0x11, 0x13, 0x31, 0x30, 0x11, 0x11, 0x32, 0x30, 0x11, 0x33, 0x33, 0x30, 0x11, 0x03
	.byte 0x00, 0x30, 0x11, 0x03, 0x00, 0x80, 0x33, 0x1D, 0x00, 0x11, 0x13, 0x31, 0x00, 0x11, 0x13, 0x31
	.byte 0x00, 0x11, 0x13, 0x31, 0x00, 0x11, 0x11, 0x31, 0x00, 0x33, 0x13, 0x31, 0x00, 0x00, 0x13, 0x31
	.byte 0x00, 0x00, 0x13, 0x31, 0x00, 0x30, 0x80, 0x33, 0x13, 0x30, 0xDE, 0xDD, 0xDD, 0x00, 0xE3, 0xDD
	.byte 0xDD, 0x00, 0x30, 0xDE, 0xDD, 0x00, 0x00, 0xE3, 0xDD, 0x00, 0x00, 0x30, 0xDE, 0x80, 0x00, 0x00
	.byte 0xE3, 0x80, 0x00, 0x00, 0x30, 0x80, 0x33, 0x11, 0x00, 0xDD, 0xDD, 0x3E, 0x00, 0xDD, 0xED, 0x03
	.byte 0x00, 0xDD, 0x3E, 0x00, 0x00, 0xED, 0x03, 0x00, 0x00, 0x3E, 0x80, 0x00, 0x00, 0x03, 0x84, 0x00
	.byte 0x2C, 0x19, 0xFE, 0x7F, 0x10, 0x42, 0x42, 0x08, 0xFF, 0x03, 0xF7, 0x02, 0xF0, 0x01, 0x1F, 0x00
	.byte 0x19, 0x00, 0x14, 0x00, 0xE0, 0x03, 0xE0, 0x02, 0x00, 0x02, 0x00, 0x7E, 0x00, 0x69, 0x00, 0x54
	.byte 0x30, 0x00, 0x02, 0x00, 0xBC, 0x00, 0x01, 0x50, 0x05, 0x80, 0x00, 0x00, 0x04, 0x80, 0x00, 0x00
	.byte 0x04, 0x80, 0x00, 0x00, 0x04, 0x80, 0x00, 0x00, 0x04, 0x80, 0x00, 0x00, 0x04, 0x80, 0x00, 0x00
	.byte 0x04, 0x80, 0x00, 0x00, 0x04, 0xC3, 0x00, 0x00, 0x50, 0x80, 0x00, 0x00, 0x50, 0x80, 0x00, 0x00
	.byte 0x50, 0x80, 0x00, 0x00, 0x50, 0x80, 0x00, 0x00, 0x50, 0x80, 0x00, 0x00, 0x50, 0x80, 0x00, 0x00
	.byte 0x50, 0x80, 0x00, 0x01, 0x50, 0x04, 0x80, 0x00, 0x00, 0x04, 0x80, 0x00, 0x00, 0x04, 0x80, 0x00
	.byte 0x00, 0x04, 0x80, 0x00, 0x00, 0x84, 0x80, 0x00, 0x00, 0x48, 0x80, 0x00, 0x00, 0x44, 0x80, 0x00
	.byte 0x00, 0x45, 0xFF, 0x00, 0xFF, 0x00, 0x9C, 0x00, 0xE0, 0x7F, 0xFF, 0x7F, 0x18, 0x63, 0xCE, 0x39
	.byte 0x1F, 0x00, 0x00, 0x00, 0xE0, 0x03, 0x94, 0x52, 0x1F, 0x0A, 0x5A, 0x73, 0xB5, 0x5E, 0xBD, 0x7F
	.byte 0x8C, 0x39, 0xCE, 0x41, 0x10, 0x4A, 0xFF, 0x7F, 0x30, 0x80, 0x00, 0x00, 0x80, 0x00, 0x00, 0x40
	.byte 0x80, 0x00, 0x00, 0x44, 0x80, 0x00, 0x00, 0x44, 0x80, 0x00, 0x00, 0x44, 0x80, 0x00, 0x00, 0x44
	.byte 0x80, 0x00, 0x00, 0x44, 0x80, 0x00, 0x00, 0x44, 0x80, 0x00, 0x00, 0x44, 0x81, 0x00, 0x00, 0x04
	.byte 0x80, 0x00, 0x00, 0x04, 0x80, 0x00, 0x00, 0x04, 0x80, 0x00, 0x00, 0x04, 0x80, 0x00, 0x00, 0x04
	.byte 0x80, 0x00, 0x00, 0x04, 0x80, 0x00, 0x00, 0x04, 0x83, 0x00, 0x00, 0x40, 0xB9, 0x00, 0x00, 0x00
	.byte 0xE0, 0x7F, 0xFF, 0x7F, 0x18, 0x63, 0xCE, 0x39, 0x1F, 0x00, 0x00, 0x00, 0xE0, 0x03, 0x94, 0x52
	.byte 0x1F, 0x0A, 0x5A, 0x73, 0xB5, 0x5E, 0xBD, 0x7F, 0x8C, 0x39, 0xCE, 0x41, 0x10, 0x4A, 0xFF, 0x7F
	.byte 0x00, 0x00, 0x00, 0x00, 0x00, 0x00, 0x00, 0x00, 0x00, 0x00, 0x00, 0x00, 0x00, 0x00, 0x00, 0x00
	.byte 0x00, 0x00, 0x00, 0x00, 0x00, 0x00, 0x00, 0x00, 0x00, 0x00, 0x00, 0x00, 0x00, 0x00, 0x00, 0x00
	.byte 0x00, 0x00, 0x00, 0x00, 0x00, 0x00, 0x00, 0x00, 0x00, 0x00, 0x00, 0x00, 0x00, 0x00, 0x00, 0x00
	.byte 0x00, 0x00, 0x00, 0x00, 0x00, 0x00, 0x00, 0x00, 0x00, 0x00, 0x00, 0x00, 0x00, 0x00, 0x00, 0x00
	.byte 0x00, 0x00, 0x00, 0x00, 0x00, 0x00, 0x00, 0x00, 0x00, 0x00, 0x00, 0x00, 0x00, 0x00, 0x00, 0x00
	.byte 0x00, 0x00, 0x00, 0x00, 0x00, 0x00, 0x00, 0x00, 0x00, 0x00, 0x00, 0x00, 0x00, 0x00, 0x00, 0x00
	.byte 0x00, 0x00, 0x00, 0x00, 0x00, 0x00, 0x00, 0x00, 0x00, 0x00, 0x00, 0x00, 0x00, 0x00, 0x00, 0x00
	.byte 0x00, 0x00, 0x00, 0x00, 0x00, 0x00, 0x00, 0x00, 0x00, 0x00, 0x00, 0x00, 0x00, 0x00, 0x00, 0x00
	.byte 0x00, 0x00, 0x00, 0x00, 0x00, 0x00, 0x00, 0x00, 0x00, 0x00, 0x00, 0x00, 0x00, 0x00, 0x00, 0x00
	.byte 0x00, 0x00, 0x00, 0x00, 0x00, 0x00, 0x00, 0x00, 0x00, 0x00, 0x00, 0x00, 0x00, 0x00, 0x00, 0x00
	.byte 0x00, 0x00, 0x00, 0x00, 0x00, 0x00, 0x00, 0x00, 0x00, 0x00, 0x00, 0x00, 0x00, 0x00, 0x00, 0x00
	.byte 0x00, 0x00, 0x00, 0x00, 0x00, 0x00, 0x00, 0x00, 0x00, 0x00, 0x00, 0x00, 0x00, 0x00, 0x00, 0x00
	.byte 0x00, 0x00, 0x00, 0x00, 0x00, 0x00, 0x00, 0x00, 0x00, 0x00, 0x00, 0x00, 0x00, 0x00, 0x00, 0x00
	.byte 0x00, 0x00, 0x00, 0x00, 0x00, 0x00, 0x00, 0x00, 0x00, 0x00, 0x00, 0x00, 0x00, 0x00, 0x00, 0x00
	.byte 0x00, 0x00, 0x00, 0x00, 0x00, 0x00, 0x00, 0x00, 0x00, 0x00, 0x00, 0x00, 0x00, 0x00, 0x00, 0x00
	.byte 0x00, 0x00, 0x00, 0x00, 0x00, 0x00, 0x00, 0x00, 0x00, 0x00, 0x00, 0x00, 0x00, 0x00, 0x00, 0x00
	.byte 0xC0, 0xCC, 0x00, 0x02, 0xBC, 0xCC, 0x00, 0x02, 0xB8, 0xCC, 0x00, 0x02, 0xB4, 0xCC, 0x00, 0x02
	.byte 0xB0, 0xCC, 0x00, 0x02, 0x04, 0x00, 0x00, 0x00, 0xB4, 0xCE, 0x00, 0x02, 0xA4, 0xCE, 0x00, 0x02
	.byte 0x8C, 0xCE, 0x00, 0x02, 0x7C, 0xCE, 0x00, 0x02, 0x64, 0xCE, 0x00, 0x02, 0x5C, 0xCE, 0x00, 0x02
	.byte 0x50, 0xCE, 0x00, 0x02, 0x48, 0xCE, 0x00, 0x02, 0x3C, 0xCE, 0x00, 0x02, 0x30, 0xCE, 0x00, 0x02
	.byte 0x24, 0xCE, 0x00, 0x02, 0x10, 0xCE, 0x00, 0x02, 0x00, 0xCE, 0x00, 0x02, 0xF4, 0xCD, 0x00, 0x02
	.byte 0xE8, 0xCD, 0x00, 0x02, 0xE0, 0xCD, 0x00, 0x02, 0xE0, 0xCD, 0x00, 0x02, 0xE0, 0xCD, 0x00, 0x02
	.byte 0xD8, 0xCD, 0x00, 0x02, 0xD8, 0xCD, 0x00, 0x02, 0xCC, 0xCD, 0x00, 0x02, 0xBC, 0xCD, 0x00, 0x02
	.byte 0xAC, 0xCD, 0x00, 0x02, 0x9C, 0xCD, 0x00, 0x02, 0x90, 0xCD, 0x00, 0x02, 0x84, 0xCD, 0x00, 0x02
	.byte 0x74, 0xCD, 0x00, 0x02, 0x64, 0xCD, 0x00, 0x02, 0x54, 0xCD, 0x00, 0x02, 0x44, 0xCD, 0x00, 0x02
	.byte 0x34, 0xCD, 0x00, 0x02, 0x28, 0xCD, 0x00, 0x02, 0x1C, 0xCD, 0x00, 0x02, 0x10, 0xCD, 0x00, 0x02
	.byte 0x04, 0xCD, 0x00, 0x02, 0xF8, 0xCC, 0x00, 0x02, 0xEC, 0xCC, 0x00, 0x02, 0xDC, 0xCC, 0x00, 0x02
	.byte 0xD0, 0xCC, 0x00, 0x02, 0xC4, 0xCC, 0x00, 0x02, 0xB0, 0x04, 0x00, 0x00, 0xBC, 0x02, 0x00, 0x00
	.byte 0x26, 0x02, 0x00, 0x00, 0xF4, 0x01, 0x00, 0x00, 0x2C, 0x01, 0x00, 0x00, 0xC8, 0xBE, 0xB4, 0xA0
	.byte 0x96, 0x01, 0x01, 0x0C, 0x02, 0x0C, 0x0C, 0x0C, 0x02, 0x0C, 0x0C, 0x0C, 0x0C, 0x27, 0x00, 0x00
	.byte 0x00, 0xE0, 0x00, 0x06, 0x2C, 0x24, 0x01, 0x02, 0xA0, 0x8D, 0x01, 0x02, 0xA0, 0x8D, 0x01, 0x02
	.byte 0x4C, 0x04, 0x01, 0x02, 0x80, 0x70, 0x01, 0x02, 0x80, 0x70, 0x01, 0x02, 0xAC, 0x3D, 0x01, 0x02
	.byte 0x00, 0x00, 0x00, 0x00, 0x78, 0xD3, 0x00, 0x02, 0xAC, 0x3F, 0x01, 0x02, 0xAC, 0x3F, 0x01, 0x02
	.byte 0x7D, 0x00, 0x00, 0x00, 0x64, 0x00, 0x00, 0x00, 0x7D, 0x00, 0x00, 0x00, 0x64, 0x00, 0x00, 0x00
	.byte 0x00, 0x00, 0x00, 0x00, 0x00, 0x00, 0x00, 0x00, 0x00, 0x00, 0x00, 0x00, 0x00, 0x00, 0x00, 0x00
	.byte 0x00, 0x00, 0x00, 0x00, 0x00, 0x00, 0x00, 0x00, 0x00, 0x00, 0x00, 0x00, 0x00, 0x00, 0x00, 0x00
	.byte 0x00, 0x00, 0x00, 0x00, 0x00, 0x00, 0x00, 0x00, 0x06, 0x08, 0x06, 0x00, 0x00, 0x08, 0x08, 0x00
	.byte 0x00, 0x00, 0x0F, 0x00, 0x98, 0xCF, 0x00, 0x02, 0xA0, 0xCF, 0x00, 0x02, 0xA4, 0xCF, 0x00, 0x02
	.byte 0xE0, 0x03, 0x00, 0x00, 0xB8, 0x05, 0x00, 0x00, 0x18, 0x01, 0x00, 0x00, 0xBA, 0x05, 0x00, 0x00
	.byte 0x00, 0x00, 0x00, 0x00, 0x00, 0x00, 0x00, 0x00, 0xE0, 0x03, 0x00, 0x00, 0x13, 0x07, 0x00, 0x00
	.byte 0x12, 0x01, 0x00, 0x00, 0x0F, 0x07, 0x00, 0x00, 0x00, 0x00, 0x00, 0x00, 0x00, 0x00, 0x00, 0x00
	.byte 0xF5, 0x03, 0x00, 0x00, 0x1B, 0x08, 0x00, 0x00, 0x1C, 0x01, 0x00, 0x00, 0x37, 0x08, 0x00, 0x00
	.byte 0x00, 0x00, 0x00, 0x00, 0x00, 0x00, 0x00, 0x00, 0xF4, 0x03, 0x00, 0x00, 0x5A, 0x09, 0x00, 0x00
	.byte 0xDB, 0x01, 0x00, 0x00, 0xF2, 0x09, 0x00, 0x00, 0x00, 0x00, 0x00, 0x00, 0x00, 0x00, 0x00, 0x00
	.byte 0x4E, 0x04, 0x00, 0x00, 0xA5, 0x0A, 0x00, 0x00, 0xC9, 0x02, 0x00, 0x00, 0x65, 0x0B, 0x00, 0x00
	.byte 0x00, 0x00, 0x00, 0x00, 0x00, 0x00, 0x00, 0x00, 0xED, 0x04, 0x00, 0x00, 0xAA, 0x0B, 0x00, 0x00
	.byte 0xB7, 0x03, 0x00, 0x00, 0x8C, 0x0C, 0x00, 0x00, 0x02, 0x00, 0x00, 0x00, 0x00, 0x00, 0x00, 0x00
	.byte 0xD5, 0x05, 0x00, 0x00, 0xB2, 0x0C, 0x00, 0x00, 0xB6, 0x04, 0x00, 0x00, 0xAA, 0x0D, 0x00, 0x00
	.byte 0x00, 0x00, 0x00, 0x00, 0x00, 0x00, 0x00, 0x00, 0xCD, 0x06, 0x00, 0x00, 0x68, 0x0D, 0x00, 0x00
	.byte 0xEF, 0x05, 0x00, 0x00, 0xA3, 0x0E, 0x00, 0x00, 0x00, 0x00, 0x00, 0x00, 0x00, 0x00, 0x00, 0x00
	.byte 0xDC, 0x07, 0x00, 0x00, 0xDC, 0x0D, 0x00, 0x00, 0x3F, 0x07, 0x00, 0x00, 0x5A, 0x0F, 0x00, 0x00
	.byte 0x00, 0x00, 0x00, 0x00, 0x00, 0x00, 0x00, 0x00, 0xC6, 0x08, 0x00, 0x00, 0xD5, 0x0D, 0x00, 0x00
	.byte 0xF3, 0x08, 0x00, 0x00, 0xAD, 0x0F, 0x00, 0x00, 0x00, 0x00, 0x00, 0x00, 0x00, 0x00, 0x00, 0x00
	.byte 0x60, 0x09, 0x00, 0x00, 0x79, 0x0D, 0x00, 0x00, 0x61, 0x0A, 0x00, 0x00, 0x04, 0x0F, 0x00, 0x00
	.byte 0x00, 0x00, 0x00, 0x00, 0x00, 0x00, 0x00, 0x00, 0x8A, 0x09, 0x00, 0x00, 0xEF, 0x0C, 0x00, 0x00
	.byte 0xDD, 0x0A, 0x00, 0x00, 0x27, 0x0D, 0x00, 0x00, 0x00, 0x00, 0x00, 0x00, 0x00, 0x00, 0x00, 0x00
	.byte 0x39, 0x09, 0x00, 0x00, 0xC4, 0x0B, 0x00, 0x00, 0xDC, 0x0A, 0x00, 0x00, 0xBE, 0x0B, 0x00, 0x00
	.byte 0x02, 0x00, 0x00, 0x00, 0x00, 0x00, 0x00, 0x00, 0x35, 0x09, 0x00, 0x00, 0xAF, 0x0A, 0x00, 0x00
	.byte 0xDC, 0x0A, 0x00, 0x00, 0xA1, 0x0A, 0x00, 0x00, 0x00, 0x00, 0x00, 0x00, 0x00, 0x00, 0x00, 0x00
	.byte 0x71, 0x09, 0x00, 0x00, 0x37, 0x09, 0x00, 0x00, 0xC9, 0x0A, 0x00, 0x00, 0x2E, 0x09, 0x00, 0x00
	.byte 0x00, 0x00, 0x00, 0x00, 0x00, 0x00, 0x00, 0x00, 0x66, 0x09, 0x00, 0x00, 0x08, 0x08, 0x00, 0x00
	.byte 0xCD, 0x0A, 0x00, 0x00, 0x07, 0x08, 0x00, 0x00, 0x00, 0x00, 0x00, 0x00, 0x00, 0x00, 0x00, 0x00
	.byte 0x63, 0x09, 0x00, 0x00, 0xBD, 0x06, 0x00, 0x00, 0xCE, 0x0A, 0x00, 0x00, 0xAB, 0x06, 0x00, 0x00
	.byte 0x00, 0x00, 0x00, 0x00, 0x00, 0x00, 0x00, 0x00, 0x39, 0x09, 0x00, 0x00, 0xC1, 0x05, 0x00, 0x00
	.byte 0x7C, 0x0A, 0x00, 0x00, 0xF0, 0x04, 0x00, 0x00, 0x00, 0x00, 0x00, 0x00, 0x00, 0x00, 0x00, 0x00
	.byte 0xAA, 0x08, 0x00, 0x00, 0x90, 0x04, 0x00, 0x00, 0xB6, 0x09, 0x00, 0x00, 0xAF, 0x03, 0x00, 0x00
	.byte 0x00, 0x00, 0x00, 0x00, 0x00, 0x00, 0x00, 0x00, 0xE5, 0x07, 0x00, 0x00, 0xCA, 0x03, 0x00, 0x00
	.byte 0xDA, 0x08, 0x00, 0x00, 0xB0, 0x02, 0x00, 0x00, 0x00, 0x00, 0x00, 0x00, 0x00, 0x00, 0x00, 0x00
	.byte 0x01, 0x07, 0x00, 0x00, 0x13, 0x03, 0x00, 0x00, 0xE5, 0x07, 0x00, 0x00, 0xD4, 0x01, 0x00, 0x00
	.byte 0x02, 0x00, 0x00, 0x00, 0x00, 0x00, 0x00, 0x00, 0xF7, 0x05, 0x00, 0x00, 0x90, 0x02, 0x00, 0x00
	.byte 0x9B, 0x06, 0x00, 0x00, 0x02, 0x01, 0x00, 0x00, 0x00, 0x00, 0x00, 0x00, 0x00, 0x00, 0x00, 0x00
	.byte 0x19, 0x05, 0x00, 0x00, 0x59, 0x02, 0x00, 0x00, 0x6D, 0x05, 0x00, 0x00, 0xA9, 0x00, 0x00, 0x00
	.byte 0x00, 0x00, 0x00, 0x00, 0x00, 0x00, 0x00, 0x00, 0x8F, 0x04, 0x00, 0x00, 0x6A, 0x02, 0x00, 0x00
	.byte 0x14, 0x04, 0x00, 0x00, 0xAC, 0x00, 0x00, 0x00, 0x00, 0x00, 0x00, 0x00, 0x00, 0x00, 0x00, 0x00
	.byte 0x15, 0x04, 0x00, 0x00, 0xA2, 0x02, 0x00, 0x00, 0x08, 0x03, 0x00, 0x00, 0x4C, 0x01, 0x00, 0x00
	.byte 0x00, 0x00, 0x00, 0x00, 0x00, 0x00, 0x00, 0x00, 0xDA, 0x03, 0x00, 0x00, 0x68, 0x03, 0x00, 0x00
	.byte 0x07, 0x02, 0x00, 0x00, 0x42, 0x02, 0x00, 0x00, 0x00, 0x00, 0x00, 0x00, 0x00, 0x00, 0x00, 0x00
	.byte 0xC7, 0x03, 0x00, 0x00, 0x86, 0x04, 0x00, 0x00, 0x0E, 0x01, 0x00, 0x00, 0xAD, 0x03, 0x00, 0x00
	.byte 0x01, 0x00, 0x00, 0x00, 0x00, 0x00, 0x00, 0x00, 0xD4, 0x10, 0x00, 0x00, 0xB3, 0x0B, 0x00, 0x00
	.byte 0xE2, 0x0E, 0x00, 0x00, 0xB3, 0x0B, 0x00, 0x00, 0x00, 0x00, 0x00, 0x00, 0x00, 0x00, 0x00, 0x00
	.byte 0xF4, 0x10, 0x00, 0x00, 0xDD, 0x0C, 0x00, 0x00, 0xE0, 0x0E, 0x00, 0x00, 0xCF, 0x0C, 0x00, 0x00
	.byte 0x00, 0x00, 0x00, 0x00, 0x00, 0x00, 0x00, 0x00, 0xD7, 0x10, 0x00, 0x00, 0xE4, 0x0D, 0x00, 0x00
	.byte 0xBF, 0x0E, 0x00, 0x00, 0xDB, 0x0D, 0x00, 0x00, 0x00, 0x00, 0x00, 0x00, 0x00, 0x00, 0x00, 0x00
	.byte 0x3E, 0x10, 0x00, 0x00, 0x42, 0x0F, 0x00, 0x00, 0xC4, 0x0E, 0x00, 0x00, 0x89, 0x0E, 0x00, 0x00
	.byte 0x00, 0x00, 0x00, 0x00, 0x00, 0x00, 0x00, 0x00, 0x5B, 0x0F, 0x00, 0x00, 0x22, 0x10, 0x00, 0x00
	.byte 0xAF, 0x0E, 0x00, 0x00, 0xBF, 0x0E, 0x00, 0x00, 0x02, 0x00, 0x00, 0x00, 0x00, 0x00, 0x00, 0x00
	.byte 0x8D, 0x0E, 0x00, 0x00, 0x36, 0x10, 0x00, 0x00, 0x80, 0x0E, 0x00, 0x00, 0xC5, 0x0E, 0x00, 0x00
	.byte 0x00, 0x00, 0x00, 0x00, 0x00, 0x00, 0x00, 0x00, 0x88, 0x0D, 0x00, 0x00, 0x2B, 0x10, 0x00, 0x00
	.byte 0x21, 0x0E, 0x00, 0x00, 0x87, 0x0E, 0x00, 0x00, 0x00, 0x00, 0x00, 0x00, 0x00, 0x00, 0x00, 0x00
	.byte 0xCD, 0x0C, 0x00, 0x00, 0x66, 0x0F, 0x00, 0x00, 0x9D, 0x0D, 0x00, 0x00, 0x2E, 0x0E, 0x00, 0x00
	.byte 0x00, 0x00, 0x00, 0x00, 0x00, 0x00, 0x00, 0x00, 0xBE, 0x0B, 0x00, 0x00, 0x66, 0x0E, 0x00, 0x00
	.byte 0x70, 0x0C, 0x00, 0x00, 0xB0, 0x0D, 0x00, 0x00, 0x00, 0x00, 0x00, 0x00, 0x00, 0x00, 0x00, 0x00
	.byte 0xC8, 0x0A, 0x00, 0x00, 0x95, 0x0D, 0x00, 0x00, 0x5D, 0x0B, 0x00, 0x00, 0xA4, 0x0C, 0x00, 0x00
	.byte 0x00, 0x00, 0x00, 0x00, 0x00, 0x00, 0x00, 0x00, 0x5B, 0x09, 0x00, 0x00, 0x16, 0x0D, 0x00, 0x00
	.byte 0xD4, 0x09, 0x00, 0x00, 0xDF, 0x0B, 0x00, 0x00, 0x00, 0x00, 0x00, 0x00, 0x00, 0x00, 0x00, 0x00
	.byte 0x8A, 0x08, 0x00, 0x00, 0x35, 0x0C, 0x00, 0x00, 0xCD, 0x08, 0x00, 0x00, 0x09, 0x0B, 0x00, 0x00
	.byte 0x00, 0x00, 0x00, 0x00, 0x00, 0x00, 0x00, 0x00, 0xD2, 0x07, 0x00, 0x00, 0x13, 0x0C, 0x00, 0x00
	.byte 0x89, 0x07, 0x00, 0x00, 0x93, 0x0A, 0x00, 0x00, 0x00, 0x00, 0x00, 0x00, 0x00, 0x00, 0x00, 0x00
	.byte 0x28, 0x07, 0x00, 0x00, 0x3A, 0x0D, 0x00, 0x00, 0x9D, 0x06, 0x00, 0x00, 0x7E, 0x0A, 0x00, 0x00
	.byte 0x00, 0x00, 0x00, 0x00, 0x00, 0x00, 0x00, 0x00, 0x1E, 0x06, 0x00, 0x00, 0x41, 0x0D, 0x00, 0x00
	.byte 0x0E, 0x06, 0x00, 0x00, 0xD8, 0x0A, 0x00, 0x00, 0x00, 0x00, 0x00, 0x00, 0x00, 0x00, 0x00, 0x00
	.byte 0xFB, 0x04, 0x00, 0x00, 0x35, 0x0C, 0x00, 0x00, 0xB1, 0x05, 0x00, 0x00, 0x2D, 0x0B, 0x00, 0x00
	.byte 0x00, 0x00, 0x00, 0x00, 0x00, 0x00, 0x00, 0x00, 0x0E, 0x04, 0x00, 0x00, 0x46, 0x0B, 0x00, 0x00
	.byte 0x60, 0x05, 0x00, 0x00, 0xEE, 0x0A, 0x00, 0x00, 0x00, 0x00, 0x00, 0x00, 0x00, 0x00, 0x00, 0x00
	.byte 0xF8, 0x03, 0x00, 0x00, 0xE9, 0x09, 0x00, 0x00, 0x56, 0x05, 0x00, 0x00, 0xAF, 0x0A, 0x00, 0x00
	.byte 0x00, 0x00, 0x00, 0x00, 0x00, 0x00, 0x00, 0x00, 0xBC, 0x04, 0x00, 0x00, 0x05, 0x09, 0x00, 0x00
	.byte 0xB7, 0x05, 0x00, 0x00, 0x4A, 0x0A, 0x00, 0x00, 0x00, 0x00, 0x00, 0x00, 0x00, 0x00, 0x00, 0x00
	.byte 0xE4, 0x05, 0x00, 0x00, 0xCD, 0x08, 0x00, 0x00, 0xF1, 0x05, 0x00, 0x00, 0x24, 0x0A, 0x00, 0x00
	.byte 0x00, 0x00, 0x00, 0x00, 0x00, 0x00, 0x00, 0x00, 0xFC, 0x06, 0x00, 0x00, 0xD3, 0x08, 0x00, 0x00
	.byte 0xFB, 0x06, 0x00, 0x00, 0x1D, 0x0A, 0x00, 0x00, 0x02, 0x00, 0x00, 0x00, 0x00, 0x00, 0x00, 0x00
	.byte 0x46, 0x08, 0x00, 0x00, 0xCB, 0x08, 0x00, 0x00, 0x35, 0x08, 0x00, 0x00, 0x20, 0x0A, 0x00, 0x00
	.byte 0x00, 0x00, 0x00, 0x00, 0x00, 0x00, 0x00, 0x00, 0xB8, 0x09, 0x00, 0x00, 0xD0, 0x08, 0x00, 0x00
	.byte 0xB7, 0x09, 0x00, 0x00, 0x28, 0x0A, 0x00, 0x00, 0x00, 0x00, 0x00, 0x00, 0x00, 0x00, 0x00, 0x00
	.byte 0xEE, 0x0A, 0x00, 0x00, 0xE5, 0x08, 0x00, 0x00, 0xF2, 0x0A, 0x00, 0x00, 0x51, 0x0A, 0x00, 0x00
	.byte 0x00, 0x00, 0x00, 0x00, 0x00, 0x00, 0x00, 0x00, 0x9E, 0x0B, 0x00, 0x00, 0xDA, 0x08, 0x00, 0x00
	.byte 0xFF, 0x0B, 0x00, 0x00, 0x55, 0x0A, 0x00, 0x00, 0x00, 0x00, 0x00, 0x00, 0x00, 0x00, 0x00, 0x00
	.byte 0xC3, 0x0B, 0x00, 0x00, 0xBE, 0x08, 0x00, 0x00, 0xED, 0x0C, 0x00, 0x00, 0xCF, 0x09, 0x00, 0x00
	.byte 0x00, 0x00, 0x00, 0x00, 0x00, 0x00, 0x00, 0x00, 0x98, 0x0C, 0x00, 0x00, 0x10, 0x08, 0x00, 0x00
	.byte 0xEA, 0x0D, 0x00, 0x00, 0xD6, 0x08, 0x00, 0x00, 0x00, 0x00, 0x00, 0x00, 0x00, 0x00, 0x00, 0x00
	.byte 0xC7, 0x0C, 0x00, 0x00, 0xD5, 0x07, 0x00, 0x00, 0x55, 0x0E, 0x00, 0x00, 0x02, 0x08, 0x00, 0x00
	.byte 0x00, 0x00, 0x00, 0x00, 0x00, 0x00, 0x00, 0x00, 0xDE, 0x0C, 0x00, 0x00, 0x9D, 0x07, 0x00, 0x00
	.byte 0x07, 0x0E, 0x00, 0x00, 0x34, 0x07, 0x00, 0x00, 0x00, 0x00, 0x00, 0x00, 0x00, 0x00, 0x00, 0x00
	.byte 0x8D, 0x0C, 0x00, 0x00, 0x11, 0x07, 0x00, 0x00, 0x1D, 0x0D, 0x00, 0x00, 0x4D, 0x06, 0x00, 0x00
	.byte 0x00, 0x00, 0x00, 0x00, 0x00, 0x00, 0x00, 0x00, 0xEC, 0x0B, 0x00, 0x00, 0x9C, 0x06, 0x00, 0x00
	.byte 0x61, 0x0C, 0x00, 0x00, 0x87, 0x05, 0x00, 0x00, 0x00, 0x00, 0x00, 0x00, 0x00, 0x00, 0x00, 0x00
	.byte 0x3B, 0x0B, 0x00, 0x00, 0x64, 0x06, 0x00, 0x00, 0xA6, 0x0B, 0x00, 0x00, 0x4B, 0x05, 0x00, 0x00
	.byte 0x00, 0x00, 0x00, 0x00, 0x00, 0x00, 0x00, 0x00, 0x39, 0x0A, 0x00, 0x00, 0x92, 0x05, 0x00, 0x00
	.byte 0xCA, 0x0A, 0x00, 0x00, 0xD0, 0x04, 0x00, 0x00, 0x00, 0x00, 0x00, 0x00, 0x00, 0x00, 0x00, 0x00
	.byte 0x9E, 0x09, 0x00, 0x00, 0xD2, 0x04, 0x00, 0x00, 0x36, 0x0A, 0x00, 0x00, 0x15, 0x04, 0x00, 0x00
	.byte 0x00, 0x00, 0x00, 0x00, 0x00, 0x00, 0x00, 0x00, 0x2C, 0x09, 0x00, 0x00, 0x2C, 0x04, 0x00, 0x00
	.byte 0xFD, 0x09, 0x00, 0x00, 0x8E, 0x03, 0x00, 0x00, 0x00, 0x00, 0x00, 0x00, 0x00, 0x00, 0x00, 0x00
	.byte 0x66, 0x08, 0x00, 0x00, 0x4C, 0x03, 0x00, 0x00, 0xE1, 0x09, 0x00, 0x00, 0x65, 0x03, 0x00, 0x00
	.byte 0x02, 0x00, 0x00, 0x00, 0x00, 0x00, 0x00, 0x00, 0x70, 0x08, 0x00, 0x00, 0x05, 0x02, 0x00, 0x00
	.byte 0xE2, 0x09, 0x00, 0x00, 0x4A, 0x03, 0x00, 0x00, 0x00, 0x00, 0x00, 0x00, 0x00, 0x00, 0x00, 0x00
	.byte 0x8D, 0x09, 0x00, 0x00, 0xCF, 0x01, 0x00, 0x00, 0xED, 0x09, 0x00, 0x00, 0x3E, 0x03, 0x00, 0x00
	.byte 0x00, 0x00, 0x00, 0x00, 0x00, 0x00, 0x00, 0x00, 0x5C, 0x0A, 0x00, 0x00, 0x6F, 0x02, 0x00, 0x00
	.byte 0xFF, 0x09, 0x00, 0x00, 0x54, 0x03, 0x00, 0x00, 0x00, 0x00, 0x00, 0x00, 0x00, 0x00, 0x00, 0x00
	.byte 0x6C, 0x0B, 0x00, 0x00, 0x80, 0x03, 0x00, 0x00, 0xCB, 0x0A, 0x00, 0x00, 0x2F, 0x04, 0x00, 0x00
	.byte 0x00, 0x00, 0x00, 0x00, 0x00, 0x00, 0x00, 0x00, 0x56, 0x0C, 0x00, 0x00, 0x71, 0x04, 0x00, 0x00
	.byte 0xBC, 0x0B, 0x00, 0x00, 0x06, 0x05, 0x00, 0x00, 0x00, 0x00, 0x00, 0x00, 0x00, 0x00, 0x00, 0x00
	.byte 0x69, 0x0D, 0x00, 0x00, 0x83, 0x05, 0x00, 0x00, 0xBF, 0x0C, 0x00, 0x00, 0x02, 0x06, 0x00, 0x00
	.byte 0x00, 0x00, 0x00, 0x00, 0x00, 0x00, 0x00, 0x00, 0x06, 0x0E, 0x00, 0x00, 0x15, 0x06, 0x00, 0x00
	.byte 0x72, 0x0D, 0x00, 0x00, 0xB3, 0x06, 0x00, 0x00, 0x00, 0x00, 0x00, 0x00, 0x00, 0x00, 0x00, 0x00
	.byte 0xBB, 0x0E, 0x00, 0x00, 0xD0, 0x06, 0x00, 0x00, 0x35, 0x0E, 0x00, 0x00, 0x7A, 0x07, 0x00, 0x00
	.byte 0x00, 0x00, 0x00, 0x00, 0x00, 0x00, 0x00, 0x00, 0x86, 0x0F, 0x00, 0x00, 0xA8, 0x07, 0x00, 0x00
	.byte 0xB0, 0x0E, 0x00, 0x00, 0x51, 0x08, 0x00, 0x00, 0x00, 0x00, 0x00, 0x00, 0x00, 0x00, 0x00, 0x00
	.byte 0x70, 0x10, 0x00, 0x00, 0x64, 0x08, 0x00, 0x00, 0xF1, 0x0E, 0x00, 0x00, 0xE7, 0x08, 0x00, 0x00
	.byte 0x00, 0x00, 0x00, 0x00, 0x00, 0x00, 0x00, 0x00, 0xDC, 0x10, 0x00, 0x00, 0x3B, 0x09, 0x00, 0x00
	.byte 0xDA, 0x0E, 0x00, 0x00, 0xA8, 0x09, 0x00, 0x00, 0x00, 0x00, 0x00, 0x00, 0x00, 0x00, 0x00, 0x00
	.byte 0xD4, 0x10, 0x00, 0x00, 0x7B, 0x0B, 0x00, 0x00, 0xE2, 0x0E, 0x00, 0x00, 0x7F, 0x0B, 0x00, 0x00
	.byte 0x01, 0x00, 0x00, 0x00, 0x00, 0x00, 0x00, 0x00, 0x38, 0x05, 0x00, 0x00, 0xD5, 0x09, 0x00, 0x00
	.byte 0xBE, 0x06, 0x00, 0x00, 0xE5, 0x09, 0x00, 0x00, 0x00, 0x00, 0x00, 0x00, 0x00, 0x00, 0x00, 0x00
	.byte 0xFE, 0x04, 0x00, 0x00, 0x2D, 0x08, 0x00, 0x00, 0x61, 0x06, 0x00, 0x00, 0x2F, 0x08, 0x00, 0x00
	.byte 0x00, 0x00, 0x00, 0x00, 0x00, 0x00, 0x00, 0x00, 0x16, 0x05, 0x00, 0x00, 0x94, 0x06, 0x00, 0x00
	.byte 0x65, 0x06, 0x00, 0x00, 0x4E, 0x07, 0x00, 0x00, 0x00, 0x00, 0x00, 0x00, 0x00, 0x00, 0x00, 0x00
	.byte 0x4D, 0x06, 0x00, 0x00, 0x8E, 0x05, 0x00, 0x00, 0xB4, 0x06, 0x00, 0x00, 0xEF, 0x06, 0x00, 0x00
	.byte 0x00, 0x00, 0x00, 0x00, 0x00, 0x00, 0x00, 0x00, 0xCF, 0x07, 0x00, 0x00, 0xC7, 0x05, 0x00, 0x00
	.byte 0x3D, 0x07, 0x00, 0x00, 0xE4, 0x06, 0x00, 0x00, 0x00, 0x00, 0x00, 0x00, 0x00, 0x00, 0x00, 0x00
	.byte 0xBF, 0x08, 0x00, 0x00, 0xE1, 0x06, 0x00, 0x00, 0x37, 0x08, 0x00, 0x00, 0x9E, 0x07, 0x00, 0x00
	.byte 0x00, 0x00, 0x00, 0x00, 0x00, 0x00, 0x00, 0x00, 0x62, 0x09, 0x00, 0x00, 0x5F, 0x07, 0x00, 0x00
	.byte 0x8A, 0x09, 0x00, 0x00, 0xC0, 0x08, 0x00, 0x00, 0x00, 0x00, 0x00, 0x00, 0x00, 0x00, 0x00, 0x00
	.byte 0x41, 0x0A, 0x00, 0x00, 0x54, 0x07, 0x00, 0x00, 0xDA, 0x0A, 0x00, 0x00, 0xA6, 0x08, 0x00, 0x00
	.byte 0x00, 0x00, 0x00, 0x00, 0x00, 0x00, 0x00, 0x00, 0x14, 0x0B, 0x00, 0x00, 0x84, 0x06, 0x00, 0x00
	.byte 0xA9, 0x0B, 0x00, 0x00, 0xD8, 0x07, 0x00, 0x00, 0x02, 0x00, 0x00, 0x00, 0x00, 0x00, 0x00, 0x00
	.byte 0x93, 0x0C, 0x00, 0x00, 0x8A, 0x06, 0x00, 0x00, 0xA6, 0x0C, 0x00, 0x00, 0xB2, 0x07, 0x00, 0x00
	.byte 0x00, 0x00, 0x00, 0x00, 0x00, 0x00, 0x00, 0x00, 0xDB, 0x0D, 0x00, 0x00, 0x94, 0x06, 0x00, 0x00
	.byte 0xC8, 0x0D, 0x00, 0x00, 0xAD, 0x07, 0x00, 0x00, 0x00, 0x00, 0x00, 0x00, 0x00, 0x00, 0x00, 0x00
	.byte 0xEC, 0x0E, 0x00, 0x00, 0x33, 0x07, 0x00, 0x00, 0x3A, 0x0E, 0x00, 0x00, 0xFC, 0x07, 0x00, 0x00
	.byte 0x00, 0x00, 0x00, 0x00, 0x00, 0x00, 0x00, 0x00, 0x95, 0x0F, 0x00, 0x00, 0xFA, 0x07, 0x00, 0x00
	.byte 0x57, 0x0F, 0x00, 0x00, 0x11, 0x09, 0x00, 0x00, 0x00, 0x00, 0x00, 0x00, 0x00, 0x00, 0x00, 0x00
	.byte 0xAF, 0x10, 0x00, 0x00, 0x08, 0x08, 0x00, 0x00, 0x68, 0x10, 0x00, 0x00, 0x31, 0x09, 0x00, 0x00
	.byte 0x00, 0x00, 0x00, 0x00, 0x00, 0x00, 0x00, 0x00, 0xAA, 0x11, 0x00, 0x00, 0xED, 0x08, 0x00, 0x00
	.byte 0xFD, 0x10, 0x00, 0x00, 0x8F, 0x09, 0x00, 0x00, 0x00, 0x00, 0x00, 0x00, 0x00, 0x00, 0x00, 0x00
	.byte 0xA2, 0x12, 0x00, 0x00, 0xD3, 0x09, 0x00, 0x00, 0x83, 0x11, 0x00, 0x00, 0x39, 0x0A, 0x00, 0x00
	.byte 0x00, 0x00, 0x00, 0x00, 0x00, 0x00, 0x00, 0x00, 0xE2, 0x12, 0x00, 0x00, 0x2A, 0x0B, 0x00, 0x00
	.byte 0x85, 0x11, 0x00, 0x00, 0xB8, 0x0A, 0x00, 0x00, 0x02, 0x00, 0x00, 0x00, 0x00, 0x00, 0x00, 0x00
	.byte 0x04, 0x12, 0x00, 0x00, 0x5F, 0x0C, 0x00, 0x00, 0x50, 0x11, 0x00, 0x00, 0x0A, 0x0B, 0x00, 0x00
	.byte 0x00, 0x00, 0x00, 0x00, 0x00, 0x00, 0x00, 0x00, 0x65, 0x10, 0x00, 0x00, 0x64, 0x0C, 0x00, 0x00
	.byte 0x83, 0x10, 0x00, 0x00, 0x29, 0x0B, 0x00, 0x00, 0x00, 0x00, 0x00, 0x00, 0x00, 0x00, 0x00, 0x00
	.byte 0x4E, 0x0F, 0x00, 0x00, 0x33, 0x0B, 0x00, 0x00, 0x5B, 0x0F, 0x00, 0x00, 0x0D, 0x0A, 0x00, 0x00
	.byte 0x00, 0x00, 0x00, 0x00, 0x00, 0x00, 0x00, 0x00, 0x14, 0x0E, 0x00, 0x00, 0x29, 0x0B, 0x00, 0x00
	.byte 0x07, 0x0E, 0x00, 0x00, 0x15, 0x0A, 0x00, 0x00, 0x00, 0x00, 0x00, 0x00, 0x00, 0x00, 0x00, 0x00
	.byte 0x86, 0x0C, 0x00, 0x00, 0x30, 0x0B, 0x00, 0x00, 0xC3, 0x0C, 0x00, 0x00, 0x18, 0x0A, 0x00, 0x00
	.byte 0x00, 0x00, 0x00, 0x00, 0x00, 0x00, 0x00, 0x00, 0x86, 0x0B, 0x00, 0x00, 0x80, 0x0A, 0x00, 0x00
	.byte 0xF4, 0x0A, 0x00, 0x00, 0x74, 0x09, 0x00, 0x00, 0x00, 0x00, 0x00, 0x00, 0x00, 0x00, 0x00, 0x00
	.byte 0x8D, 0x0A, 0x00, 0x00, 0x8B, 0x0A, 0x00, 0x00, 0x0F, 0x0A, 0x00, 0x00, 0x51, 0x09, 0x00, 0x00
	.byte 0x00, 0x00, 0x00, 0x00, 0x00, 0x00, 0x00, 0x00, 0x3D, 0x0A, 0x00, 0x00, 0xBE, 0x0A, 0x00, 0x00
	.byte 0xFF, 0x08, 0x00, 0x00, 0x06, 0x0A, 0x00, 0x00, 0x00, 0x00, 0x00, 0x00, 0x00, 0x00, 0x00, 0x00
	.byte 0x0C, 0x0A, 0x00, 0x00, 0x0A, 0x0C, 0x00, 0x00, 0xE5, 0x08, 0x00, 0x00, 0x29, 0x0B, 0x00, 0x00
	.byte 0x02, 0x00, 0x00, 0x00, 0x00, 0x00, 0x00, 0x00, 0xCA, 0x08, 0x00, 0x00, 0xE4, 0x0C, 0x00, 0x00
	.byte 0x6D, 0x08, 0x00, 0x00, 0xB0, 0x0B, 0x00, 0x00, 0x00, 0x00, 0x00, 0x00, 0x00, 0x00, 0x00, 0x00
	.byte 0xF9, 0x07, 0x00, 0x00, 0x30, 0x0D, 0x00, 0x00, 0xB4, 0x06, 0x00, 0x00, 0xC3, 0x0B, 0x00, 0x00
	.byte 0x00, 0x00, 0x00, 0x00, 0x00, 0x00, 0x00, 0x00, 0xBA, 0x07, 0x00, 0x00, 0xD1, 0x0D, 0x00, 0x00
	.byte 0xAB, 0x06, 0x00, 0x00, 0x8F, 0x0D, 0x00, 0x00, 0x00, 0x00, 0x00, 0x00, 0x00, 0x00, 0x00, 0x00
	.byte 0x96, 0x07, 0x00, 0x00, 0x39, 0x0F, 0x00, 0x00, 0xA8, 0x06, 0x00, 0x00, 0xE3, 0x0D, 0x00, 0x00
	.byte 0x00, 0x00, 0x00, 0x00, 0x00, 0x00, 0x00, 0x00, 0x2A, 0x06, 0x00, 0x00, 0x5C, 0x0F, 0x00, 0x00
	.byte 0x72, 0x06, 0x00, 0x00, 0xE1, 0x0D, 0x00, 0x00, 0x00, 0x00, 0x00, 0x00, 0x00, 0x00, 0x00, 0x00
	.byte 0xFB, 0x04, 0x00, 0x00, 0xFA, 0x0D, 0x00, 0x00, 0x54, 0x06, 0x00, 0x00, 0xB1, 0x0D, 0x00, 0x00
	.byte 0x00, 0x00, 0x00, 0x00, 0x00, 0x00, 0x00, 0x00, 0x0B, 0x05, 0x00, 0x00, 0x78, 0x0C, 0x00, 0x00
	.byte 0xAF, 0x06, 0x00, 0x00, 0x7D, 0x0C, 0x00, 0x00, 0x01, 0x00, 0x00, 0x00, 0x00, 0x00, 0x00, 0x00
	.byte 0x32, 0x05, 0x00, 0x00, 0x53, 0x0B, 0x00, 0x00, 0xCD, 0x06, 0x00, 0x00, 0x41, 0x0B, 0x00, 0x00
	.byte 0x00, 0x00, 0x00, 0x00, 0x00, 0x00, 0x00, 0x00, 0x82, 0x06, 0x00, 0x00, 0x63, 0x05, 0x00, 0x00
	.byte 0x40, 0x05, 0x00, 0x00, 0x64, 0x05, 0x00, 0x00, 0x00, 0x00, 0x00, 0x00, 0x00, 0x00, 0x00, 0x00
	.byte 0x78, 0x06, 0x00, 0x00, 0x31, 0x07, 0x00, 0x00, 0x3C, 0x05, 0x00, 0x00, 0x30, 0x07, 0x00, 0x00
	.byte 0x00, 0x00, 0x00, 0x00, 0x00, 0x00, 0x00, 0x00, 0x6D, 0x06, 0x00, 0x00, 0xD2, 0x08, 0x00, 0x00
	.byte 0x3A, 0x05, 0x00, 0x00, 0xCC, 0x08, 0x00, 0x00, 0x02, 0x00, 0x00, 0x00, 0x00, 0x00, 0x00, 0x00
	.byte 0x77, 0x06, 0x00, 0x00, 0x62, 0x0A, 0x00, 0x00, 0x33, 0x05, 0x00, 0x00, 0x64, 0x0A, 0x00, 0x00
	.byte 0x00, 0x00, 0x00, 0x00, 0x00, 0x00, 0x00, 0x00, 0x6F, 0x06, 0x00, 0x00, 0x9A, 0x0B, 0x00, 0x00
	.byte 0x75, 0x05, 0x00, 0x00, 0x1A, 0x0C, 0x00, 0x00, 0x00, 0x00, 0x00, 0x00, 0x00, 0x00, 0x00, 0x00
	.byte 0xD5, 0x06, 0x00, 0x00, 0x38, 0x0C, 0x00, 0x00, 0x52, 0x06, 0x00, 0x00, 0x00, 0x0D, 0x00, 0x00
	.byte 0x00, 0x00, 0x00, 0x00, 0x00, 0x00, 0x00, 0x00, 0x71, 0x07, 0x00, 0x00, 0x35, 0x0C, 0x00, 0x00
	.byte 0x85, 0x07, 0x00, 0x00, 0x7E, 0x0D, 0x00, 0x00, 0x02, 0x00, 0x00, 0x00, 0x00, 0x00, 0x00, 0x00
	.byte 0x21, 0x08, 0x00, 0x00, 0xD8, 0x0B, 0x00, 0x00, 0x0C, 0x09, 0x00, 0x00, 0xF5, 0x0C, 0x00, 0x00
	.byte 0x00, 0x00, 0x00, 0x00, 0x00, 0x00, 0x00, 0x00, 0xA1, 0x08, 0x00, 0x00, 0xE5, 0x0A, 0x00, 0x00
	.byte 0x5C, 0x0A, 0x00, 0x00, 0xA7, 0x0B, 0x00, 0x00, 0x00, 0x00, 0x00, 0x00, 0x00, 0x00, 0x00, 0x00
	.byte 0x97, 0x08, 0x00, 0x00, 0x5B, 0x09, 0x00, 0x00, 0xAF, 0x0B, 0x00, 0x00, 0x7B, 0x0A, 0x00, 0x00
	.byte 0x00, 0x00, 0x00, 0x00, 0x00, 0x00, 0x00, 0x00, 0x4B, 0x08, 0x00, 0x00, 0x56, 0x07, 0x00, 0x00
	.byte 0x97, 0x0D, 0x00, 0x00, 0xCA, 0x08, 0x00, 0x00, 0x00, 0x00, 0x00, 0x00, 0x00, 0x00, 0x00, 0x00
	.byte 0x3F, 0x08, 0x00, 0x00, 0x94, 0x06, 0x00, 0x00, 0x7C, 0x0D, 0x00, 0x00, 0xC6, 0x06, 0x00, 0x00
	.byte 0x02, 0x00, 0x00, 0x00, 0x00, 0x00, 0x00, 0x00, 0x33, 0x08, 0x00, 0x00, 0xEB, 0x05, 0x00, 0x00
	.byte 0x75, 0x0B, 0x00, 0x00, 0xDF, 0x04, 0x00, 0x00, 0x00, 0x00, 0x00, 0x00, 0x00, 0x00, 0x00, 0x00
	.byte 0x62, 0x08, 0x00, 0x00, 0x2D, 0x04, 0x00, 0x00, 0x96, 0x09, 0x00, 0x00, 0x26, 0x03, 0x00, 0x00
	.byte 0x00, 0x00, 0x00, 0x00, 0x00, 0x00, 0x00, 0x00, 0xCF, 0x07, 0x00, 0x00, 0x86, 0x03, 0x00, 0x00
	.byte 0x2C, 0x08, 0x00, 0x00, 0xD7, 0x01, 0x00, 0x00, 0x00, 0x00, 0x00, 0x00, 0x00, 0x00, 0x00, 0x00
	.byte 0x0F, 0x07, 0x00, 0x00, 0x63, 0x03, 0x00, 0x00, 0x9E, 0x06, 0x00, 0x00, 0xAE, 0x01, 0x00, 0x00
	.byte 0x00, 0x00, 0x00, 0x00, 0x00, 0x00, 0x00, 0x00, 0x9F, 0x06, 0x00, 0x00, 0xD6, 0x03, 0x00, 0x00
	.byte 0x14, 0x05, 0x00, 0x00, 0xE0, 0x02, 0x00, 0x00, 0x01, 0x00, 0x00, 0x00, 0x00, 0x00, 0x00, 0x00
	.byte 0x82, 0x06, 0x00, 0x00, 0x63, 0x05, 0x00, 0x00, 0x40, 0x05, 0x00, 0x00, 0x64, 0x05, 0x00, 0x00
	.byte 0x00, 0x00, 0x00, 0x00, 0x00, 0x00, 0x00, 0x00, 0xE6, 0x0B, 0x00, 0x00, 0x4F, 0x08, 0x00, 0x00
	.byte 0x95, 0x0A, 0x00, 0x00, 0x51, 0x08, 0x00, 0x00, 0x00, 0x00, 0x00, 0x00, 0x00, 0x00, 0x00, 0x00
	.byte 0xCE, 0x0B, 0x00, 0x00, 0x75, 0x09, 0x00, 0x00, 0x90, 0x0A, 0x00, 0x00, 0x78, 0x09, 0x00, 0x00
	.byte 0x00, 0x00, 0x00, 0x00, 0x00, 0x00, 0x00, 0x00, 0xD4, 0x0B, 0x00, 0x00, 0x0B, 0x0B, 0x00, 0x00
	.byte 0x8E, 0x0A, 0x00, 0x00, 0xD6, 0x0A, 0x00, 0x00, 0x00, 0x00, 0x00, 0x00, 0x00, 0x00, 0x00, 0x00
	.byte 0x23, 0x0B, 0x00, 0x00, 0x7B, 0x0C, 0x00, 0x00, 0x11, 0x0A, 0x00, 0x00, 0x70, 0x0B, 0x00, 0x00
	.byte 0x00, 0x00, 0x00, 0x00, 0x00, 0x00, 0x00, 0x00, 0x6C, 0x09, 0x00, 0x00, 0x0C, 0x0D, 0x00, 0x00
	.byte 0x35, 0x09, 0x00, 0x00, 0x9C, 0x0B, 0x00, 0x00, 0x02, 0x00, 0x00, 0x00, 0x00, 0x00, 0x00, 0x00
	.byte 0x0E, 0x08, 0x00, 0x00, 0x75, 0x0D, 0x00, 0x00, 0x70, 0x07, 0x00, 0x00, 0x0F, 0x0C, 0x00, 0x00
	.byte 0x00, 0x00, 0x00, 0x00, 0x00, 0x00, 0x00, 0x00, 0x87, 0x06, 0x00, 0x00, 0xB5, 0x0D, 0x00, 0x00
	.byte 0x79, 0x06, 0x00, 0x00, 0x72, 0x0C, 0x00, 0x00, 0x00, 0x00, 0x00, 0x00, 0x00, 0x00, 0x00, 0x00
	.byte 0x5B, 0x05, 0x00, 0x00, 0xFC, 0x0C, 0x00, 0x00, 0xD4, 0x05, 0x00, 0x00, 0x2B, 0x0C, 0x00, 0x00
	.byte 0x00, 0x00, 0x00, 0x00, 0x00, 0x00, 0x00, 0x00, 0x8E, 0x04, 0x00, 0x00, 0x0A, 0x0C, 0x00, 0x00
	.byte 0x1C, 0x05, 0x00, 0x00, 0x63, 0x0B, 0x00, 0x00, 0x00, 0x00, 0x00, 0x00, 0x00, 0x00, 0x00, 0x00
	.byte 0x9B, 0x03, 0x00, 0x00, 0xF4, 0x0A, 0x00, 0x00, 0x74, 0x04, 0x00, 0x00, 0xB5, 0x0A, 0x00, 0x00
	.byte 0x00, 0x00, 0x00, 0x00, 0x00, 0x00, 0x00, 0x00, 0x55, 0x03, 0x00, 0x00, 0x80, 0x09, 0x00, 0x00
	.byte 0x70, 0x04, 0x00, 0x00, 0x15, 0x0A, 0x00, 0x00, 0x00, 0x00, 0x00, 0x00, 0x00, 0x00, 0x00, 0x00
	.byte 0x5A, 0x04, 0x00, 0x00, 0x9F, 0x08, 0x00, 0x00, 0xB9, 0x04, 0x00, 0x00, 0xCD, 0x09, 0x00, 0x00
	.byte 0x02, 0x00, 0x00, 0x00, 0x00, 0x00, 0x00, 0x00, 0xA2, 0x05, 0x00, 0x00, 0x85, 0x08, 0x00, 0x00
	.byte 0x03, 0x06, 0x00, 0x00, 0xDC, 0x09, 0x00, 0x00, 0x00, 0x00, 0x00, 0x00, 0x00, 0x00, 0x00, 0x00
	.byte 0x44, 0x06, 0x00, 0x00, 0xFB, 0x07, 0x00, 0x00, 0x6D, 0x07, 0x00, 0x00, 0xA5, 0x08, 0x00, 0x00
	.byte 0x00, 0x00, 0x00, 0x00, 0x00, 0x00, 0x00, 0x00, 0x55, 0x06, 0x00, 0x00, 0x61, 0x07, 0x00, 0x00
	.byte 0x64, 0x07, 0x00, 0x00, 0xF9, 0x06, 0x00, 0x00, 0x00, 0x00, 0x00, 0x00, 0x00, 0x00, 0x00, 0x00
	.byte 0xC7, 0x05, 0x00, 0x00, 0xE5, 0x06, 0x00, 0x00, 0xD6, 0x05, 0x00, 0x00, 0xC1, 0x05, 0x00, 0x00
	.byte 0x00, 0x00, 0x00, 0x00, 0x00, 0x00, 0x00, 0x00, 0x8A, 0x04, 0x00, 0x00, 0xCC, 0x06, 0x00, 0x00
	.byte 0xCA, 0x04, 0x00, 0x00, 0xC5, 0x05, 0x00, 0x00, 0x00, 0x00, 0x00, 0x00, 0x00, 0x00, 0x00, 0x00
	.byte 0x56, 0x03, 0x00, 0x00, 0x53, 0x05, 0x00, 0x00, 0x68, 0x04, 0x00, 0x00, 0x5B, 0x05, 0x00, 0x00
	.byte 0x00, 0x00, 0x00, 0x00, 0x00, 0x00, 0x00, 0x00, 0x5C, 0x03, 0x00, 0x00, 0xFE, 0x03, 0x00, 0x00
	.byte 0x66, 0x04, 0x00, 0x00, 0xA6, 0x04, 0x00, 0x00, 0x00, 0x00, 0x00, 0x00, 0x00, 0x00, 0x00, 0x00
	.byte 0x59, 0x04, 0x00, 0x00, 0x20, 0x03, 0x00, 0x00, 0xB6, 0x04, 0x00, 0x00, 0x5E, 0x04, 0x00, 0x00
	.byte 0x00, 0x00, 0x00, 0x00, 0x00, 0x00, 0x00, 0x00, 0xAD, 0x05, 0x00, 0x00, 0x26, 0x03, 0x00, 0x00
	.byte 0xB7, 0x05, 0x00, 0x00, 0x58, 0x04, 0x00, 0x00, 0x02, 0x00, 0x00, 0x00, 0x00, 0x00, 0x00, 0x00
	.byte 0x06, 0x07, 0x00, 0x00, 0x1E, 0x03, 0x00, 0x00, 0x1E, 0x07, 0x00, 0x00, 0x55, 0x04, 0x00, 0x00
	.byte 0x00, 0x00, 0x00, 0x00, 0x00, 0x00, 0x00, 0x00, 0x62, 0x08, 0x00, 0x00, 0x2F, 0x03, 0x00, 0x00
	.byte 0x67, 0x08, 0x00, 0x00, 0x68, 0x04, 0x00, 0x00, 0x00, 0x00, 0x00, 0x00, 0x00, 0x00, 0x00, 0x00
	.byte 0x92, 0x09, 0x00, 0x00, 0x1D, 0x03, 0x00, 0x00, 0xA4, 0x09, 0x00, 0x00, 0x68, 0x04, 0x00, 0x00
	.byte 0x00, 0x00, 0x00, 0x00, 0x00, 0x00, 0x00, 0x00, 0xF3, 0x0A, 0x00, 0x00, 0xCF, 0x03, 0x00, 0x00
	.byte 0x5B, 0x0A, 0x00, 0x00, 0x95, 0x04, 0x00, 0x00, 0x00, 0x00, 0x00, 0x00, 0x00, 0x00, 0x00, 0x00
	.byte 0xE8, 0x0B, 0x00, 0x00, 0x55, 0x05, 0x00, 0x00, 0x7B, 0x0A, 0x00, 0x00, 0x70, 0x05, 0x00, 0x00
	.byte 0x01, 0x00, 0x00, 0x00, 0x00, 0x00, 0x00, 0x00, 0xDC, 0x0B, 0x00, 0x00, 0xEF, 0x06, 0x00, 0x00
	.byte 0x7B, 0x0A, 0x00, 0x00, 0xF3, 0x06, 0x00, 0x00, 0x00, 0x00, 0x00, 0x00, 0x00, 0x00, 0x00, 0x00
	.byte 0x52, 0x09, 0x00, 0x00, 0xE3, 0x09, 0x00, 0x00, 0xA0, 0x0D, 0x00, 0x00, 0xEA, 0x09, 0x00, 0x00
	.byte 0x00, 0x00, 0x00, 0x00, 0x00, 0x00, 0x00, 0x00, 0x5B, 0x09, 0x00, 0x00, 0x3F, 0x08, 0x00, 0x00
	.byte 0x9C, 0x0C, 0x00, 0x00, 0x48, 0x08, 0x00, 0x00, 0x00, 0x00, 0x00, 0x00, 0x00, 0x00, 0x00, 0x00
	.byte 0x47, 0x09, 0x00, 0x00, 0xB8, 0x06, 0x00, 0x00, 0xF9, 0x0B, 0x00, 0x00, 0xBC, 0x06, 0x00, 0x00
	.byte 0x00, 0x00, 0x00, 0x00, 0x00, 0x00, 0x00, 0x00, 0x2A, 0x09, 0x00, 0x00, 0x6B, 0x05, 0x00, 0x00
	.byte 0xA9, 0x0A, 0x00, 0x00, 0xFF, 0x04, 0x00, 0x00, 0x00, 0x00, 0x00, 0x00, 0x00, 0x00, 0x00, 0x00
	.byte 0x5D, 0x08, 0x00, 0x00, 0x52, 0x04, 0x00, 0x00, 0x96, 0x09, 0x00, 0x00, 0x62, 0x03, 0x00, 0x00
	.byte 0x00, 0x00, 0x00, 0x00, 0x00, 0x00, 0x00, 0x00, 0x4A, 0x07, 0x00, 0x00, 0x8C, 0x03, 0x00, 0x00
	.byte 0x53, 0x08, 0x00, 0x00, 0x3C, 0x02, 0x00, 0x00, 0x00, 0x00, 0x00, 0x00, 0x00, 0x00, 0x00, 0x00
	.byte 0xFE, 0x05, 0x00, 0x00, 0x16, 0x03, 0x00, 0x00, 0x38, 0x06, 0x00, 0x00, 0x42, 0x01, 0x00, 0x00
	.byte 0x02, 0x00, 0x00, 0x00, 0x00, 0x00, 0x00, 0x00, 0x63, 0x05, 0x00, 0x00, 0x61, 0x03, 0x00, 0x00
	.byte 0x34, 0x04, 0x00, 0x00, 0x60, 0x01, 0x00, 0x00, 0x00, 0x00, 0x00, 0x00, 0x00, 0x00, 0x00, 0x00
	.byte 0x31, 0x05, 0x00, 0x00, 0x1F, 0x04, 0x00, 0x00, 0x85, 0x03, 0x00, 0x00, 0xCA, 0x03, 0x00, 0x00
	.byte 0x00, 0x00, 0x00, 0x00, 0x00, 0x00, 0x00, 0x00, 0x2A, 0x05, 0x00, 0x00, 0x87, 0x05, 0x00, 0x00
	.byte 0x83, 0x03, 0x00, 0x00, 0x8A, 0x05, 0x00, 0x00, 0x00, 0x00, 0x00, 0x00, 0x00, 0x00, 0x00, 0x00
	.byte 0x2E, 0x05, 0x00, 0x00, 0xD3, 0x06, 0x00, 0x00, 0x8B, 0x03, 0x00, 0x00, 0xCD, 0x06, 0x00, 0x00
	.byte 0x00, 0x00, 0x00, 0x00, 0x00, 0x00, 0x00, 0x00, 0x2E, 0x05, 0x00, 0x00, 0x1A, 0x08, 0x00, 0x00
	.byte 0x77, 0x03, 0x00, 0x00, 0x17, 0x08, 0x00, 0x00, 0x02, 0x00, 0x00, 0x00, 0x00, 0x00, 0x00, 0x00
	.byte 0x4D, 0x05, 0x00, 0x00, 0x78, 0x09, 0x00, 0x00, 0xDB, 0x03, 0x00, 0x00, 0x00, 0x0A, 0x00, 0x00
	.byte 0x00, 0x00, 0x00, 0x00, 0x00, 0x00, 0x00, 0x00, 0x07, 0x06, 0x00, 0x00, 0x9A, 0x0A, 0x00, 0x00
	.byte 0xCF, 0x04, 0x00, 0x00, 0x6F, 0x0B, 0x00, 0x00, 0x00, 0x00, 0x00, 0x00, 0x00, 0x00, 0x00, 0x00
	.byte 0xE7, 0x06, 0x00, 0x00, 0x88, 0x0B, 0x00, 0x00, 0x1B, 0x06, 0x00, 0x00, 0x9C, 0x0C, 0x00, 0x00
	.byte 0x00, 0x00, 0x00, 0x00, 0x00, 0x00, 0x00, 0x00, 0x42, 0x08, 0x00, 0x00, 0x19, 0x0C, 0x00, 0x00
	.byte 0x12, 0x08, 0x00, 0x00, 0x1C, 0x0E, 0x00, 0x00, 0x00, 0x00, 0x00, 0x00, 0x00, 0x00, 0x00, 0x00
	.byte 0x5F, 0x09, 0x00, 0x00, 0x19, 0x0C, 0x00, 0x00, 0x5C, 0x0A, 0x00, 0x00, 0x38, 0x0E, 0x00, 0x00
	.byte 0x00, 0x00, 0x00, 0x00, 0x00, 0x00, 0x00, 0x00, 0x6B, 0x09, 0x00, 0x00, 0x04, 0x0B, 0x00, 0x00
	.byte 0x69, 0x0C, 0x00, 0x00, 0x98, 0x0C, 0x00, 0x00, 0x01, 0x00, 0x00, 0x00, 0x00, 0x00, 0x00, 0x00
	.byte 0xF1, 0x02, 0x00, 0x00, 0x98, 0x0B, 0x00, 0x00, 0x1F, 0x05, 0x00, 0x00, 0x97, 0x0B, 0x00, 0x00
	.byte 0x00, 0x00, 0x00, 0x00, 0x00, 0x00, 0x00, 0x00, 0xFB, 0x02, 0x00, 0x00, 0x72, 0x09, 0x00, 0x00
	.byte 0xFE, 0x04, 0x00, 0x00, 0x70, 0x09, 0x00, 0x00, 0x00, 0x00, 0x00, 0x00, 0x00, 0x00, 0x00, 0x00
	.byte 0x18, 0x03, 0x00, 0x00, 0x24, 0x08, 0x00, 0x00, 0x57, 0x04, 0x00, 0x00, 0x2C, 0x08, 0x00, 0x00
	.byte 0x00, 0x00, 0x00, 0x00, 0x00, 0x00, 0x00, 0x00, 0x20, 0x03, 0x00, 0x00, 0x98, 0x06, 0x00, 0x00
	.byte 0x54, 0x04, 0x00, 0x00, 0xA4, 0x06, 0x00, 0x00, 0x00, 0x00, 0x00, 0x00, 0x00, 0x00, 0x00, 0x00
	.byte 0x25, 0x03, 0x00, 0x00, 0xF4, 0x04, 0x00, 0x00, 0x48, 0x04, 0x00, 0x00, 0xF2, 0x04, 0x00, 0x00
	.byte 0x00, 0x00, 0x00, 0x00, 0x00, 0x00, 0x00, 0x00, 0x1B, 0x03, 0x00, 0x00, 0xE6, 0x02, 0x00, 0x00
	.byte 0x4A, 0x04, 0x00, 0x00, 0xE7, 0x03, 0x00, 0x00, 0x00, 0x00, 0x00, 0x00, 0x00, 0x00, 0x00, 0x00
	.byte 0x55, 0x04, 0x00, 0x00, 0x60, 0x02, 0x00, 0x00, 0xB6, 0x04, 0x00, 0x00, 0xAE, 0x03, 0x00, 0x00
	.byte 0x00, 0x00, 0x00, 0x00, 0x00, 0x00, 0x00, 0x00, 0x97, 0x04, 0x00, 0x00, 0xF6, 0x01, 0x00, 0x00
	.byte 0xCC, 0x05, 0x00, 0x00, 0x26, 0x03, 0x00, 0x00, 0x00, 0x00, 0x00, 0x00, 0x00, 0x00, 0x00, 0x00
	.byte 0x67, 0x05, 0x00, 0x00, 0x5B, 0x01, 0x00, 0x00, 0x19, 0x06, 0x00, 0x00, 0x83, 0x02, 0x00, 0x00
	.byte 0x00, 0x00, 0x00, 0x00, 0x00, 0x00, 0x00, 0x00, 0xE5, 0x06, 0x00, 0x00, 0x68, 0x01, 0x00, 0x00
	.byte 0xED, 0x06, 0x00, 0x00, 0x94, 0x02, 0x00, 0x00, 0x00, 0x00, 0x00, 0x00, 0x00, 0x00, 0x00, 0x00
	.byte 0xA0, 0x08, 0x00, 0x00, 0x6A, 0x01, 0x00, 0x00, 0xF3, 0x07, 0x00, 0x00, 0x9D, 0x02, 0x00, 0x00
	.byte 0x00, 0x00, 0x00, 0x00, 0x00, 0x00, 0x00, 0x00, 0x1D, 0x09, 0x00, 0x00, 0x71, 0x02, 0x00, 0x00
	.byte 0x8F, 0x08, 0x00, 0x00, 0xA6, 0x03, 0x00, 0x00, 0x00, 0x00, 0x00, 0x00, 0x00, 0x00, 0x00, 0x00
	.byte 0x3B, 0x0A, 0x00, 0x00, 0x7E, 0x02, 0x00, 0x00, 0x38, 0x0A, 0x00, 0x00, 0xB7, 0x03, 0x00, 0x00
	.byte 0x00, 0x00, 0x00, 0x00, 0x00, 0x00, 0x00, 0x00, 0x98, 0x0B, 0x00, 0x00, 0x95, 0x02, 0x00, 0x00
	.byte 0x00, 0x0B, 0x00, 0x00, 0xCC, 0x03, 0x00, 0x00, 0x00, 0x00, 0x00, 0x00, 0x00, 0x00, 0x00, 0x00
	.byte 0xC7, 0x0C, 0x00, 0x00, 0x04, 0x04, 0x00, 0x00, 0xA1, 0x0B, 0x00, 0x00, 0x8B, 0x04, 0x00, 0x00
	.byte 0x00, 0x00, 0x00, 0x00, 0x00, 0x00, 0x00, 0x00, 0xD6, 0x0C, 0x00, 0x00, 0xAB, 0x05, 0x00, 0x00
	.byte 0xA1, 0x0B, 0x00, 0x00, 0xAD, 0x05, 0x00, 0x00, 0x00, 0x00, 0x00, 0x00, 0x00, 0x00, 0x00, 0x00
	.byte 0xD6, 0x0C, 0x00, 0x00, 0x2C, 0x07, 0x00, 0x00, 0xA1, 0x0B, 0x00, 0x00, 0x30, 0x07, 0x00, 0x00
	.byte 0x00, 0x00, 0x00, 0x00, 0x00, 0x00, 0x00, 0x00, 0xF2, 0x0C, 0x00, 0x00, 0xA4, 0x08, 0x00, 0x00
	.byte 0x94, 0x0B, 0x00, 0x00, 0xA7, 0x08, 0x00, 0x00, 0x00, 0x00, 0x00, 0x00, 0x00, 0x00, 0x00, 0x00
	.byte 0xD9, 0x0C, 0x00, 0x00, 0x04, 0x0A, 0x00, 0x00, 0x60, 0x0B, 0x00, 0x00, 0x37, 0x09, 0x00, 0x00
	.byte 0x00, 0x00, 0x00, 0x00, 0x00, 0x00, 0x00, 0x00, 0x0B, 0x0C, 0x00, 0x00, 0xC2, 0x0A, 0x00, 0x00
	.byte 0x32, 0x0B, 0x00, 0x00, 0x7B, 0x09, 0x00, 0x00, 0x00, 0x00, 0x00, 0x00, 0x00, 0x00, 0x00, 0x00
	.byte 0x99, 0x0A, 0x00, 0x00, 0xD5, 0x0A, 0x00, 0x00, 0x37, 0x0A, 0x00, 0x00, 0x67, 0x09, 0x00, 0x00
	.byte 0x00, 0x00, 0x00, 0x00, 0x00, 0x00, 0x00, 0x00, 0x59, 0x0A, 0x00, 0x00, 0x0E, 0x0B, 0x00, 0x00
	.byte 0x09, 0x09, 0x00, 0x00, 0x4F, 0x0A, 0x00, 0x00, 0x00, 0x00, 0x00, 0x00, 0x00, 0x00, 0x00, 0x00
	.byte 0x5E, 0x0A, 0x00, 0x00, 0x9C, 0x0B, 0x00, 0x00, 0x0A, 0x09, 0x00, 0x00, 0x02, 0x0C, 0x00, 0x00
	.byte 0x00, 0x00, 0x00, 0x00, 0x00, 0x00, 0x00, 0x00, 0x32, 0x0B, 0x00, 0x00, 0x89, 0x0C, 0x00, 0x00
	.byte 0x33, 0x0A, 0x00, 0x00, 0x6E, 0x0D, 0x00, 0x00, 0x00, 0x00, 0x00, 0x00, 0x00, 0x00, 0x00, 0x00
	.byte 0x23, 0x0C, 0x00, 0x00, 0xA0, 0x0D, 0x00, 0x00, 0xE0, 0x0A, 0x00, 0x00, 0x3F, 0x0E, 0x00, 0x00
	.byte 0x00, 0x00, 0x00, 0x00, 0x00, 0x00, 0x00, 0x00, 0x38, 0x0C, 0x00, 0x00, 0x41, 0x0F, 0x00, 0x00
	.byte 0xE6, 0x0A, 0x00, 0x00, 0x77, 0x0E, 0x00, 0x00, 0x00, 0x00, 0x00, 0x00, 0x00, 0x00, 0x00, 0x00
	.byte 0x29, 0x0B, 0x00, 0x00, 0x0E, 0x10, 0x00, 0x00, 0x99, 0x0A, 0x00, 0x00, 0xB2, 0x0E, 0x00, 0x00
	.byte 0x00, 0x00, 0x00, 0x00, 0x00, 0x00, 0x00, 0x00, 0xE4, 0x0A, 0x00, 0x00, 0x22, 0x10, 0x00, 0x00
	.byte 0x9E, 0x09, 0x00, 0x00, 0x36, 0x0F, 0x00, 0x00, 0x00, 0x00, 0x00, 0x00, 0x00, 0x00, 0x00, 0x00
	.byte 0xF5, 0x0A, 0x00, 0x00, 0xB4, 0x10, 0x00, 0x00, 0x88, 0x09, 0x00, 0x00, 0xA8, 0x10, 0x00, 0x00
	.byte 0x00, 0x00, 0x00, 0x00, 0x00, 0x00, 0x00, 0x00, 0xEC, 0x0A, 0x00, 0x00, 0xF4, 0x11, 0x00, 0x00
	.byte 0x76, 0x09, 0x00, 0x00, 0x58, 0x11, 0x00, 0x00, 0x00, 0x00, 0x00, 0x00, 0x00, 0x00, 0x00, 0x00
	.byte 0x26, 0x0A, 0x00, 0x00, 0xB3, 0x12, 0x00, 0x00, 0x45, 0x09, 0x00, 0x00, 0x7E, 0x11, 0x00, 0x00
	.byte 0x00, 0x00, 0x00, 0x00, 0x00, 0x00, 0x00, 0x00, 0x85, 0x08, 0x00, 0x00, 0xC9, 0x12, 0x00, 0x00
	.byte 0x86, 0x08, 0x00, 0x00, 0x79, 0x11, 0x00, 0x00, 0x00, 0x00, 0x00, 0x00, 0x00, 0x00, 0x00, 0x00
	.byte 0x13, 0x07, 0x00, 0x00, 0xC5, 0x12, 0x00, 0x00, 0x1E, 0x07, 0x00, 0x00, 0x7D, 0x11, 0x00, 0x00
	.byte 0x00, 0x00, 0x00, 0x00, 0x00, 0x00, 0x00, 0x00, 0x8D, 0x05, 0x00, 0x00, 0x49, 0x12, 0x00, 0x00
	.byte 0x86, 0x06, 0x00, 0x00, 0x58, 0x11, 0x00, 0x00, 0x00, 0x00, 0x00, 0x00, 0x00, 0x00, 0x00, 0x00
	.byte 0x7A, 0x04, 0x00, 0x00, 0xF8, 0x10, 0x00, 0x00, 0xED, 0x05, 0x00, 0x00, 0xC5, 0x10, 0x00, 0x00
	.byte 0x00, 0x00, 0x00, 0x00, 0x00, 0x00, 0x00, 0x00, 0x66, 0x04, 0x00, 0x00, 0xA2, 0x0F, 0x00, 0x00
	.byte 0xEA, 0x05, 0x00, 0x00, 0xB2, 0x0F, 0x00, 0x00, 0x00, 0x00, 0x00, 0x00, 0x00, 0x00, 0x00, 0x00
	.byte 0x69, 0x04, 0x00, 0x00, 0xC4, 0x0E, 0x00, 0x00, 0xAC, 0x05, 0x00, 0x00, 0x24, 0x0E, 0x00, 0x00
	.byte 0x01, 0x00, 0x00, 0x00, 0x00, 0x00, 0x00, 0x00, 0x2B, 0x03, 0x00, 0x00, 0x8A, 0x0D, 0x00, 0x00
	.byte 0x2A, 0x05, 0x00, 0x00, 0x0C, 0x0D, 0x00, 0x00, 0x00, 0x00, 0x00, 0x00, 0x00, 0x00, 0x00, 0x00
	.byte 0xED, 0x04, 0x00, 0x00, 0x66, 0x04, 0x00, 0x00, 0x4D, 0x02, 0x00, 0x00, 0x6E, 0x04, 0x00, 0x00
	.byte 0x00, 0x00, 0x00, 0x00, 0x00, 0x00, 0x00, 0x00, 0x05, 0x05, 0x00, 0x00, 0xFB, 0x05, 0x00, 0x00
	.byte 0x3D, 0x02, 0x00, 0x00, 0xFA, 0x05, 0x00, 0x00, 0x00, 0x00, 0x00, 0x00, 0x00, 0x00, 0x00, 0x00
	.byte 0xD4, 0x04, 0x00, 0x00, 0x7C, 0x07, 0x00, 0x00, 0xCB, 0x02, 0x00, 0x00, 0x58, 0x08, 0x00, 0x00
	.byte 0x02, 0x00, 0x00, 0x00, 0x00, 0x00, 0x00, 0x00, 0xEE, 0x05, 0x00, 0x00, 0xF0, 0x08, 0x00, 0x00
	.byte 0xD1, 0x04, 0x00, 0x00, 0x81, 0x0A, 0x00, 0x00, 0x00, 0x00, 0x00, 0x00, 0x00, 0x00, 0x00, 0x00
	.byte 0x1C, 0x07, 0x00, 0x00, 0x7A, 0x09, 0x00, 0x00, 0x19, 0x07, 0x00, 0x00, 0x83, 0x0B, 0x00, 0x00
	.byte 0x00, 0x00, 0x00, 0x00, 0x00, 0x00, 0x00, 0x00, 0xCD, 0x07, 0x00, 0x00, 0xE2, 0x08, 0x00, 0x00
	.byte 0x37, 0x09, 0x00, 0x00, 0x65, 0x0A, 0x00, 0x00, 0x02, 0x00, 0x00, 0x00, 0x00, 0x00, 0x00, 0x00
	.byte 0xFF, 0x07, 0x00, 0x00, 0x8A, 0x07, 0x00, 0x00, 0xE9, 0x09, 0x00, 0x00, 0x96, 0x07, 0x00, 0x00
	.byte 0x00, 0x00, 0x00, 0x00, 0x00, 0x00, 0x00, 0x00, 0x13, 0x08, 0x00, 0x00, 0xEE, 0x05, 0x00, 0x00
	.byte 0xD8, 0x09, 0x00, 0x00, 0x7F, 0x05, 0x00, 0x00, 0x00, 0x00, 0x00, 0x00, 0x00, 0x00, 0x00, 0x00
	.byte 0xD1, 0x07, 0x00, 0x00, 0x97, 0x04, 0x00, 0x00, 0xDE, 0x08, 0x00, 0x00, 0xAE, 0x03, 0x00, 0x00
	.byte 0x02, 0x00, 0x00, 0x00, 0x00, 0x00, 0x00, 0x00, 0x0F, 0x07, 0x00, 0x00, 0x63, 0x03, 0x00, 0x00
	.byte 0xDF, 0x07, 0x00, 0x00, 0x8C, 0x02, 0x00, 0x00, 0x00, 0x00, 0x00, 0x00, 0x00, 0x00, 0x00, 0x00
	.byte 0xAE, 0x05, 0x00, 0x00, 0x43, 0x02, 0x00, 0x00, 0x5E, 0x06, 0x00, 0x00, 0x07, 0x01, 0x00, 0x00
	.byte 0x02, 0x00, 0x00, 0x00, 0x00, 0x00, 0x00, 0x00, 0xA8, 0x04, 0x00, 0x00, 0xD4, 0x01, 0x00, 0x00
	.byte 0x68, 0x04, 0x00, 0x00, 0x15, 0x00, 0x00, 0x00, 0x00, 0x00, 0x00, 0x00, 0x00, 0x00, 0x00, 0x00
	.byte 0x89, 0x04, 0x00, 0x00, 0x11, 0x02, 0x00, 0x00, 0xBA, 0x02, 0x00, 0x00, 0x61, 0x00, 0x00, 0x00
	.byte 0x01, 0x00, 0x00, 0x00, 0x00, 0x00, 0x00, 0x00, 0xA1, 0x04, 0x00, 0x00, 0xC4, 0x02, 0x00, 0x00
	.byte 0x62, 0x02, 0x00, 0x00, 0xD4, 0x02, 0x00, 0x00, 0x00, 0x00, 0x00, 0x00, 0x00, 0x00, 0x00, 0x00
	.byte 0xEF, 0x07, 0x00, 0x00, 0x02, 0x0B, 0x00, 0x00, 0xEE, 0x07, 0x00, 0x00, 0xC5, 0x08, 0x00, 0x00
	.byte 0x00, 0x00, 0x00, 0x00, 0x00, 0x00, 0x00, 0x00, 0x24, 0x06, 0x00, 0x00, 0xFA, 0x0A, 0x00, 0x00
	.byte 0x2C, 0x06, 0x00, 0x00, 0xBF, 0x08, 0x00, 0x00, 0x00, 0x00, 0x00, 0x00, 0x00, 0x00, 0x00, 0x00
	.byte 0x64, 0x04, 0x00, 0x00, 0xC9, 0x0A, 0x00, 0x00, 0xAF, 0x04, 0x00, 0x00, 0x23, 0x09, 0x00, 0x00
	.byte 0x00, 0x00, 0x00, 0x00, 0x00, 0x00, 0x00, 0x00, 0x87, 0x02, 0x00, 0x00, 0x1B, 0x09, 0x00, 0x00
	.byte 0xF9, 0x03, 0x00, 0x00, 0x87, 0x08, 0x00, 0x00, 0x00, 0x00, 0x00, 0x00, 0x00, 0x00, 0x00, 0x00
	.byte 0x1F, 0x02, 0x00, 0x00, 0x9E, 0x07, 0x00, 0x00, 0xCB, 0x03, 0x00, 0x00, 0xA0, 0x07, 0x00, 0x00
	.byte 0x02, 0x00, 0x00, 0x00, 0x00, 0x00, 0x00, 0x00, 0x2C, 0x02, 0x00, 0x00, 0x53, 0x06, 0x00, 0x00
	.byte 0xC5, 0x03, 0x00, 0x00, 0x57, 0x06, 0x00, 0x00, 0x00, 0x00, 0x00, 0x00, 0x00, 0x00, 0x00, 0x00
	.byte 0x30, 0x02, 0x00, 0x00, 0x10, 0x05, 0x00, 0x00, 0xD1, 0x03, 0x00, 0x00, 0x0F, 0x05, 0x00, 0x00
	.byte 0x00, 0x00, 0x00, 0x00, 0x00, 0x00, 0x00, 0x00, 0x3A, 0x02, 0x00, 0x00, 0xB0, 0x03, 0x00, 0x00
	.byte 0xCB, 0x03, 0x00, 0x00, 0xAF, 0x03, 0x00, 0x00, 0x00, 0x00, 0x00, 0x00, 0x00, 0x00, 0x00, 0x00
	.byte 0x45, 0x02, 0x00, 0x00, 0xDE, 0x01, 0x00, 0x00, 0xCE, 0x03, 0x00, 0x00, 0xB9, 0x02, 0x00, 0x00
	.byte 0x00, 0x00, 0x00, 0x00, 0x00, 0x00, 0x00, 0x00, 0xF5, 0x03, 0x00, 0x00, 0xA9, 0x00, 0x00, 0x00
	.byte 0x38, 0x04, 0x00, 0x00, 0x5E, 0x02, 0x00, 0x00, 0x02, 0x00, 0x00, 0x00, 0x00, 0x00, 0x00, 0x00
	.byte 0x64, 0x05, 0x00, 0x00, 0xA1, 0x00, 0x00, 0x00, 0x62, 0x05, 0x00, 0x00, 0x49, 0x02, 0x00, 0x00
	.byte 0x00, 0x00, 0x00, 0x00, 0x00, 0x00, 0x00, 0x00, 0xD9, 0x06, 0x00, 0x00, 0xB1, 0x00, 0x00, 0x00
	.byte 0xDB, 0x06, 0x00, 0x00, 0x3B, 0x02, 0x00, 0x00, 0x00, 0x00, 0x00, 0x00, 0x00, 0x00, 0x00, 0x00
	.byte 0x54, 0x08, 0x00, 0x00, 0x02, 0x01, 0x00, 0x00, 0xA3, 0x07, 0x00, 0x00, 0x81, 0x02, 0x00, 0x00
	.byte 0x00, 0x00, 0x00, 0x00, 0x00, 0x00, 0x00, 0x00, 0xB4, 0x09, 0x00, 0x00, 0xB7, 0x02, 0x00, 0x00
	.byte 0x0E, 0x08, 0x00, 0x00, 0x04, 0x03, 0x00, 0x00, 0x00, 0x00, 0x00, 0x00, 0x00, 0x00, 0x00, 0x00
	.byte 0xA7, 0x09, 0x00, 0x00, 0x26, 0x04, 0x00, 0x00, 0x16, 0x08, 0x00, 0x00, 0x23, 0x04, 0x00, 0x00
	.byte 0x00, 0x00, 0x00, 0x00, 0x00, 0x00, 0x00, 0x00, 0xA9, 0x09, 0x00, 0x00, 0x01, 0x05, 0x00, 0x00
	.byte 0x31, 0x08, 0x00, 0x00, 0x9B, 0x05, 0x00, 0x00, 0x00, 0x00, 0x00, 0x00, 0x00, 0x00, 0x00, 0x00
	.byte 0x64, 0x0A, 0x00, 0x00, 0xC3, 0x05, 0x00, 0x00, 0x6E, 0x09, 0x00, 0x00, 0xBD, 0x06, 0x00, 0x00
	.byte 0x00, 0x00, 0x00, 0x00, 0x00, 0x00, 0x00, 0x00, 0x00, 0x0B, 0x00, 0x00, 0x46, 0x06, 0x00, 0x00
	.byte 0x9C, 0x0A, 0x00, 0x00, 0xC9, 0x07, 0x00, 0x00, 0x02, 0x00, 0x00, 0x00, 0x00, 0x00, 0x00, 0x00
	.byte 0x85, 0x0C, 0x00, 0x00, 0x85, 0x06, 0x00, 0x00, 0xFC, 0x0B, 0x00, 0x00, 0xF0, 0x07, 0x00, 0x00
	.byte 0x00, 0x00, 0x00, 0x00, 0x00, 0x00, 0x00, 0x00, 0x95, 0x0D, 0x00, 0x00, 0xD3, 0x07, 0x00, 0x00
	.byte 0xAC, 0x0C, 0x00, 0x00, 0xCD, 0x08, 0x00, 0x00, 0x00, 0x00, 0x00, 0x00, 0x00, 0x00, 0x00, 0x00
	.byte 0xD2, 0x0E, 0x00, 0x00, 0xE4, 0x08, 0x00, 0x00, 0x9D, 0x0D, 0x00, 0x00, 0xC1, 0x09, 0x00, 0x00
	.byte 0x02, 0x00, 0x00, 0x00, 0x00, 0x00, 0x00, 0x00, 0x74, 0x0F, 0x00, 0x00, 0x50, 0x0A, 0x00, 0x00
	.byte 0xD5, 0x0D, 0x00, 0x00, 0x78, 0x0A, 0x00, 0x00, 0x00, 0x00, 0x00, 0x00, 0x00, 0x00, 0x00, 0x00
	.byte 0x2B, 0x0F, 0x00, 0x00, 0x06, 0x0C, 0x00, 0x00, 0xAB, 0x0D, 0x00, 0x00, 0xE0, 0x0A, 0x00, 0x00
	.byte 0x00, 0x00, 0x00, 0x00, 0x00, 0x00, 0x00, 0x00, 0x01, 0x0D, 0x00, 0x00, 0x85, 0x0C, 0x00, 0x00
	.byte 0x46, 0x0D, 0x00, 0x00, 0xF8, 0x0A, 0x00, 0x00, 0x00, 0x00, 0x00, 0x00, 0x00, 0x00, 0x00, 0x00
	.byte 0x6B, 0x0B, 0x00, 0x00, 0x5F, 0x0B, 0x00, 0x00, 0x51, 0x0C, 0x00, 0x00, 0x69, 0x0A, 0x00, 0x00
	.byte 0x00, 0x00, 0x00, 0x00, 0x00, 0x00, 0x00, 0x00, 0xAF, 0x0A, 0x00, 0x00, 0xDD, 0x0A, 0x00, 0x00
	.byte 0xE3, 0x0A, 0x00, 0x00, 0x47, 0x09, 0x00, 0x00, 0x01, 0x00, 0x00, 0x00, 0x00, 0x00, 0x00, 0x00
	.byte 0x52, 0x09, 0x00, 0x00, 0xE5, 0x0A, 0x00, 0x00, 0x54, 0x09, 0x00, 0x00, 0xC8, 0x08, 0x00, 0x00
	.byte 0x00, 0x00, 0x00, 0x00, 0x00, 0x00, 0x00, 0x00, 0x20, 0x5E, 0x02, 0x02, 0x00, 0x00, 0x40, 0x00
	.byte 0x80, 0x00, 0xC0, 0x00, 0x00, 0x01, 0x10, 0x01, 0x20, 0x01, 0x30, 0x01, 0x40, 0x01, 0x50, 0x01
	.byte 0x60, 0x01, 0x70, 0x01, 0x80, 0x01, 0x90, 0x01, 0xA0, 0x01, 0xB0, 0x01, 0xC0, 0x01, 0xD0, 0x01
	.byte 0xE0, 0x01, 0xF0, 0x01, 0x00, 0x02, 0x10, 0x02, 0x20, 0x02, 0x30, 0x02, 0x00, 0x00, 0x00, 0x00
	.byte 0x00, 0x00, 0x00, 0x00, 0x40, 0x02, 0x42, 0x02, 0x44, 0x02, 0x46, 0x02, 0x48, 0x02, 0x4A, 0x02
	.byte 0x4C, 0x02, 0x4E, 0x02, 0x50, 0x02, 0x52, 0x02, 0x54, 0x02, 0x56, 0x02, 0x58, 0x02, 0x5A, 0x02
	.byte 0x5C, 0x02, 0x5E, 0x02, 0x60, 0x02, 0x62, 0x02, 0x64, 0x02, 0x66, 0x02, 0x68, 0x02, 0x6A, 0x02
	.byte 0x6C, 0x02, 0x6E, 0x02, 0x70, 0x02, 0x72, 0x02, 0x74, 0x02, 0x76, 0x02, 0x78, 0x02, 0x7A, 0x02
	.byte 0x7C, 0x02, 0x7E, 0x02, 0xC0, 0x02, 0xC8, 0x02, 0xD0, 0x02, 0xD8, 0x02, 0xE0, 0x02, 0xE8, 0x02
	.byte 0xF0, 0x02, 0xF8, 0x02, 0x00, 0x03, 0x08, 0x03, 0x10, 0x03, 0x18, 0x03, 0x20, 0x03, 0x28, 0x03
	.byte 0x30, 0x03, 0x38, 0x03, 0x40, 0x03, 0x48, 0x03, 0x50, 0x03, 0x58, 0x03, 0x60, 0x03, 0x64, 0x03
	.byte 0x68, 0x03, 0x6C, 0x03, 0x70, 0x03, 0x74, 0x03, 0x78, 0x03, 0x7C, 0x03, 0x80, 0x03, 0x84, 0x03
	.byte 0x88, 0x03, 0x8C, 0x03, 0x90, 0x03, 0x94, 0x03, 0x98, 0x03, 0x9C, 0x03, 0xA0, 0x03, 0xA1, 0x03
	.byte 0xA2, 0x03, 0xA3, 0x03, 0xA4, 0x03, 0xA5, 0x03, 0xA6, 0x03, 0xA7, 0x03, 0xA8, 0x03, 0xA9, 0x03
	.byte 0xAA, 0x03, 0xAB, 0x03, 0xAC, 0x03, 0xAD, 0x03, 0xAE, 0x03, 0xAF, 0x03, 0xB0, 0x03, 0xB1, 0x03
	.byte 0xB2, 0x03, 0xB3, 0x03, 0xB4, 0x03, 0xB5, 0x03, 0xB6, 0x03, 0xB7, 0x03, 0xB8, 0x03, 0xB9, 0x03
	.byte 0xBA, 0x03, 0xBB, 0x03, 0xBC, 0x03, 0xBD, 0x03, 0xBE, 0x03, 0xBF, 0x03, 0xC7, 0x0B, 0x00, 0x00
	.byte 0xA1, 0x08, 0x00, 0x00, 0x27, 0x0B, 0x00, 0x00, 0x01, 0x08, 0x00, 0x00, 0x8F, 0x0A, 0x00, 0x00
	.byte 0x69, 0x07, 0x00, 0x00, 0xF7, 0x09, 0x00, 0x00, 0xD1, 0x06, 0x00, 0x00, 0x5F, 0x09, 0x00, 0x00
	.byte 0x39, 0x06, 0x00, 0x00, 0xC7, 0x08, 0x00, 0x00, 0xA1, 0x05, 0x00, 0x00, 0x2F, 0x08, 0x00, 0x00
	.byte 0x09, 0x05, 0x00, 0x00, 0x97, 0x07, 0x00, 0x00, 0x71, 0x04, 0x00, 0x00, 0xBF, 0x05, 0x00, 0x00
	.byte 0x1C, 0x05, 0x00, 0x00, 0x20, 0x06, 0x00, 0x00, 0x1C, 0x05, 0x00, 0x00, 0x80, 0x06, 0x00, 0x00
	.byte 0x1C, 0x05, 0x00, 0x00, 0xDF, 0x06, 0x00, 0x00, 0x1C, 0x05, 0x00, 0x00, 0x40, 0x07, 0x00, 0x00
	.byte 0x1C, 0x05, 0x00, 0x00, 0xA0, 0x07, 0x00, 0x00, 0x1C, 0x05, 0x00, 0x00, 0x00, 0x08, 0x00, 0x00
	.byte 0x1C, 0x05, 0x00, 0x00, 0x60, 0x08, 0x00, 0x00, 0x1C, 0x05, 0x00, 0x00, 0x9E, 0x0F, 0x00, 0x00
	.byte 0xCE, 0x0C, 0x00, 0x00, 0x75, 0x0F, 0x00, 0x00, 0xEE, 0x0C, 0x00, 0x00, 0x4B, 0x0F, 0x00, 0x00
	.byte 0x1B, 0x0D, 0x00, 0x00, 0x22, 0x0F, 0x00, 0x00, 0x3D, 0x0D, 0x00, 0x00, 0xF9, 0x0E, 0x00, 0x00
	.byte 0x66, 0x0D, 0x00, 0x00, 0xD7, 0x0E, 0x00, 0x00, 0x8C, 0x0D, 0x00, 0x00, 0xA9, 0x0E, 0x00, 0x00
	.byte 0xB7, 0x0D, 0x00, 0x00, 0x80, 0x0E, 0x00, 0x00, 0xE6, 0x0D, 0x00, 0x00, 0x78, 0x03, 0x00, 0x00
	.byte 0xA0, 0x08, 0x00, 0x00, 0x80, 0x03, 0x00, 0x00, 0x40, 0x08, 0x00, 0x00, 0x78, 0x03, 0x00, 0x00
	.byte 0xE0, 0x07, 0x00, 0x00, 0x80, 0x03, 0x00, 0x00, 0x80, 0x07, 0x00, 0x00, 0x78, 0x03, 0x00, 0x00
	.byte 0x20, 0x07, 0x00, 0x00, 0x80, 0x03, 0x00, 0x00, 0xC0, 0x06, 0x00, 0x00, 0x78, 0x03, 0x00, 0x00
	.byte 0x60, 0x06, 0x00, 0x00, 0x80, 0x03, 0x00, 0x00, 0x00, 0x06, 0x00, 0x00, 0x63, 0x10, 0x00, 0x00
	.byte 0x8D, 0x0D, 0x00, 0x00, 0x67, 0x10, 0x00, 0x00, 0x2C, 0x0D, 0x00, 0x00, 0x65, 0x10, 0x00, 0x00
	.byte 0xCF, 0x0C, 0x00, 0x00, 0x65, 0x10, 0x00, 0x00, 0xAC, 0x0B, 0x00, 0x00, 0x63, 0x10, 0x00, 0x00
	.byte 0x4E, 0x0B, 0x00, 0x00, 0x65, 0x10, 0x00, 0x00, 0xEE, 0x0A, 0x00, 0x00, 0x63, 0x10, 0x00, 0x00
	.byte 0x8E, 0x0A, 0x00, 0x00, 0x61, 0x10, 0x00, 0x00, 0x2E, 0x0A, 0x00, 0x00, 0x67, 0x06, 0x00, 0x00
	.byte 0x51, 0x09, 0x00, 0x00, 0x69, 0x06, 0x00, 0x00, 0x8D, 0x09, 0x00, 0x00, 0x67, 0x06, 0x00, 0x00
	.byte 0x0F, 0x0A, 0x00, 0x00, 0x69, 0x06, 0x00, 0x00, 0x4D, 0x0A, 0x00, 0x00, 0x67, 0x06, 0x00, 0x00
	.byte 0x8D, 0x0A, 0x00, 0x00, 0x66, 0x06, 0x00, 0x00, 0x0B, 0x0B, 0x00, 0x00, 0x69, 0x06, 0x00, 0x00
	.byte 0x50, 0x0B, 0x00, 0x00, 0x69, 0x06, 0x00, 0x00, 0xCF, 0x0B, 0x00, 0x00, 0x6D, 0x09, 0x00, 0x00
	.byte 0xAF, 0x05, 0x00, 0x00, 0x6D, 0x09, 0x00, 0x00, 0x4F, 0x06, 0x00, 0x00, 0x6D, 0x09, 0x00, 0x00
	.byte 0xEF, 0x06, 0x00, 0x00, 0x6E, 0x09, 0x00, 0x00, 0x3F, 0x07, 0x00, 0x00, 0x6D, 0x09, 0x00, 0x00
	.byte 0xE0, 0x07, 0x00, 0x00, 0x6D, 0x09, 0x00, 0x00, 0x81, 0x08, 0x00, 0x00, 0x6D, 0x09, 0x00, 0x00
	.byte 0x20, 0x09, 0x00, 0x00, 0x6D, 0x09, 0x00, 0x00, 0xC0, 0x09, 0x00, 0x00, 0x6D, 0x09, 0x00, 0x00
	.byte 0xAF, 0x05, 0x00, 0x00, 0x6D, 0x09, 0x00, 0x00, 0x4F, 0x06, 0x00, 0x00, 0x6D, 0x09, 0x00, 0x00
	.byte 0xEF, 0x06, 0x00, 0x00, 0x6E, 0x09, 0x00, 0x00, 0x3F, 0x07, 0x00, 0x00, 0x6D, 0x09, 0x00, 0x00
	.byte 0xE0, 0x07, 0x00, 0x00, 0x6E, 0x09, 0x00, 0x00, 0x81, 0x08, 0x00, 0x00, 0x6E, 0x09, 0x00, 0x00
	.byte 0x20, 0x09, 0x00, 0x00, 0x6E, 0x09, 0x00, 0x00, 0xC0, 0x09, 0x00, 0x00, 0x29, 0x0A, 0x00, 0x00
	.byte 0x18, 0x07, 0x00, 0x00, 0x29, 0x0A, 0x00, 0x00, 0x87, 0x07, 0x00, 0x00, 0x2B, 0x0A, 0x00, 0x00
	.byte 0x3B, 0x08, 0x00, 0x00, 0x28, 0x0A, 0x00, 0x00, 0xF9, 0x08, 0x00, 0x00, 0x2A, 0x0A, 0x00, 0x00
	.byte 0x60, 0x09, 0x00, 0x00, 0x27, 0x0A, 0x00, 0x00, 0xBF, 0x09, 0x00, 0x00, 0x2A, 0x0A, 0x00, 0x00
	.byte 0x16, 0x0A, 0x00, 0x00, 0x28, 0x0A, 0x00, 0x00, 0x6F, 0x0A, 0x00, 0x00, 0x82, 0x03, 0x00, 0x00
	.byte 0xAA, 0x09, 0x00, 0x00, 0x81, 0x03, 0x00, 0x00, 0xE7, 0x09, 0x00, 0x00, 0x81, 0x03, 0x00, 0x00
	.byte 0x25, 0x0A, 0x00, 0x00, 0x81, 0x03, 0x00, 0x00, 0x65, 0x0A, 0x00, 0x00, 0x80, 0x03, 0x00, 0x00
	.byte 0xA7, 0x0A, 0x00, 0x00, 0x81, 0x03, 0x00, 0x00, 0xE9, 0x0A, 0x00, 0x00, 0x81, 0x03, 0x00, 0x00
	.byte 0x29, 0x0B, 0x00, 0x00, 0x80, 0x03, 0x00, 0x00, 0x6B, 0x0B, 0x00, 0x00, 0x0A, 0x04, 0x00, 0x00
	.byte 0xC6, 0x06, 0x00, 0x00, 0x0B, 0x04, 0x00, 0x00, 0x65, 0x06, 0x00, 0x00, 0x0A, 0x04, 0x00, 0x00
	.byte 0x03, 0x06, 0x00, 0x00, 0x0A, 0x04, 0x00, 0x00, 0xA3, 0x05, 0x00, 0x00, 0x08, 0x04, 0x00, 0x00
	.byte 0x43, 0x05, 0x00, 0x00, 0x0B, 0x04, 0x00, 0x00, 0xDD, 0x04, 0x00, 0x00, 0x09, 0x04, 0x00, 0x00
	.byte 0x84, 0x04, 0x00, 0x00, 0x09, 0x04, 0x00, 0x00, 0x20, 0x04, 0x00, 0x00, 0x6D, 0x06, 0x00, 0x00
	.byte 0x72, 0x09, 0x00, 0x00, 0xAF, 0x06, 0x00, 0x00, 0x70, 0x09, 0x00, 0x00, 0x2A, 0x07, 0x00, 0x00
	.byte 0x71, 0x09, 0x00, 0x00, 0x6D, 0x07, 0x00, 0x00, 0x72, 0x09, 0x00, 0x00, 0xAB, 0x07, 0x00, 0x00
	.byte 0x72, 0x09, 0x00, 0x00, 0xED, 0x07, 0x00, 0x00, 0x73, 0x09, 0x00, 0x00, 0x2E, 0x08, 0x00, 0x00
	.byte 0x70, 0x09, 0x00, 0x00, 0xAE, 0x08, 0x00, 0x00, 0x71, 0x09, 0x00, 0x00, 0x6D, 0x01, 0x96, 0x00
	.byte 0x86, 0x01, 0x45, 0x01, 0x94, 0x02, 0xE0, 0x01, 0x5A, 0x00, 0x00, 0x00, 0xD2, 0x00, 0xF4, 0x01
	.byte 0x96, 0x00, 0x7C, 0x01, 0x9A, 0x01, 0xC8, 0x00, 0xA9, 0x01, 0x6D, 0x01, 0xD0, 0x02, 0xF9, 0x01
	.byte 0x7D, 0x00, 0x00, 0x00, 0x04, 0x01, 0x44, 0x02, 0xBE, 0x00, 0x90, 0x01, 0xAF, 0xAA, 0xA5, 0xA0
	.byte 0x9B, 0x96, 0x92, 0x8E, 0x8A, 0x86, 0x82, 0x7F, 0x7C, 0x79, 0x76, 0x73, 0x70, 0x6D, 0x6A, 0x67
	.byte 0x64, 0x61, 0x5E, 0x5B, 0x58, 0x55, 0x52, 0x4F, 0x4C, 0x49, 0x00, 0x00, 0xEC, 0xB2, 0x02, 0x02
	.byte 0x68, 0xB2, 0x02, 0x02, 0x48, 0xE7, 0x01, 0x02, 0xB4, 0x00, 0x00, 0x00, 0xB4, 0x00, 0x00, 0x00
	.byte 0x46, 0x00, 0x00, 0x00, 0x46, 0x00, 0x00, 0x00, 0x80, 0x38, 0x01, 0x00, 0xA0, 0x00, 0x00, 0x00
	.byte 0x42, 0x00, 0x00, 0x00, 0x67, 0x00, 0x00, 0x00, 0x67, 0x00, 0x00, 0x00, 0x00, 0x10, 0x01, 0x00
	.byte 0xB4, 0x00, 0x00, 0x00, 0x36, 0x00, 0x00, 0x00, 0xB4, 0x00, 0x00, 0x00, 0x3F, 0x00, 0x00, 0x00
	.byte 0x00, 0xA0, 0x00, 0x00, 0x54, 0x00, 0x00, 0x00, 0x3E, 0x00, 0x00, 0x00, 0x7C, 0x00, 0x00, 0x00
	.byte 0x6C, 0x00, 0x00, 0x00, 0x50, 0xC9, 0x00, 0x00, 0x84, 0x00, 0x00, 0x00, 0x72, 0x00, 0x00, 0x00
	.byte 0x64, 0x00, 0x00, 0x00, 0x53, 0x00, 0x00, 0x00, 0x00, 0xB4, 0x00, 0x00, 0xA8, 0x00, 0x00, 0x00
	.byte 0x9A, 0x00, 0x00, 0x00, 0x48, 0x00, 0x00, 0x00, 0x63, 0x00, 0x00, 0x00, 0x00, 0xD8, 0x00, 0x00
	.byte 0x58, 0x00, 0x00, 0x00, 0x42, 0x00, 0x00, 0x00, 0x8C, 0x00, 0x00, 0x00, 0x8C, 0x00, 0x00, 0x00
	.byte 0x50, 0xC9, 0x00, 0x00, 0x64, 0x00, 0x00, 0x00, 0x64, 0x00, 0x00, 0x00, 0x64, 0x00, 0x00, 0x00
	.byte 0x64, 0x00, 0x00, 0x00, 0x00, 0xEC, 0x00, 0x00, 0xC8, 0x00, 0x00, 0x00, 0xAA, 0x00, 0x00, 0x00
	.byte 0x64, 0x00, 0x00, 0x00, 0x37, 0x00, 0x00, 0x00, 0x00, 0xBC, 0x00, 0x00, 0x60, 0x00, 0x00, 0x00
	.byte 0x46, 0x00, 0x00, 0x00, 0xA0, 0x00, 0x00, 0x00, 0xC0, 0x00, 0x00, 0x00, 0x50, 0xC9, 0x00, 0x00
	.byte 0x80, 0x00, 0x00, 0x00, 0x86, 0x00, 0x00, 0x00, 0x80, 0x00, 0x00, 0x00, 0x5B, 0x00, 0x00, 0x00
	.byte 0x00, 0x84, 0x00, 0x00, 0x6C, 0x00, 0x00, 0x00, 0x4A, 0x00, 0x00, 0x00, 0xA0, 0x00, 0x00, 0x00
	.byte 0xC0, 0x00, 0x00, 0x00, 0x50, 0xCD, 0x00, 0x00, 0x54, 0x00, 0x00, 0x00, 0x42, 0x00, 0x00, 0x00
	.byte 0x84, 0x00, 0x00, 0x00, 0x53, 0x00, 0x00, 0x00, 0x00, 0x18, 0x01, 0x00, 0x74, 0x00, 0x00, 0x00
	.byte 0x4E, 0x00, 0x00, 0x00, 0xAC, 0x00, 0x00, 0x00, 0xC8, 0x00, 0x00, 0x00, 0x50, 0xD5, 0x00, 0x00
	.byte 0x98, 0x00, 0x00, 0x00, 0x6E, 0x00, 0x00, 0x00, 0x8C, 0x00, 0x00, 0x00, 0x67, 0x00, 0x00, 0x00
	.byte 0x00, 0x94, 0x00, 0x00, 0xDC, 0x00, 0x00, 0x00, 0xAA, 0x00, 0x00, 0x00, 0x64, 0x00, 0x00, 0x00
	.byte 0x53, 0x00, 0x00, 0x00, 0x00, 0x78, 0x00, 0x00, 0xFF, 0x00, 0x00, 0x00, 0x96, 0x00, 0x00, 0x00
	.byte 0x78, 0x00, 0x00, 0x00, 0x4B, 0x00, 0x00, 0x00, 0x00, 0x00, 0x01, 0x00, 0xAF, 0x00, 0x00, 0x00
	.byte 0x82, 0x00, 0x00, 0x00, 0xCC, 0x00, 0x00, 0x00, 0x2F, 0x00, 0x00, 0x00, 0x00, 0x3C, 0x01, 0x00
	.byte 0x6B, 0x00, 0x00, 0x00, 0x5A, 0x00, 0x00, 0x00, 0xEC, 0x00, 0x00, 0x00, 0xB3, 0x00, 0x00, 0x00
	.byte 0x00, 0xC4, 0x00, 0x00, 0x84, 0x00, 0x00, 0x00, 0x66, 0x00, 0x00, 0x00, 0xC0, 0x00, 0x00, 0x00
	.byte 0xD4, 0x00, 0x00, 0x00, 0x50, 0xED, 0x00, 0x00, 0x58, 0x00, 0x00, 0x00, 0x42, 0x00, 0x00, 0x00
	.byte 0x8C, 0x00, 0x00, 0x00, 0x8C, 0x00, 0x00, 0x00, 0x50, 0xC9, 0x00, 0x00, 0xA0, 0x00, 0x00, 0x00
	.byte 0x42, 0x00, 0x00, 0x00, 0x67, 0x00, 0x00, 0x00, 0x67, 0x00, 0x00, 0x00, 0x00, 0x10, 0x01, 0x00
	.byte 0xB4, 0x00, 0x00, 0x00, 0x36, 0x00, 0x00, 0x00, 0xB4, 0x00, 0x00, 0x00, 0x3F, 0x00, 0x00, 0x00
	.byte 0x00, 0xA0, 0x00, 0x00, 0x54, 0x00, 0x00, 0x00, 0x3E, 0x00, 0x00, 0x00, 0x7C, 0x00, 0x00, 0x00
	.byte 0x6C, 0x00, 0x00, 0x00, 0x50, 0xC9, 0x00, 0x00, 0x84, 0x00, 0x00, 0x00, 0x72, 0x00, 0x00, 0x00
	.byte 0x64, 0x00, 0x00, 0x00, 0x53, 0x00, 0x00, 0x00, 0x00, 0xB4, 0x00, 0x00, 0xA8, 0x00, 0x00, 0x00
	.byte 0x9A, 0x00, 0x00, 0x00, 0x48, 0x00, 0x00, 0x00, 0x63, 0x00, 0x00, 0x00, 0x00, 0xD8, 0x00, 0x00
	.byte 0x58, 0x00, 0x00, 0x00, 0x42, 0x00, 0x00, 0x00, 0x8C, 0x00, 0x00, 0x00, 0x8C, 0x00, 0x00, 0x00
	.byte 0x50, 0xC9, 0x00, 0x00, 0x64, 0x00, 0x00, 0x00, 0x64, 0x00, 0x00, 0x00, 0x64, 0x00, 0x00, 0x00
	.byte 0x64, 0x00, 0x00, 0x00, 0x00, 0xEC, 0x00, 0x00, 0xC8, 0x00, 0x00, 0x00, 0xAA, 0x00, 0x00, 0x00
	.byte 0x64, 0x00, 0x00, 0x00, 0x37, 0x00, 0x00, 0x00, 0x00, 0xBC, 0x00, 0x00, 0x60, 0x00, 0x00, 0x00
	.byte 0x46, 0x00, 0x00, 0x00, 0xA0, 0x00, 0x00, 0x00, 0xC0, 0x00, 0x00, 0x00, 0x50, 0xC9, 0x00, 0x00
	.byte 0x80, 0x00, 0x00, 0x00, 0x86, 0x00, 0x00, 0x00, 0x80, 0x00, 0x00, 0x00, 0x5B, 0x00, 0x00, 0x00
	.byte 0x00, 0x84, 0x00, 0x00, 0x3B, 0x0B, 0x00, 0x00, 0x1C, 0x06, 0x00, 0x00, 0x00, 0x00, 0x00, 0x00
	.byte 0x38, 0x00, 0x00, 0x00, 0xD8, 0xFF, 0xFF, 0xFF, 0x00, 0x00, 0x00, 0x00, 0x80, 0x00, 0x00, 0x00
	.byte 0xC2, 0x01, 0xA4, 0x01, 0x90, 0x01, 0x90, 0x01, 0xDB, 0x01, 0x7C, 0x15, 0x28, 0x23, 0xE0, 0x2E
	.byte 0xBC, 0x34, 0x18, 0x47, 0x0B, 0x00, 0x07, 0x00, 0x05, 0x00, 0x04, 0x00, 0x03, 0x00, 0xC8, 0x00
	.byte 0xC8, 0x00, 0xF0, 0x00, 0x04, 0x01, 0x18, 0x01, 0x70, 0x17, 0x40, 0x1F, 0x34, 0x21, 0x10, 0x27
	.byte 0x98, 0x3A, 0x0A, 0x00, 0x08, 0x00, 0x07, 0x00, 0x06, 0x00, 0x04, 0x00, 0x2C, 0x01, 0x2C, 0x01
	.byte 0x2C, 0x01, 0x04, 0x01, 0x32, 0x00, 0x9C, 0x18, 0x4C, 0x1D, 0x47, 0x22, 0x8D, 0x27, 0xCE, 0x31
	.byte 0x0A, 0x00, 0x09, 0x00, 0x07, 0x00, 0x06, 0x00, 0x05, 0x00, 0x2C, 0x01, 0x2C, 0x01, 0x2C, 0x01
	.byte 0xF0, 0x00, 0x28, 0x00, 0x9C, 0x18, 0x4C, 0x1D, 0x3A, 0x20, 0x28, 0x23, 0x04, 0x29, 0x0A, 0x00
	.byte 0x09, 0x00, 0x07, 0x00, 0x07, 0x00, 0x06, 0x00, 0x18, 0x01, 0x18, 0x01, 0x40, 0x01, 0x54, 0x01
	.byte 0x68, 0x01, 0x70, 0x17, 0x98, 0x21, 0x54, 0x24, 0x20, 0x35, 0xD8, 0x40, 0x0A, 0x00, 0x07, 0x00
	.byte 0x07, 0x00, 0x04, 0x00, 0x03, 0x00, 0x18, 0x01, 0x18, 0x01, 0x40, 0x01, 0x54, 0x01, 0x68, 0x01
	.byte 0x14, 0x00, 0x70, 0x17, 0x98, 0x21, 0x54, 0x24, 0x20, 0x35, 0xD8, 0x40, 0x0A, 0x00, 0x07, 0x00
	.byte 0x07, 0x00, 0x04, 0x00, 0x03, 0x00, 0x18, 0x01, 0x18, 0x01, 0x40, 0x01, 0x54, 0x01, 0x68, 0x01
	.byte 0x70, 0x17, 0x98, 0x21, 0x54, 0x24, 0x20, 0x35, 0xD8, 0x40, 0x0A, 0x00, 0x07, 0x00, 0x07, 0x00
	.byte 0x04, 0x00, 0x03, 0x00, 0xA8, 0x02, 0x80, 0x02, 0xBC, 0x02, 0xA8, 0x02, 0xD0, 0x02, 0x30, 0x02
	.byte 0x30, 0x02, 0x80, 0x02, 0xA8, 0x02, 0xD0, 0x02, 0xE0, 0x01, 0x30, 0x02, 0x80, 0x02, 0xA8, 0x02
	.byte 0xA8, 0x02, 0xE0, 0x01, 0x30, 0x02, 0x80, 0x02, 0xA8, 0x02, 0xA8, 0x02, 0x90, 0x01, 0xB8, 0x01
	.byte 0x58, 0x02, 0x80, 0x02, 0xA8, 0x02, 0x90, 0x01, 0xB8, 0x01, 0x58, 0x02, 0x80, 0x02, 0xA8, 0x02
	.byte 0x90, 0x01, 0xB8, 0x01, 0x58, 0x02, 0x80, 0x02, 0xD0, 0x02, 0x90, 0x01, 0xB8, 0x01, 0x58, 0x02
	.byte 0x80, 0x02, 0xD0, 0x02, 0x90, 0x01, 0x08, 0x02, 0x58, 0x02, 0xA8, 0x02, 0xD0, 0x02, 0x90, 0x01
	.byte 0x08, 0x02, 0x58, 0x02, 0xA8, 0x02, 0xD0, 0x02, 0x90, 0x01, 0xB8, 0x01, 0x08, 0x02, 0x80, 0x02
	.byte 0xD0, 0x02, 0xB8, 0x01, 0xE0, 0x01, 0x80, 0x02, 0x80, 0x02, 0xA8, 0x02, 0xE0, 0x01, 0x08, 0x02
	.byte 0x30, 0x02, 0x80, 0x02, 0xD0, 0x02, 0xE0, 0x01, 0x08, 0x02, 0x30, 0x02, 0x80, 0x02, 0xD0, 0x02
	.byte 0x90, 0x01, 0xB8, 0x01, 0x08, 0x02, 0x80, 0x02, 0xD0, 0x02, 0xE0, 0x01, 0x08, 0x02, 0x30, 0x02
	.byte 0xA8, 0x02, 0xD0, 0x02, 0xE0, 0x01, 0x08, 0x02, 0x30, 0x02, 0x58, 0x02, 0x80, 0x02, 0x08, 0x02
	.byte 0x58, 0x02, 0x80, 0x02, 0xA8, 0x02, 0xD0, 0x02, 0x08, 0x02, 0x58, 0x02, 0xA8, 0x02, 0xA8, 0x02
	.byte 0xD0, 0x02, 0x08, 0x02, 0x30, 0x02, 0x58, 0x02, 0xA8, 0x02, 0xD0, 0x02, 0x90, 0x01, 0xB8, 0x01
	.byte 0x08, 0x02, 0x80, 0x02, 0xD0, 0x02, 0xB8, 0x01, 0xE0, 0x01, 0x80, 0x02, 0x80, 0x02, 0xA8, 0x02
	.byte 0xE0, 0x01, 0x08, 0x02, 0x30, 0x02, 0x80, 0x02, 0xD0, 0x02, 0xE0, 0x01, 0x08, 0x02, 0x30, 0x02
	.byte 0x80, 0x02, 0xD0, 0x02, 0x90, 0x01, 0xB8, 0x01, 0x08, 0x02, 0x80, 0x02, 0xD0, 0x02, 0xE0, 0x01
	.byte 0x08, 0x02, 0x30, 0x02, 0xA8, 0x02, 0xD0, 0x02, 0xE0, 0x01, 0x08, 0x02, 0x30, 0x02, 0x58, 0x02
	.byte 0x80, 0x02, 0x08, 0x02, 0x58, 0x02, 0x80, 0x02, 0xA8, 0x02, 0xD0, 0x02, 0x08, 0x02, 0x58, 0x02
	.byte 0xA8, 0x02, 0xA8, 0x02, 0xD0, 0x02, 0x08, 0x02, 0x30, 0x02, 0x58, 0x02, 0xA8, 0x02, 0xD0, 0x02
	.byte 0x70, 0x17, 0x98, 0x21, 0x54, 0x24, 0x20, 0x35, 0xD8, 0x40, 0x70, 0x17, 0x98, 0x21, 0x54, 0x24
	.byte 0x20, 0x35, 0xD8, 0x40, 0x90, 0x1A, 0x40, 0x1F, 0xE4, 0x25, 0xE0, 0x2E, 0xE8, 0x35, 0x90, 0x1A
	.byte 0x40, 0x1F, 0xE4, 0x25, 0xE0, 0x2E, 0xE8, 0x35, 0x90, 0x1A, 0xB0, 0x1D, 0xE4, 0x25, 0x10, 0x27
	.byte 0x58, 0x34, 0x90, 0x1A, 0xB0, 0x1D, 0xE4, 0x25, 0x10, 0x27, 0x58, 0x34, 0x90, 0x1A, 0xB0, 0x1D
	.byte 0xE4, 0x25, 0x10, 0x27, 0x58, 0x34, 0x90, 0x1A, 0xB0, 0x1D, 0xE4, 0x25, 0x10, 0x27, 0x58, 0x34
	.byte 0x70, 0x17, 0x40, 0x1F, 0xE4, 0x25, 0xC0, 0x2B, 0x78, 0x37, 0x70, 0x17, 0x40, 0x1F, 0xE4, 0x25
	.byte 0xC0, 0x2B, 0x78, 0x37, 0x90, 0x1A, 0xB0, 0x1D, 0xE4, 0x25, 0xC0, 0x2B, 0xE8, 0x35, 0x00, 0x19
	.byte 0x40, 0x1F, 0xE4, 0x25, 0xA0, 0x28, 0xC8, 0x32, 0x90, 0x1A, 0xD0, 0x20, 0x74, 0x27, 0xE0, 0x2E
	.byte 0xB0, 0x36, 0x90, 0x1A, 0xD0, 0x20, 0x74, 0x27, 0xE0, 0x2E, 0xB0, 0x36, 0x90, 0x1A, 0xB0, 0x1D
	.byte 0xE4, 0x25, 0xC0, 0x2B, 0xE8, 0x35, 0x20, 0x1C, 0xD0, 0x20, 0x74, 0x27, 0xE0, 0x2E, 0x08, 0x39
	.byte 0x20, 0x1C, 0xD0, 0x20, 0x74, 0x27, 0xE0, 0x2E, 0xD8, 0x40, 0x70, 0x17, 0xD0, 0x20, 0x74, 0x27
	.byte 0x70, 0x30, 0x98, 0x3A, 0x90, 0x1A, 0xD0, 0x20, 0x74, 0x27, 0x70, 0x30, 0x98, 0x3A, 0x70, 0x17
	.byte 0xD0, 0x20, 0x74, 0x27, 0xC0, 0x2B, 0x98, 0x3A, 0x90, 0x1A, 0xB0, 0x1D, 0xE4, 0x25, 0xC0, 0x2B
	.byte 0xE8, 0x35, 0x00, 0x19, 0x40, 0x1F, 0xE4, 0x25, 0xA0, 0x28, 0xC8, 0x32, 0x90, 0x1A, 0xD0, 0x20
	.byte 0x74, 0x27, 0xE0, 0x2E, 0xB0, 0x36, 0x90, 0x1A, 0xD0, 0x20, 0x74, 0x27, 0xE0, 0x2E, 0xB0, 0x36
	.byte 0x90, 0x1A, 0xB0, 0x1D, 0xE4, 0x25, 0xC0, 0x2B, 0xE8, 0x35, 0x20, 0x1C, 0xD0, 0x20, 0x74, 0x27
	.byte 0xE0, 0x2E, 0x08, 0x39, 0x20, 0x1C, 0xD0, 0x20, 0x74, 0x27, 0xE0, 0x2E, 0xD8, 0x40, 0x70, 0x17
	.byte 0xD0, 0x20, 0x74, 0x27, 0x70, 0x30, 0x98, 0x3A, 0x90, 0x1A, 0xD0, 0x20, 0x74, 0x27, 0x70, 0x30
	.byte 0x98, 0x3A, 0x70, 0x17, 0xD0, 0x20, 0x74, 0x27, 0xC0, 0x2B, 0x98, 0x3A, 0x0A, 0x00, 0x07, 0x00
	.byte 0x07, 0x00, 0x04, 0x00, 0x03, 0x00, 0x0A, 0x00, 0x07, 0x00, 0x07, 0x00, 0x04, 0x00, 0x03, 0x00
	.byte 0x09, 0x00, 0x08, 0x00, 0x06, 0x00, 0x05, 0x00, 0x04, 0x00, 0x09, 0x00, 0x08, 0x00, 0x06, 0x00
	.byte 0x05, 0x00, 0x04, 0x00, 0x09, 0x00, 0x08, 0x00, 0x06, 0x00, 0x06, 0x00, 0x04, 0x00, 0x09, 0x00
	.byte 0x08, 0x00, 0x06, 0x00, 0x06, 0x00, 0x04, 0x00, 0x09, 0x00, 0x08, 0x00, 0x06, 0x00, 0x06, 0x00
	.byte 0x04, 0x00, 0x09, 0x00, 0x08, 0x00, 0x06, 0x00, 0x06, 0x00, 0x04, 0x00, 0x0A, 0x00, 0x08, 0x00
	.byte 0x06, 0x00, 0x05, 0x00, 0x04, 0x00, 0x0A, 0x00, 0x08, 0x00, 0x06, 0x00, 0x05, 0x00, 0x04, 0x00
	.byte 0x09, 0x00, 0x08, 0x00, 0x06, 0x00, 0x05, 0x00, 0x04, 0x00, 0x0A, 0x00, 0x08, 0x00, 0x06, 0x00
	.byte 0x06, 0x00, 0x05, 0x00, 0x09, 0x00, 0x07, 0x00, 0x06, 0x00, 0x05, 0x00, 0x04, 0x00, 0x09, 0x00
	.byte 0x07, 0x00, 0x06, 0x00, 0x05, 0x00, 0x04, 0x00, 0x09, 0x00, 0x08, 0x00, 0x06, 0x00, 0x05, 0x00
	.byte 0x04, 0x00, 0x09, 0x00, 0x07, 0x00, 0x06, 0x00, 0x05, 0x00, 0x04, 0x00, 0x09, 0x00, 0x07, 0x00
	.byte 0x06, 0x00, 0x05, 0x00, 0x03, 0x00, 0x0A, 0x00, 0x07, 0x00, 0x06, 0x00, 0x05, 0x00, 0x04, 0x00
	.byte 0x09, 0x00, 0x07, 0x00, 0x06, 0x00, 0x05, 0x00, 0x04, 0x00, 0x0A, 0x00, 0x07, 0x00, 0x06, 0x00
	.byte 0x05, 0x00, 0x04, 0x00, 0x09, 0x00, 0x08, 0x00, 0x06, 0x00, 0x05, 0x00, 0x04, 0x00, 0x0A, 0x00
	.byte 0x08, 0x00, 0x06, 0x00, 0x06, 0x00, 0x05, 0x00, 0x09, 0x00, 0x07, 0x00, 0x06, 0x00, 0x05, 0x00
	.byte 0x04, 0x00, 0x09, 0x00, 0x07, 0x00, 0x06, 0x00, 0x05, 0x00, 0x04, 0x00, 0x09, 0x00, 0x08, 0x00
	.byte 0x06, 0x00, 0x05, 0x00, 0x04, 0x00, 0x09, 0x00, 0x07, 0x00, 0x06, 0x00, 0x05, 0x00, 0x04, 0x00
	.byte 0x09, 0x00, 0x07, 0x00, 0x06, 0x00, 0x05, 0x00, 0x03, 0x00, 0x0A, 0x00, 0x07, 0x00, 0x06, 0x00
	.byte 0x05, 0x00, 0x04, 0x00, 0x09, 0x00, 0x07, 0x00, 0x06, 0x00, 0x05, 0x00, 0x04, 0x00, 0x0A, 0x00
	.byte 0x07, 0x00, 0x06, 0x00, 0x05, 0x00, 0x04, 0x00, 0x7C, 0x71, 0x02, 0x02, 0x86, 0x71, 0x02, 0x02
	.byte 0x90, 0x71, 0x02, 0x02, 0x9A, 0x71, 0x02, 0x02, 0xA4, 0x71, 0x02, 0x02, 0xAE, 0x71, 0x02, 0x02
	.byte 0xB8, 0x71, 0x02, 0x02, 0xC2, 0x71, 0x02, 0x02, 0xCC, 0x71, 0x02, 0x02, 0xD6, 0x71, 0x02, 0x02
	.byte 0xE0, 0x71, 0x02, 0x02, 0xEA, 0x71, 0x02, 0x02, 0xF4, 0x71, 0x02, 0x02, 0xFE, 0x71, 0x02, 0x02
	.byte 0x08, 0x72, 0x02, 0x02, 0x12, 0x72, 0x02, 0x02, 0x1C, 0x72, 0x02, 0x02, 0x26, 0x72, 0x02, 0x02
	.byte 0x30, 0x72, 0x02, 0x02, 0x3A, 0x72, 0x02, 0x02, 0x44, 0x72, 0x02, 0x02, 0x4E, 0x72, 0x02, 0x02
	.byte 0x58, 0x72, 0x02, 0x02, 0x62, 0x72, 0x02, 0x02, 0x6C, 0x72, 0x02, 0x02, 0x76, 0x72, 0x02, 0x02
	.byte 0x80, 0x72, 0x02, 0x02, 0x8A, 0x72, 0x02, 0x02, 0x94, 0x72, 0x02, 0x02, 0x9E, 0x72, 0x02, 0x02
	.byte 0xA8, 0x72, 0x02, 0x02, 0xB2, 0x72, 0x02, 0x02, 0xBC, 0x72, 0x02, 0x02, 0xC6, 0x72, 0x02, 0x02
	.byte 0xD0, 0x72, 0x02, 0x02, 0xDA, 0x72, 0x02, 0x02, 0xE4, 0x72, 0x02, 0x02, 0xEE, 0x72, 0x02, 0x02
	.byte 0xF8, 0x72, 0x02, 0x02, 0x02, 0x73, 0x02, 0x02, 0x0C, 0x73, 0x02, 0x02, 0x16, 0x73, 0x02, 0x02
	.byte 0x20, 0x73, 0x02, 0x02, 0x2A, 0x73, 0x02, 0x02, 0x34, 0x73, 0x02, 0x02, 0x3E, 0x73, 0x02, 0x02
	.byte 0x48, 0x73, 0x02, 0x02, 0x52, 0x73, 0x02, 0x02, 0x5C, 0x73, 0x02, 0x02, 0x66, 0x73, 0x02, 0x02
	.byte 0x70, 0x73, 0x02, 0x02, 0x7A, 0x73, 0x02, 0x02, 0x84, 0x73, 0x02, 0x02, 0x8E, 0x73, 0x02, 0x02
	.byte 0x98, 0x73, 0x02, 0x02, 0xA2, 0x73, 0x02, 0x02, 0xAC, 0x73, 0x02, 0x02, 0xB6, 0x73, 0x02, 0x02
	.byte 0xC0, 0x73, 0x02, 0x02, 0xCA, 0x73, 0x02, 0x02, 0xD4, 0x73, 0x02, 0x02, 0xDE, 0x73, 0x02, 0x02
	.byte 0xE8, 0x73, 0x02, 0x02, 0xF2, 0x73, 0x02, 0x02, 0xFC, 0x73, 0x02, 0x02, 0x06, 0x74, 0x02, 0x02
	.byte 0x10, 0x74, 0x02, 0x02, 0x1A, 0x74, 0x02, 0x02, 0x24, 0x74, 0x02, 0x02, 0x2E, 0x74, 0x02, 0x02
	.byte 0x38, 0x74, 0x02, 0x02, 0x42, 0x74, 0x02, 0x02, 0x4C, 0x74, 0x02, 0x02, 0x56, 0x74, 0x02, 0x02
	.byte 0x60, 0x74, 0x02, 0x02, 0x6A, 0x74, 0x02, 0x02, 0x74, 0x74, 0x02, 0x02, 0x7E, 0x74, 0x02, 0x02
	.byte 0x88, 0x74, 0x02, 0x02, 0x92, 0x74, 0x02, 0x02, 0x9C, 0x74, 0x02, 0x02, 0xA6, 0x74, 0x02, 0x02
	.byte 0xB0, 0x74, 0x02, 0x02, 0xBA, 0x74, 0x02, 0x02, 0xC4, 0x74, 0x02, 0x02, 0xCE, 0x74, 0x02, 0x02
	.byte 0xD8, 0x74, 0x02, 0x02, 0xE2, 0x74, 0x02, 0x02, 0xEC, 0x74, 0x02, 0x02, 0xF6, 0x74, 0x02, 0x02
	.byte 0x00, 0x32, 0x00, 0x00, 0x00, 0x19, 0x00, 0x00, 0x00, 0x19, 0x00, 0x00, 0x00, 0x01, 0x00, 0x00
	.byte 0x00, 0x32, 0x00, 0x00, 0x00, 0x01, 0x00, 0x00, 0xD8, 0xCF, 0x00, 0x02, 0xD0, 0xCF, 0x00, 0x02
	.byte 0xC8, 0xCF, 0x00, 0x02, 0xC4, 0xCF, 0x00, 0x02, 0x04, 0xD0, 0x00, 0x02, 0xF8, 0xCF, 0x00, 0x02
	.byte 0xEC, 0xCF, 0x00, 0x02, 0xE0, 0xCF, 0x00, 0x02, 0x30, 0xD0, 0x00, 0x02, 0x20, 0xD0, 0x00, 0x02
	.byte 0x10, 0xD0, 0x00, 0x02, 0x4C, 0xD0, 0x00, 0x02, 0x40, 0xD0, 0x00, 0x02, 0x32, 0x00, 0x00, 0x00
	.byte 0x1E, 0x00, 0x00, 0x00, 0x60, 0x00, 0x00, 0x00, 0x5A, 0x00, 0x00, 0x00, 0x1E, 0x00, 0x00, 0x00
	.byte 0x32, 0x00, 0x00, 0x00, 0x2D, 0x00, 0x00, 0x00, 0x4B, 0x00, 0x00, 0x00, 0x4B, 0x00, 0x00, 0x00
	.byte 0x32, 0x00, 0x00, 0x00, 0x32, 0x00, 0x00, 0x00, 0x4B, 0x00, 0x00, 0x00, 0x0F, 0x00, 0x00, 0x00
	.byte 0x5C, 0x00, 0x00, 0x00, 0x58, 0x00, 0x00, 0x00, 0x32, 0x00, 0x00, 0x00, 0x32, 0x50, 0x23, 0x28
	.byte 0x23, 0x23, 0x5A, 0x32, 0x2D, 0x23, 0x3C, 0x28, 0x07, 0x00, 0x00, 0x00, 0x00, 0x07, 0x00, 0x00
	.byte 0x00, 0x00, 0x00, 0x07, 0x00, 0x00, 0xF0, 0xFF, 0x00, 0x00, 0xF0, 0xFF, 0x00, 0x00, 0x10, 0x00
	.byte 0x00, 0x00, 0xF0, 0xFF, 0x00, 0x00, 0xF0, 0xFF, 0x00, 0x00, 0x10, 0x00, 0x00, 0x00, 0x10, 0x00
	.byte 0x00, 0x00, 0x10, 0x00, 0xF0, 0xB3, 0x02, 0x02, 0x0C, 0xB4, 0x02, 0x02, 0x28, 0xB4, 0x02, 0x02
	.byte 0x44, 0xB4, 0x02, 0x02, 0xF0, 0xB1, 0x02, 0x02, 0xF4, 0xB1, 0x02, 0x02, 0xF8, 0xB1, 0x02, 0x02
	.byte 0xFC, 0xB1, 0x02, 0x02, 0x00, 0xB2, 0x02, 0x02, 0x04, 0xB2, 0x02, 0x02, 0x08, 0xB2, 0x02, 0x02
	.byte 0x0C, 0xB2, 0x02, 0x02, 0x10, 0xB2, 0x02, 0x02, 0x14, 0xB2, 0x02, 0x02, 0x18, 0xB2, 0x02, 0x02
	.byte 0x1C, 0xB2, 0x02, 0x02, 0x20, 0xB2, 0x02, 0x02, 0x24, 0xB2, 0x02, 0x02, 0x28, 0xB2, 0x02, 0x02
	.byte 0x2C, 0xB2, 0x02, 0x02, 0x30, 0xB2, 0x02, 0x02, 0x34, 0xB2, 0x02, 0x02, 0x38, 0xB2, 0x02, 0x02
	.byte 0x3C, 0xB2, 0x02, 0x02, 0x40, 0xB2, 0x02, 0x02, 0x44, 0xB2, 0x02, 0x02, 0x48, 0xB2, 0x02, 0x02
	.byte 0x4C, 0xB2, 0x02, 0x02, 0x50, 0xB2, 0x02, 0x02, 0x54, 0xB2, 0x02, 0x02, 0x58, 0xB2, 0x02, 0x02
	.byte 0x5C, 0xB2, 0x02, 0x02, 0x60, 0xB2, 0x02, 0x02, 0x64, 0xB2, 0x02, 0x02, 0x00, 0x80, 0xF9, 0xFF
	.byte 0x00, 0x80, 0x06, 0x00, 0x00, 0x80, 0xF9, 0xFF, 0x00, 0x80, 0x06, 0x00, 0x00, 0x00, 0xF2, 0xFF
	.byte 0x00, 0x00, 0xF2, 0xFF, 0x00, 0x00, 0x11, 0x00, 0x00, 0x00, 0x11, 0x00, 0xF4, 0x01, 0xCC, 0x01
	.byte 0xA4, 0x01, 0xD6, 0x01, 0xCC, 0x01, 0xB8, 0x01, 0xDB, 0x01, 0xE0, 0x01, 0xD6, 0x01, 0xCC, 0x01
	.byte 0xD6, 0x01, 0xE0, 0x01, 0xEC, 0xD0, 0x00, 0x02, 0x0C, 0xD1, 0x00, 0x02, 0x40, 0x48, 0x50, 0x60
	.byte 0x68, 0x70, 0x80, 0x88, 0x90, 0x98, 0xA0, 0xA8, 0xF0, 0x00, 0x00, 0x00, 0x20, 0x00, 0x00, 0x00
	.byte 0xF8, 0x00, 0x00, 0x00, 0x80, 0x00, 0x00, 0x00, 0x78, 0x0B, 0x00, 0x00, 0xAC, 0x08, 0x00, 0x00
	.byte 0x79, 0x0B, 0x00, 0x00, 0x2F, 0x08, 0x00, 0x00, 0x79, 0x0B, 0x00, 0x00, 0x9D, 0x07, 0x00, 0x00
	.byte 0x76, 0x0B, 0x00, 0x00, 0x0B, 0x07, 0x00, 0x00, 0x76, 0x0B, 0x00, 0x00, 0x84, 0x06, 0x00, 0x00
	.byte 0x76, 0x0B, 0x00, 0x00, 0xE8, 0x05, 0x00, 0x00, 0x76, 0x0B, 0x00, 0x00, 0x4F, 0x05, 0x00, 0x00
	.byte 0x77, 0x0B, 0x00, 0x00, 0xFB, 0x04, 0x00, 0x00, 0x5D, 0x0B, 0x00, 0x00, 0xBB, 0x04, 0x00, 0x00
	.byte 0x3C, 0x0B, 0x00, 0x00, 0x80, 0x04, 0x00, 0x00, 0xE7, 0x0A, 0x00, 0x00, 0x2C, 0x04, 0x00, 0x00
	.byte 0x8F, 0x0A, 0x00, 0x00, 0xD1, 0x03, 0x00, 0x00, 0x31, 0x0A, 0x00, 0x00, 0x84, 0x03, 0x00, 0x00
	.byte 0x0A, 0x0A, 0x00, 0x00, 0x78, 0x03, 0x00, 0x00, 0xB0, 0x09, 0x00, 0x00, 0x78, 0x03, 0x00, 0x00
	.byte 0x1B, 0x09, 0x00, 0x00, 0x79, 0x03, 0x00, 0x00, 0xA3, 0x08, 0x00, 0x00, 0x7A, 0x03, 0x00, 0x00
	.byte 0x09, 0x08, 0x00, 0x00, 0x7A, 0x03, 0x00, 0x00, 0x6F, 0x07, 0x00, 0x00, 0x7A, 0x03, 0x00, 0x00
	.byte 0xDB, 0x06, 0x00, 0x00, 0x7B, 0x03, 0x00, 0x00, 0x44, 0x06, 0x00, 0x00, 0x7B, 0x03, 0x00, 0x00
	.byte 0xC9, 0x05, 0x00, 0x00, 0x7A, 0x03, 0x00, 0x00, 0x3C, 0x05, 0x00, 0x00, 0x7B, 0x03, 0x00, 0x00
	.byte 0xA3, 0x04, 0x00, 0x00, 0x7B, 0x03, 0x00, 0x00, 0x69, 0x04, 0x00, 0x00, 0x7D, 0x03, 0x00, 0x00
	.byte 0x36, 0x04, 0x00, 0x00, 0x91, 0x03, 0x00, 0x00, 0x0A, 0x04, 0x00, 0x00, 0x9F, 0x03, 0x00, 0x00
	.byte 0xB8, 0x03, 0x00, 0x00, 0xEE, 0x03, 0x00, 0x00, 0x9E, 0x03, 0x00, 0x00, 0x4A, 0x04, 0x00, 0x00
	.byte 0x9E, 0x03, 0x00, 0x00, 0xC0, 0x04, 0x00, 0x00, 0x9D, 0x03, 0x00, 0x00, 0x3D, 0x05, 0x00, 0x00
	.byte 0xA7, 0x03, 0x00, 0x00, 0x67, 0x05, 0x00, 0x00, 0xD3, 0x03, 0x00, 0x00, 0xA8, 0x05, 0x00, 0x00
	.byte 0x04, 0x04, 0x00, 0x00, 0xDE, 0x05, 0x00, 0x00, 0x6D, 0x04, 0x00, 0x00, 0x48, 0x06, 0x00, 0x00
	.byte 0xB1, 0x04, 0x00, 0x00, 0x87, 0x06, 0x00, 0x00, 0xF0, 0x04, 0x00, 0x00, 0x99, 0x06, 0x00, 0x00
	.byte 0x58, 0x05, 0x00, 0x00, 0x99, 0x06, 0x00, 0x00, 0xCD, 0x05, 0x00, 0x00, 0x99, 0x06, 0x00, 0x00
	.byte 0xF4, 0x05, 0x00, 0x00, 0xAE, 0x06, 0x00, 0x00, 0x4F, 0x06, 0x00, 0x00, 0x00, 0x07, 0x00, 0x00
	.byte 0xA8, 0x06, 0x00, 0x00, 0x5C, 0x07, 0x00, 0x00, 0xB8, 0x06, 0x00, 0x00, 0x7E, 0x07, 0x00, 0x00
	.byte 0xB9, 0x06, 0x00, 0x00, 0xFA, 0x07, 0x00, 0x00, 0xB7, 0x06, 0x00, 0x00, 0x10, 0x08, 0x00, 0x00
	.byte 0x63, 0x06, 0x00, 0x00, 0x65, 0x08, 0x00, 0x00, 0x12, 0x06, 0x00, 0x00, 0xB5, 0x08, 0x00, 0x00
	.byte 0xD5, 0x05, 0x00, 0x00, 0xEB, 0x08, 0x00, 0x00, 0x9A, 0x05, 0x00, 0x00, 0xFB, 0x08, 0x00, 0x00
	.byte 0x2B, 0x05, 0x00, 0x00, 0xFB, 0x08, 0x00, 0x00, 0x97, 0x04, 0x00, 0x00, 0xFA, 0x08, 0x00, 0x00
	.byte 0x4D, 0x04, 0x00, 0x00, 0x07, 0x09, 0x00, 0x00, 0x0A, 0x04, 0x00, 0x00, 0x1F, 0x09, 0x00, 0x00
	.byte 0xB5, 0x03, 0x00, 0x00, 0x73, 0x09, 0x00, 0x00, 0xB1, 0x03, 0x00, 0x00, 0x88, 0x09, 0x00, 0x00
	.byte 0x9E, 0x03, 0x00, 0x00, 0xCE, 0x09, 0x00, 0x00, 0x9E, 0x03, 0x00, 0x00, 0x45, 0x0A, 0x00, 0x00
	.byte 0xA1, 0x03, 0x00, 0x00, 0x9D, 0x0A, 0x00, 0x00, 0xBE, 0x03, 0x00, 0x00, 0xC0, 0x0A, 0x00, 0x00
	.byte 0xD5, 0x03, 0x00, 0x00, 0xEA, 0x0A, 0x00, 0x00, 0xFD, 0x03, 0x00, 0x00, 0x19, 0x0B, 0x00, 0x00
	.byte 0x5A, 0x04, 0x00, 0x00, 0x75, 0x0B, 0x00, 0x00, 0xA8, 0x04, 0x00, 0x00, 0xC3, 0x0B, 0x00, 0x00
	.byte 0x09, 0x05, 0x00, 0x00, 0x27, 0x0C, 0x00, 0x00, 0x61, 0x05, 0x00, 0x00, 0x7B, 0x0C, 0x00, 0x00
	.byte 0xC9, 0x05, 0x00, 0x00, 0xE4, 0x0C, 0x00, 0x00, 0x12, 0x06, 0x00, 0x00, 0x2F, 0x0D, 0x00, 0x00
	.byte 0x37, 0x06, 0x00, 0x00, 0x45, 0x0D, 0x00, 0x00, 0x71, 0x06, 0x00, 0x00, 0x5A, 0x0D, 0x00, 0x00
	.byte 0xE4, 0x06, 0x00, 0x00, 0x5B, 0x0D, 0x00, 0x00, 0x58, 0x07, 0x00, 0x00, 0x59, 0x0D, 0x00, 0x00
	.byte 0xC8, 0x07, 0x00, 0x00, 0x2D, 0x0D, 0x00, 0x00, 0xDE, 0x07, 0x00, 0x00, 0x17, 0x0D, 0x00, 0x00
	.byte 0x28, 0x08, 0x00, 0x00, 0xCD, 0x0C, 0x00, 0x00, 0x57, 0x08, 0x00, 0x00, 0x9B, 0x0C, 0x00, 0x00
	.byte 0x88, 0x08, 0x00, 0x00, 0x8B, 0x0C, 0x00, 0x00, 0xBA, 0x08, 0x00, 0x00, 0x99, 0x0C, 0x00, 0x00
	.byte 0x1D, 0x09, 0x00, 0x00, 0x9A, 0x0C, 0x00, 0x00, 0x90, 0x09, 0x00, 0x00, 0x9A, 0x0C, 0x00, 0x00
	.byte 0xF7, 0x09, 0x00, 0x00, 0x9A, 0x0C, 0x00, 0x00, 0x21, 0x0A, 0x00, 0x00, 0x97, 0x0C, 0x00, 0x00
	.byte 0x71, 0x0A, 0x00, 0x00, 0x75, 0x0C, 0x00, 0x00, 0x95, 0x0A, 0x00, 0x00, 0x61, 0x0C, 0x00, 0x00
	.byte 0xCC, 0x0A, 0x00, 0x00, 0x27, 0x0C, 0x00, 0x00, 0x23, 0x0B, 0x00, 0x00, 0xD2, 0x0B, 0x00, 0x00
	.byte 0x58, 0x0B, 0x00, 0x00, 0x99, 0x0B, 0x00, 0x00, 0x77, 0x0B, 0x00, 0x00, 0x3F, 0x0B, 0x00, 0x00
	.byte 0x78, 0x0B, 0x00, 0x00, 0xE3, 0x0A, 0x00, 0x00, 0x78, 0x0B, 0x00, 0x00, 0x48, 0x0A, 0x00, 0x00
	.byte 0x78, 0x0B, 0x00, 0x00, 0xAB, 0x09, 0x00, 0x00, 0x78, 0x0B, 0x00, 0x00, 0x25, 0x09, 0x00, 0x00
	.byte 0x78, 0x0B, 0x00, 0x00, 0xAC, 0x08, 0x00, 0x00, 0xE8, 0x0A, 0x00, 0x00, 0xFB, 0x07, 0x00, 0x00
	.byte 0xE8, 0x0A, 0x00, 0x00, 0x82, 0x08, 0x00, 0x00, 0xE8, 0x0A, 0x00, 0x00, 0x00, 0x09, 0x00, 0x00
	.byte 0xE7, 0x0A, 0x00, 0x00, 0x8C, 0x09, 0x00, 0x00, 0xE9, 0x0A, 0x00, 0x00, 0x03, 0x0A, 0x00, 0x00
	.byte 0xE7, 0x0A, 0x00, 0x00, 0x67, 0x0A, 0x00, 0x00, 0xE6, 0x0A, 0x00, 0x00, 0xBF, 0x0A, 0x00, 0x00
	.byte 0xE6, 0x0A, 0x00, 0x00, 0x22, 0x0B, 0x00, 0x00, 0x9F, 0x0A, 0x00, 0x00, 0x65, 0x0B, 0x00, 0x00
	.byte 0x56, 0x0A, 0x00, 0x00, 0xAD, 0x0B, 0x00, 0x00, 0x11, 0x0A, 0x00, 0x00, 0xF4, 0x0B, 0x00, 0x00
	.byte 0xDD, 0x09, 0x00, 0x00, 0x0A, 0x0C, 0x00, 0x00, 0x85, 0x09, 0x00, 0x00, 0x0A, 0x0C, 0x00, 0x00
	.byte 0xE7, 0x08, 0x00, 0x00, 0x08, 0x0C, 0x00, 0x00, 0x54, 0x08, 0x00, 0x00, 0x08, 0x0C, 0x00, 0x00
	.byte 0x10, 0x08, 0x00, 0x00, 0x10, 0x0C, 0x00, 0x00, 0xE9, 0x07, 0x00, 0x00, 0x23, 0x0C, 0x00, 0x00
	.byte 0xBB, 0x07, 0x00, 0x00, 0x4C, 0x0C, 0x00, 0x00, 0x72, 0x07, 0x00, 0x00, 0x97, 0x0C, 0x00, 0x00
	.byte 0x4E, 0x07, 0x00, 0x00, 0xB9, 0x0C, 0x00, 0x00, 0x33, 0x07, 0x00, 0x00, 0xC4, 0x0C, 0x00, 0x00
	.byte 0x14, 0x07, 0x00, 0x00, 0xCC, 0x0C, 0x00, 0x00, 0xBD, 0x06, 0x00, 0x00, 0xCC, 0x0C, 0x00, 0x00
	.byte 0x5A, 0x06, 0x00, 0x00, 0xCC, 0x0C, 0x00, 0x00, 0x35, 0x06, 0x00, 0x00, 0xC2, 0x0C, 0x00, 0x00
	.byte 0xF4, 0x05, 0x00, 0x00, 0x8A, 0x0C, 0x00, 0x00, 0x96, 0x05, 0x00, 0x00, 0x2C, 0x0C, 0x00, 0x00
	.byte 0x30, 0x05, 0x00, 0x00, 0xC6, 0x0B, 0x00, 0x00, 0xCF, 0x04, 0x00, 0x00, 0x67, 0x0B, 0x00, 0x00
	.byte 0x82, 0x04, 0x00, 0x00, 0x19, 0x0B, 0x00, 0x00, 0x48, 0x04, 0x00, 0x00, 0xDF, 0x0A, 0x00, 0x00
	.byte 0x25, 0x04, 0x00, 0x00, 0x9A, 0x0A, 0x00, 0x00, 0x25, 0x04, 0x00, 0x00, 0x10, 0x0A, 0x00, 0x00
	.byte 0x34, 0x04, 0x00, 0x00, 0xDC, 0x09, 0x00, 0x00, 0x7E, 0x04, 0x00, 0x00, 0x94, 0x09, 0x00, 0x00
	.byte 0xB7, 0x04, 0x00, 0x00, 0x80, 0x09, 0x00, 0x00, 0xFA, 0x04, 0x00, 0x00, 0x80, 0x09, 0x00, 0x00
	.byte 0x08, 0x05, 0x00, 0x00, 0x8A, 0x09, 0x00, 0x00, 0x89, 0x05, 0x00, 0x00, 0x88, 0x09, 0x00, 0x00
	.byte 0xED, 0x05, 0x00, 0x00, 0x86, 0x09, 0x00, 0x00, 0x40, 0x06, 0x00, 0x00, 0x63, 0x09, 0x00, 0x00
	.byte 0x58, 0x06, 0x00, 0x00, 0x59, 0x09, 0x00, 0x00, 0xB0, 0x06, 0x00, 0x00, 0x05, 0x09, 0x00, 0x00
	.byte 0x03, 0x07, 0x00, 0x00, 0xB1, 0x08, 0x00, 0x00, 0x2A, 0x07, 0x00, 0x00, 0x8A, 0x08, 0x00, 0x00
	.byte 0x48, 0x07, 0x00, 0x00, 0x2D, 0x08, 0x00, 0x00, 0x49, 0x07, 0x00, 0x00, 0xF5, 0x07, 0x00, 0x00
	.byte 0x4A, 0x07, 0x00, 0x00, 0xA9, 0x07, 0x00, 0x00, 0x2A, 0x07, 0x00, 0x00, 0x67, 0x07, 0x00, 0x00
	.byte 0x0D, 0x07, 0x00, 0x00, 0x33, 0x07, 0x00, 0x00, 0xBE, 0x06, 0x00, 0x00, 0xE1, 0x06, 0x00, 0x00
	.byte 0x59, 0x06, 0x00, 0x00, 0x7D, 0x06, 0x00, 0x00, 0x07, 0x06, 0x00, 0x00, 0x31, 0x06, 0x00, 0x00
	.byte 0xC2, 0x05, 0x00, 0x00, 0x0A, 0x06, 0x00, 0x00, 0x44, 0x05, 0x00, 0x00, 0x08, 0x06, 0x00, 0x00
	.byte 0xD3, 0x04, 0x00, 0x00, 0x09, 0x06, 0x00, 0x00, 0xA2, 0x04, 0x00, 0x00, 0xFA, 0x05, 0x00, 0x00
	.byte 0x3E, 0x04, 0x00, 0x00, 0x96, 0x05, 0x00, 0x00, 0x24, 0x04, 0x00, 0x00, 0x51, 0x05, 0x00, 0x00
	.byte 0x24, 0x04, 0x00, 0x00, 0xEE, 0x04, 0x00, 0x00, 0x24, 0x04, 0x00, 0x00, 0x8A, 0x04, 0x00, 0x00
	.byte 0x34, 0x04, 0x00, 0x00, 0x5E, 0x04, 0x00, 0x00, 0x84, 0x04, 0x00, 0x00, 0x0D, 0x04, 0x00, 0x00
	.byte 0xB5, 0x04, 0x00, 0x00, 0xFF, 0x03, 0x00, 0x00, 0xD8, 0x04, 0x00, 0x00, 0xFA, 0x03, 0x00, 0x00
	.byte 0xFE, 0x04, 0x00, 0x00, 0x0A, 0x04, 0x00, 0x00, 0x6A, 0x05, 0x00, 0x00, 0x07, 0x04, 0x00, 0x00
	.byte 0xE0, 0x05, 0x00, 0x00, 0x09, 0x04, 0x00, 0x00, 0x5E, 0x06, 0x00, 0x00, 0x08, 0x04, 0x00, 0x00
	.byte 0xE0, 0x06, 0x00, 0x00, 0x08, 0x04, 0x00, 0x00, 0x68, 0x07, 0x00, 0x00, 0x08, 0x04, 0x00, 0x00
	.byte 0xF7, 0x07, 0x00, 0x00, 0x08, 0x04, 0x00, 0x00, 0x79, 0x08, 0x00, 0x00, 0x07, 0x04, 0x00, 0x00
	.byte 0x0A, 0x09, 0x00, 0x00, 0x07, 0x04, 0x00, 0x00, 0x84, 0x09, 0x00, 0x00, 0x07, 0x04, 0x00, 0x00
	.byte 0xFD, 0x09, 0x00, 0x00, 0x07, 0x04, 0x00, 0x00, 0x2B, 0x0A, 0x00, 0x00, 0x09, 0x04, 0x00, 0x00
	.byte 0x5C, 0x0A, 0x00, 0x00, 0x2E, 0x04, 0x00, 0x00, 0x9F, 0x0A, 0x00, 0x00, 0x6F, 0x04, 0x00, 0x00
	.byte 0xDA, 0x0A, 0x00, 0x00, 0xAA, 0x04, 0x00, 0x00, 0xE9, 0x0A, 0x00, 0x00, 0xD9, 0x04, 0x00, 0x00
	.byte 0xEF, 0x0A, 0x00, 0x00, 0x37, 0x05, 0x00, 0x00, 0xE8, 0x0A, 0x00, 0x00, 0xB1, 0x05, 0x00, 0x00
	.byte 0xE5, 0x0A, 0x00, 0x00, 0x24, 0x06, 0x00, 0x00, 0xE7, 0x0A, 0x00, 0x00, 0xA4, 0x06, 0x00, 0x00
	.byte 0xE9, 0x0A, 0x00, 0x00, 0x1B, 0x07, 0x00, 0x00, 0xE7, 0x0A, 0x00, 0x00, 0x8E, 0x07, 0x00, 0x00
	.byte 0xE8, 0x0A, 0x00, 0x00, 0x04, 0x08, 0x00, 0x00, 0x00, 0x00, 0x01, 0x00, 0x03, 0x80, 0xFF, 0xFF
	.byte 0xFA, 0xFE, 0xFF, 0xFF, 0x78, 0x0B, 0x00, 0x00, 0x79, 0x0B, 0x00, 0x00, 0x2F, 0x08, 0x00, 0x00
	.byte 0xAC, 0x08, 0x00, 0x00, 0x81, 0x01, 0xC1, 0x00, 0x01, 0x00, 0x02, 0x00, 0x01, 0x80, 0xFF, 0xFF
	.byte 0x00, 0x00, 0x00, 0x00, 0x79, 0x0B, 0x00, 0x00, 0x79, 0x0B, 0x00, 0x00, 0x9D, 0x07, 0x00, 0x00
	.byte 0x2F, 0x08, 0x00, 0x00, 0x80, 0x00, 0xC0, 0x00, 0x02, 0x00, 0x03, 0x00, 0x08, 0x80, 0xFF, 0xFF
	.byte 0xA1, 0x02, 0x00, 0x00, 0x76, 0x0B, 0x00, 0x00, 0x79, 0x0B, 0x00, 0x00, 0x0B, 0x07, 0x00, 0x00
	.byte 0x9D, 0x07, 0x00, 0x00, 0x7F, 0xFF, 0xBF, 0x00, 0x03, 0x00, 0x04, 0x00, 0x01, 0x80, 0xFF, 0xFF
	.byte 0x00, 0x00, 0x00, 0x00, 0x76, 0x0B, 0x00, 0x00, 0x76, 0x0B, 0x00, 0x00, 0x84, 0x06, 0x00, 0x00
	.byte 0x0B, 0x07, 0x00, 0x00, 0x80, 0x00, 0xC0, 0x00, 0x04, 0x00, 0x05, 0x00, 0x01, 0x80, 0xFF, 0xFF
	.byte 0x00, 0x00, 0x00, 0x00, 0x76, 0x0B, 0x00, 0x00, 0x76, 0x0B, 0x00, 0x00, 0xE8, 0x05, 0x00, 0x00
	.byte 0x84, 0x06, 0x00, 0x00, 0x80, 0x00, 0xC0, 0x00, 0x05, 0x00, 0x06, 0x00, 0x01, 0x80, 0xFF, 0xFF
	.byte 0x00, 0x00, 0x00, 0x00, 0x76, 0x0B, 0x00, 0x00, 0x76, 0x0B, 0x00, 0x00, 0x4F, 0x05, 0x00, 0x00
	.byte 0xE8, 0x05, 0x00, 0x00, 0x80, 0x00, 0xC0, 0x00, 0x06, 0x00, 0x07, 0x00, 0x04, 0x80, 0xFF, 0xFF
	.byte 0x7A, 0xFE, 0xFF, 0xFF, 0x76, 0x0B, 0x00, 0x00, 0x77, 0x0B, 0x00, 0x00, 0xFB, 0x04, 0x00, 0x00
	.byte 0x4F, 0x05, 0x00, 0x00, 0x81, 0x01, 0xC1, 0x00, 0x07, 0x00, 0x08, 0x00, 0x6B, 0x89, 0xFF, 0xFF
	.byte 0x2C, 0x30, 0x00, 0x00, 0x5D, 0x0B, 0x00, 0x00, 0x77, 0x0B, 0x00, 0x00, 0xBB, 0x04, 0x00, 0x00
	.byte 0xFB, 0x04, 0x00, 0x00, 0x70, 0xF0, 0xB0, 0x00, 0x08, 0x00, 0x09, 0x00, 0x4B, 0x90, 0xFF, 0xFF
	.byte 0x7B, 0x3E, 0x00, 0x00, 0x3C, 0x0B, 0x00, 0x00, 0x5D, 0x0B, 0x00, 0x00, 0x80, 0x04, 0x00, 0x00
	.byte 0xBB, 0x04, 0x00, 0x00, 0x6B, 0xEB, 0xAB, 0x00, 0x09, 0x00, 0x0A, 0x00, 0x08, 0xA6, 0xFF, 0xFF
	.byte 0x0A, 0x5B, 0x00, 0x00, 0xE7, 0x0A, 0x00, 0x00, 0x3C, 0x0B, 0x00, 0x00, 0x2C, 0x04, 0x00, 0x00
	.byte 0x80, 0x04, 0x00, 0x00, 0x5F, 0xDF, 0x9F, 0x00, 0x0A, 0x00, 0x0B, 0x00, 0xFE, 0xA3, 0xFF, 0xFF
	.byte 0xFA, 0x58, 0x00, 0x00, 0x8F, 0x0A, 0x00, 0x00, 0xE7, 0x0A, 0x00, 0x00, 0xD1, 0x03, 0x00, 0x00
	.byte 0x2C, 0x04, 0x00, 0x00, 0x60, 0xE0, 0xA0, 0x00, 0x0B, 0x00, 0x0C, 0x00, 0xE5, 0xAE, 0xFF, 0xFF
	.byte 0x04, 0x63, 0x00, 0x00, 0x31, 0x0A, 0x00, 0x00, 0x8F, 0x0A, 0x00, 0x00, 0x84, 0x03, 0x00, 0x00
	.byte 0xD1, 0x03, 0x00, 0x00, 0x5B, 0xDB, 0x9B, 0x00, 0x0C, 0x00, 0x0D, 0x00, 0x5C, 0xDA, 0xFF, 0xFF
	.byte 0x56, 0x7A, 0x00, 0x00, 0x0A, 0x0A, 0x00, 0x00, 0x31, 0x0A, 0x00, 0x00, 0x78, 0x03, 0x00, 0x00
	.byte 0x84, 0x03, 0x00, 0x00, 0x4C, 0xCC, 0x8C, 0x00, 0x0D, 0x00, 0x0E, 0x00, 0x00, 0x00, 0x00, 0x00
	.byte 0xFF, 0x7F, 0x00, 0x00, 0xB0, 0x09, 0x00, 0x00, 0x0A, 0x0A, 0x00, 0x00, 0x78, 0x03, 0x00, 0x00
	.byte 0x78, 0x03, 0x00, 0x00, 0x40, 0xC0, 0x80, 0x00, 0x0E, 0x00, 0x0F, 0x00, 0xDB, 0x00, 0x00, 0x00
	.byte 0xFE, 0x7F, 0x00, 0x00, 0x1B, 0x09, 0x00, 0x00, 0xB0, 0x09, 0x00, 0x00, 0x78, 0x03, 0x00, 0x00
	.byte 0x79, 0x03, 0x00, 0x00, 0x3F, 0xBF, 0x7F, 0x00, 0x0F, 0x00, 0x10, 0x00, 0x11, 0x01, 0x00, 0x00
	.byte 0xFD, 0x7F, 0x00, 0x00, 0xA3, 0x08, 0x00, 0x00, 0x1B, 0x09, 0x00, 0x00, 0x79, 0x03, 0x00, 0x00
	.byte 0x7A, 0x03, 0x00, 0x00, 0x3F, 0xBF, 0x7F, 0x00, 0x10, 0x00, 0x11, 0x00, 0x00, 0x00, 0x00, 0x00
	.byte 0xFF, 0x7F, 0x00, 0x00, 0x09, 0x08, 0x00, 0x00, 0xA3, 0x08, 0x00, 0x00, 0x7A, 0x03, 0x00, 0x00
	.byte 0x7A, 0x03, 0x00, 0x00, 0x40, 0xC0, 0x80, 0x00, 0x11, 0x00, 0x12, 0x00, 0x00, 0x00, 0x00, 0x00
	.byte 0xFF, 0x7F, 0x00, 0x00, 0x6F, 0x07, 0x00, 0x00, 0x09, 0x08, 0x00, 0x00, 0x7A, 0x03, 0x00, 0x00
	.byte 0x7A, 0x03, 0x00, 0x00, 0x40, 0xC0, 0x80, 0x00, 0x12, 0x00, 0x13, 0x00, 0xDD, 0x00, 0x00, 0x00
	.byte 0xFE, 0x7F, 0x00, 0x00, 0xDB, 0x06, 0x00, 0x00, 0x6F, 0x07, 0x00, 0x00, 0x7A, 0x03, 0x00, 0x00
	.byte 0x7B, 0x03, 0x00, 0x00, 0x3F, 0xBF, 0x7F, 0x00, 0x13, 0x00, 0x14, 0x00, 0x00, 0x00, 0x00, 0x00
	.byte 0xFF, 0x7F, 0x00, 0x00, 0x44, 0x06, 0x00, 0x00, 0xDB, 0x06, 0x00, 0x00, 0x7B, 0x03, 0x00, 0x00
	.byte 0x7B, 0x03, 0x00, 0x00, 0x40, 0xC0, 0x80, 0x00, 0x14, 0x00, 0x15, 0x00, 0xF6, 0xFE, 0xFF, 0xFF
	.byte 0xFD, 0x7F, 0x00, 0x00, 0xC9, 0x05, 0x00, 0x00, 0x44, 0x06, 0x00, 0x00, 0x7A, 0x03, 0x00, 0x00
	.byte 0x7B, 0x03, 0x00, 0x00, 0x40, 0xC0, 0x80, 0x00, 0x15, 0x00, 0x16, 0x00, 0xE8, 0x00, 0x00, 0x00
	.byte 0xFE, 0x7F, 0x00, 0x00, 0x3C, 0x05, 0x00, 0x00, 0xC9, 0x05, 0x00, 0x00, 0x7A, 0x03, 0x00, 0x00
	.byte 0x7B, 0x03, 0x00, 0x00, 0x3F, 0xBF, 0x7F, 0x00, 0x16, 0x00, 0x17, 0x00, 0x00, 0x00, 0x00, 0x00
	.byte 0xFF, 0x7F, 0x00, 0x00, 0xA3, 0x04, 0x00, 0x00, 0x3C, 0x05, 0x00, 0x00, 0x7B, 0x03, 0x00, 0x00
	.byte 0x7B, 0x03, 0x00, 0x00, 0x40, 0xC0, 0x80, 0x00, 0x17, 0x00, 0x18, 0x00, 0x69, 0x04, 0x00, 0x00
	.byte 0xEB, 0x7F, 0x00, 0x00, 0x69, 0x04, 0x00, 0x00, 0xA3, 0x04, 0x00, 0x00, 0x7B, 0x03, 0x00, 0x00
	.byte 0x7D, 0x03, 0x00, 0x00, 0x3E, 0xBE, 0x7E, 0x00, 0x18, 0x00, 0x19, 0x00, 0xBA, 0x2E, 0x00, 0x00
	.byte 0x29, 0x77, 0x00, 0x00, 0x36, 0x04, 0x00, 0x00, 0x69, 0x04, 0x00, 0x00, 0x7D, 0x03, 0x00, 0x00
	.byte 0x91, 0x03, 0x00, 0x00, 0x30, 0xB0, 0x70, 0x00, 0x19, 0x00, 0x1A, 0x00, 0xCF, 0x26, 0x00, 0x00
	.byte 0xF8, 0x79, 0x00, 0x00, 0x0A, 0x04, 0x00, 0x00, 0x36, 0x04, 0x00, 0x00, 0x91, 0x03, 0x00, 0x00
	.byte 0x9F, 0x03, 0x00, 0x00, 0x33, 0xB3, 0x73, 0x00, 0x1A, 0x00, 0x1B, 0x00, 0xCE, 0x58, 0x00, 0x00
	.byte 0x2D, 0x5C, 0x00, 0x00, 0xB8, 0x03, 0x00, 0x00, 0x0A, 0x04, 0x00, 0x00, 0x9F, 0x03, 0x00, 0x00
	.byte 0xEE, 0x03, 0x00, 0x00, 0x20, 0xA0, 0x60, 0x00, 0x1B, 0x00, 0x1C, 0x00, 0x2B, 0x7B, 0x00, 0x00
	.byte 0xCF, 0x22, 0x00, 0x00, 0x9E, 0x03, 0x00, 0x00, 0xB8, 0x03, 0x00, 0x00, 0xEE, 0x03, 0x00, 0x00
	.byte 0x4A, 0x04, 0x00, 0x00, 0x0B, 0x8B, 0x4B, 0x00, 0x1C, 0x00, 0x1D, 0x00, 0xFF, 0x7F, 0x00, 0x00
	.byte 0x00, 0x00, 0x00, 0x00, 0x9E, 0x03, 0x00, 0x00, 0x9E, 0x03, 0x00, 0x00, 0x4A, 0x04, 0x00, 0x00
	.byte 0xC0, 0x04, 0x00, 0x00, 0x00, 0x80, 0x40, 0x00, 0x1D, 0x00, 0x1E, 0x00, 0xFD, 0x7F, 0x00, 0x00
	.byte 0x06, 0x01, 0x00, 0x00, 0x9D, 0x03, 0x00, 0x00, 0x9E, 0x03, 0x00, 0x00, 0xC0, 0x04, 0x00, 0x00
	.byte 0x3D, 0x05, 0x00, 0x00, 0x00, 0x80, 0x40, 0x00, 0x1E, 0x00, 0x1F, 0x00, 0x83, 0x7C, 0x00, 0x00
	.byte 0x5B, 0xE2, 0xFF, 0xFF, 0x9D, 0x03, 0x00, 0x00, 0xA7, 0x03, 0x00, 0x00, 0x3D, 0x05, 0x00, 0x00
	.byte 0x67, 0x05, 0x00, 0x00, 0xF7, 0x77, 0x37, 0x00, 0x1F, 0x00, 0x20, 0x00, 0xFE, 0x69, 0x00, 0x00
	.byte 0x40, 0xB8, 0xFF, 0xFF, 0xA7, 0x03, 0x00, 0x00, 0xD3, 0x03, 0x00, 0x00, 0x67, 0x05, 0x00, 0x00
	.byte 0xA8, 0x05, 0x00, 0x00, 0xE8, 0x68, 0x28, 0x00, 0x20, 0x00, 0x21, 0x00, 0xC9, 0x5E, 0x00, 0x00
	.byte 0xFD, 0xA9, 0xFF, 0xFF, 0xD3, 0x03, 0x00, 0x00, 0x04, 0x04, 0x00, 0x00, 0xA8, 0x05, 0x00, 0x00
	.byte 0xDE, 0x05, 0x00, 0x00, 0xE2, 0x62, 0x22, 0x00, 0x21, 0x00, 0x22, 0x00, 0xEF, 0x5A, 0x00, 0x00
	.byte 0xED, 0xA5, 0xFF, 0xFF, 0x04, 0x04, 0x00, 0x00, 0x6D, 0x04, 0x00, 0x00, 0xDE, 0x05, 0x00, 0x00
	.byte 0x48, 0x06, 0x00, 0x00, 0xE1, 0x61, 0x21, 0x00, 0x22, 0x00, 0x23, 0x00, 0xFD, 0x56, 0x00, 0x00
	.byte 0x1C, 0xA2, 0xFF, 0xFF, 0x6D, 0x04, 0x00, 0x00, 0xB1, 0x04, 0x00, 0x00, 0x48, 0x06, 0x00, 0x00
	.byte 0x87, 0x06, 0x00, 0x00, 0xDF, 0x5F, 0x1F, 0x00, 0x23, 0x00, 0x24, 0x00, 0x29, 0x23, 0x00, 0x00
	.byte 0xEE, 0x84, 0xFF, 0xFF, 0xB1, 0x04, 0x00, 0x00, 0xF0, 0x04, 0x00, 0x00, 0x87, 0x06, 0x00, 0x00
	.byte 0x99, 0x06, 0x00, 0x00, 0xCC, 0x4C, 0x0C, 0x00, 0x24, 0x00, 0x25, 0x00, 0x00, 0x00, 0x00, 0x00
	.byte 0x01, 0x80, 0xFF, 0xFF, 0xF0, 0x04, 0x00, 0x00, 0x58, 0x05, 0x00, 0x00, 0x99, 0x06, 0x00, 0x00
	.byte 0x99, 0x06, 0x00, 0x00, 0xC0, 0x40, 0x00, 0x00, 0x25, 0x00, 0x26, 0x00, 0x00, 0x00, 0x00, 0x00
	.byte 0x01, 0x80, 0xFF, 0xFF, 0x58, 0x05, 0x00, 0x00, 0xCD, 0x05, 0x00, 0x00, 0x99, 0x06, 0x00, 0x00
	.byte 0x99, 0x06, 0x00, 0x00, 0xC0, 0x40, 0x00, 0x00, 0x26, 0x00, 0x27, 0x00, 0xAE, 0x3C, 0x00, 0x00
	.byte 0x4E, 0x8F, 0xFF, 0xFF, 0xCD, 0x05, 0x00, 0x00, 0xF4, 0x05, 0x00, 0x00, 0x99, 0x06, 0x00, 0x00
	.byte 0xAE, 0x06, 0x00, 0x00, 0xD5, 0x55, 0x15, 0x00, 0x27, 0x00, 0x28, 0x00, 0xAE, 0x55, 0x00, 0x00
	.byte 0xEA, 0xA0, 0xFF, 0xFF, 0xF4, 0x05, 0x00, 0x00, 0x4F, 0x06, 0x00, 0x00, 0xAE, 0x06, 0x00, 0x00
	.byte 0x00, 0x07, 0x00, 0x00, 0xDE, 0x5E, 0x1E, 0x00, 0x28, 0x00, 0x29, 0x00, 0xFE, 0x5B, 0x00, 0x00
	.byte 0x02, 0xA7, 0xFF, 0xFF, 0x4F, 0x06, 0x00, 0x00, 0xA8, 0x06, 0x00, 0x00, 0x00, 0x07, 0x00, 0x00
	.byte 0x5C, 0x07, 0x00, 0x00, 0xE1, 0x61, 0x21, 0x00, 0x29, 0x00, 0x2A, 0x00, 0xD0, 0x73, 0x00, 0x00
	.byte 0x80, 0xC9, 0xFF, 0xFF, 0xA8, 0x06, 0x00, 0x00, 0xB8, 0x06, 0x00, 0x00, 0x5C, 0x07, 0x00, 0x00
	.byte 0x7E, 0x07, 0x00, 0x00, 0xEF, 0x6F, 0x2F, 0x00, 0x2A, 0x00, 0x2B, 0x00, 0xFD, 0x7F, 0x00, 0x00
	.byte 0xF8, 0xFE, 0xFF, 0xFF, 0xB8, 0x06, 0x00, 0x00, 0xB9, 0x06, 0x00, 0x00, 0x7E, 0x07, 0x00, 0x00
	.byte 0xFA, 0x07, 0x00, 0x00, 0x00, 0x80, 0x40, 0x00, 0x2B, 0x00, 0x2C, 0x00, 0x78, 0x7F, 0x00, 0x00
	.byte 0x96, 0x0B, 0x00, 0x00, 0xB7, 0x06, 0x00, 0x00, 0xB9, 0x06, 0x00, 0x00, 0xFA, 0x07, 0x00, 0x00
	.byte 0x10, 0x08, 0x00, 0x00, 0x03, 0x83, 0x43, 0x00, 0x2C, 0x00, 0x2D, 0x00, 0x0A, 0x5B, 0x00, 0x00
	.byte 0xF8, 0x59, 0x00, 0x00, 0x63, 0x06, 0x00, 0x00, 0xB7, 0x06, 0x00, 0x00, 0x10, 0x08, 0x00, 0x00
	.byte 0x65, 0x08, 0x00, 0x00, 0x1F, 0x9F, 0x5F, 0x00, 0x2D, 0x00, 0x2E, 0x00, 0xF1, 0x59, 0x00, 0x00
	.byte 0x11, 0x5B, 0x00, 0x00, 0x12, 0x06, 0x00, 0x00, 0x63, 0x06, 0x00, 0x00, 0x65, 0x08, 0x00, 0x00
	.byte 0xB5, 0x08, 0x00, 0x00, 0x20, 0xA0, 0x60, 0x00, 0x2E, 0x00, 0x2F, 0x00, 0xD7, 0x54, 0x00, 0x00
	.byte 0xD6, 0x5F, 0x00, 0x00, 0xD5, 0x05, 0x00, 0x00, 0x12, 0x06, 0x00, 0x00, 0xB5, 0x08, 0x00, 0x00
	.byte 0xEB, 0x08, 0x00, 0x00, 0x22, 0xA2, 0x62, 0x00, 0x2F, 0x00, 0x30, 0x00, 0x80, 0x21, 0x00, 0x00
	.byte 0x88, 0x7B, 0x00, 0x00, 0x9A, 0x05, 0x00, 0x00, 0xD5, 0x05, 0x00, 0x00, 0xEB, 0x08, 0x00, 0x00
	.byte 0xFB, 0x08, 0x00, 0x00, 0x35, 0xB5, 0x75, 0x00, 0x30, 0x00, 0x31, 0x00, 0x00, 0x00, 0x00, 0x00
	.byte 0xFF, 0x7F, 0x00, 0x00, 0x2B, 0x05, 0x00, 0x00, 0x9A, 0x05, 0x00, 0x00, 0xFB, 0x08, 0x00, 0x00
	.byte 0xFB, 0x08, 0x00, 0x00, 0x40, 0xC0, 0x80, 0x00, 0x31, 0x00, 0x32, 0x00, 0x23, 0xFF, 0xFF, 0xFF
	.byte 0xFE, 0x7F, 0x00, 0x00, 0x97, 0x04, 0x00, 0x00, 0x2B, 0x05, 0x00, 0x00, 0xFA, 0x08, 0x00, 0x00
	.byte 0xFB, 0x08, 0x00, 0x00, 0x40, 0xC0, 0x80, 0x00, 0x32, 0x00, 0x33, 0x00, 0x25, 0x16, 0x00, 0x00
	.byte 0x10, 0x7E, 0x00, 0x00, 0x4D, 0x04, 0x00, 0x00, 0x97, 0x04, 0x00, 0x00, 0xFA, 0x08, 0x00, 0x00
	.byte 0x07, 0x09, 0x00, 0x00, 0x38, 0xB8, 0x78, 0x00, 0x33, 0x00, 0x34, 0x00, 0x29, 0x2B, 0x00, 0x00
	.byte 0x7F, 0x78, 0x00, 0x00, 0x0A, 0x04, 0x00, 0x00, 0x4D, 0x04, 0x00, 0x00, 0x07, 0x09, 0x00, 0x00
	.byte 0x1F, 0x09, 0x00, 0x00, 0x31, 0xB1, 0x71, 0x00, 0x34, 0x00, 0x35, 0x00, 0xF8, 0x59, 0x00, 0x00
	.byte 0x0A, 0x5B, 0x00, 0x00, 0xB5, 0x03, 0x00, 0x00, 0x0A, 0x04, 0x00, 0x00, 0x1F, 0x09, 0x00, 0x00
	.byte 0x73, 0x09, 0x00, 0x00, 0x20, 0xA0, 0x60, 0x00, 0x35, 0x00, 0x36, 0x00, 0xBC, 0x7D, 0x00, 0x00
	.byte 0xF3, 0x17, 0x00, 0x00, 0xB1, 0x03, 0x00, 0x00, 0xB5, 0x03, 0x00, 0x00, 0x73, 0x09, 0x00, 0x00
	.byte 0x88, 0x09, 0x00, 0x00, 0x07, 0x87, 0x47, 0x00, 0x36, 0x00, 0x37, 0x00, 0x86, 0x7B, 0x00, 0x00
	.byte 0x87, 0x21, 0x00, 0x00, 0x9E, 0x03, 0x00, 0x00, 0xB1, 0x03, 0x00, 0x00, 0x88, 0x09, 0x00, 0x00
	.byte 0xCE, 0x09, 0x00, 0x00, 0x0A, 0x8A, 0x4A, 0x00, 0x37, 0x00, 0x38, 0x00, 0xFF, 0x7F, 0x00, 0x00
	.byte 0x00, 0x00, 0x00, 0x00, 0x9E, 0x03, 0x00, 0x00, 0x9E, 0x03, 0x00, 0x00, 0xCE, 0x09, 0x00, 0x00
	.byte 0x45, 0x0A, 0x00, 0x00, 0x00, 0x80, 0x40, 0x00, 0x38, 0x00, 0x39, 0x00, 0xEB, 0x7F, 0x00, 0x00
	.byte 0xA4, 0xFB, 0xFF, 0xFF, 0x9E, 0x03, 0x00, 0x00, 0xA1, 0x03, 0x00, 0x00, 0x45, 0x0A, 0x00, 0x00
	.byte 0x9D, 0x0A, 0x00, 0x00, 0xFF, 0x7F, 0x3F, 0x00, 0x39, 0x00, 0x3A, 0x00, 0x8F, 0x62, 0x00, 0x00
	.byte 0x57, 0xAE, 0xFF, 0xFF, 0xA1, 0x03, 0x00, 0x00, 0xBE, 0x03, 0x00, 0x00, 0x9D, 0x0A, 0x00, 0x00
	.byte 0xC0, 0x0A, 0x00, 0x00, 0xE4, 0x64, 0x24, 0x00, 0x3A, 0x00, 0x3B, 0x00, 0x43, 0x70, 0x00, 0x00
	.byte 0x86, 0xC2, 0xFF, 0xFF, 0xBE, 0x03, 0x00, 0x00, 0xD5, 0x03, 0x00, 0x00, 0xC0, 0x0A, 0x00, 0x00
	.byte 0xEA, 0x0A, 0x00, 0x00, 0xEC, 0x6C, 0x2C, 0x00, 0x3B, 0x00, 0x3C, 0x00, 0x79, 0x61, 0x00, 0x00
	.byte 0x0C, 0xAD, 0xFF, 0xFF, 0xD5, 0x03, 0x00, 0x00, 0xFD, 0x03, 0x00, 0x00, 0xEA, 0x0A, 0x00, 0x00
	.byte 0x19, 0x0B, 0x00, 0x00, 0xE4, 0x64, 0x24, 0x00, 0x3C, 0x00, 0x3D, 0x00, 0x04, 0x5A, 0x00, 0x00
	.byte 0x02, 0xA5, 0xFF, 0xFF, 0xFD, 0x03, 0x00, 0x00, 0x5A, 0x04, 0x00, 0x00, 0x19, 0x0B, 0x00, 0x00
	.byte 0x75, 0x0B, 0x00, 0x00, 0xE0, 0x60, 0x20, 0x00, 0x3D, 0x00, 0x3E, 0x00, 0x81, 0x5A, 0x00, 0x00
	.byte 0x7F, 0xA5, 0xFF, 0xFF, 0x5A, 0x04, 0x00, 0x00, 0xA8, 0x04, 0x00, 0x00, 0x75, 0x0B, 0x00, 0x00
	.byte 0xC3, 0x0B, 0x00, 0x00, 0xE0, 0x60, 0x20, 0x00, 0x3E, 0x00, 0x3F, 0x00, 0xDF, 0x5B, 0x00, 0x00
	.byte 0xE2, 0xA6, 0xFF, 0xFF, 0xA8, 0x04, 0x00, 0x00, 0x09, 0x05, 0x00, 0x00, 0xC3, 0x0B, 0x00, 0x00
	.byte 0x27, 0x0C, 0x00, 0x00, 0xE1, 0x61, 0x21, 0x00, 0x3F, 0x00, 0x40, 0x00, 0x60, 0x58, 0x00, 0x00
	.byte 0x6A, 0xA3, 0xFF, 0xFF, 0x09, 0x05, 0x00, 0x00, 0x61, 0x05, 0x00, 0x00, 0x27, 0x0C, 0x00, 0x00
	.byte 0x7B, 0x0C, 0x00, 0x00, 0xE0, 0x60, 0x20, 0x00, 0x40, 0x00, 0x41, 0x00, 0xF0, 0x5A, 0x00, 0x00
	.byte 0xEE, 0xA5, 0xFF, 0xFF, 0x61, 0x05, 0x00, 0x00, 0xC9, 0x05, 0x00, 0x00, 0x7B, 0x0C, 0x00, 0x00
	.byte 0xE4, 0x0C, 0x00, 0x00, 0xE1, 0x61, 0x21, 0x00, 0x41, 0x00, 0x42, 0x00, 0xB8, 0x5B, 0x00, 0x00
	.byte 0xBA, 0xA6, 0xFF, 0xFF, 0xC9, 0x05, 0x00, 0x00, 0x12, 0x06, 0x00, 0x00, 0xE4, 0x0C, 0x00, 0x00
	.byte 0x2F, 0x0D, 0x00, 0x00, 0xE1, 0x61, 0x21, 0x00, 0x42, 0x00, 0x43, 0x00, 0x6A, 0x41, 0x00, 0x00
	.byte 0xFC, 0x91, 0xFF, 0xFF, 0x12, 0x06, 0x00, 0x00, 0x37, 0x06, 0x00, 0x00, 0x2F, 0x0D, 0x00, 0x00
	.byte 0x45, 0x0D, 0x00, 0x00, 0xD6, 0x56, 0x16, 0x00, 0x43, 0x00, 0x44, 0x00, 0x93, 0x2B, 0x00, 0x00
	.byte 0xA7, 0x87, 0xFF, 0xFF, 0x37, 0x06, 0x00, 0x00, 0x71, 0x06, 0x00, 0x00, 0x45, 0x0D, 0x00, 0x00
	.byte 0x5A, 0x0D, 0x00, 0x00, 0xCF, 0x4F, 0x0F, 0x00, 0x44, 0x00, 0x45, 0x00, 0x1C, 0x01, 0x00, 0x00
	.byte 0x03, 0x80, 0xFF, 0xFF, 0x71, 0x06, 0x00, 0x00, 0xE4, 0x06, 0x00, 0x00, 0x5A, 0x0D, 0x00, 0x00
	.byte 0x5B, 0x0D, 0x00, 0x00, 0xC1, 0x41, 0x01, 0x00, 0x45, 0x00, 0x46, 0x00, 0xCC, 0xFD, 0xFF, 0xFF
	.byte 0x06, 0x80, 0xFF, 0xFF, 0xE4, 0x06, 0x00, 0x00, 0x58, 0x07, 0x00, 0x00, 0x59, 0x0D, 0x00, 0x00
	.byte 0x5B, 0x0D, 0x00, 0x00, 0xC0, 0x40, 0x00, 0x00, 0x46, 0x00, 0x47, 0x00, 0x33, 0xD1, 0xFF, 0xFF
	.byte 0xDF, 0x88, 0xFF, 0xFF, 0x58, 0x07, 0x00, 0x00, 0xC8, 0x07, 0x00, 0x00, 0x2D, 0x0D, 0x00, 0x00
	.byte 0x59, 0x0D, 0x00, 0x00, 0xB1, 0x31, 0xF1, 0x00, 0x47, 0x00, 0x48, 0x00, 0x7F, 0xA5, 0xFF, 0xFF
	.byte 0x7F, 0xA5, 0xFF, 0xFF, 0xC8, 0x07, 0x00, 0x00, 0xDE, 0x07, 0x00, 0x00, 0x17, 0x0D, 0x00, 0x00
	.byte 0x2D, 0x0D, 0x00, 0x00, 0xA0, 0x20, 0xE0, 0x00, 0x48, 0x00, 0x49, 0x00, 0x7F, 0xA5, 0xFF, 0xFF
	.byte 0x7F, 0xA5, 0xFF, 0xFF, 0xDE, 0x07, 0x00, 0x00, 0x28, 0x08, 0x00, 0x00, 0xCD, 0x0C, 0x00, 0x00
	.byte 0x17, 0x0D, 0x00, 0x00, 0xA0, 0x20, 0xE0, 0x00, 0x49, 0x00, 0x4A, 0x00, 0xBE, 0xA2, 0xFF, 0xFF
	.byte 0x56, 0xA8, 0xFF, 0xFF, 0x28, 0x08, 0x00, 0x00, 0x57, 0x08, 0x00, 0x00, 0x9B, 0x0C, 0x00, 0x00
	.byte 0xCD, 0x0C, 0x00, 0x00, 0x9F, 0x1F, 0xDF, 0x00, 0x4A, 0x00, 0x4B, 0x00, 0x46, 0xD8, 0xFF, 0xFF
	.byte 0x54, 0x86, 0xFF, 0xFF, 0x57, 0x08, 0x00, 0x00, 0x88, 0x08, 0x00, 0x00, 0x8B, 0x0C, 0x00, 0x00
	.byte 0x9B, 0x0C, 0x00, 0x00, 0xB4, 0x34, 0xF4, 0x00, 0x4B, 0x00, 0x4C, 0x00, 0x82, 0x22, 0x00, 0x00
	.byte 0xBF, 0x84, 0xFF, 0xFF, 0x88, 0x08, 0x00, 0x00, 0xBA, 0x08, 0x00, 0x00, 0x8B, 0x0C, 0x00, 0x00
	.byte 0x99, 0x0C, 0x00, 0x00, 0xCC, 0x4C, 0x0C, 0x00, 0x4C, 0x00, 0x4D, 0x00, 0x4A, 0x01, 0x00, 0x00
	.byte 0x03, 0x80, 0xFF, 0xFF, 0xBA, 0x08, 0x00, 0x00, 0x1D, 0x09, 0x00, 0x00, 0x99, 0x0C, 0x00, 0x00
	.byte 0x9A, 0x0C, 0x00, 0x00, 0xC1, 0x41, 0x01, 0x00, 0x4D, 0x00, 0x4E, 0x00, 0x00, 0x00, 0x00, 0x00
	.byte 0x01, 0x80, 0xFF, 0xFF, 0x1D, 0x09, 0x00, 0x00, 0x90, 0x09, 0x00, 0x00, 0x9A, 0x0C, 0x00, 0x00
	.byte 0x9A, 0x0C, 0x00, 0x00, 0xC0, 0x40, 0x00, 0x00, 0x4E, 0x00, 0x4F, 0x00, 0x00, 0x00, 0x00, 0x00
	.byte 0x01, 0x80, 0xFF, 0xFF, 0x90, 0x09, 0x00, 0x00, 0xF7, 0x09, 0x00, 0x00, 0x9A, 0x0C, 0x00, 0x00
	.byte 0x9A, 0x0C, 0x00, 0x00, 0xC0, 0x40, 0x00, 0x00, 0x4F, 0x00, 0x50, 0x00, 0xE2, 0xF6, 0xFF, 0xFF
	.byte 0x55, 0x80, 0xFF, 0xFF, 0xF7, 0x09, 0x00, 0x00, 0x21, 0x0A, 0x00, 0x00, 0x97, 0x0C, 0x00, 0x00
	.byte 0x9A, 0x0C, 0x00, 0x00, 0xBE, 0x3E, 0xFE, 0x00, 0x50, 0x00, 0x51, 0x00, 0xF0, 0xCD, 0xFF, 0xFF
	.byte 0x34, 0x8A, 0xFF, 0xFF, 0x21, 0x0A, 0x00, 0x00, 0x71, 0x0A, 0x00, 0x00, 0x75, 0x0C, 0x00, 0x00
	.byte 0x97, 0x0C, 0x00, 0x00, 0xB0, 0x30, 0xF0, 0x00, 0x51, 0x00, 0x52, 0x00, 0xD7, 0xC1, 0xFF, 0xFF
	.byte 0x1D, 0x90, 0xFF, 0xFF, 0x71, 0x0A, 0x00, 0x00, 0x95, 0x0A, 0x00, 0x00, 0x61, 0x0C, 0x00, 0x00
	.byte 0x75, 0x0C, 0x00, 0x00, 0xAC, 0x2C, 0xEC, 0x00, 0x52, 0x00, 0x53, 0x00, 0x20, 0xA3, 0xFF, 0xFF
	.byte 0xEE, 0xA7, 0xFF, 0xFF, 0x95, 0x0A, 0x00, 0x00, 0xCC, 0x0A, 0x00, 0x00, 0x27, 0x0C, 0x00, 0x00
	.byte 0x61, 0x0C, 0x00, 0x00, 0x9F, 0x1F, 0xDF, 0x00, 0x53, 0x00, 0x54, 0x00, 0x8E, 0xA6, 0xFF, 0xFF
	.byte 0x73, 0xA4, 0xFF, 0xFF, 0xCC, 0x0A, 0x00, 0x00, 0x23, 0x0B, 0x00, 0x00, 0xD2, 0x0B, 0x00, 0x00
	.byte 0x27, 0x0C, 0x00, 0x00, 0xA1, 0x21, 0xE1, 0x00, 0x54, 0x00, 0x55, 0x00, 0x44, 0xA2, 0xFF, 0xFF
	.byte 0xD8, 0xA8, 0xFF, 0xFF, 0x23, 0x0B, 0x00, 0x00, 0x58, 0x0B, 0x00, 0x00, 0x99, 0x0B, 0x00, 0x00
	.byte 0xD2, 0x0B, 0x00, 0x00, 0x9F, 0x1F, 0xDF, 0x00, 0x55, 0x00, 0x56, 0x00, 0xFC, 0x86, 0xFF, 0xFF
	.byte 0x51, 0xD6, 0xFF, 0xFF, 0x58, 0x0B, 0x00, 0x00, 0x77, 0x0B, 0x00, 0x00, 0x3F, 0x0B, 0x00, 0x00
	.byte 0x99, 0x0B, 0x00, 0x00, 0x8E, 0x0E, 0xCE, 0x00, 0x56, 0x00, 0x57, 0x00, 0x03, 0x80, 0xFF, 0xFF
	.byte 0x9C, 0xFE, 0xFF, 0xFF, 0x77, 0x0B, 0x00, 0x00, 0x78, 0x0B, 0x00, 0x00, 0xE3, 0x0A, 0x00, 0x00
	.byte 0x3F, 0x0B, 0x00, 0x00, 0x81, 0x01, 0xC1, 0x00, 0x57, 0x00, 0x58, 0x00, 0x01, 0x80, 0xFF, 0xFF
	.byte 0x00, 0x00, 0x00, 0x00, 0x78, 0x0B, 0x00, 0x00, 0x78, 0x0B, 0x00, 0x00, 0x48, 0x0A, 0x00, 0x00
	.byte 0xE3, 0x0A, 0x00, 0x00, 0x80, 0x00, 0xC0, 0x00, 0x58, 0x00, 0x59, 0x00, 0x01, 0x80, 0xFF, 0xFF
	.byte 0x00, 0x00, 0x00, 0x00, 0x78, 0x0B, 0x00, 0x00, 0x78, 0x0B, 0x00, 0x00, 0xAB, 0x09, 0x00, 0x00
	.byte 0x48, 0x0A, 0x00, 0x00, 0x80, 0x00, 0xC0, 0x00, 0x59, 0x00, 0x5A, 0x00, 0x01, 0x80, 0xFF, 0xFF
	.byte 0x00, 0x00, 0x00, 0x00, 0x78, 0x0B, 0x00, 0x00, 0x78, 0x0B, 0x00, 0x00, 0x25, 0x09, 0x00, 0x00
	.byte 0xAB, 0x09, 0x00, 0x00, 0x80, 0x00, 0xC0, 0x00, 0x5A, 0x00, 0x5B, 0x00, 0x01, 0x80, 0xFF, 0xFF
	.byte 0x00, 0x00, 0x00, 0x00, 0x78, 0x0B, 0x00, 0x00, 0x78, 0x0B, 0x00, 0x00, 0xAC, 0x08, 0x00, 0x00
	.byte 0x25, 0x09, 0x00, 0x00, 0x80, 0x00, 0xC0, 0x00, 0x5C, 0x00, 0x5D, 0x00, 0xFF, 0x7F, 0x00, 0x00
	.byte 0x00, 0x00, 0x00, 0x00, 0xE8, 0x0A, 0x00, 0x00, 0xE8, 0x0A, 0x00, 0x00, 0xFB, 0x07, 0x00, 0x00
	.byte 0x82, 0x08, 0x00, 0x00, 0x00, 0x80, 0x40, 0x00, 0x5D, 0x00, 0x5E, 0x00, 0xFF, 0x7F, 0x00, 0x00
	.byte 0x00, 0x00, 0x00, 0x00, 0xE8, 0x0A, 0x00, 0x00, 0xE8, 0x0A, 0x00, 0x00, 0x82, 0x08, 0x00, 0x00
	.byte 0x00, 0x09, 0x00, 0x00, 0x00, 0x80, 0x40, 0x00, 0x5E, 0x00, 0x5F, 0x00, 0xFE, 0x7F, 0x00, 0x00
	.byte 0xEA, 0x00, 0x00, 0x00, 0xE7, 0x0A, 0x00, 0x00, 0xE8, 0x0A, 0x00, 0x00, 0x00, 0x09, 0x00, 0x00
	.byte 0x8C, 0x09, 0x00, 0x00, 0x00, 0x80, 0x40, 0x00, 0x5F, 0x00, 0x60, 0x00, 0xFA, 0x7F, 0x00, 0x00
	.byte 0xDA, 0xFD, 0xFF, 0xFF, 0xE7, 0x0A, 0x00, 0x00, 0xE9, 0x0A, 0x00, 0x00, 0x8C, 0x09, 0x00, 0x00
	.byte 0x03, 0x0A, 0x00, 0x00, 0x00, 0x80, 0x40, 0x00, 0x60, 0x00, 0x61, 0x00, 0xF8, 0x7F, 0x00, 0x00
	.byte 0x8F, 0x02, 0x00, 0x00, 0xE7, 0x0A, 0x00, 0x00, 0xE9, 0x0A, 0x00, 0x00, 0x03, 0x0A, 0x00, 0x00
	.byte 0x67, 0x0A, 0x00, 0x00, 0x00, 0x80, 0x40, 0x00, 0x61, 0x00, 0x62, 0x00, 0xFC, 0x7F, 0x00, 0x00
	.byte 0x74, 0x01, 0x00, 0x00, 0xE6, 0x0A, 0x00, 0x00, 0xE7, 0x0A, 0x00, 0x00, 0x67, 0x0A, 0x00, 0x00
	.byte 0xBF, 0x0A, 0x00, 0x00, 0x00, 0x80, 0x40, 0x00, 0x62, 0x00, 0x63, 0x00, 0xFF, 0x7F, 0x00, 0x00
	.byte 0x00, 0x00, 0x00, 0x00, 0xE6, 0x0A, 0x00, 0x00, 0xE6, 0x0A, 0x00, 0x00, 0xBF, 0x0A, 0x00, 0x00
	.byte 0x22, 0x0B, 0x00, 0x00, 0x00, 0x80, 0x40, 0x00, 0x63, 0x00, 0x64, 0x00, 0xD8, 0x57, 0x00, 0x00
	.byte 0x17, 0x5D, 0x00, 0x00, 0x9F, 0x0A, 0x00, 0x00, 0xE6, 0x0A, 0x00, 0x00, 0x22, 0x0B, 0x00, 0x00
	.byte 0x65, 0x0B, 0x00, 0x00, 0x21, 0xA1, 0x61, 0x00, 0x64, 0x00, 0x65, 0x00, 0xE1, 0x59, 0x00, 0x00
	.byte 0x21, 0x5B, 0x00, 0x00, 0x56, 0x0A, 0x00, 0x00, 0x9F, 0x0A, 0x00, 0x00, 0x65, 0x0B, 0x00, 0x00
	.byte 0xAD, 0x0B, 0x00, 0x00, 0x20, 0xA0, 0x60, 0x00, 0x65, 0x00, 0x66, 0x00, 0xCA, 0x5B, 0x00, 0x00
	.byte 0x34, 0x59, 0x00, 0x00, 0x11, 0x0A, 0x00, 0x00, 0x56, 0x0A, 0x00, 0x00, 0xAD, 0x0B, 0x00, 0x00
	.byte 0xF4, 0x0B, 0x00, 0x00, 0x1F, 0x9F, 0x5F, 0x00, 0x66, 0x00, 0x67, 0x00, 0xDF, 0x31, 0x00, 0x00
	.byte 0xE1, 0x75, 0x00, 0x00, 0xDD, 0x09, 0x00, 0x00, 0x11, 0x0A, 0x00, 0x00, 0xF4, 0x0B, 0x00, 0x00
	.byte 0x0A, 0x0C, 0x00, 0x00, 0x2F, 0xAF, 0x6F, 0x00, 0x67, 0x00, 0x68, 0x00, 0x00, 0x00, 0x00, 0x00
	.byte 0xFF, 0x7F, 0x00, 0x00, 0x85, 0x09, 0x00, 0x00, 0xDD, 0x09, 0x00, 0x00, 0x0A, 0x0C, 0x00, 0x00
	.byte 0x0A, 0x0C, 0x00, 0x00, 0x40, 0xC0, 0x80, 0x00, 0x68, 0x00, 0x69, 0x00, 0x62, 0xFE, 0xFF, 0xFF
	.byte 0xFC, 0x7F, 0x00, 0x00, 0xE7, 0x08, 0x00, 0x00, 0x85, 0x09, 0x00, 0x00, 0x08, 0x0C, 0x00, 0x00
	.byte 0x0A, 0x0C, 0x00, 0x00, 0x40, 0xC0, 0x80, 0x00, 0x69, 0x00, 0x6A, 0x00, 0x00, 0x00, 0x00, 0x00
	.byte 0xFF, 0x7F, 0x00, 0x00, 0x54, 0x08, 0x00, 0x00, 0xE7, 0x08, 0x00, 0x00, 0x08, 0x0C, 0x00, 0x00
	.byte 0x08, 0x0C, 0x00, 0x00, 0x40, 0xC0, 0x80, 0x00, 0x6A, 0x00, 0x6B, 0x00, 0xF4, 0x0E, 0x00, 0x00
	.byte 0x1E, 0x7F, 0x00, 0x00, 0x10, 0x08, 0x00, 0x00, 0x54, 0x08, 0x00, 0x00, 0x08, 0x0C, 0x00, 0x00
	.byte 0x10, 0x0C, 0x00, 0x00, 0x3B, 0xBB, 0x7B, 0x00, 0x6B, 0x00, 0x6C, 0x00, 0x0E, 0x38, 0x00, 0x00
	.byte 0x11, 0x73, 0x00, 0x00, 0xE9, 0x07, 0x00, 0x00, 0x10, 0x08, 0x00, 0x00, 0x10, 0x0C, 0x00, 0x00
	.byte 0x23, 0x0C, 0x00, 0x00, 0x2D, 0xAD, 0x6D, 0x00, 0x6C, 0x00, 0x6D, 0x00, 0x2A, 0x55, 0x00, 0x00
	.byte 0x8D, 0x5F, 0x00, 0x00, 0xBB, 0x07, 0x00, 0x00, 0xE9, 0x07, 0x00, 0x00, 0x23, 0x0C, 0x00, 0x00
	.byte 0x4C, 0x0C, 0x00, 0x00, 0x22, 0xA2, 0x62, 0x00, 0x6D, 0x00, 0x6E, 0x00, 0xB8, 0x5B, 0x00, 0x00
	.byte 0x46, 0x59, 0x00, 0x00, 0x72, 0x07, 0x00, 0x00, 0xBB, 0x07, 0x00, 0x00, 0x4C, 0x0C, 0x00, 0x00
	.byte 0x97, 0x0C, 0x00, 0x00, 0x1F, 0x9F, 0x5F, 0x00, 0x6E, 0x00, 0x6F, 0x00, 0xE2, 0x57, 0x00, 0x00
	.byte 0x0E, 0x5D, 0x00, 0x00, 0x4E, 0x07, 0x00, 0x00, 0x72, 0x07, 0x00, 0x00, 0x97, 0x0C, 0x00, 0x00
	.byte 0xB9, 0x0C, 0x00, 0x00, 0x21, 0xA1, 0x61, 0x00, 0x6F, 0x00, 0x70, 0x00, 0x4A, 0x30, 0x00, 0x00
	.byte 0x89, 0x76, 0x00, 0x00, 0x33, 0x07, 0x00, 0x00, 0x4E, 0x07, 0x00, 0x00, 0xB9, 0x0C, 0x00, 0x00
	.byte 0xC4, 0x0C, 0x00, 0x00, 0x30, 0xB0, 0x70, 0x00, 0x70, 0x00, 0x71, 0x00, 0xFB, 0x1F, 0x00, 0x00
	.byte 0xEF, 0x7B, 0x00, 0x00, 0x14, 0x07, 0x00, 0x00, 0x33, 0x07, 0x00, 0x00, 0xC4, 0x0C, 0x00, 0x00
	.byte 0xCC, 0x0C, 0x00, 0x00, 0x35, 0xB5, 0x75, 0x00, 0x71, 0x00, 0x72, 0x00, 0x00, 0x00, 0x00, 0x00
	.byte 0xFF, 0x7F, 0x00, 0x00, 0xBD, 0x06, 0x00, 0x00, 0x14, 0x07, 0x00, 0x00, 0xCC, 0x0C, 0x00, 0x00
	.byte 0xCC, 0x0C, 0x00, 0x00, 0x40, 0xC0, 0x80, 0x00, 0x72, 0x00, 0x73, 0x00, 0x00, 0x00, 0x00, 0x00
	.byte 0xFF, 0x7F, 0x00, 0x00, 0x5A, 0x06, 0x00, 0x00, 0xBD, 0x06, 0x00, 0x00, 0xCC, 0x0C, 0x00, 0x00
	.byte 0xCC, 0x0C, 0x00, 0x00, 0x40, 0xC0, 0x80, 0x00, 0x73, 0x00, 0x74, 0x00, 0x9B, 0xDE, 0xFF, 0xFF
	.byte 0x90, 0x7B, 0x00, 0x00, 0x35, 0x06, 0x00, 0x00, 0x5A, 0x06, 0x00, 0x00, 0xC2, 0x0C, 0x00, 0x00
	.byte 0xCC, 0x0C, 0x00, 0x00, 0x4A, 0xCA, 0x8A, 0x00, 0x74, 0x00, 0x75, 0x00, 0x75, 0xAC, 0xFF, 0xFF
	.byte 0xF8, 0x60, 0x00, 0x00, 0xF4, 0x05, 0x00, 0x00, 0x35, 0x06, 0x00, 0x00, 0x8A, 0x0C, 0x00, 0x00
	.byte 0xC2, 0x0C, 0x00, 0x00, 0x5C, 0xDC, 0x9C, 0x00, 0x75, 0x00, 0x76, 0x00, 0x7F, 0xA5, 0xFF, 0xFF
	.byte 0x81, 0x5A, 0x00, 0x00, 0x96, 0x05, 0x00, 0x00, 0xF4, 0x05, 0x00, 0x00, 0x2C, 0x0C, 0x00, 0x00
	.byte 0x8A, 0x0C, 0x00, 0x00, 0x60, 0xE0, 0xA0, 0x00, 0x76, 0x00, 0x77, 0x00, 0x7F, 0xA5, 0xFF, 0xFF
	.byte 0x81, 0x5A, 0x00, 0x00, 0x30, 0x05, 0x00, 0x00, 0x96, 0x05, 0x00, 0x00, 0xC6, 0x0B, 0x00, 0x00
	.byte 0x2C, 0x0C, 0x00, 0x00, 0x60, 0xE0, 0xA0, 0x00, 0x77, 0x00, 0x78, 0x00, 0x71, 0xA6, 0xFF, 0xFF
	.byte 0x71, 0x5B, 0x00, 0x00, 0xCF, 0x04, 0x00, 0x00, 0x30, 0x05, 0x00, 0x00, 0x67, 0x0B, 0x00, 0x00
	.byte 0xC6, 0x0B, 0x00, 0x00, 0x5F, 0xDF, 0x9F, 0x00, 0x78, 0x00, 0x79, 0x00, 0xEA, 0xA4, 0xFF, 0xFF
	.byte 0xEB, 0x59, 0x00, 0x00, 0x82, 0x04, 0x00, 0x00, 0xCF, 0x04, 0x00, 0x00, 0x19, 0x0B, 0x00, 0x00
	.byte 0x67, 0x0B, 0x00, 0x00, 0x60, 0xE0, 0xA0, 0x00, 0x79, 0x00, 0x7A, 0x00, 0x7F, 0xA5, 0xFF, 0xFF
	.byte 0x81, 0x5A, 0x00, 0x00, 0x48, 0x04, 0x00, 0x00, 0x82, 0x04, 0x00, 0x00, 0xDF, 0x0A, 0x00, 0x00
	.byte 0x19, 0x0B, 0x00, 0x00, 0x60, 0xE0, 0xA0, 0x00, 0x7A, 0x00, 0x7B, 0x00, 0xDA, 0x8D, 0xFF, 0xFF
	.byte 0xE7, 0x39, 0x00, 0x00, 0x25, 0x04, 0x00, 0x00, 0x48, 0x04, 0x00, 0x00, 0x9A, 0x0A, 0x00, 0x00
	.byte 0xDF, 0x0A, 0x00, 0x00, 0x6C, 0xEC, 0xAC, 0x00, 0x7B, 0x00, 0x7C, 0x00, 0x01, 0x80, 0xFF, 0xFF
	.byte 0x00, 0x00, 0x00, 0x00, 0x25, 0x04, 0x00, 0x00, 0x25, 0x04, 0x00, 0x00, 0x10, 0x0A, 0x00, 0x00
	.byte 0x9A, 0x0A, 0x00, 0x00, 0x80, 0x00, 0xC0, 0x00, 0x7C, 0x00, 0x7D, 0x00, 0x05, 0x85, 0xFF, 0xFF
	.byte 0x87, 0xDC, 0xFF, 0xFF, 0x25, 0x04, 0x00, 0x00, 0x34, 0x04, 0x00, 0x00, 0xDC, 0x09, 0x00, 0x00
	.byte 0x10, 0x0A, 0x00, 0x00, 0x8C, 0x0C, 0xCC, 0x00, 0x7D, 0x00, 0x7E, 0x00, 0xBE, 0xA6, 0xFF, 0xFF
	.byte 0x44, 0xA4, 0xFF, 0xFF, 0x34, 0x04, 0x00, 0x00, 0x7E, 0x04, 0x00, 0x00, 0x94, 0x09, 0x00, 0x00
	.byte 0xDC, 0x09, 0x00, 0x00, 0xA1, 0x21, 0xE1, 0x00, 0x7E, 0x00, 0x7F, 0x00, 0xA0, 0xD5, 0xFF, 0xFF
	.byte 0x3A, 0x87, 0xFF, 0xFF, 0x7E, 0x04, 0x00, 0x00, 0xB7, 0x04, 0x00, 0x00, 0x80, 0x09, 0x00, 0x00
	.byte 0x94, 0x09, 0x00, 0x00, 0xB3, 0x33, 0xF3, 0x00, 0x7F, 0x00, 0x80, 0x00, 0x00, 0x00, 0x00, 0x00
	.byte 0x01, 0x80, 0xFF, 0xFF, 0xB7, 0x04, 0x00, 0x00, 0xFA, 0x04, 0x00, 0x00, 0x80, 0x09, 0x00, 0x00
	.byte 0x80, 0x09, 0x00, 0x00, 0xC0, 0x40, 0x00, 0x00, 0x80, 0x00, 0x81, 0x00, 0x65, 0x4A, 0x00, 0x00
	.byte 0xD9, 0x97, 0xFF, 0xFF, 0xFA, 0x04, 0x00, 0x00, 0x08, 0x05, 0x00, 0x00, 0x80, 0x09, 0x00, 0x00
	.byte 0x8A, 0x09, 0x00, 0x00, 0xDA, 0x5A, 0x1A, 0x00, 0x81, 0x00, 0x82, 0x00, 0x05, 0xFE, 0xFF, 0xFF
	.byte 0x05, 0x80, 0xFF, 0xFF, 0x08, 0x05, 0x00, 0x00, 0x89, 0x05, 0x00, 0x00, 0x88, 0x09, 0x00, 0x00
	.byte 0x8A, 0x09, 0x00, 0x00, 0xC0, 0x40, 0x00, 0x00, 0x82, 0x00, 0x83, 0x00, 0x71, 0xFD, 0xFF, 0xFF
	.byte 0x08, 0x80, 0xFF, 0xFF, 0x89, 0x05, 0x00, 0x00, 0xED, 0x05, 0x00, 0x00, 0x86, 0x09, 0x00, 0x00
	.byte 0x88, 0x09, 0x00, 0x00, 0xC0, 0x40, 0x00, 0x00, 0x83, 0x00, 0x84, 0x00, 0x45, 0xCE, 0xFF, 0xFF
	.byte 0x10, 0x8A, 0xFF, 0xFF, 0xED, 0x05, 0x00, 0x00, 0x40, 0x06, 0x00, 0x00, 0x63, 0x09, 0x00, 0x00
	.byte 0x86, 0x09, 0x00, 0x00, 0xB0, 0x30, 0xF0, 0x00, 0x84, 0x00, 0x85, 0x00, 0xC6, 0xCE, 0xFF, 0xFF
	.byte 0xDA, 0x89, 0xFF, 0xFF, 0x40, 0x06, 0x00, 0x00, 0x58, 0x06, 0x00, 0x00, 0x59, 0x09, 0x00, 0x00
	.byte 0x63, 0x09, 0x00, 0x00, 0xB0, 0x30, 0xF0, 0x00, 0x85, 0x00, 0x86, 0x00, 0xA0, 0xA7, 0xFF, 0xFF
	.byte 0x6A, 0xA3, 0xFF, 0xFF, 0x58, 0x06, 0x00, 0x00, 0xB0, 0x06, 0x00, 0x00, 0x05, 0x09, 0x00, 0x00
	.byte 0x59, 0x09, 0x00, 0x00, 0xA1, 0x21, 0xE1, 0x00, 0x86, 0x00, 0x87, 0x00, 0xF4, 0xA4, 0xFF, 0xFF
	.byte 0x0A, 0xA6, 0xFF, 0xFF, 0xB0, 0x06, 0x00, 0x00, 0x03, 0x07, 0x00, 0x00, 0xB1, 0x08, 0x00, 0x00
	.byte 0x05, 0x09, 0x00, 0x00, 0xA0, 0x20, 0xE0, 0x00, 0x87, 0x00, 0x88, 0x00, 0x7F, 0xA5, 0xFF, 0xFF
	.byte 0x7F, 0xA5, 0xFF, 0xFF, 0x03, 0x07, 0x00, 0x00, 0x2A, 0x07, 0x00, 0x00, 0x8A, 0x08, 0x00, 0x00
	.byte 0xB1, 0x08, 0x00, 0x00, 0xA0, 0x20, 0xE0, 0x00, 0x88, 0x00, 0x89, 0x00, 0x30, 0x86, 0xFF, 0xFF
	.byte 0xB5, 0xD8, 0xFF, 0xFF, 0x2A, 0x07, 0x00, 0x00, 0x48, 0x07, 0x00, 0x00, 0x2D, 0x08, 0x00, 0x00
	.byte 0x8A, 0x08, 0x00, 0x00, 0x8D, 0x0D, 0xCD, 0x00, 0x89, 0x00, 0x8A, 0x00, 0x07, 0x80, 0xFF, 0xFF
	.byte 0xB7, 0xFD, 0xFF, 0xFF, 0x48, 0x07, 0x00, 0x00, 0x49, 0x07, 0x00, 0x00, 0xF5, 0x07, 0x00, 0x00
	.byte 0x2D, 0x08, 0x00, 0x00, 0x81, 0x01, 0xC1, 0x00, 0x8A, 0x00, 0x8B, 0x00, 0x04, 0x80, 0xFF, 0xFF
	.byte 0x51, 0xFE, 0xFF, 0xFF, 0x49, 0x07, 0x00, 0x00, 0x4A, 0x07, 0x00, 0x00, 0xA9, 0x07, 0x00, 0x00
	.byte 0xF5, 0x07, 0x00, 0x00, 0x81, 0x01, 0xC1, 0x00, 0x8B, 0x00, 0x8C, 0x00, 0xD4, 0x8C, 0xFF, 0xFF
	.byte 0xD7, 0x37, 0x00, 0x00, 0x2A, 0x07, 0x00, 0x00, 0x4A, 0x07, 0x00, 0x00, 0x67, 0x07, 0x00, 0x00
	.byte 0xA9, 0x07, 0x00, 0x00, 0x6D, 0xED, 0xAD, 0x00, 0x8C, 0x00, 0x8D, 0x00, 0x37, 0x90, 0xFF, 0xFF
	.byte 0x57, 0x3E, 0x00, 0x00, 0x0D, 0x07, 0x00, 0x00, 0x2A, 0x07, 0x00, 0x00, 0x33, 0x07, 0x00, 0x00
	.byte 0x67, 0x07, 0x00, 0x00, 0x6B, 0xEB, 0xAB, 0x00, 0x8D, 0x00, 0x8E, 0x00, 0xD3, 0xA3, 0xFF, 0xFF
	.byte 0xCE, 0x58, 0x00, 0x00, 0xBE, 0x06, 0x00, 0x00, 0x0D, 0x07, 0x00, 0x00, 0xE1, 0x06, 0x00, 0x00
	.byte 0x33, 0x07, 0x00, 0x00, 0x60, 0xE0, 0xA0, 0x00, 0x8E, 0x00, 0x8F, 0x00, 0xF2, 0xA5, 0xFF, 0xFF
	.byte 0xF4, 0x5A, 0x00, 0x00, 0x59, 0x06, 0x00, 0x00, 0xBE, 0x06, 0x00, 0x00, 0x7D, 0x06, 0x00, 0x00
	.byte 0xE1, 0x06, 0x00, 0x00, 0x5F, 0xDF, 0x9F, 0x00, 0x8F, 0x00, 0x90, 0x00, 0xFF, 0xA8, 0xFF, 0xFF
	.byte 0xE0, 0x5D, 0x00, 0x00, 0x07, 0x06, 0x00, 0x00, 0x59, 0x06, 0x00, 0x00, 0x31, 0x06, 0x00, 0x00
	.byte 0x7D, 0x06, 0x00, 0x00, 0x5E, 0xDE, 0x9E, 0x00, 0x90, 0x00, 0x91, 0x00, 0x05, 0xC1, 0xFF, 0xFF
	.byte 0x6D, 0x6F, 0x00, 0x00, 0xC2, 0x05, 0x00, 0x00, 0x07, 0x06, 0x00, 0x00, 0x0A, 0x06, 0x00, 0x00
	.byte 0x31, 0x06, 0x00, 0x00, 0x54, 0xD4, 0x94, 0x00, 0x91, 0x00, 0x92, 0x00, 0xF8, 0xFD, 0xFF, 0xFF
	.byte 0xFA, 0x7F, 0x00, 0x00, 0x44, 0x05, 0x00, 0x00, 0xC2, 0x05, 0x00, 0x00, 0x08, 0x06, 0x00, 0x00
	.byte 0x0A, 0x06, 0x00, 0x00, 0x40, 0xC0, 0x80, 0x00, 0x92, 0x00, 0x93, 0x00, 0x21, 0x01, 0x00, 0x00
	.byte 0xFD, 0x7F, 0x00, 0x00, 0xD3, 0x04, 0x00, 0x00, 0x44, 0x05, 0x00, 0x00, 0x08, 0x06, 0x00, 0x00
	.byte 0x09, 0x06, 0x00, 0x00, 0x3F, 0xBF, 0x7F, 0x00, 0x93, 0x00, 0x94, 0x00, 0x89, 0xDA, 0xFF, 0xFF
	.byte 0x63, 0x7A, 0x00, 0x00, 0xA2, 0x04, 0x00, 0x00, 0xD3, 0x04, 0x00, 0x00, 0xFA, 0x05, 0x00, 0x00
	.byte 0x09, 0x06, 0x00, 0x00, 0x4C, 0xCC, 0x8C, 0x00, 0x94, 0x00, 0x95, 0x00, 0x7F, 0xA5, 0xFF, 0xFF
	.byte 0x81, 0x5A, 0x00, 0x00, 0x3E, 0x04, 0x00, 0x00, 0xA2, 0x04, 0x00, 0x00, 0x96, 0x05, 0x00, 0x00
	.byte 0xFA, 0x05, 0x00, 0x00, 0x60, 0xE0, 0xA0, 0x00, 0x95, 0x00, 0x96, 0x00, 0x3A, 0x88, 0xFF, 0xFF
	.byte 0x21, 0x2D, 0x00, 0x00, 0x24, 0x04, 0x00, 0x00, 0x3E, 0x04, 0x00, 0x00, 0x51, 0x05, 0x00, 0x00
	.byte 0x96, 0x05, 0x00, 0x00, 0x71, 0xF1, 0xB1, 0x00, 0x96, 0x00, 0x97, 0x00, 0x01, 0x80, 0xFF, 0xFF
	.byte 0x00, 0x00, 0x00, 0x00, 0x24, 0x04, 0x00, 0x00, 0x24, 0x04, 0x00, 0x00, 0xEE, 0x04, 0x00, 0x00
	.byte 0x51, 0x05, 0x00, 0x00, 0x80, 0x00, 0xC0, 0x00, 0x97, 0x00, 0x98, 0x00, 0x01, 0x80, 0xFF, 0xFF
	.byte 0x00, 0x00, 0x00, 0x00, 0x24, 0x04, 0x00, 0x00, 0x24, 0x04, 0x00, 0x00, 0x8A, 0x04, 0x00, 0x00
	.byte 0xEE, 0x04, 0x00, 0x00, 0x80, 0x00, 0xC0, 0x00, 0x98, 0x00, 0x99, 0x00, 0xB6, 0x87, 0xFF, 0xFF
	.byte 0x43, 0xD4, 0xFF, 0xFF, 0x24, 0x04, 0x00, 0x00, 0x34, 0x04, 0x00, 0x00, 0x5E, 0x04, 0x00, 0x00
	.byte 0x8A, 0x04, 0x00, 0x00, 0x8F, 0x0F, 0xCF, 0x00, 0x99, 0x00, 0x9A, 0x00, 0xEF, 0xA4, 0xFF, 0xFF
	.byte 0x0F, 0xA6, 0xFF, 0xFF, 0x34, 0x04, 0x00, 0x00, 0x84, 0x04, 0x00, 0x00, 0x0D, 0x04, 0x00, 0x00
	.byte 0x5E, 0x04, 0x00, 0x00, 0xA0, 0x20, 0xE0, 0x00, 0x9A, 0x00, 0x9B, 0x00, 0xD7, 0xDC, 0xFF, 0xFF
	.byte 0xEE, 0x84, 0xFF, 0xFF, 0x84, 0x04, 0x00, 0x00, 0xB5, 0x04, 0x00, 0x00, 0xFF, 0x03, 0x00, 0x00
	.byte 0x0D, 0x04, 0x00, 0x00, 0xB5, 0x35, 0xF5, 0x00, 0x9B, 0x00, 0x9C, 0x00, 0xE7, 0xED, 0xFF, 0xFF
	.byte 0x4B, 0x81, 0xFF, 0xFF, 0xB5, 0x04, 0x00, 0x00, 0xD8, 0x04, 0x00, 0x00, 0xFA, 0x03, 0x00, 0x00
	.byte 0xFF, 0x03, 0x00, 0x00, 0xBB, 0x3B, 0xFB, 0x00, 0x9C, 0x00, 0x9D, 0x00, 0xAB, 0x31, 0x00, 0x00
	.byte 0x09, 0x8A, 0xFF, 0xFF, 0xD8, 0x04, 0x00, 0x00, 0xFE, 0x04, 0x00, 0x00, 0xFA, 0x03, 0x00, 0x00
	.byte 0x0A, 0x04, 0x00, 0x00, 0xD1, 0x51, 0x11, 0x00, 0x9D, 0x00, 0x9E, 0x00, 0x73, 0xFC, 0xFF, 0xFF
	.byte 0x0E, 0x80, 0xFF, 0xFF, 0xFE, 0x04, 0x00, 0x00, 0x6A, 0x05, 0x00, 0x00, 0x07, 0x04, 0x00, 0x00
	.byte 0x0A, 0x04, 0x00, 0x00, 0xBF, 0x3F, 0xFF, 0x00, 0x9E, 0x00, 0x9F, 0x00, 0x2B, 0x02, 0x00, 0x00
	.byte 0x06, 0x80, 0xFF, 0xFF, 0x6A, 0x05, 0x00, 0x00, 0xE0, 0x05, 0x00, 0x00, 0x07, 0x04, 0x00, 0x00
	.byte 0x09, 0x04, 0x00, 0x00, 0xC1, 0x41, 0x01, 0x00, 0x9F, 0x00, 0xA0, 0x00, 0xFC, 0xFE, 0xFF, 0xFF
	.byte 0x03, 0x80, 0xFF, 0xFF, 0xE0, 0x05, 0x00, 0x00, 0x5E, 0x06, 0x00, 0x00, 0x08, 0x04, 0x00, 0x00
	.byte 0x09, 0x04, 0x00, 0x00, 0xC0, 0x40, 0x00, 0x00, 0xA0, 0x00, 0xA1, 0x00, 0x00, 0x00, 0x00, 0x00
	.byte 0x01, 0x80, 0xFF, 0xFF, 0x5E, 0x06, 0x00, 0x00, 0xE0, 0x06, 0x00, 0x00, 0x08, 0x04, 0x00, 0x00
	.byte 0x08, 0x04, 0x00, 0x00, 0xC0, 0x40, 0x00, 0x00, 0xA1, 0x00, 0xA2, 0x00, 0x00, 0x00, 0x00, 0x00
	.byte 0x01, 0x80, 0xFF, 0xFF, 0xE0, 0x06, 0x00, 0x00, 0x68, 0x07, 0x00, 0x00, 0x08, 0x04, 0x00, 0x00
	.byte 0x08, 0x04, 0x00, 0x00, 0xC0, 0x40, 0x00, 0x00, 0xA2, 0x00, 0xA3, 0x00, 0x00, 0x00, 0x00, 0x00
	.byte 0x01, 0x80, 0xFF, 0xFF, 0x68, 0x07, 0x00, 0x00, 0xF7, 0x07, 0x00, 0x00, 0x08, 0x04, 0x00, 0x00
	.byte 0x08, 0x04, 0x00, 0x00, 0xC0, 0x40, 0x00, 0x00, 0xA3, 0x00, 0xA4, 0x00, 0x04, 0xFF, 0xFF, 0xFF
	.byte 0x02, 0x80, 0xFF, 0xFF, 0xF7, 0x07, 0x00, 0x00, 0x79, 0x08, 0x00, 0x00, 0x07, 0x04, 0x00, 0x00
	.byte 0x08, 0x04, 0x00, 0x00, 0xC0, 0x40, 0x00, 0x00, 0xA4, 0x00, 0xA5, 0x00, 0x00, 0x00, 0x00, 0x00
	.byte 0x01, 0x80, 0xFF, 0xFF, 0x79, 0x08, 0x00, 0x00, 0x0A, 0x09, 0x00, 0x00, 0x07, 0x04, 0x00, 0x00
	.byte 0x07, 0x04, 0x00, 0x00, 0xC0, 0x40, 0x00, 0x00, 0xA5, 0x00, 0xA6, 0x00, 0x00, 0x00, 0x00, 0x00
	.byte 0x01, 0x80, 0xFF, 0xFF, 0x0A, 0x09, 0x00, 0x00, 0x84, 0x09, 0x00, 0x00, 0x07, 0x04, 0x00, 0x00
	.byte 0x07, 0x04, 0x00, 0x00, 0xC0, 0x40, 0x00, 0x00, 0xA6, 0x00, 0xA7, 0x00, 0x00, 0x00, 0x00, 0x00
	.byte 0x01, 0x80, 0xFF, 0xFF, 0x84, 0x09, 0x00, 0x00, 0xFD, 0x09, 0x00, 0x00, 0x07, 0x04, 0x00, 0x00
	.byte 0x07, 0x04, 0x00, 0x00, 0xC0, 0x40, 0x00, 0x00, 0xA7, 0x00, 0xA8, 0x00, 0x8F, 0x05, 0x00, 0x00
	.byte 0x20, 0x80, 0xFF, 0xFF, 0xFD, 0x09, 0x00, 0x00, 0x2B, 0x0A, 0x00, 0x00, 0x07, 0x04, 0x00, 0x00
	.byte 0x09, 0x04, 0x00, 0x00, 0xC2, 0x42, 0x02, 0x00, 0xA8, 0x00, 0xA9, 0x00, 0x21, 0x4D, 0x00, 0x00
	.byte 0xDB, 0x99, 0xFF, 0xFF, 0x2B, 0x0A, 0x00, 0x00, 0x5C, 0x0A, 0x00, 0x00, 0x09, 0x04, 0x00, 0x00
	.byte 0x2E, 0x04, 0x00, 0x00, 0xDB, 0x5B, 0x1B, 0x00, 0xA9, 0x00, 0xAA, 0x00, 0x20, 0x59, 0x00, 0x00
	.byte 0x22, 0xA4, 0xFF, 0xFF, 0x5C, 0x0A, 0x00, 0x00, 0x9F, 0x0A, 0x00, 0x00, 0x2E, 0x04, 0x00, 0x00
	.byte 0x6F, 0x04, 0x00, 0x00, 0xE0, 0x60, 0x20, 0x00, 0xAA, 0x00, 0xAB, 0x00, 0x81, 0x5A, 0x00, 0x00
	.byte 0x7F, 0xA5, 0xFF, 0xFF, 0x9F, 0x0A, 0x00, 0x00, 0xDA, 0x0A, 0x00, 0x00, 0x6F, 0x04, 0x00, 0x00
	.byte 0xAA, 0x04, 0x00, 0x00, 0xE0, 0x60, 0x20, 0x00, 0xAB, 0x00, 0xAC, 0x00, 0xEF, 0x79, 0x00, 0x00
	.byte 0x16, 0xD9, 0xFF, 0xFF, 0xDA, 0x0A, 0x00, 0x00, 0xE9, 0x0A, 0x00, 0x00, 0xAA, 0x04, 0x00, 0x00
	.byte 0xD9, 0x04, 0x00, 0x00, 0xF4, 0x74, 0x34, 0x00, 0xAC, 0x00, 0xAD, 0x00, 0xBC, 0x7F, 0x00, 0x00
	.byte 0xD9, 0xF7, 0xFF, 0xFF, 0xE9, 0x0A, 0x00, 0x00, 0xEF, 0x0A, 0x00, 0x00, 0xD9, 0x04, 0x00, 0x00
	.byte 0x37, 0x05, 0x00, 0x00, 0xFE, 0x7E, 0x3E, 0x00, 0xAD, 0x00, 0xAE, 0x00, 0xC9, 0x7F, 0x00, 0x00
	.byte 0x54, 0x07, 0x00, 0x00, 0xE8, 0x0A, 0x00, 0x00, 0xEF, 0x0A, 0x00, 0x00, 0x37, 0x05, 0x00, 0x00
	.byte 0xB1, 0x05, 0x00, 0x00, 0x02, 0x82, 0x42, 0x00, 0xAE, 0x00, 0xAF, 0x00, 0xF3, 0x7F, 0x00, 0x00
	.byte 0x56, 0x03, 0x00, 0x00, 0xE5, 0x0A, 0x00, 0x00, 0xE8, 0x0A, 0x00, 0x00, 0xB1, 0x05, 0x00, 0x00
	.byte 0x24, 0x06, 0x00, 0x00, 0x01, 0x81, 0x41, 0x00, 0xAF, 0x00, 0xB0, 0x00, 0xFB, 0x7F, 0x00, 0x00
	.byte 0x01, 0xFE, 0xFF, 0xFF, 0xE5, 0x0A, 0x00, 0x00, 0xE7, 0x0A, 0x00, 0x00, 0x24, 0x06, 0x00, 0x00
	.byte 0xA4, 0x06, 0x00, 0x00, 0x00, 0x80, 0x40, 0x00, 0xB0, 0x00, 0xB1, 0x00, 0xFA, 0x7F, 0x00, 0x00
	.byte 0xDA, 0xFD, 0xFF, 0xFF, 0xE7, 0x0A, 0x00, 0x00, 0xE9, 0x0A, 0x00, 0x00, 0xA4, 0x06, 0x00, 0x00
	.byte 0x1B, 0x07, 0x00, 0x00, 0x00, 0x80, 0x40, 0x00, 0xB1, 0x00, 0xB2, 0x00, 0xFA, 0x7F, 0x00, 0x00
	.byte 0x39, 0x02, 0x00, 0x00, 0xE7, 0x0A, 0x00, 0x00, 0xE9, 0x0A, 0x00, 0x00, 0x1B, 0x07, 0x00, 0x00
	.byte 0x8E, 0x07, 0x00, 0x00, 0x00, 0x80, 0x40, 0x00, 0xB2, 0x00, 0xB3, 0x00, 0xFD, 0x7F, 0x00, 0x00
	.byte 0xEB, 0xFE, 0xFF, 0xFF, 0xE7, 0x0A, 0x00, 0x00, 0xE8, 0x0A, 0x00, 0x00, 0x8E, 0x07, 0x00, 0x00
	.byte 0x04, 0x08, 0x00, 0x00, 0x00, 0x80, 0x40, 0x00, 0xFF, 0xFF, 0x18, 0x00, 0x19, 0x00, 0x1A, 0x00
	.byte 0xFF, 0xFF, 0x16, 0x00, 0x17, 0x00, 0x18, 0x00, 0x19, 0x00, 0x1A, 0x00, 0xFF, 0xFF, 0x15, 0x00
	.byte 0x16, 0x00, 0x17, 0x00, 0x18, 0x00, 0xFF, 0xFF, 0x15, 0x00, 0x16, 0x00, 0xFF, 0xFF, 0x14, 0x00
	.byte 0x15, 0x00, 0xFF, 0xFF, 0x13, 0x00, 0x14, 0x00, 0x15, 0x00, 0xFF, 0xFF, 0x12, 0x00, 0x13, 0x00
	.byte 0x14, 0x00, 0xFF, 0xFF, 0x11, 0x00, 0x12, 0x00, 0x13, 0x00, 0xFF, 0xFF, 0x10, 0x00, 0x11, 0x00
	.byte 0x12, 0x00, 0xFF, 0xFF, 0x0F, 0x00, 0x10, 0x00, 0x11, 0x00, 0xFF, 0xFF, 0x0E, 0x00, 0x0F, 0x00
	.byte 0x10, 0x00, 0xFF, 0xFF, 0x0D, 0x00, 0x0E, 0x00, 0x0F, 0x00, 0xFF, 0xFF, 0x0B, 0x00, 0x0C, 0x00
	.byte 0x0D, 0x00, 0x0E, 0x00, 0xFF, 0xFF, 0x0B, 0x00, 0x0C, 0x00, 0x0D, 0x00, 0xFF, 0xFF, 0x0B, 0x00
	.byte 0xFF, 0xFF, 0x1A, 0x00, 0x1B, 0x00, 0xFF, 0xFF, 0x18, 0x00, 0x19, 0x00, 0x1A, 0x00, 0x1B, 0x00
	.byte 0xFF, 0xFF, 0x16, 0x00, 0x17, 0x00, 0x18, 0x00, 0x19, 0x00, 0x1A, 0x00, 0x98, 0x00, 0x99, 0x00
	.byte 0x9A, 0x00, 0xFF, 0xFF, 0x15, 0x00, 0x16, 0x00, 0x17, 0x00, 0x18, 0x00, 0x98, 0x00, 0x99, 0x00
	.byte 0x9A, 0x00, 0x9B, 0x00, 0x9C, 0x00, 0xFF, 0xFF, 0x15, 0x00, 0x16, 0x00, 0x9A, 0x00, 0x9B, 0x00
	.byte 0x9C, 0x00, 0x9D, 0x00, 0xFF, 0xFF, 0x14, 0x00, 0x15, 0x00, 0x9C, 0x00, 0x9D, 0x00, 0x9E, 0x00
	.byte 0xFF, 0xFF, 0x13, 0x00, 0x14, 0x00, 0x15, 0x00, 0x9D, 0x00, 0x9E, 0x00, 0x9F, 0x00, 0xFF, 0xFF
	.byte 0x12, 0x00, 0x13, 0x00, 0x14, 0x00, 0x9E, 0x00, 0x9F, 0x00, 0xA0, 0x00, 0xFF, 0xFF, 0x11, 0x00
	.byte 0x12, 0x00, 0x13, 0x00, 0x9F, 0x00, 0xA0, 0x00, 0xA1, 0x00, 0xFF, 0xFF, 0x10, 0x00, 0x11, 0x00
	.byte 0x12, 0x00, 0xA0, 0x00, 0xA1, 0x00, 0xA2, 0x00, 0xFF, 0xFF, 0x0F, 0x00, 0x10, 0x00, 0x11, 0x00
	.byte 0xA1, 0x00, 0xA2, 0x00, 0xA3, 0x00, 0xFF, 0xFF, 0x0E, 0x00, 0x0F, 0x00, 0x10, 0x00, 0xA2, 0x00
	.byte 0xA3, 0x00, 0xA4, 0x00, 0xFF, 0xFF, 0x0D, 0x00, 0x0E, 0x00, 0x0F, 0x00, 0xA3, 0x00, 0xA4, 0x00
	.byte 0xA5, 0x00, 0xFF, 0xFF, 0x0B, 0x00, 0x0C, 0x00, 0x0D, 0x00, 0x0E, 0x00, 0xA4, 0x00, 0xA5, 0x00
	.byte 0xA6, 0x00, 0xA7, 0x00, 0xFF, 0xFF, 0x0A, 0x00, 0x0B, 0x00, 0x0C, 0x00, 0x0D, 0x00, 0xA5, 0x00
	.byte 0xA6, 0x00, 0xA7, 0x00, 0xA8, 0x00, 0xFF, 0xFF, 0x09, 0x00, 0x0A, 0x00, 0x0B, 0x00, 0xA7, 0x00
	.byte 0xA8, 0x00, 0xFF, 0xFF, 0x09, 0x00, 0x0A, 0x00, 0xFF, 0xFF, 0x1A, 0x00, 0x1B, 0x00, 0x1C, 0x00
	.byte 0x1D, 0x00, 0xFF, 0xFF, 0x1A, 0x00, 0x1B, 0x00, 0x1C, 0x00, 0x1D, 0x00, 0x96, 0x00, 0x97, 0x00
	.byte 0x98, 0x00, 0xFF, 0xFF, 0x1A, 0x00, 0x96, 0x00, 0x97, 0x00, 0x98, 0x00, 0x99, 0x00, 0x9A, 0x00
	.byte 0xFF, 0xFF, 0x0A, 0x00, 0x0B, 0x00, 0xA5, 0x00, 0xA6, 0x00, 0xA7, 0x00, 0xA8, 0x00, 0xA9, 0x00
	.byte 0xFF, 0xFF, 0x08, 0x00, 0x09, 0x00, 0x0A, 0x00, 0x0B, 0x00, 0xA7, 0x00, 0xA8, 0x00, 0xA9, 0x00
	.byte 0xAA, 0x00, 0xFF, 0xFF, 0x07, 0x00, 0x08, 0x00, 0x09, 0x00, 0x0A, 0x00, 0xA9, 0x00, 0xAA, 0x00
	.byte 0xFF, 0xFF, 0x07, 0x00, 0x08, 0x00, 0xFF, 0xFF, 0x1B, 0x00, 0x1C, 0x00, 0x1D, 0x00, 0x1E, 0x00
	.byte 0xFF, 0xFF, 0x1B, 0x00, 0x1C, 0x00, 0x1D, 0x00, 0x1E, 0x00, 0x95, 0x00, 0x96, 0x00, 0x97, 0x00
	.byte 0x98, 0x00, 0xFF, 0xFF, 0x08, 0x00, 0x09, 0x00, 0xA8, 0x00, 0xA9, 0x00, 0xAA, 0x00, 0xAB, 0x00
	.byte 0xAC, 0x00, 0xFF, 0xFF, 0x06, 0x00, 0x07, 0x00, 0x08, 0x00, 0x09, 0x00, 0xA9, 0x00, 0xAA, 0x00
	.byte 0xAB, 0x00, 0xAC, 0x00, 0xFF, 0xFF, 0x06, 0x00, 0x07, 0x00, 0x08, 0x00, 0xFF, 0xFF, 0x1D, 0x00
	.byte 0x1E, 0x00, 0x1F, 0x00, 0xFF, 0xFF, 0x1D, 0x00, 0x1E, 0x00, 0x1F, 0x00, 0x20, 0x00, 0x93, 0x00
	.byte 0x94, 0x00, 0x95, 0x00, 0x96, 0x00, 0xFF, 0xFF, 0x93, 0x00, 0xFF, 0xFF, 0xAA, 0x00, 0xAB, 0x00
	.byte 0xAC, 0x00, 0xAD, 0x00, 0xFF, 0xFF, 0x05, 0x00, 0x06, 0x00, 0x07, 0x00, 0xAA, 0x00, 0xAB, 0x00
	.byte 0xAC, 0x00, 0xAD, 0x00, 0xFF, 0xFF, 0x05, 0x00, 0x06, 0x00, 0x07, 0x00, 0xFF, 0xFF, 0x1E, 0x00
	.byte 0x1F, 0x00, 0x20, 0x00, 0x21, 0x00, 0x93, 0x00, 0x94, 0x00, 0x95, 0x00, 0xFF, 0xFF, 0x1F, 0x00
	.byte 0x20, 0x00, 0x21, 0x00, 0x92, 0x00, 0x93, 0x00, 0x94, 0x00, 0x95, 0x00, 0xFF, 0xFF, 0x21, 0x00
	.byte 0x91, 0x00, 0x92, 0x00, 0x93, 0x00, 0xFF, 0xFF, 0x90, 0x00, 0x91, 0x00, 0x92, 0x00, 0xFF, 0xFF
	.byte 0x8E, 0x00, 0x8F, 0x00, 0x90, 0x00, 0x91, 0x00, 0xFF, 0xFF, 0x8E, 0x00, 0x8F, 0x00, 0x90, 0x00
	.byte 0xFF, 0xFF, 0xAC, 0x00, 0xAD, 0x00, 0xAE, 0x00, 0xFF, 0xFF, 0x04, 0x00, 0x05, 0x00, 0x06, 0x00
	.byte 0xAC, 0x00, 0xAD, 0x00, 0xAE, 0x00, 0xFF, 0xFF, 0x04, 0x00, 0x05, 0x00, 0x06, 0x00, 0xFF, 0xFF
	.byte 0x20, 0x00, 0x21, 0x00, 0xFF, 0xFF, 0x20, 0x00, 0x21, 0x00, 0x22, 0x00, 0x23, 0x00, 0x92, 0x00
	.byte 0x93, 0x00, 0xFF, 0xFF, 0x21, 0x00, 0x22, 0x00, 0x23, 0x00, 0x24, 0x00, 0x91, 0x00, 0x92, 0x00
	.byte 0x93, 0x00, 0xFF, 0xFF, 0x23, 0x00, 0x24, 0x00, 0x25, 0x00, 0x90, 0x00, 0x91, 0x00, 0x92, 0x00
	.byte 0xFF, 0xFF, 0x24, 0x00, 0x25, 0x00, 0x26, 0x00, 0x27, 0x00, 0x8E, 0x00, 0x8F, 0x00, 0x90, 0x00
	.byte 0x91, 0x00, 0xFF, 0xFF, 0x25, 0x00, 0x26, 0x00, 0x27, 0x00, 0x8D, 0x00, 0x8E, 0x00, 0x8F, 0x00
	.byte 0x90, 0x00, 0xFF, 0xFF, 0x8D, 0x00, 0x8E, 0x00, 0xFF, 0xFF, 0xAD, 0x00, 0xAE, 0x00, 0xAF, 0x00
	.byte 0xFF, 0xFF, 0x03, 0x00, 0x04, 0x00, 0x05, 0x00, 0xAD, 0x00, 0xAE, 0x00, 0xAF, 0x00, 0xFF, 0xFF
	.byte 0x03, 0x00, 0x04, 0x00, 0x05, 0x00, 0xFF, 0xFF, 0x21, 0x00, 0x22, 0x00, 0x23, 0x00, 0xFF, 0xFF
	.byte 0x21, 0x00, 0x22, 0x00, 0x23, 0x00, 0x24, 0x00, 0xFF, 0xFF, 0x23, 0x00, 0x24, 0x00, 0x25, 0x00
	.byte 0xFF, 0xFF, 0x24, 0x00, 0x25, 0x00, 0x26, 0x00, 0x27, 0x00, 0x8E, 0x00, 0xFF, 0xFF, 0x25, 0x00
	.byte 0x26, 0x00, 0x27, 0x00, 0x28, 0x00, 0x8C, 0x00, 0x8D, 0x00, 0x8E, 0x00, 0xFF, 0xFF, 0x27, 0x00
	.byte 0x28, 0x00, 0x8B, 0x00, 0x8C, 0x00, 0x8D, 0x00, 0x8E, 0x00, 0xFF, 0xFF, 0x8B, 0x00, 0x8C, 0x00
	.byte 0xFF, 0xFF, 0xAE, 0x00, 0xAF, 0x00, 0xB0, 0x00, 0xFF, 0xFF, 0x02, 0x00, 0x03, 0x00, 0x04, 0x00
	.byte 0xAE, 0x00, 0xAF, 0x00, 0xB0, 0x00, 0xFF, 0xFF, 0x02, 0x00, 0x03, 0x00, 0x04, 0x00, 0xFF, 0xFF
	.byte 0x27, 0x00, 0xFF, 0xFF, 0x27, 0x00, 0x28, 0x00, 0x29, 0x00, 0x2A, 0x00, 0x8C, 0x00, 0x8D, 0x00
	.byte 0xFF, 0xFF, 0x27, 0x00, 0x28, 0x00, 0x29, 0x00, 0x2A, 0x00, 0x8A, 0x00, 0x8B, 0x00, 0x8C, 0x00
	.byte 0x8D, 0x00, 0xFF, 0xFF, 0x89, 0x00, 0x8A, 0x00, 0x8B, 0x00, 0x8C, 0x00, 0xFF, 0xFF, 0x89, 0x00
	.byte 0x8A, 0x00, 0xFF, 0xFF, 0xAF, 0x00, 0xB0, 0x00, 0xB1, 0x00, 0xFF, 0xFF, 0x01, 0x00, 0x02, 0x00
	.byte 0x03, 0x00, 0xAF, 0x00, 0xB0, 0x00, 0xB1, 0x00, 0xFF, 0xFF, 0x01, 0x00, 0x02, 0x00, 0x03, 0x00
	.byte 0xFF, 0xFF, 0x28, 0x00, 0x29, 0x00, 0x2A, 0x00, 0x2B, 0x00, 0x2C, 0x00, 0xFF, 0xFF, 0x28, 0x00
	.byte 0x29, 0x00, 0x2A, 0x00, 0x2B, 0x00, 0x2C, 0x00, 0x8A, 0x00, 0x8B, 0x00, 0xFF, 0xFF, 0x87, 0x00
	.byte 0x88, 0x00, 0x89, 0x00, 0x8A, 0x00, 0x8B, 0x00, 0xFF, 0xFF, 0x87, 0x00, 0x88, 0x00, 0x89, 0x00
	.byte 0x8A, 0x00, 0xFF, 0xFF, 0x5B, 0x00, 0xB0, 0x00, 0xB1, 0x00, 0xFF, 0xFF, 0x00, 0x00, 0x01, 0x00
	.byte 0x02, 0x00, 0x5B, 0x00, 0xB0, 0x00, 0xB1, 0x00, 0xFF, 0xFF, 0x00, 0x00, 0x01, 0x00, 0x02, 0x00
	.byte 0xFF, 0xFF, 0x2D, 0x00, 0x2E, 0x00, 0xFF, 0xFF, 0x2A, 0x00, 0x2B, 0x00, 0x2C, 0x00, 0x2D, 0x00
	.byte 0x2E, 0x00, 0xFF, 0xFF, 0x2A, 0x00, 0x2B, 0x00, 0x2C, 0x00, 0x2D, 0x00, 0x85, 0x00, 0x86, 0x00
	.byte 0x87, 0x00, 0xFF, 0xFF, 0x85, 0x00, 0x86, 0x00, 0x87, 0x00, 0x88, 0x00, 0x89, 0x00, 0xFF, 0xFF
	.byte 0x5B, 0x00, 0x5C, 0x00, 0xB1, 0x00, 0xFF, 0xFF, 0x00, 0x00, 0x01, 0x00, 0x5A, 0x00, 0x5B, 0x00
	.byte 0x5C, 0x00, 0xB1, 0x00, 0xFF, 0xFF, 0x00, 0x00, 0x01, 0x00, 0x5A, 0x00, 0xFF, 0xFF, 0x33, 0x00
	.byte 0x34, 0x00, 0xFF, 0xFF, 0x31, 0x00, 0x32, 0x00, 0x33, 0x00, 0x34, 0x00, 0xFF, 0xFF, 0x30, 0x00
	.byte 0x31, 0x00, 0x32, 0x00, 0x33, 0x00, 0xFF, 0xFF, 0x2F, 0x00, 0x30, 0x00, 0x31, 0x00, 0xFF, 0xFF
	.byte 0x2D, 0x00, 0x2E, 0x00, 0x2F, 0x00, 0x30, 0x00, 0xFF, 0xFF, 0x2C, 0x00, 0x2D, 0x00, 0x2E, 0x00
	.byte 0x2F, 0x00, 0x84, 0x00, 0x85, 0x00, 0xFF, 0xFF, 0x2C, 0x00, 0x2D, 0x00, 0x84, 0x00, 0x85, 0x00
	.byte 0x86, 0x00, 0x87, 0x00, 0xFF, 0xFF, 0x5B, 0x00, 0x5C, 0x00, 0x5D, 0x00, 0xFF, 0xFF, 0x00, 0x00
	.byte 0x59, 0x00, 0x5A, 0x00, 0x5B, 0x00, 0x5C, 0x00, 0x5D, 0x00, 0xFF, 0xFF, 0x00, 0x00, 0x59, 0x00
	.byte 0x5A, 0x00, 0xFF, 0xFF, 0x34, 0x00, 0x35, 0x00, 0x36, 0x00, 0xFF, 0xFF, 0x33, 0x00, 0x34, 0x00
	.byte 0x35, 0x00, 0x36, 0x00, 0xFF, 0xFF, 0x31, 0x00, 0x32, 0x00, 0x33, 0x00, 0x34, 0x00, 0x7C, 0x00
	.byte 0x7D, 0x00, 0x7E, 0x00, 0xFF, 0xFF, 0x30, 0x00, 0x31, 0x00, 0x32, 0x00, 0x33, 0x00, 0x7C, 0x00
	.byte 0x7D, 0x00, 0x7E, 0x00, 0x7F, 0x00, 0x80, 0x00, 0xFF, 0xFF, 0x2F, 0x00, 0x30, 0x00, 0x31, 0x00
	.byte 0x7E, 0x00, 0x7F, 0x00, 0x80, 0x00, 0x81, 0x00, 0xFF, 0xFF, 0x2E, 0x00, 0x2F, 0x00, 0x30, 0x00
	.byte 0x80, 0x00, 0x81, 0x00, 0x82, 0x00, 0x83, 0x00, 0xFF, 0xFF, 0x2E, 0x00, 0x2F, 0x00, 0x81, 0x00
	.byte 0x82, 0x00, 0x83, 0x00, 0x84, 0x00, 0x85, 0x00, 0xFF, 0xFF, 0x5C, 0x00, 0x5D, 0x00, 0x5E, 0x00
	.byte 0xFF, 0xFF, 0x58, 0x00, 0x59, 0x00, 0x5A, 0x00, 0x5C, 0x00, 0x5D, 0x00, 0x5E, 0x00, 0xFF, 0xFF
	.byte 0x58, 0x00, 0x59, 0x00, 0x5A, 0x00, 0xFF, 0xFF, 0x34, 0x00, 0x35, 0x00, 0x36, 0x00, 0x37, 0x00
	.byte 0xFF, 0xFF, 0x34, 0x00, 0x35, 0x00, 0x36, 0x00, 0x37, 0x00, 0x7A, 0x00, 0x7B, 0x00, 0x7C, 0x00
	.byte 0xFF, 0xFF, 0x34, 0x00, 0x7A, 0x00, 0x7B, 0x00, 0x7C, 0x00, 0x7D, 0x00, 0x7E, 0x00, 0xFF, 0xFF
	.byte 0x81, 0x00, 0x82, 0x00, 0x83, 0x00, 0x84, 0x00, 0xFF, 0xFF, 0x5D, 0x00, 0x5E, 0x00, 0x5F, 0x00
	.byte 0xFF, 0xFF, 0x58, 0x00, 0x59, 0x00, 0x5D, 0x00, 0x5E, 0x00, 0x5F, 0x00, 0xFF, 0xFF, 0x58, 0x00
	.byte 0x59, 0x00, 0xFF, 0xFF, 0x36, 0x00, 0x37, 0x00, 0x38, 0x00, 0x39, 0x00, 0x3A, 0x00, 0xFF, 0xFF
	.byte 0x36, 0x00, 0x37, 0x00, 0x38, 0x00, 0x39, 0x00, 0x3A, 0x00, 0x79, 0x00, 0x7A, 0x00, 0x7B, 0x00
	.byte 0x7C, 0x00, 0xFF, 0xFF, 0x5E, 0x00, 0x5F, 0x00, 0x60, 0x00, 0x61, 0x00, 0xFF, 0xFF, 0x57, 0x00
	.byte 0x58, 0x00, 0x5E, 0x00, 0x5F, 0x00, 0x60, 0x00, 0x61, 0x00, 0xFF, 0xFF, 0x57, 0x00, 0x58, 0x00
	.byte 0xFF, 0xFF, 0x37, 0x00, 0x38, 0x00, 0x39, 0x00, 0x3A, 0x00, 0x3B, 0x00, 0x3C, 0x00, 0x79, 0x00
	.byte 0x7A, 0x00, 0xFF, 0xFF, 0x3A, 0x00, 0x3B, 0x00, 0x3C, 0x00, 0x77, 0x00, 0x78, 0x00, 0x79, 0x00
	.byte 0x7A, 0x00, 0xFF, 0xFF, 0x77, 0x00, 0x78, 0x00, 0x79, 0x00, 0xFF, 0xFF, 0x5F, 0x00, 0x60, 0x00
	.byte 0x61, 0x00, 0x62, 0x00, 0xFF, 0xFF, 0x55, 0x00, 0x56, 0x00, 0x57, 0x00, 0x58, 0x00, 0x5F, 0x00
	.byte 0x60, 0x00, 0x61, 0x00, 0x62, 0x00, 0xFF, 0xFF, 0x55, 0x00, 0x56, 0x00, 0x57, 0x00, 0x58, 0x00
	.byte 0xFF, 0xFF, 0x3A, 0x00, 0x3B, 0x00, 0x3C, 0x00, 0x79, 0x00, 0xFF, 0xFF, 0x3A, 0x00, 0x3B, 0x00
	.byte 0x3C, 0x00, 0x3D, 0x00, 0x77, 0x00, 0x78, 0x00, 0x79, 0x00, 0xFF, 0xFF, 0x3C, 0x00, 0x3D, 0x00
	.byte 0x76, 0x00, 0x77, 0x00, 0x78, 0x00, 0x79, 0x00, 0xFF, 0xFF, 0x76, 0x00, 0x77, 0x00, 0xFF, 0xFF
	.byte 0x62, 0x00, 0x63, 0x00, 0x64, 0x00, 0xFF, 0xFF, 0x54, 0x00, 0x61, 0x00, 0x62, 0x00, 0x63, 0x00
	.byte 0x64, 0x00, 0xFF, 0xFF, 0x54, 0x00, 0x55, 0x00, 0x56, 0x00, 0x57, 0x00, 0x61, 0x00, 0x62, 0x00
	.byte 0xFF, 0xFF, 0x54, 0x00, 0x55, 0x00, 0x56, 0x00, 0x57, 0x00, 0xFF, 0xFF, 0x3C, 0x00, 0xFF, 0xFF
	.byte 0x3C, 0x00, 0x3D, 0x00, 0x3E, 0x00, 0x77, 0x00, 0xFF, 0xFF, 0x3C, 0x00, 0x3D, 0x00, 0x3E, 0x00
	.byte 0x3F, 0x00, 0x75, 0x00, 0x76, 0x00, 0x77, 0x00, 0xFF, 0xFF, 0x3E, 0x00, 0x3F, 0x00, 0x74, 0x00
	.byte 0x75, 0x00, 0x76, 0x00, 0x77, 0x00, 0xFF, 0xFF, 0x74, 0x00, 0x75, 0x00, 0xFF, 0xFF, 0x69, 0x00
	.byte 0x6A, 0x00, 0x6B, 0x00, 0xFF, 0xFF, 0x68, 0x00, 0x69, 0x00, 0x6A, 0x00, 0x6B, 0x00, 0xFF, 0xFF
	.byte 0x67, 0x00, 0x68, 0x00, 0x69, 0x00, 0xFF, 0xFF, 0x66, 0x00, 0x67, 0x00, 0x68, 0x00, 0xFF, 0xFF
	.byte 0x64, 0x00, 0x65, 0x00, 0x66, 0x00, 0x67, 0x00, 0xFF, 0xFF, 0x52, 0x00, 0x62, 0x00, 0x63, 0x00
	.byte 0x64, 0x00, 0x65, 0x00, 0x66, 0x00, 0xFF, 0xFF, 0x52, 0x00, 0x53, 0x00, 0x54, 0x00, 0x62, 0x00
	.byte 0x63, 0x00, 0x64, 0x00, 0xFF, 0xFF, 0x52, 0x00, 0x53, 0x00, 0x54, 0x00, 0x55, 0x00, 0x62, 0x00
	.byte 0xFF, 0xFF, 0x54, 0x00, 0x55, 0x00, 0xFF, 0xFF, 0x3D, 0x00, 0x3E, 0x00, 0xFF, 0xFF, 0x3D, 0x00
	.byte 0x3E, 0x00, 0x3F, 0x00, 0x75, 0x00, 0x76, 0x00, 0xFF, 0xFF, 0x3E, 0x00, 0x3F, 0x00, 0x40, 0x00
	.byte 0x74, 0x00, 0x75, 0x00, 0x76, 0x00, 0xFF, 0xFF, 0x3F, 0x00, 0x40, 0x00, 0x73, 0x00, 0x74, 0x00
	.byte 0x75, 0x00, 0xFF, 0xFF, 0x73, 0x00, 0x74, 0x00, 0xFF, 0xFF, 0x6E, 0x00, 0xFF, 0xFF, 0x6B, 0x00
	.byte 0x6C, 0x00, 0x6D, 0x00, 0x6E, 0x00, 0xFF, 0xFF, 0x49, 0x00, 0x69, 0x00, 0x6A, 0x00, 0x6B, 0x00
	.byte 0x6C, 0x00, 0x6D, 0x00, 0x6E, 0x00, 0xFF, 0xFF, 0x49, 0x00, 0x4A, 0x00, 0x4B, 0x00, 0x4C, 0x00
	.byte 0x68, 0x00, 0x69, 0x00, 0x6A, 0x00, 0x6B, 0x00, 0xFF, 0xFF, 0x49, 0x00, 0x4A, 0x00, 0x4B, 0x00
	.byte 0x4C, 0x00, 0x4D, 0x00, 0x67, 0x00, 0x68, 0x00, 0x69, 0x00, 0xFF, 0xFF, 0x4C, 0x00, 0x4D, 0x00
	.byte 0x4E, 0x00, 0x66, 0x00, 0x67, 0x00, 0x68, 0x00, 0xFF, 0xFF, 0x4D, 0x00, 0x4E, 0x00, 0x4F, 0x00
	.byte 0x50, 0x00, 0x64, 0x00, 0x65, 0x00, 0x66, 0x00, 0x67, 0x00, 0xFF, 0xFF, 0x4E, 0x00, 0x4F, 0x00
	.byte 0x50, 0x00, 0x51, 0x00, 0x52, 0x00, 0x64, 0x00, 0x65, 0x00, 0x66, 0x00, 0xFF, 0xFF, 0x50, 0x00
	.byte 0x51, 0x00, 0x52, 0x00, 0x53, 0x00, 0x54, 0x00, 0x64, 0x00, 0xFF, 0xFF, 0x52, 0x00, 0x53, 0x00
	.byte 0x54, 0x00, 0xFF, 0xFF, 0x3F, 0x00, 0xFF, 0xFF, 0x3F, 0x00, 0x40, 0x00, 0x74, 0x00, 0xFF, 0xFF
	.byte 0x3F, 0x00, 0x40, 0x00, 0x41, 0x00, 0x42, 0x00, 0x72, 0x00, 0x73, 0x00, 0x74, 0x00, 0xFF, 0xFF
	.byte 0x40, 0x00, 0x41, 0x00, 0x42, 0x00, 0x70, 0x00, 0x71, 0x00, 0x72, 0x00, 0x73, 0x00, 0x74, 0x00
	.byte 0xFF, 0xFF, 0x6E, 0x00, 0x6F, 0x00, 0x70, 0x00, 0x71, 0x00, 0x72, 0x00, 0xFF, 0xFF, 0x46, 0x00
	.byte 0x6B, 0x00, 0x6C, 0x00, 0x6D, 0x00, 0x6E, 0x00, 0x6F, 0x00, 0x70, 0x00, 0xFF, 0xFF, 0x46, 0x00
	.byte 0x47, 0x00, 0x48, 0x00, 0x49, 0x00, 0x6B, 0x00, 0x6C, 0x00, 0x6D, 0x00, 0x6E, 0x00, 0xFF, 0xFF
	.byte 0x46, 0x00, 0x47, 0x00, 0x48, 0x00, 0x49, 0x00, 0x4A, 0x00, 0x4B, 0x00, 0x4C, 0x00, 0x6B, 0x00
	.byte 0xFF, 0xFF, 0x49, 0x00, 0x4A, 0x00, 0x4B, 0x00, 0x4C, 0x00, 0x4D, 0x00, 0xFF, 0xFF, 0x4C, 0x00
	.byte 0x4D, 0x00, 0x4E, 0x00, 0xFF, 0xFF, 0x4D, 0x00, 0x4E, 0x00, 0x4F, 0x00, 0x50, 0x00, 0xFF, 0xFF
	.byte 0x4E, 0x00, 0x4F, 0x00, 0x50, 0x00, 0x51, 0x00, 0x52, 0x00, 0xFF, 0xFF, 0x40, 0x00, 0xFF, 0xFF
	.byte 0x40, 0x00, 0x41, 0x00, 0x42, 0x00, 0x43, 0x00, 0x72, 0x00, 0x73, 0x00, 0xFF, 0xFF, 0x40, 0x00
	.byte 0x41, 0x00, 0x42, 0x00, 0x43, 0x00, 0x44, 0x00, 0x70, 0x00, 0x71, 0x00, 0x72, 0x00, 0x73, 0x00
	.byte 0xFF, 0xFF, 0x43, 0x00, 0x44, 0x00, 0x45, 0x00, 0x6E, 0x00, 0x6F, 0x00, 0x70, 0x00, 0x71, 0x00
	.byte 0x72, 0x00, 0xFF, 0xFF, 0x44, 0x00, 0x45, 0x00, 0x46, 0x00, 0x6E, 0x00, 0x6F, 0x00, 0x70, 0x00
	.byte 0xFF, 0xFF, 0x45, 0x00, 0x46, 0x00, 0x47, 0x00, 0x48, 0x00, 0x49, 0x00, 0xFF, 0xFF, 0x42, 0x00
	.byte 0x43, 0x00, 0xFF, 0xFF, 0x42, 0x00, 0x43, 0x00, 0x44, 0x00, 0xFF, 0xFF, 0x43, 0x00, 0x44, 0x00
	.byte 0x45, 0x00, 0xFF, 0xFF, 0x44, 0x00, 0x45, 0x00, 0x46, 0x00, 0xFF, 0xFF, 0x00, 0x00, 0x00, 0x00
	.byte 0x00, 0x00, 0x00, 0x00, 0x00, 0x00, 0x00, 0x00, 0x00, 0x00, 0x00, 0x00, 0x00, 0x00, 0x00, 0x00
	.byte 0x00, 0x00, 0x00, 0x00, 0x00, 0x00, 0x00, 0x00, 0x00, 0x00, 0x00, 0x00, 0x00, 0x00, 0x00, 0x00
	.byte 0x00, 0x00, 0x00, 0x00, 0x00, 0x00, 0x00, 0x00, 0x00, 0x00, 0x00, 0x00, 0x00, 0x00, 0x00, 0x00
	.byte 0x00, 0x00, 0x00, 0x00, 0x00, 0x00, 0x00, 0x00, 0x00, 0x00, 0x00, 0x00, 0x00, 0x00, 0x00, 0x00
	.byte 0x00, 0x00, 0x00, 0x00, 0x00, 0x00, 0x00, 0x00, 0x00, 0x00, 0x00, 0x00, 0x00, 0x00, 0x00, 0x00
	.byte 0x00, 0x00, 0x00, 0x00, 0x00, 0x00, 0x00, 0x00, 0x00, 0x00, 0x00, 0x00, 0x00, 0x00, 0x00, 0x00
	.byte 0x00, 0x00, 0x00, 0x00, 0x00, 0x00, 0x00, 0x00, 0x00, 0x00, 0x00, 0x00, 0x00, 0x00, 0x00, 0x00
	.byte 0x00, 0x00, 0x00, 0x00, 0x00, 0x00, 0x00, 0x00, 0x00, 0x00, 0x00, 0x00, 0x00, 0x00, 0x00, 0x00
	.byte 0x00, 0x00, 0x00, 0x00, 0x00, 0x00, 0x00, 0x00, 0x00, 0x00, 0x00, 0x00, 0x00, 0x00, 0x00, 0x00
	.byte 0x00, 0x00, 0x00, 0x00, 0x00, 0x00, 0x00, 0x00, 0x00, 0x00, 0x00, 0x00, 0x00, 0x00, 0x00, 0x00
	.byte 0x00, 0x00, 0x00, 0x00, 0x00, 0x00, 0x00, 0x00, 0x00, 0x00, 0x00, 0x00, 0x00, 0x00, 0x00, 0x00
	.byte 0x00, 0x00, 0x00, 0x00, 0x00, 0x00, 0x00, 0x00, 0x00, 0x00, 0x00, 0x00, 0x00, 0x00, 0x00, 0x00
	.byte 0x00, 0x00, 0x00, 0x00, 0x00, 0x00, 0x00, 0x00, 0x00, 0x00, 0x00, 0x00, 0x00, 0x00, 0x00, 0x00
	.byte 0x00, 0x00, 0x00, 0x00, 0x00, 0x00, 0x00, 0x00, 0x00, 0x00, 0x00, 0x00, 0x00, 0x00, 0x00, 0x00
	.byte 0x00, 0x00, 0x00, 0x00, 0x00, 0x00, 0x00, 0x00, 0x00, 0x00, 0x00, 0x00, 0x00, 0x00, 0x00, 0x00
	.byte 0x00, 0x00, 0x00, 0x00, 0x00, 0x00, 0x00, 0x00, 0x00, 0x00, 0x00, 0x00, 0x00, 0x00, 0x00, 0x00
	.byte 0x00, 0x00, 0x00, 0x00, 0x00, 0x00, 0x00, 0x00, 0x00, 0x00, 0x00, 0x00, 0x00, 0x00, 0x00, 0x00
	.byte 0x00, 0x00, 0x00, 0x00, 0x00, 0x00, 0x00, 0x00, 0x00, 0x00, 0x00, 0x00, 0x00, 0x00, 0x00, 0x00
	.byte 0x00, 0x00, 0x00, 0x00, 0x00, 0x00, 0x00, 0x00, 0x00, 0x00, 0x00, 0x00, 0x00, 0x00, 0x00, 0x00
	.byte 0x00, 0x00, 0x00, 0x00, 0x00, 0x00, 0x00, 0x00, 0x00, 0x00, 0x00, 0x00, 0x00, 0x00, 0x00, 0x00
	.byte 0x00, 0x00, 0x00, 0x00, 0x00, 0x00, 0x00, 0x00, 0x00, 0x00, 0x00, 0x00, 0x00, 0x00, 0x00, 0x00
	.byte 0x00, 0x00, 0x00, 0x00, 0x00, 0x00, 0x00, 0x00, 0x00, 0x00, 0x00, 0x00, 0x00, 0x00, 0x00, 0x00
	.byte 0x00, 0x00, 0x00, 0x00, 0x00, 0x00, 0x00, 0x00, 0x00, 0x00, 0x00, 0x00, 0x00, 0x00, 0x00, 0x00
	.byte 0x00, 0x00, 0x00, 0x00, 0x00, 0x00, 0x00, 0x00, 0x00, 0x00, 0x00, 0x00, 0x00, 0x00, 0x00, 0x00
	.byte 0x00, 0x00, 0x00, 0x00, 0x00, 0x00, 0x00, 0x00, 0x00, 0x00, 0x00, 0x00, 0x00, 0x00, 0x00, 0x00
	.byte 0x00, 0x00, 0x00, 0x00, 0x00, 0x00, 0x00, 0x00, 0x00, 0x00, 0x00, 0x00, 0x00, 0x00, 0x00, 0x00
	.byte 0x00, 0x00, 0x00, 0x00, 0x00, 0x00, 0x00, 0x00, 0x00, 0x00, 0x00, 0x00, 0x00, 0x00, 0x00, 0x00
	.byte 0x00, 0x00, 0x00, 0x00, 0x00, 0x00, 0x00, 0x00, 0x00, 0x00, 0x00, 0x00, 0x00, 0x00, 0x00, 0x00
	.byte 0x00, 0x00, 0x00, 0x00, 0x00, 0x00, 0x00, 0x00, 0x00, 0x00, 0x00, 0x00, 0x00, 0x00, 0x00, 0x00
	.byte 0x00, 0x00, 0x00, 0x00, 0x00, 0x00, 0x00, 0x00, 0x00, 0x00, 0x00, 0x00, 0x00, 0x00, 0x00, 0x00
	.byte 0x00, 0x00, 0x00, 0x00, 0x00, 0x00, 0x00, 0x00, 0x00, 0x00, 0x00, 0x00, 0x00, 0x00, 0x00, 0x00
	.byte 0x00, 0x00, 0x00, 0x00, 0x00, 0x00, 0x00, 0x00, 0x00, 0x00, 0x00, 0x00, 0x00, 0x00, 0x00, 0x00
	.byte 0x00, 0x00, 0x00, 0x00, 0x00, 0x00, 0x00, 0x00, 0x00, 0x00, 0x00, 0x00, 0x00, 0x00, 0x00, 0x00
	.byte 0x00, 0x00, 0x00, 0x00, 0x00, 0x00, 0x00, 0x00, 0x00, 0x00, 0x00, 0x00, 0x00, 0x00, 0x00, 0x00
	.byte 0x00, 0x00, 0x00, 0x00, 0x00, 0x00, 0x00, 0x00, 0x00, 0x00, 0x00, 0x00, 0x00, 0x00, 0x00, 0x00
	.byte 0x00, 0x00, 0x00, 0x00, 0x00, 0x00, 0x00, 0x00, 0x00, 0x00, 0x00, 0x00, 0x00, 0x00, 0x00, 0x00
	.byte 0x00, 0x00, 0x00, 0x00, 0x00, 0x00, 0x00, 0x00, 0x00, 0x00, 0x01, 0x00, 0x05, 0x00, 0x0B, 0x00
	.byte 0x10, 0x00, 0x13, 0x00, 0x16, 0x00, 0x1A, 0x00, 0x1E, 0x00, 0x22, 0x00, 0x26, 0x00, 0x2A, 0x00
	.byte 0x2E, 0x00, 0x32, 0x00, 0x37, 0x00, 0x3B, 0x00, 0x00, 0x00, 0x00, 0x00, 0x00, 0x00, 0x00, 0x00
	.byte 0x00, 0x00, 0x00, 0x00, 0x00, 0x00, 0x00, 0x00, 0x00, 0x00, 0x00, 0x00, 0x00, 0x00, 0x00, 0x00
	.byte 0x00, 0x00, 0x00, 0x00, 0x00, 0x00, 0x00, 0x00, 0x00, 0x00, 0x00, 0x00, 0x00, 0x00, 0x00, 0x00
	.byte 0x00, 0x00, 0x00, 0x00, 0x00, 0x00, 0x00, 0x00, 0x00, 0x00, 0x00, 0x00, 0x00, 0x00, 0x00, 0x00
	.byte 0x00, 0x00, 0x00, 0x00, 0x00, 0x00, 0x00, 0x00, 0x3D, 0x00, 0x40, 0x00, 0x45, 0x00, 0x4E, 0x00
	.byte 0x58, 0x00, 0x5F, 0x00, 0x65, 0x00, 0x6C, 0x00, 0x73, 0x00, 0x7A, 0x00, 0x81, 0x00, 0x88, 0x00
	.byte 0x8F, 0x00, 0x96, 0x00, 0x9F, 0x00, 0xA8, 0x00, 0xAE, 0x00, 0x00, 0x00, 0x00, 0x00, 0x00, 0x00
	.byte 0x00, 0x00, 0x00, 0x00, 0x00, 0x00, 0x00, 0x00, 0x00, 0x00, 0x00, 0x00, 0x00, 0x00, 0x00, 0x00
	.byte 0x00, 0x00, 0x00, 0x00, 0x00, 0x00, 0x00, 0x00, 0x00, 0x00, 0x00, 0x00, 0x00, 0x00, 0x00, 0x00
	.byte 0x00, 0x00, 0x00, 0x00, 0x00, 0x00, 0x00, 0x00, 0x00, 0x00, 0x00, 0x00, 0x00, 0x00, 0x00, 0x00
	.byte 0x00, 0x00, 0x00, 0x00, 0x00, 0x00, 0x00, 0x00, 0xB1, 0x00, 0xB6, 0x00, 0xBE, 0x00, 0x52, 0x00
	.byte 0x5A, 0x00, 0x61, 0x00, 0x68, 0x00, 0x6F, 0x00, 0x76, 0x00, 0x7D, 0x00, 0x84, 0x00, 0x8B, 0x00
	.byte 0x92, 0x00, 0x9A, 0x00, 0xC5, 0x00, 0xCD, 0x00, 0xD6, 0x00, 0xDD, 0x00, 0x00, 0x00, 0x00, 0x00
	.byte 0x00, 0x00, 0x00, 0x00, 0x00, 0x00, 0x00, 0x00, 0x00, 0x00, 0x00, 0x00, 0x00, 0x00, 0x00, 0x00
	.byte 0x00, 0x00, 0x00, 0x00, 0x00, 0x00, 0x00, 0x00, 0x00, 0x00, 0x00, 0x00, 0x00, 0x00, 0x00, 0x00
	.byte 0x00, 0x00, 0x00, 0x00, 0x00, 0x00, 0x00, 0x00, 0x00, 0x00, 0x00, 0x00, 0x00, 0x00, 0x00, 0x00
	.byte 0x00, 0x00, 0x00, 0x00, 0x00, 0x00, 0x00, 0x00, 0xE0, 0x00, 0xE5, 0x00, 0xE9, 0x00, 0xBC, 0x00
	.byte 0x00, 0x00, 0x00, 0x00, 0x00, 0x00, 0x00, 0x00, 0x00, 0x00, 0x00, 0x00, 0x00, 0x00, 0x00, 0x00
	.byte 0x00, 0x00, 0x00, 0x00, 0xCA, 0x00, 0xEE, 0x00, 0xF6, 0x00, 0xFF, 0x00, 0x00, 0x00, 0x00, 0x00
	.byte 0x00, 0x00, 0x00, 0x00, 0x00, 0x00, 0x00, 0x00, 0x00, 0x00, 0x00, 0x00, 0x00, 0x00, 0x00, 0x00
	.byte 0x00, 0x00, 0x00, 0x00, 0x00, 0x00, 0x00, 0x00, 0x00, 0x00, 0x00, 0x00, 0x00, 0x00, 0x00, 0x00
	.byte 0x00, 0x00, 0x00, 0x00, 0x00, 0x00, 0x00, 0x00, 0x00, 0x00, 0x00, 0x00, 0x00, 0x00, 0x00, 0x00
	.byte 0x00, 0x00, 0x00, 0x00, 0x00, 0x00, 0x00, 0x00, 0x03, 0x01, 0x07, 0x01, 0x09, 0x01, 0x10, 0x01
	.byte 0x00, 0x00, 0x00, 0x00, 0x00, 0x00, 0x00, 0x00, 0x00, 0x00, 0x00, 0x00, 0x00, 0x00, 0x00, 0x00
	.byte 0x00, 0x00, 0x00, 0x00, 0x00, 0x00, 0x12, 0x01, 0x17, 0x01, 0x1F, 0x01, 0x00, 0x00, 0x00, 0x00
	.byte 0x00, 0x00, 0x00, 0x00, 0x00, 0x00, 0x00, 0x00, 0x00, 0x00, 0x00, 0x00, 0x00, 0x00, 0x00, 0x00
	.byte 0x00, 0x00, 0x00, 0x00, 0x00, 0x00, 0x00, 0x00, 0x00, 0x00, 0x00, 0x00, 0x00, 0x00, 0x00, 0x00
	.byte 0x00, 0x00, 0x00, 0x00, 0x00, 0x00, 0x00, 0x00, 0x00, 0x00, 0x00, 0x00, 0x00, 0x00, 0x00, 0x00
	.byte 0x00, 0x00, 0x00, 0x00, 0x00, 0x00, 0x00, 0x00, 0x04, 0x01, 0x23, 0x01, 0x2B, 0x01, 0x33, 0x01
	.byte 0x38, 0x01, 0x3C, 0x01, 0x41, 0x01, 0x00, 0x00, 0x00, 0x00, 0x00, 0x00, 0x00, 0x00, 0x00, 0x00
	.byte 0x00, 0x00, 0x00, 0x00, 0x00, 0x00, 0x45, 0x01, 0x49, 0x01, 0x50, 0x01, 0x00, 0x00, 0x00, 0x00
	.byte 0x00, 0x00, 0x00, 0x00, 0x00, 0x00, 0x00, 0x00, 0x00, 0x00, 0x00, 0x00, 0x00, 0x00, 0x00, 0x00
	.byte 0x00, 0x00, 0x00, 0x00, 0x00, 0x00, 0x00, 0x00, 0x00, 0x00, 0x00, 0x00, 0x00, 0x00, 0x00, 0x00
	.byte 0x00, 0x00, 0x00, 0x00, 0x00, 0x00, 0x00, 0x00, 0x00, 0x00, 0x00, 0x00, 0x00, 0x00, 0x00, 0x00
	.byte 0x00, 0x00, 0x00, 0x00, 0x00, 0x00, 0x00, 0x00, 0x00, 0x00, 0x54, 0x01, 0x57, 0x01, 0x5E, 0x01
	.byte 0x66, 0x01, 0x6D, 0x01, 0x76, 0x01, 0x7E, 0x01, 0x00, 0x00, 0x00, 0x00, 0x00, 0x00, 0x00, 0x00
	.byte 0x00, 0x00, 0x00, 0x00, 0x00, 0x00, 0x81, 0x01, 0x85, 0x01, 0x8C, 0x01, 0x00, 0x00, 0x00, 0x00
	.byte 0x00, 0x00, 0x00, 0x00, 0x00, 0x00, 0x00, 0x00, 0x00, 0x00, 0x00, 0x00, 0x00, 0x00, 0x00, 0x00
	.byte 0x00, 0x00, 0x00, 0x00, 0x00, 0x00, 0x00, 0x00, 0x00, 0x00, 0x00, 0x00, 0x00, 0x00, 0x00, 0x00
	.byte 0x00, 0x00, 0x00, 0x00, 0x00, 0x00, 0x00, 0x00, 0x00, 0x00, 0x00, 0x00, 0x00, 0x00, 0x00, 0x00
	.byte 0x00, 0x00, 0x00, 0x00, 0x00, 0x00, 0x00, 0x00, 0x00, 0x00, 0x00, 0x00, 0x90, 0x01, 0x94, 0x01
	.byte 0x99, 0x01, 0x9D, 0x01, 0xA3, 0x01, 0xAB, 0x01, 0xB2, 0x01, 0x00, 0x00, 0x00, 0x00, 0x00, 0x00
	.byte 0x00, 0x00, 0x00, 0x00, 0x00, 0x00, 0xB5, 0x01, 0xB9, 0x01, 0xC0, 0x01, 0x00, 0x00, 0x00, 0x00
	.byte 0x00, 0x00, 0x00, 0x00, 0x00, 0x00, 0x00, 0x00, 0x00, 0x00, 0x00, 0x00, 0x00, 0x00, 0x00, 0x00
	.byte 0x00, 0x00, 0x00, 0x00, 0x00, 0x00, 0x00, 0x00, 0x00, 0x00, 0x00, 0x00, 0x00, 0x00, 0x00, 0x00
	.byte 0x00, 0x00, 0x00, 0x00, 0x00, 0x00, 0x00, 0x00, 0x00, 0x00, 0x00, 0x00, 0x00, 0x00, 0x00, 0x00
	.byte 0x00, 0x00, 0x00, 0x00, 0x00, 0x00, 0x00, 0x00, 0x00, 0x00, 0x00, 0x00, 0x00, 0x00, 0x00, 0x00
	.byte 0x00, 0x00, 0xC4, 0x01, 0xC6, 0x01, 0xCD, 0x01, 0xD6, 0x01, 0xDB, 0x01, 0x00, 0x00, 0x00, 0x00
	.byte 0x00, 0x00, 0x00, 0x00, 0x00, 0x00, 0xDE, 0x01, 0xE2, 0x01, 0xE9, 0x01, 0x00, 0x00, 0x00, 0x00
	.byte 0x00, 0x00, 0x00, 0x00, 0x00, 0x00, 0x00, 0x00, 0x00, 0x00, 0x00, 0x00, 0x00, 0x00, 0x00, 0x00
	.byte 0x00, 0x00, 0x00, 0x00, 0x00, 0x00, 0x00, 0x00, 0x00, 0x00, 0x00, 0x00, 0x00, 0x00, 0x00, 0x00
	.byte 0x00, 0x00, 0x00, 0x00, 0x00, 0x00, 0x00, 0x00, 0x00, 0x00, 0x00, 0x00, 0x00, 0x00, 0x00, 0x00
	.byte 0x00, 0x00, 0x00, 0x00, 0x00, 0x00, 0x00, 0x00, 0x00, 0x00, 0x00, 0x00, 0x00, 0x00, 0x00, 0x00
	.byte 0x00, 0x00, 0x00, 0x00, 0xED, 0x01, 0xF3, 0x01, 0xFB, 0x01, 0x01, 0x02, 0x00, 0x00, 0x00, 0x00
	.byte 0x00, 0x00, 0x00, 0x00, 0x00, 0x00, 0x06, 0x02, 0x0A, 0x02, 0x11, 0x02, 0x00, 0x00, 0x00, 0x00
	.byte 0x00, 0x00, 0x00, 0x00, 0x00, 0x00, 0x00, 0x00, 0x00, 0x00, 0x00, 0x00, 0x00, 0x00, 0x00, 0x00
	.byte 0x00, 0x00, 0x00, 0x00, 0x00, 0x00, 0x00, 0x00, 0x00, 0x00, 0x00, 0x00, 0x00, 0x00, 0x00, 0x00
	.byte 0x00, 0x00, 0x00, 0x00, 0x00, 0x00, 0x00, 0x00, 0x00, 0x00, 0x00, 0x00, 0x00, 0x00, 0x00, 0x00
	.byte 0x00, 0x00, 0x00, 0x00, 0x00, 0x00, 0x00, 0x00, 0x00, 0x00, 0x00, 0x00, 0x00, 0x00, 0x00, 0x00
	.byte 0x00, 0x00, 0x15, 0x02, 0x18, 0x02, 0x1E, 0x02, 0x26, 0x02, 0x28, 0x02, 0x00, 0x00, 0x00, 0x00
	.byte 0x00, 0x00, 0x00, 0x00, 0x00, 0x00, 0x2C, 0x02, 0x30, 0x02, 0x37, 0x02, 0x00, 0x00, 0x00, 0x00
	.byte 0x00, 0x00, 0x00, 0x00, 0x00, 0x00, 0x00, 0x00, 0x00, 0x00, 0x00, 0x00, 0x00, 0x00, 0x00, 0x00
	.byte 0x00, 0x00, 0x00, 0x00, 0x00, 0x00, 0x00, 0x00, 0x00, 0x00, 0x00, 0x00, 0x00, 0x00, 0x00, 0x00
	.byte 0x00, 0x00, 0x00, 0x00, 0x00, 0x00, 0x00, 0x00, 0x00, 0x00, 0x00, 0x00, 0x00, 0x00, 0x00, 0x00
	.byte 0x00, 0x00, 0x00, 0x00, 0x00, 0x00, 0x00, 0x00, 0x00, 0x00, 0x3B, 0x02, 0x3E, 0x02, 0x43, 0x02
	.byte 0x48, 0x02, 0x4C, 0x02, 0x51, 0x02, 0x58, 0x02, 0x22, 0x02, 0x24, 0x02, 0x00, 0x00, 0x00, 0x00
	.byte 0x00, 0x00, 0x00, 0x00, 0x00, 0x00, 0x5F, 0x02, 0x63, 0x02, 0x6A, 0x02, 0x00, 0x00, 0x00, 0x00
	.byte 0x00, 0x00, 0x00, 0x00, 0x00, 0x00, 0x00, 0x00, 0x00, 0x00, 0x00, 0x00, 0x00, 0x00, 0x00, 0x00
	.byte 0x00, 0x00, 0x00, 0x00, 0x00, 0x00, 0x00, 0x00, 0x00, 0x00, 0x00, 0x00, 0x00, 0x00, 0x00, 0x00
	.byte 0x00, 0x00, 0x00, 0x00, 0x00, 0x00, 0x00, 0x00, 0x00, 0x00, 0x00, 0x00, 0x00, 0x00, 0x00, 0x00
	.byte 0x00, 0x00, 0x00, 0x00, 0x00, 0x00, 0x00, 0x00, 0x6E, 0x02, 0x72, 0x02, 0x77, 0x02, 0x7F, 0x02
	.byte 0x89, 0x02, 0x91, 0x02, 0x99, 0x02, 0x9D, 0x02, 0x56, 0x02, 0x00, 0x00, 0x00, 0x00, 0x00, 0x00
	.byte 0x00, 0x00, 0x00, 0x00, 0x00, 0x00, 0xA1, 0x02, 0xA5, 0x02, 0xAC, 0x02, 0x00, 0x00, 0x00, 0x00
	.byte 0x00, 0x00, 0x00, 0x00, 0x00, 0x00, 0x00, 0x00, 0x00, 0x00, 0x00, 0x00, 0x00, 0x00, 0x00, 0x00
	.byte 0x00, 0x00, 0x00, 0x00, 0x00, 0x00, 0x00, 0x00, 0x00, 0x00, 0x00, 0x00, 0x00, 0x00, 0x00, 0x00
	.byte 0x00, 0x00, 0x00, 0x00, 0x00, 0x00, 0x00, 0x00, 0x00, 0x00, 0x00, 0x00, 0x00, 0x00, 0x00, 0x00
	.byte 0x00, 0x00, 0x00, 0x00, 0x00, 0x00, 0x00, 0x00, 0xB0, 0x02, 0xB5, 0x02, 0xBD, 0x02, 0x83, 0x02
	.byte 0x8C, 0x02, 0x94, 0x02, 0xC4, 0x02, 0xC6, 0x02, 0x00, 0x00, 0x00, 0x00, 0x00, 0x00, 0x00, 0x00
	.byte 0x00, 0x00, 0x00, 0x00, 0x00, 0x00, 0xC9, 0x02, 0xCD, 0x02, 0xD3, 0x02, 0x00, 0x00, 0x00, 0x00
	.byte 0x00, 0x00, 0x00, 0x00, 0x00, 0x00, 0x00, 0x00, 0x00, 0x00, 0x00, 0x00, 0x00, 0x00, 0x00, 0x00
	.byte 0x00, 0x00, 0x00, 0x00, 0x00, 0x00, 0x00, 0x00, 0x00, 0x00, 0x00, 0x00, 0x00, 0x00, 0x00, 0x00
	.byte 0x00, 0x00, 0x00, 0x00, 0x00, 0x00, 0x00, 0x00, 0x00, 0x00, 0x00, 0x00, 0x00, 0x00, 0x00, 0x00
	.byte 0x00, 0x00, 0x00, 0x00, 0x00, 0x00, 0x00, 0x00, 0xD6, 0x02, 0xDC, 0x02, 0xE1, 0x02, 0xBB, 0x02
	.byte 0x00, 0x00, 0x00, 0x00, 0x00, 0x00, 0x00, 0x00, 0x00, 0x00, 0x00, 0x00, 0x00, 0x00, 0x00, 0x00
	.byte 0x00, 0x00, 0x00, 0x00, 0x00, 0x00, 0xE6, 0x02, 0xEB, 0x02, 0xF2, 0x02, 0x00, 0x00, 0x00, 0x00
	.byte 0x00, 0x00, 0x00, 0x00, 0x00, 0x00, 0x00, 0x00, 0x00, 0x00, 0x00, 0x00, 0x00, 0x00, 0x00, 0x00
	.byte 0x00, 0x00, 0x00, 0x00, 0x00, 0x00, 0x00, 0x00, 0x00, 0x00, 0x00, 0x00, 0x00, 0x00, 0x00, 0x00
	.byte 0x00, 0x00, 0x00, 0x00, 0x00, 0x00, 0x00, 0x00, 0x00, 0x00, 0x00, 0x00, 0x00, 0x00, 0x00, 0x00
	.byte 0x00, 0x00, 0x00, 0x00, 0x00, 0x00, 0x00, 0x00, 0xD7, 0x02, 0xF5, 0x02, 0xFE, 0x02, 0x06, 0x03
	.byte 0x00, 0x00, 0x00, 0x00, 0x00, 0x00, 0x00, 0x00, 0x00, 0x00, 0x00, 0x00, 0x00, 0x00, 0x00, 0x00
	.byte 0x00, 0x00, 0x00, 0x00, 0x00, 0x00, 0x0A, 0x03, 0x0F, 0x03, 0x18, 0x03, 0x00, 0x00, 0x00, 0x00
	.byte 0x00, 0x00, 0x00, 0x00, 0x00, 0x00, 0x00, 0x00, 0x00, 0x00, 0x00, 0x00, 0x00, 0x00, 0x00, 0x00
	.byte 0x00, 0x00, 0x00, 0x00, 0x00, 0x00, 0x00, 0x00, 0x00, 0x00, 0x00, 0x00, 0x00, 0x00, 0x00, 0x00
	.byte 0x00, 0x00, 0x00, 0x00, 0x00, 0x00, 0x00, 0x00, 0x00, 0x00, 0x00, 0x00, 0x00, 0x00, 0x00, 0x00
	.byte 0x00, 0x00, 0x00, 0x00, 0x00, 0x00, 0x00, 0x00, 0xDA, 0x02, 0x1D, 0x03, 0x22, 0x03, 0x2A, 0x03
	.byte 0x31, 0x03, 0x00, 0x00, 0x00, 0x00, 0x00, 0x00, 0x00, 0x00, 0x00, 0x00, 0x00, 0x00, 0x00, 0x00
	.byte 0x00, 0x00, 0x00, 0x00, 0x34, 0x03, 0x38, 0x03, 0x3E, 0x03, 0x45, 0x03, 0x00, 0x00, 0x00, 0x00
	.byte 0x00, 0x00, 0x00, 0x00, 0x00, 0x00, 0x00, 0x00, 0x00, 0x00, 0x00, 0x00, 0x00, 0x00, 0x00, 0x00
	.byte 0x00, 0x00, 0x00, 0x00, 0x00, 0x00, 0x00, 0x00, 0x00, 0x00, 0x00, 0x00, 0x00, 0x00, 0x00, 0x00
	.byte 0x00, 0x00, 0x00, 0x00, 0x00, 0x00, 0x00, 0x00, 0x00, 0x00, 0x00, 0x00, 0x00, 0x00, 0x00, 0x00
	.byte 0x00, 0x00, 0x00, 0x00, 0x00, 0x00, 0x00, 0x00, 0x00, 0x00, 0x4A, 0x03, 0x4C, 0x03, 0x51, 0x03
	.byte 0x59, 0x03, 0x60, 0x03, 0x00, 0x00, 0x00, 0x00, 0x00, 0x00, 0x63, 0x03, 0x67, 0x03, 0x6C, 0x03
	.byte 0x70, 0x03, 0x74, 0x03, 0x79, 0x03, 0x80, 0x03, 0x87, 0x03, 0x8D, 0x03, 0x00, 0x00, 0x00, 0x00
	.byte 0x00, 0x00, 0x00, 0x00, 0x00, 0x00, 0x00, 0x00, 0x00, 0x00, 0x00, 0x00, 0x00, 0x00, 0x00, 0x00
	.byte 0x00, 0x00, 0x00, 0x00, 0x00, 0x00, 0x00, 0x00, 0x00, 0x00, 0x00, 0x00, 0x00, 0x00, 0x00, 0x00
	.byte 0x00, 0x00, 0x00, 0x00, 0x00, 0x00, 0x00, 0x00, 0x00, 0x00, 0x00, 0x00, 0x00, 0x00, 0x00, 0x00
	.byte 0x00, 0x00, 0x00, 0x00, 0x00, 0x00, 0x00, 0x00, 0x00, 0x00, 0x00, 0x00, 0x90, 0x03, 0x93, 0x03
	.byte 0x99, 0x03, 0xA0, 0x03, 0xA6, 0x03, 0xA9, 0x03, 0xAB, 0x03, 0xB0, 0x03, 0xB8, 0x03, 0xC1, 0x03
	.byte 0xCA, 0x03, 0xD1, 0x03, 0xDA, 0x03, 0xE3, 0x03, 0xEA, 0x03, 0x00, 0x00, 0x00, 0x00, 0x00, 0x00
	.byte 0x00, 0x00, 0x00, 0x00, 0x00, 0x00, 0x00, 0x00, 0x00, 0x00, 0x00, 0x00, 0x00, 0x00, 0x00, 0x00
	.byte 0x00, 0x00, 0x00, 0x00, 0x00, 0x00, 0x00, 0x00, 0x00, 0x00, 0x00, 0x00, 0x00, 0x00, 0x00, 0x00
	.byte 0x00, 0x00, 0x00, 0x00, 0x00, 0x00, 0x00, 0x00, 0x00, 0x00, 0x00, 0x00, 0x00, 0x00, 0x00, 0x00
	.byte 0x00, 0x00, 0x00, 0x00, 0x00, 0x00, 0x00, 0x00, 0x00, 0x00, 0x00, 0x00, 0x00, 0x00, 0xEE, 0x03
	.byte 0xF0, 0x03, 0xF4, 0x03, 0xFC, 0x03, 0x05, 0x04, 0x0B, 0x04, 0x13, 0x04, 0x1C, 0x04, 0x25, 0x04
	.byte 0x2B, 0x04, 0x2F, 0x04, 0x34, 0x04, 0x36, 0x04, 0x00, 0x00, 0x00, 0x00, 0x00, 0x00, 0x00, 0x00
	.byte 0x00, 0x00, 0x00, 0x00, 0x00, 0x00, 0x00, 0x00, 0x00, 0x00, 0x00, 0x00, 0x00, 0x00, 0x00, 0x00
	.byte 0x00, 0x00, 0x00, 0x00, 0x00, 0x00, 0x00, 0x00, 0x00, 0x00, 0x00, 0x00, 0x00, 0x00, 0x00, 0x00
	.byte 0x00, 0x00, 0x00, 0x00, 0x00, 0x00, 0x00, 0x00, 0x00, 0x00, 0x00, 0x00, 0x00, 0x00, 0x00, 0x00
	.byte 0x00, 0x00, 0x00, 0x00, 0x00, 0x00, 0x00, 0x00, 0x00, 0x00, 0x00, 0x00, 0x00, 0x00, 0x00, 0x00
	.byte 0x3A, 0x04, 0x3C, 0x04, 0x43, 0x04, 0x4D, 0x04, 0x56, 0x04, 0x5D, 0x04, 0x5E, 0x04, 0x00, 0x00
	.byte 0x00, 0x00, 0x00, 0x00, 0x00, 0x00, 0x00, 0x00, 0x00, 0x00, 0x00, 0x00, 0x00, 0x00, 0x00, 0x00
	.byte 0x00, 0x00, 0x00, 0x00, 0x00, 0x00, 0x00, 0x00, 0x00, 0x00, 0x00, 0x00, 0x00, 0x00, 0x00, 0x00
	.byte 0x00, 0x00, 0x00, 0x00, 0x00, 0x00, 0x00, 0x00, 0x00, 0x00, 0x00, 0x00, 0x00, 0x00, 0x00, 0x00
	.byte 0x00, 0x00, 0x00, 0x00, 0x00, 0x00, 0x00, 0x00, 0x00, 0x00, 0x00, 0x00, 0x00, 0x00, 0x00, 0x00
	.byte 0x00, 0x00, 0x00, 0x00, 0x00, 0x00, 0x00, 0x00, 0x00, 0x00, 0x00, 0x00, 0x00, 0x00, 0x00, 0x00
	.byte 0x00, 0x00, 0x63, 0x04, 0x66, 0x04, 0x6A, 0x04, 0x6E, 0x04, 0x6F, 0x04, 0x00, 0x00, 0x00, 0x00
	.byte 0x00, 0x00, 0x00, 0x00, 0x00, 0x00, 0x00, 0x00, 0x00, 0x00, 0x00, 0x00, 0x00, 0x00, 0x00, 0x00
	.byte 0x00, 0x00, 0x00, 0x00, 0x00, 0x00, 0x00, 0x00, 0x00, 0x00, 0x00, 0x00, 0x00, 0x00, 0x00, 0x00
	.byte 0x00, 0x00, 0x00, 0x00, 0x00, 0x00, 0x00, 0x00, 0x00, 0x00, 0x00, 0x00, 0x00, 0x00, 0x00, 0x00
	.byte 0x00, 0x00, 0x00, 0x00, 0x00, 0x00, 0x00, 0x00, 0x00, 0x00, 0x00, 0x00, 0x00, 0x00, 0x00, 0x00
	.byte 0x00, 0x00, 0x00, 0x00, 0x00, 0x00, 0x00, 0x00, 0x00, 0x00, 0x00, 0x00, 0x00, 0x00, 0x00, 0x00
	.byte 0x00, 0x00, 0x00, 0x00, 0x00, 0x00, 0x00, 0x00, 0x00, 0x00, 0x00, 0x00, 0x00, 0x00, 0x00, 0x00
	.byte 0x00, 0x00, 0x00, 0x00, 0x00, 0x00, 0x00, 0x00, 0x00, 0x00, 0x00, 0x00, 0x00, 0x00, 0x00, 0x00
	.byte 0x00, 0x00, 0x00, 0x00, 0x00, 0x00, 0x00, 0x00, 0x00, 0x00, 0x00, 0x00, 0x00, 0x00, 0x00, 0x00
	.byte 0x00, 0x00, 0x00, 0x00, 0x00, 0x00, 0x00, 0x00, 0x00, 0x00, 0x00, 0x00, 0x00, 0x00, 0x00, 0x00
	.byte 0x00, 0x00, 0x00, 0x00, 0x00, 0x00, 0x00, 0x00, 0x00, 0x00, 0x00, 0x00, 0x00, 0x00, 0x00, 0x00
	.byte 0x00, 0x00, 0x00, 0x00, 0x00, 0x00, 0x00, 0x00, 0x00, 0x00, 0x00, 0x00, 0x00, 0x00, 0x00, 0x00
	.byte 0x00, 0x00, 0x00, 0x00, 0x00, 0x00, 0x00, 0x00, 0x00, 0x00, 0x00, 0x00, 0x00, 0x00, 0x00, 0x00
	.byte 0x00, 0x00, 0x00, 0x00, 0x00, 0x00, 0x00, 0x00, 0x00, 0x00, 0x00, 0x00, 0x00, 0x00, 0x00, 0x00
	.byte 0x00, 0x00, 0x00, 0x00, 0x00, 0x00, 0x00, 0x00, 0x00, 0x00, 0x00, 0x00, 0x00, 0x00, 0x00, 0x00
	.byte 0x00, 0x00, 0x00, 0x00, 0x00, 0x00, 0x00, 0x00, 0x00, 0x00, 0x00, 0x00, 0x00, 0x00, 0x00, 0x00
	.byte 0x00, 0x00, 0x00, 0x00, 0x00, 0x00, 0x00, 0x00, 0x00, 0x00, 0x00, 0x00, 0x00, 0x00, 0x00, 0x00
	.byte 0x00, 0x00, 0x00, 0x00, 0x00, 0x00, 0x00, 0x00, 0x00, 0x00, 0x00, 0x00, 0x00, 0x00, 0x00, 0x00
	.byte 0x00, 0x00, 0x00, 0x00, 0x00, 0x00, 0x00, 0x00, 0x00, 0x00, 0x00, 0x00, 0x00, 0x00, 0x00, 0x00
	.byte 0x00, 0x00, 0x00, 0x00, 0x00, 0x00, 0x00, 0x00, 0x00, 0x00, 0x00, 0x00, 0x00, 0x00, 0x00, 0x00
	.byte 0x00, 0x00, 0x00, 0x00, 0x00, 0x00, 0x00, 0x00, 0x00, 0x00, 0x00, 0x00, 0x00, 0x00, 0x00, 0x00
	.byte 0x00, 0x00, 0x00, 0x00, 0x00, 0x00, 0x00, 0x00, 0x00, 0x00, 0x00, 0x00, 0x00, 0x00, 0x00, 0x00
	.byte 0x00, 0x00, 0x00, 0x00, 0x00, 0x00, 0x00, 0x00, 0x00, 0x00, 0x00, 0x00, 0x00, 0x00, 0x00, 0x00
	.byte 0x00, 0x00, 0x00, 0x00, 0x00, 0x00, 0x00, 0x00, 0x00, 0x00, 0x00, 0x00, 0x00, 0x00, 0x00, 0x00
	.byte 0x00, 0x00, 0x00, 0x00, 0x00, 0x00, 0x00, 0x00, 0x00, 0x00, 0x00, 0x00, 0x00, 0x00, 0x00, 0x00
	.byte 0x00, 0x00, 0x00, 0x00, 0x00, 0x00, 0x00, 0x00, 0x00, 0x00, 0x00, 0x00, 0x00, 0x00, 0x00, 0x00
	.byte 0x00, 0x00, 0x00, 0x00, 0x00, 0x00, 0x00, 0x00, 0x00, 0x00, 0x00, 0x00, 0x00, 0x00, 0x00, 0x00
	.byte 0x00, 0x00, 0x00, 0x00, 0x00, 0x00, 0x00, 0x00, 0x00, 0x00, 0x00, 0x00, 0x00, 0x00, 0x00, 0x00
	.byte 0x00, 0x00, 0x00, 0x00, 0x00, 0x00, 0x00, 0x00, 0x00, 0x00, 0x00, 0x00, 0x00, 0x00, 0x00, 0x00
	.byte 0x00, 0x00, 0x00, 0x00, 0x00, 0x00, 0x00, 0x00, 0x00, 0x00, 0x00, 0x00, 0x00, 0x00, 0x00, 0x00
	.byte 0x00, 0x00, 0x00, 0x00, 0x00, 0x00, 0x00, 0x00, 0x00, 0x00, 0x00, 0x00, 0x00, 0x00, 0x00, 0x00
	.byte 0x00, 0x00, 0x00, 0x00, 0x00, 0x00, 0x00, 0x00, 0x00, 0x00, 0x00, 0x00, 0x00, 0x00, 0x00, 0x00
	.byte 0x00, 0x00, 0x00, 0x00, 0x00, 0x00, 0x00, 0x00, 0x00, 0x00, 0x00, 0x00, 0x00, 0x00, 0x00, 0x00
	.byte 0x00, 0x00, 0x00, 0x00, 0x00, 0x00, 0x00, 0x00, 0x00, 0x00, 0x00, 0x00, 0x00, 0x00, 0x00, 0x00
	.byte 0x00, 0x00, 0x00, 0x00, 0x00, 0x00, 0x00, 0x00, 0x00, 0x00, 0x00, 0x00, 0x00, 0x00, 0x00, 0x00
	.byte 0x00, 0x00, 0x00, 0x00, 0x00, 0x00, 0x00, 0x00, 0x00, 0x00, 0x00, 0x00, 0x00, 0x00, 0x00, 0x00
	.byte 0x00, 0x00, 0x00, 0x00, 0x00, 0x00, 0x00, 0x00, 0x00, 0x00, 0x00, 0x00, 0x00, 0x00, 0x00, 0x00
	.byte 0x00, 0x00, 0x00, 0x00, 0x00, 0x00, 0x00, 0x00, 0x00, 0x00, 0x00, 0x00, 0x00, 0x00, 0x00, 0x00
	.byte 0x00, 0x00, 0x00, 0x00, 0x00, 0x00, 0x00, 0x00, 0x00, 0x00, 0x00, 0x00, 0x00, 0x00, 0x00, 0x00
	.byte 0x00, 0x00, 0x00, 0x00, 0x00, 0x00, 0x00, 0x00, 0x00, 0x00, 0x00, 0x00, 0x00, 0x00, 0x00, 0x00
	.byte 0x00, 0x00, 0x00, 0x00, 0x00, 0x00, 0x00, 0x00, 0x00, 0x00, 0x00, 0x00, 0x00, 0x00, 0x00, 0x00
	.byte 0x00, 0x00, 0x00, 0x00, 0x00, 0x00, 0x00, 0x00, 0x00, 0x00, 0x00, 0x00, 0x00, 0x00, 0x00, 0x00
	.byte 0x00, 0x00, 0x00, 0x00, 0x00, 0x00, 0x00, 0x00, 0x00, 0x00, 0x00, 0x00, 0x00, 0x00, 0x00, 0x00
	.byte 0x00, 0x00, 0x00, 0x00, 0x00, 0x00, 0x00, 0x00, 0x00, 0x00, 0x00, 0x00, 0x00, 0x00, 0x00, 0x00
	.byte 0x00, 0x00, 0x00, 0x00, 0x00, 0x00, 0x00, 0x00, 0x00, 0x00, 0x00, 0x00, 0x00, 0x00, 0x00, 0x00
	.byte 0x00, 0x00, 0x00, 0x00, 0x00, 0x00, 0x00, 0x00, 0x00, 0x00, 0x00, 0x00, 0x00, 0x00, 0x00, 0x00
	.byte 0x00, 0x00, 0x00, 0x00, 0x00, 0x00, 0x00, 0x00, 0x00, 0x00, 0x00, 0x00, 0x00, 0x00, 0x00, 0x00
	.byte 0x00, 0x00, 0x00, 0x00, 0x00, 0x00, 0x00, 0x00, 0x00, 0x00, 0x00, 0x00, 0x00, 0x00, 0x00, 0x00
	.byte 0x00, 0x00, 0x00, 0x00, 0x00, 0x00, 0x00, 0x00, 0x00, 0x00, 0x00, 0x00, 0x00, 0x00, 0x00, 0x00
	.byte 0x00, 0x00, 0x00, 0x00, 0x00, 0x00, 0x00, 0x00, 0x00, 0x00, 0x00, 0x00, 0x00, 0x00, 0x00, 0x00
	.byte 0x00, 0x00, 0x00, 0x00, 0x00, 0x00, 0x00, 0x00, 0x00, 0x00, 0x00, 0x00, 0x00, 0x00, 0x00, 0x00
	.byte 0x00, 0x00, 0x00, 0x00, 0x00, 0x00, 0x00, 0x00, 0x00, 0x00, 0x00, 0x00, 0x00, 0x00, 0x00, 0x00
	.byte 0x00, 0x00, 0x00, 0x00, 0x00, 0x00, 0x00, 0x00, 0x00, 0x00, 0x00, 0x00, 0x00, 0x00, 0x00, 0x00
	.byte 0x00, 0x00, 0x00, 0x00, 0x00, 0x00, 0x00, 0x00, 0x00, 0x00, 0x00, 0x00, 0x00, 0x00, 0x00, 0x00
	.byte 0x00, 0x00, 0x00, 0x00, 0x00, 0x00, 0x00, 0x00, 0x00, 0x00, 0x00, 0x00, 0x00, 0x00, 0x00, 0x00
	.byte 0x00, 0x00, 0x00, 0x00, 0x00, 0x00, 0x00, 0x00, 0x00, 0x00, 0x00, 0x00, 0x00, 0x00, 0x00, 0x00
	.byte 0x00, 0x00, 0x00, 0x00, 0x00, 0x00, 0x00, 0x00, 0x00, 0x00, 0x00, 0x00, 0x00, 0x00, 0x00, 0x00
	.byte 0x00, 0x00, 0x00, 0x00, 0x00, 0x00, 0x00, 0x00, 0x00, 0x00, 0x00, 0x00, 0x00, 0x00, 0x00, 0x00
	.byte 0x00, 0x00, 0x00, 0x00, 0x00, 0x00, 0x00, 0x00, 0x00, 0x00, 0x00, 0x00, 0x00, 0x00, 0x00, 0x00
	.byte 0x00, 0x00, 0x00, 0x00, 0x00, 0x00, 0x00, 0x00, 0x00, 0x00, 0x00, 0x00, 0x00, 0x00, 0x00, 0x00
	.byte 0x00, 0x00, 0x00, 0x00, 0x00, 0x00, 0x00, 0x00, 0x00, 0x00, 0x00, 0x00, 0x00, 0x00, 0x00, 0x00
	.byte 0x00, 0x00, 0x00, 0x00, 0x00, 0x00, 0x00, 0x00, 0x00, 0x00, 0x00, 0x00, 0x00, 0x00, 0x00, 0x00
	.byte 0x00, 0x00, 0x00, 0x00, 0x00, 0x00, 0x00, 0x00, 0x00, 0x00, 0x00, 0x00, 0x00, 0x00, 0x00, 0x00
	.byte 0x00, 0x00, 0x00, 0x00, 0x00, 0x00, 0x00, 0x00, 0x00, 0x00, 0x00, 0x00, 0x00, 0x00, 0x00, 0x00
	.byte 0x00, 0x00, 0x00, 0x00, 0x00, 0x00, 0x00, 0x00, 0x00, 0x00, 0x00, 0x00, 0x00, 0x00, 0x00, 0x00
	.byte 0x00, 0x00, 0x00, 0x00, 0x00, 0x00, 0x00, 0x00, 0x00, 0x00, 0x00, 0x00, 0x00, 0x00, 0x00, 0x00
	.byte 0x00, 0x00, 0x00, 0x00, 0x00, 0x00, 0x00, 0x00, 0x00, 0x00, 0x00, 0x00, 0x00, 0x00, 0x00, 0x00
	.byte 0x00, 0x00, 0x00, 0x00, 0x00, 0x00, 0x00, 0x00, 0x00, 0x00, 0x00, 0x00, 0x00, 0x00, 0x00, 0x00
	.byte 0x00, 0x00, 0x00, 0x00, 0x00, 0x00, 0x00, 0x00, 0x00, 0x00, 0x00, 0x00, 0x00, 0x00, 0x00, 0x00
	.byte 0x00, 0x00, 0x00, 0x00, 0x00, 0x00, 0x00, 0x00, 0x00, 0x00, 0x00, 0x00, 0x00, 0x00, 0x00, 0x00
	.byte 0x00, 0x00, 0x00, 0x00, 0x00, 0x00, 0x00, 0x00, 0x00, 0x00, 0x00, 0x00, 0x00, 0x00, 0x00, 0x00
	.byte 0x00, 0x00, 0x00, 0x00, 0x00, 0x00, 0x00, 0x00, 0x00, 0x00, 0x00, 0x00, 0x00, 0x00, 0x00, 0x00
	.byte 0x00, 0x00, 0x00, 0x00, 0x00, 0x00, 0x00, 0x00, 0x00, 0x00, 0x00, 0x00, 0x00, 0x00, 0x00, 0x00
	.byte 0x00, 0x00, 0x00, 0x00, 0x00, 0x00, 0x00, 0x00, 0x00, 0x00, 0x00, 0x00, 0x00, 0x00, 0x00, 0x00
	.byte 0x00, 0x00, 0x00, 0x00, 0x00, 0x00, 0x00, 0x00, 0x00, 0x00, 0x00, 0x00, 0x00, 0x00, 0x00, 0x00
	.byte 0x00, 0x00, 0x00, 0x00, 0x00, 0x00, 0x00, 0x00, 0x00, 0x00, 0x00, 0x00, 0x00, 0x00, 0x00, 0x00
	.byte 0x00, 0x00, 0x00, 0x00, 0x00, 0x00, 0x00, 0x00, 0x00, 0x00, 0x00, 0x00, 0x00, 0x00, 0x00, 0x00
	.byte 0x00, 0x00, 0x00, 0x00, 0x00, 0x00, 0x00, 0x00, 0x00, 0x00, 0x00, 0x00, 0x00, 0x00, 0x00, 0x00
	.byte 0x00, 0x00, 0x00, 0x00, 0x00, 0x00, 0x00, 0x00, 0x00, 0x00, 0x00, 0x00, 0x00, 0x00, 0x00, 0x00
	.byte 0x00, 0x00, 0x00, 0x00, 0x00, 0x00, 0x00, 0x00, 0x00, 0x00, 0x00, 0x00, 0x00, 0x00, 0x00, 0x00
	.byte 0x00, 0x00, 0x00, 0x00, 0x00, 0x00, 0x00, 0x00, 0x00, 0x00, 0x00, 0x00, 0x00, 0x00, 0x00, 0x00
	.byte 0x00, 0x00, 0x00, 0x00, 0x00, 0x00, 0x00, 0x00, 0x00, 0x00, 0x00, 0x00, 0x00, 0x00, 0x00, 0x00
	.byte 0x00, 0x00, 0x00, 0x00, 0x00, 0x00, 0x00, 0x00, 0x00, 0x00, 0x00, 0x00, 0x00, 0x00, 0x00, 0x00
	.byte 0x00, 0x00, 0x00, 0x00, 0x00, 0x00, 0x00, 0x00, 0x00, 0x00, 0x00, 0x00, 0x00, 0x00, 0x00, 0x00
	.byte 0x00, 0x00, 0x00, 0x00, 0x00, 0x00, 0x00, 0x00, 0x00, 0x00, 0x00, 0x00, 0x00, 0x00, 0x00, 0x00
	.byte 0x00, 0x00, 0x00, 0x00, 0x00, 0x00, 0x00, 0x00, 0x00, 0x00, 0x00, 0x00, 0x00, 0x00, 0x00, 0x00
	.byte 0x00, 0x00, 0x00, 0x00, 0x00, 0x00, 0x00, 0x00, 0x00, 0x00, 0x00, 0x00, 0x00, 0x00, 0x00, 0x00
	.byte 0x00, 0x00, 0x00, 0x00, 0x00, 0x00, 0x00, 0x00, 0x00, 0x00, 0x00, 0x00, 0x00, 0x00, 0x00, 0x00
	.byte 0x00, 0x00, 0x00, 0x00, 0x00, 0x00, 0x00, 0x00, 0x00, 0x00, 0x00, 0x00, 0x00, 0x00, 0x00, 0x00
	.byte 0x00, 0x00, 0x00, 0x00, 0x00, 0x00, 0x00, 0x00, 0x00, 0x00, 0x00, 0x00, 0x00, 0x00, 0x00, 0x00
	.byte 0x00, 0x00, 0x00, 0x00, 0x00, 0x00, 0x00, 0x00, 0x00, 0x00, 0x00, 0x00, 0x00, 0x00, 0x00, 0x00
	.byte 0x00, 0x00, 0x00, 0x00, 0x00, 0x00, 0x00, 0x00, 0x00, 0x00, 0x00, 0x00, 0x00, 0x00, 0x00, 0x00
	.byte 0x00, 0x00, 0x00, 0x00, 0x00, 0x00, 0x00, 0x00, 0x00, 0x00, 0x00, 0x00, 0x00, 0x00, 0x00, 0x00
	.byte 0x00, 0x00, 0x00, 0x00, 0x00, 0x00, 0x00, 0x00, 0x00, 0x00, 0x00, 0x00, 0x00, 0x00, 0x00, 0x00
	.byte 0x00, 0x00, 0x00, 0x00, 0x00, 0x00, 0x00, 0x00, 0x00, 0x00, 0x00, 0x00, 0x00, 0x00, 0x00, 0x00
	.byte 0x00, 0x00, 0x00, 0x00, 0x00, 0x00, 0x00, 0x00, 0x00, 0x00, 0x00, 0x00, 0x00, 0x00, 0x00, 0x00
	.byte 0x00, 0x00, 0x00, 0x00, 0x00, 0x00, 0x00, 0x00, 0x00, 0x00, 0x00, 0x00, 0x00, 0x00, 0x00, 0x00
	.byte 0x00, 0x00, 0x00, 0x00, 0x00, 0x00, 0x00, 0x00, 0x00, 0x00, 0x00, 0x00, 0x00, 0x00, 0x00, 0x00
	.byte 0x00, 0x00, 0x00, 0x00, 0x00, 0x00, 0x00, 0x00, 0x00, 0x00, 0x00, 0x00, 0x00, 0x00, 0x00, 0x00
	.byte 0x00, 0x00, 0x00, 0x00, 0x00, 0x00, 0x00, 0x00, 0x00, 0x00, 0x00, 0x00, 0x00, 0x00, 0x00, 0x00
	.byte 0x00, 0x00, 0x00, 0x00, 0x00, 0x00, 0x00, 0x00, 0x00, 0x00, 0x00, 0x00, 0x00, 0x00, 0x00, 0x00
	.byte 0x00, 0x00, 0x00, 0x00, 0x00, 0x00, 0x00, 0x00, 0x00, 0x00, 0x00, 0x00, 0x00, 0x00, 0x00, 0x00
	.byte 0x00, 0x00, 0x00, 0x00, 0x00, 0x00, 0x00, 0x00, 0x00, 0x00, 0x00, 0x00, 0x00, 0x00, 0x00, 0x00
	.byte 0x00, 0x00, 0x00, 0x00, 0x00, 0x00, 0x00, 0x00, 0x00, 0x00, 0x00, 0x00, 0x00, 0x00, 0x00, 0x00
	.byte 0x00, 0x00, 0x00, 0x00, 0x00, 0x00, 0x00, 0x00, 0x00, 0x00, 0x00, 0x00, 0x00, 0x00, 0x00, 0x00
	.byte 0x00, 0x00, 0x00, 0x00, 0x00, 0x00, 0x00, 0x00, 0x00, 0x00, 0x00, 0x00, 0x00, 0x00, 0x00, 0x00
	.byte 0x00, 0x00, 0x00, 0x00, 0x00, 0x00, 0x00, 0x00, 0x00, 0x00, 0x00, 0x00, 0x00, 0x00, 0x00, 0x00
	.byte 0x00, 0x00, 0x00, 0x00, 0x00, 0x00, 0x00, 0x00, 0x00, 0x00, 0x00, 0x00, 0x00, 0x00, 0x00, 0x00
	.byte 0x00, 0x00, 0x00, 0x00, 0x00, 0x00, 0x00, 0x00, 0x00, 0x00, 0x00, 0x00, 0x00, 0x00, 0x00, 0x00
	.byte 0x00, 0x00, 0x00, 0x00, 0x00, 0x00, 0x00, 0x00, 0x00, 0x00, 0x00, 0x00, 0x00, 0x00, 0x00, 0x00
	.byte 0x00, 0x00, 0x00, 0x00, 0x00, 0x00, 0x00, 0x00, 0x00, 0x00, 0x00, 0x00, 0x00, 0x00, 0x00, 0x00
	.byte 0x00, 0x00, 0x00, 0x00, 0x00, 0x00, 0x00, 0x00, 0x00, 0x00, 0x00, 0x00, 0x00, 0x00, 0x00, 0x00
	.byte 0x00, 0x00, 0x00, 0x00, 0x00, 0x00, 0x00, 0x00, 0x00, 0x00, 0x00, 0x00, 0x00, 0x00, 0x00, 0x00
	.byte 0x00, 0x00, 0x00, 0x00, 0x00, 0x00, 0x00, 0x00, 0x00, 0x00, 0x00, 0x00, 0x00, 0x00, 0x00, 0x00
	.byte 0x00, 0x00, 0x00, 0x00, 0x00, 0x00, 0x00, 0x00, 0x00, 0x00, 0x00, 0x00, 0x00, 0x00, 0x00, 0x00
	.byte 0x00, 0x00, 0x00, 0x00, 0x00, 0x00, 0x00, 0x00, 0x00, 0x00, 0x00, 0x00, 0x00, 0x00, 0x00, 0x00
	.byte 0x00, 0x00, 0x00, 0x00, 0x00, 0x00, 0x00, 0x00, 0x00, 0x00, 0x00, 0x00, 0x00, 0x00, 0x00, 0x00
	.byte 0x00, 0x00, 0x00, 0x00, 0x00, 0x00, 0x00, 0x00, 0x00, 0x00, 0x00, 0x00, 0x00, 0x00, 0x00, 0x00
	.byte 0x00, 0x00, 0x00, 0x00, 0x00, 0x00, 0x00, 0x00, 0x00, 0x00, 0x00, 0x00, 0x00, 0x00, 0x00, 0x00
	.byte 0x00, 0x00, 0x00, 0x00, 0x00, 0x00, 0x00, 0x00, 0x00, 0x00, 0x00, 0x00, 0x00, 0x00, 0x00, 0x00
	.byte 0x00, 0x00, 0x00, 0x00, 0x00, 0x00, 0x00, 0x00, 0x00, 0x00, 0x00, 0x00, 0x00, 0x00, 0x00, 0x00
	.byte 0x00, 0x00, 0x00, 0x00, 0x00, 0x00, 0x00, 0x00, 0x00, 0x00, 0x00, 0x00, 0x00, 0x00, 0x00, 0x00
	.byte 0x00, 0x00, 0x00, 0x00, 0x00, 0x00, 0x00, 0x00, 0x00, 0x00, 0x00, 0x00, 0x00, 0x00, 0x00, 0x00
	.byte 0x00, 0x00, 0x00, 0x00, 0x00, 0x00, 0x00, 0x00, 0x00, 0x00, 0x00, 0x00, 0x00, 0x00, 0x00, 0x00
	.byte 0x00, 0x00, 0x00, 0x00, 0x00, 0x00, 0x00, 0x00, 0x00, 0x00, 0x00, 0x00, 0x10, 0x78, 0x02, 0x02
	.byte 0xB0, 0x7D, 0x02, 0x02, 0xB2, 0x00, 0x00, 0x00, 0xF0, 0x93, 0x02, 0x02, 0xD4, 0x9C, 0x02, 0x02
	.byte 0x4C, 0xD1, 0x00, 0x02, 0x40, 0xD1, 0x00, 0x02, 0x34, 0xD1, 0x00, 0x02, 0x28, 0xD1, 0x00, 0x02
	.byte 0x70, 0xD1, 0x00, 0x02, 0x68, 0xD1, 0x00, 0x02, 0x60, 0xD1, 0x00, 0x02, 0x58, 0xD1, 0x00, 0x02
	.byte 0x00, 0x00, 0x00, 0x00, 0x00, 0x10, 0x00, 0x00, 0x00, 0x00, 0x00, 0x00, 0x00, 0xF0, 0xFF, 0xFF
	.byte 0x00, 0xF0, 0xFF, 0xFF, 0x00, 0x00, 0x00, 0x00, 0x00, 0x10, 0x00, 0x00, 0x00, 0x00, 0x00, 0x00
	.byte 0x10, 0x27, 0x00, 0x00, 0x00, 0x00, 0x00, 0x00, 0x00, 0x00, 0x00, 0x01, 0x06, 0x01, 0x01, 0x01
	.byte 0x01, 0x00, 0x05, 0x0A, 0x0F, 0x14, 0x1E, 0x32, 0x64, 0x00, 0x00, 0x00, 0x7C, 0xA9, 0x01, 0x02
	.byte 0x00, 0x00, 0x00, 0x00, 0x68, 0xA9, 0x01, 0x02, 0x00, 0x00, 0x00, 0x00, 0x58, 0xA9, 0x01, 0x02
	.byte 0x01, 0x00, 0x00, 0x00, 0x48, 0xA9, 0x01, 0x02, 0x02, 0x00, 0x00, 0x00, 0x3C, 0xA9, 0x01, 0x02
	.byte 0x02, 0x00, 0x00, 0x00, 0x30, 0xA9, 0x01, 0x02, 0x03, 0x00, 0x00, 0x00, 0x24, 0xA9, 0x01, 0x02
	.byte 0x04, 0x00, 0x00, 0x00, 0x18, 0xA9, 0x01, 0x02, 0x04, 0x00, 0x00, 0x00, 0x08, 0xA9, 0x01, 0x02
	.byte 0x07, 0x00, 0x00, 0x00, 0xF8, 0xA8, 0x01, 0x02, 0x08, 0x00, 0x00, 0x00, 0xEC, 0xA8, 0x01, 0x02
	.byte 0x05, 0x00, 0x00, 0x00, 0xE0, 0xA8, 0x01, 0x02, 0x05, 0x00, 0x00, 0x00, 0xD0, 0xA8, 0x01, 0x02
	.byte 0x06, 0x00, 0x00, 0x00, 0xC4, 0xA8, 0x01, 0x02, 0x06, 0x00, 0x00, 0x00, 0xB8, 0xA8, 0x01, 0x02
	.byte 0x09, 0x00, 0x00, 0x00, 0xAC, 0xA8, 0x01, 0x02, 0x09, 0x00, 0x00, 0x00, 0x9C, 0xA8, 0x01, 0x02
	.byte 0x0A, 0x00, 0x00, 0x00, 0x8C, 0xA8, 0x01, 0x02, 0x0A, 0x00, 0x00, 0x00, 0x7C, 0xA8, 0x01, 0x02
	.byte 0x0B, 0x00, 0x00, 0x00, 0x70, 0xA8, 0x01, 0x02, 0x0B, 0x00, 0x00, 0x00, 0x64, 0xA8, 0x01, 0x02
	.byte 0x0C, 0x00, 0x00, 0x00, 0x58, 0xA8, 0x01, 0x02, 0x0C, 0x00, 0x00, 0x00, 0x48, 0xA8, 0x01, 0x02
	.byte 0x0D, 0x00, 0x00, 0x00, 0x3C, 0xA8, 0x01, 0x02, 0x0D, 0x00, 0x00, 0x00, 0x2C, 0xA8, 0x01, 0x02
	.byte 0x0E, 0x00, 0x00, 0x00, 0x1C, 0xA8, 0x01, 0x02, 0x0E, 0x00, 0x00, 0x00, 0x10, 0xA8, 0x01, 0x02
	.byte 0x0F, 0x00, 0x00, 0x00, 0x00, 0xA8, 0x01, 0x02, 0x0F, 0x00, 0x00, 0x00, 0xF4, 0xA7, 0x01, 0x02
	.byte 0x10, 0x00, 0x00, 0x00, 0xE0, 0xA7, 0x01, 0x02, 0x10, 0x00, 0x00, 0x00, 0xE4, 0xA9, 0x01, 0x02
	.byte 0xE4, 0xA9, 0x01, 0x02, 0xE4, 0xA9, 0x01, 0x02, 0xE4, 0xA9, 0x01, 0x02, 0xE4, 0xA9, 0x01, 0x02
	.byte 0xE4, 0xA9, 0x01, 0x02, 0xE4, 0xA9, 0x01, 0x02, 0x98, 0xA9, 0x01, 0x02, 0x98, 0xA9, 0x01, 0x02
	.byte 0x98, 0xA9, 0x01, 0x02, 0x98, 0xA9, 0x01, 0x02, 0x98, 0xA9, 0x01, 0x02, 0x88, 0xA9, 0x01, 0x02
	.byte 0x88, 0xA9, 0x01, 0x02, 0x88, 0xA9, 0x01, 0x02, 0x88, 0xA9, 0x01, 0x02, 0x88, 0xA9, 0x01, 0x02
	.byte 0x00, 0x00, 0x00, 0x00, 0x00, 0x00, 0x00, 0x01, 0x01, 0x01, 0x01, 0x01, 0x02, 0x02, 0x02, 0x02
	.byte 0x02, 0x05, 0x05, 0x05, 0x05, 0x05, 0x05, 0x05, 0x0A, 0x0A, 0x0A, 0x0A, 0x0A, 0x14, 0x14, 0x14
	.byte 0x14, 0x14, 0x00, 0x00, 0xC8, 0xAA, 0x01, 0x02, 0x68, 0xAA, 0x01, 0x02, 0xC8, 0xAA, 0x01, 0x02
	.byte 0x68, 0xAA, 0x01, 0x02, 0xC8, 0xAA, 0x01, 0x02, 0x68, 0xAA, 0x01, 0x02, 0xC8, 0xAA, 0x01, 0x02
	.byte 0x68, 0xAA, 0x01, 0x02, 0xC8, 0xAA, 0x01, 0x02, 0x68, 0xAA, 0x01, 0x02, 0xC8, 0xAA, 0x01, 0x02
	.byte 0x68, 0xAA, 0x01, 0x02, 0xC8, 0xAA, 0x01, 0x02, 0x68, 0xAA, 0x01, 0x02, 0xC8, 0xAA, 0x01, 0x02
	.byte 0x68, 0xAA, 0x01, 0x02, 0xC8, 0xAA, 0x01, 0x02, 0x00, 0x00, 0x00, 0x00, 0x00, 0x00, 0x00, 0x00
	.byte 0x00, 0x00, 0x00, 0x00, 0x00, 0x00, 0x00, 0x00, 0x00, 0x00, 0x00, 0x00, 0xE8, 0x80, 0x00, 0x00
	.byte 0x88, 0x90, 0x00, 0x00, 0xE8, 0x80, 0x00, 0x00, 0x88, 0x90, 0x00, 0x00, 0xE8, 0x80, 0x00, 0x00
	.byte 0x88, 0x90, 0x00, 0x00, 0xE8, 0x80, 0x00, 0x00, 0x88, 0x90, 0x00, 0x00, 0xE8, 0x80, 0x00, 0x00
	.byte 0x88, 0x90, 0x00, 0x00, 0xE8, 0x80, 0x00, 0x00, 0x88, 0x90, 0x00, 0x00, 0xE8, 0x80, 0x00, 0x00
	.byte 0x88, 0x90, 0x00, 0x00, 0xE8, 0x80, 0x00, 0x00, 0x88, 0x90, 0x00, 0x00, 0xE8, 0x80, 0x00, 0x00
	.byte 0xC8, 0xAB, 0x01, 0x02, 0xC8, 0xAB, 0x01, 0x02, 0xC8, 0xAB, 0x01, 0x02, 0xC8, 0xAB, 0x01, 0x02
	.byte 0xC8, 0xAB, 0x01, 0x02, 0xC8, 0xAB, 0x01, 0x02, 0xC8, 0xAB, 0x01, 0x02, 0x78, 0xAB, 0x01, 0x02
	.byte 0x78, 0xAB, 0x01, 0x02, 0x78, 0xAB, 0x01, 0x02, 0x78, 0xAB, 0x01, 0x02, 0x78, 0xAB, 0x01, 0x02
	.byte 0x28, 0xAB, 0x01, 0x02, 0x28, 0xAB, 0x01, 0x02, 0x28, 0xAB, 0x01, 0x02, 0x28, 0xAB, 0x01, 0x02
	.byte 0x28, 0xAB, 0x01, 0x02, 0x18, 0xAD, 0x01, 0x02, 0x14, 0xAD, 0x01, 0x02, 0x10, 0xAD, 0x01, 0x02
	.byte 0xF8, 0xAC, 0x01, 0x02, 0xE4, 0xAC, 0x01, 0x02, 0xD0, 0xAC, 0x01, 0x02, 0xC0, 0xAC, 0x01, 0x02
	.byte 0xB8, 0xAC, 0x01, 0x02, 0xA8, 0xAC, 0x01, 0x02, 0x90, 0xAC, 0x01, 0x02, 0x80, 0xAC, 0x01, 0x02
	.byte 0x70, 0xAC, 0x01, 0x02, 0x64, 0xAC, 0x01, 0x02, 0x4C, 0xAC, 0x01, 0x02, 0x30, 0xAC, 0x01, 0x02
	.byte 0x28, 0xAC, 0x01, 0x02, 0x18, 0xAC, 0x01, 0x02, 0x04, 0x07, 0x08, 0x09, 0x1C, 0xAD, 0x01, 0x02
	.byte 0x00, 0x01, 0x02, 0x03, 0x04, 0x05, 0x06, 0x08, 0x09, 0x0A, 0x0B, 0x00, 0x05, 0x01, 0x02, 0x06
	.byte 0x0A, 0x03, 0x0B, 0x08, 0x06, 0x00, 0x01, 0x08, 0x0A, 0x01, 0x0A, 0x03, 0x01, 0x04, 0x02, 0x09
	.byte 0x03, 0x02, 0x01, 0x00, 0x03, 0x00, 0x00, 0x00, 0x3C, 0xAD, 0x01, 0x02, 0x78, 0xAD, 0x01, 0x02
	.byte 0xBC, 0xAD, 0x01, 0x02, 0x04, 0xAE, 0x01, 0x02, 0x4C, 0xAE, 0x01, 0x02, 0x94, 0xAE, 0x01, 0x02
	.byte 0xDC, 0xAE, 0x01, 0x02, 0x24, 0xAF, 0x01, 0x02, 0x6C, 0xAF, 0x01, 0x02, 0xA8, 0xAF, 0x01, 0x02
	.byte 0xF0, 0xAF, 0x01, 0x02, 0x38, 0xB0, 0x01, 0x02, 0x80, 0xB0, 0x01, 0x02, 0xC8, 0xB0, 0x01, 0x02
	.byte 0x10, 0xB1, 0x01, 0x02, 0x58, 0xB1, 0x01, 0x02, 0xA0, 0xB1, 0x01, 0x02, 0xE8, 0xB1, 0x01, 0x02
	.byte 0x30, 0xB2, 0x01, 0x02, 0x78, 0xB2, 0x01, 0x02, 0xC0, 0xB2, 0x01, 0x02, 0x08, 0xB3, 0x01, 0x02
	.byte 0x50, 0xB3, 0x01, 0x02, 0x98, 0xB3, 0x01, 0x02, 0xE0, 0xB3, 0x01, 0x02, 0x28, 0xB4, 0x01, 0x02
	.byte 0x70, 0xB4, 0x01, 0x02, 0xB8, 0xB4, 0x01, 0x02, 0x00, 0xB5, 0x01, 0x02, 0x48, 0xB5, 0x01, 0x02
	.byte 0xB0, 0xB5, 0x01, 0x02, 0xE4, 0xB6, 0x01, 0x02, 0x10, 0xB8, 0x01, 0x02, 0x48, 0xB9, 0x01, 0x02
	.byte 0x7C, 0xBA, 0x01, 0x02, 0xA0, 0xBB, 0x01, 0x02, 0xC0, 0xBC, 0x01, 0x02, 0xCC, 0xBD, 0x01, 0x02
	.byte 0xD8, 0xBE, 0x01, 0x02, 0xEC, 0xBF, 0x01, 0x02, 0x00, 0xC1, 0x01, 0x02, 0x10, 0xC2, 0x01, 0x02
	.byte 0x1C, 0xC3, 0x01, 0x02, 0x28, 0xC4, 0x01, 0x02, 0x34, 0xC5, 0x01, 0x02, 0x3C, 0xC6, 0x01, 0x02
	.byte 0x44, 0xC7, 0x01, 0x02, 0x4C, 0xC8, 0x01, 0x02, 0x50, 0xC9, 0x01, 0x02, 0x58, 0xCA, 0x01, 0x02
	.byte 0x6C, 0xCB, 0x01, 0x02, 0x84, 0xCC, 0x01, 0x02, 0x94, 0xCD, 0x01, 0x02, 0xA4, 0xCE, 0x01, 0x02
	.byte 0xBC, 0xCF, 0x01, 0x02, 0xD0, 0xD0, 0x01, 0x02, 0xE4, 0xD1, 0x01, 0x02, 0xF4, 0xD2, 0x01, 0x02
	.byte 0xF8, 0xD3, 0x01, 0x02, 0xF8, 0xD4, 0x01, 0x02, 0xF8, 0xD5, 0x01, 0x02, 0xF0, 0xD6, 0x01, 0x02
	.byte 0xE8, 0xD7, 0x01, 0x02, 0xFC, 0xD8, 0x01, 0x02, 0x58, 0xD9, 0x01, 0x02, 0xA4, 0xD9, 0x01, 0x02
	.byte 0xF4, 0xD9, 0x01, 0x02, 0x48, 0xDA, 0x01, 0x02, 0xAC, 0xDA, 0x01, 0x02, 0x34, 0xDB, 0x01, 0x02
	.byte 0xC8, 0xDB, 0x01, 0x02, 0x5C, 0xDC, 0x01, 0x02, 0xF0, 0xDC, 0x01, 0x02, 0x84, 0xDD, 0x01, 0x02
	.byte 0x18, 0xDE, 0x01, 0x02, 0xA8, 0xDE, 0x01, 0x02, 0x34, 0xDF, 0x01, 0x02, 0xBC, 0xDF, 0x01, 0x02
	.byte 0x40, 0xE0, 0x01, 0x02, 0xC4, 0xE0, 0x01, 0x02, 0x44, 0xE1, 0x01, 0x02, 0xC0, 0xE1, 0x01, 0x02
	.byte 0x40, 0xE2, 0x01, 0x02, 0xB8, 0xE2, 0x01, 0x02, 0x30, 0xE3, 0x01, 0x02, 0xA4, 0xE3, 0x01, 0x02
	.byte 0x10, 0xE4, 0x01, 0x02, 0x7C, 0xE4, 0x01, 0x02, 0xE4, 0xE4, 0x01, 0x02, 0x44, 0xE5, 0x01, 0x02
	.byte 0x88, 0xE5, 0x01, 0x02, 0xCC, 0xE5, 0x01, 0x02, 0x10, 0xE6, 0x01, 0x02, 0x50, 0xE6, 0x01, 0x02
	.byte 0x90, 0xE6, 0x01, 0x02, 0xE4, 0xE6, 0x01, 0x02, 0x68, 0xE7, 0x01, 0x02, 0x88, 0xE7, 0x01, 0x02
	.byte 0xB0, 0xE7, 0x01, 0x02, 0xE0, 0xE7, 0x01, 0x02, 0x20, 0xE8, 0x01, 0x02, 0x68, 0xE8, 0x01, 0x02
	.byte 0xB4, 0xE8, 0x01, 0x02, 0x08, 0xE9, 0x01, 0x02, 0x5C, 0xE9, 0x01, 0x02, 0xB8, 0xE9, 0x01, 0x02
	.byte 0x20, 0xEA, 0x01, 0x02, 0x90, 0xEA, 0x01, 0x02, 0x04, 0xEB, 0x01, 0x02, 0x80, 0xEB, 0x01, 0x02
	.byte 0x04, 0xEC, 0x01, 0x02, 0x88, 0xEC, 0x01, 0x02, 0x0C, 0xED, 0x01, 0x02, 0x90, 0xED, 0x01, 0x02
	.byte 0x10, 0xEE, 0x01, 0x02, 0x90, 0xEE, 0x01, 0x02, 0x08, 0xEF, 0x01, 0x02, 0x7C, 0xEF, 0x01, 0x02
	.byte 0xF0, 0xEF, 0x01, 0x02, 0x64, 0xF0, 0x01, 0x02, 0xD4, 0xF0, 0x01, 0x02, 0x3C, 0xF1, 0x01, 0x02
	.byte 0xA4, 0xF1, 0x01, 0x02, 0x04, 0xF2, 0x01, 0x02, 0x5C, 0xF2, 0x01, 0x02, 0xAC, 0xF2, 0x01, 0x02
	.byte 0xF4, 0xF2, 0x01, 0x02, 0x34, 0xF3, 0x01, 0x02, 0x68, 0x40, 0x02, 0x02, 0xE8, 0x40, 0x02, 0x02
	.byte 0x68, 0x41, 0x02, 0x02, 0xE8, 0x41, 0x02, 0x02, 0x68, 0x42, 0x02, 0x02, 0xE8, 0x42, 0x02, 0x02
	.byte 0x68, 0x43, 0x02, 0x02, 0x08, 0x44, 0x02, 0x02, 0x88, 0x44, 0x02, 0x02, 0x08, 0x45, 0x02, 0x02
	.byte 0x88, 0x45, 0x02, 0x02, 0x08, 0x46, 0x02, 0x02, 0x88, 0x46, 0x02, 0x02, 0x08, 0x47, 0x02, 0x02
	.byte 0xA8, 0x47, 0x02, 0x02, 0x28, 0x48, 0x02, 0x02, 0xA8, 0x48, 0x02, 0x02, 0x28, 0x49, 0x02, 0x02
	.byte 0xA8, 0x49, 0x02, 0x02, 0x28, 0x4A, 0x02, 0x02, 0xA8, 0x4A, 0x02, 0x02, 0x48, 0x4B, 0x02, 0x02
	.byte 0xC8, 0x4B, 0x02, 0x02, 0x48, 0x4C, 0x02, 0x02, 0xC8, 0x4C, 0x02, 0x02, 0x48, 0x4D, 0x02, 0x02
	.byte 0xC8, 0x4D, 0x02, 0x02, 0x48, 0x4E, 0x02, 0x02, 0xE8, 0x4E, 0x02, 0x02, 0x70, 0x4F, 0x02, 0x02
	.byte 0x2E, 0x00, 0x00, 0xEA, 0x24, 0xFF, 0xAE, 0x51, 0x69, 0x9A, 0xA2, 0x21, 0x3D, 0x84, 0x82, 0x0A
	.byte 0x84, 0xE4, 0x09, 0xAD, 0x11, 0x24, 0x8B, 0x98, 0xC0, 0x81, 0x7F, 0x21, 0xA3, 0x52, 0xBE, 0x19
	.byte 0x93, 0x09, 0xCE, 0x20, 0x10, 0x46, 0x4A, 0x4A, 0xF8, 0x27, 0x31, 0xEC, 0x58, 0xC7, 0xE8, 0x33
	.byte 0x82, 0xE3, 0xCE, 0xBF, 0x85, 0xF4, 0xDF, 0x94, 0xCE, 0x4B, 0x09, 0xC1, 0x94, 0x56, 0x8A, 0xC0
	.byte 0x13, 0x72, 0xA7, 0xFC, 0x9F, 0x84, 0x4D, 0x73, 0xA3, 0xCA, 0x9A, 0x61, 0x58, 0x97, 0xA3, 0x27
	.byte 0xFC, 0x03, 0x98, 0x76, 0x23, 0x1D, 0xC7, 0x61, 0x03, 0x04, 0xAE, 0x56, 0xBF, 0x38, 0x84, 0x00
	.byte 0x40, 0xA7, 0x0E, 0xFD, 0xFF, 0x52, 0xFE, 0x03, 0x6F, 0x95, 0x30, 0xF1, 0x97, 0xFB, 0xC0, 0x85
	.byte 0x60, 0xD6, 0x80, 0x25, 0xA9, 0x63, 0xBE, 0x03, 0x01, 0x4E, 0x38, 0xE2, 0xF9, 0xA2, 0x34, 0xFF
	.byte 0xBB, 0x3E, 0x03, 0x44, 0x78, 0x00, 0x90, 0xCB, 0x88, 0x11, 0x3A, 0x94, 0x65, 0xC0, 0x7C, 0x63
	.byte 0x87, 0xF0, 0x3C, 0xAF, 0xD6, 0x25, 0xE4, 0x8B, 0x38, 0x0A, 0xAC, 0x72, 0x21, 0xD4, 0xF8, 0x07
	.byte 0x00, 0x00, 0x00, 0x00, 0x00, 0x00, 0x00, 0x00, 0x00, 0x00, 0x00, 0x00, 0x00, 0x00, 0x00, 0x00
	.byte 0x30, 0x31, 0x96, 0x00, 0x00, 0x00, 0x00, 0x00, 0x00, 0x00, 0x00, 0x00, 0x00, 0xF0, 0x00, 0x00
	.byte 0x11, 0x00, 0x00, 0xEA, 0x00, 0x00, 0x00, 0x00, 0x00, 0x00, 0x00, 0x00, 0x00, 0x00, 0x00, 0x00
	.byte 0x00, 0x00, 0x00, 0x00, 0x00, 0x00, 0x00, 0x00, 0x00, 0x00, 0x00, 0x00, 0x00, 0x00, 0x00, 0x00
	.byte 0xB8, 0x10, 0xD0, 0xE1, 0x80, 0x00, 0x11, 0xE3, 0xFC, 0xFF, 0xFF, 0x0A, 0xB8, 0x10, 0xD0, 0xE1
	.byte 0x80, 0x00, 0x11, 0xE3, 0xFC, 0xFF, 0xFF, 0x1A, 0xB8, 0x10, 0xD0, 0xE1, 0x40, 0x00, 0x11, 0xE3
	.byte 0x1E, 0xFF, 0x2F, 0x11, 0xB0, 0x10, 0xD0, 0xE1, 0x1E, 0xFF, 0x2F, 0xE1, 0x7C, 0x01, 0x9F, 0xE5
	.byte 0xF2, 0xFF, 0xFF, 0xEB, 0xFD, 0xFF, 0xFF, 0x1A, 0x00, 0x20, 0xA0, 0xE3, 0xBA, 0x20, 0xC0, 0xE1
	.byte 0x00, 0x00, 0x51, 0xE3, 0xF9, 0xFF, 0xFF, 0x1A, 0x02, 0x29, 0xA0, 0xE3, 0x00, 0x10, 0xA0, 0xE3
	.byte 0xBA, 0x10, 0xC0, 0xE1, 0xE9, 0xFF, 0xFF, 0xEB, 0xF4, 0xFF, 0xFF, 0x1A, 0x02, 0x00, 0x51, 0xE1
	.byte 0xF9, 0xFF, 0xFF, 0x1A, 0xA2, 0x22, 0xA0, 0xE1, 0x00, 0x00, 0x51, 0xE3, 0xF7, 0xFF, 0xFF, 0x1A
	.byte 0x3C, 0x31, 0x9F, 0xE5, 0xB0, 0x20, 0xD3, 0xE1, 0xBA, 0x20, 0xC0, 0xE1, 0xDF, 0xFF, 0xFF, 0xEB
	.byte 0xFE, 0xFF, 0xFF, 0x1A, 0x02, 0x00, 0x51, 0xE1, 0xFC, 0xFF, 0xFF, 0x1A, 0xB2, 0x20, 0xD3, 0xE1
	.byte 0xBA, 0x20, 0xC0, 0xE1, 0xD9, 0xFF, 0xFF, 0xEB, 0xF8, 0xFF, 0xFF, 0x1A, 0x02, 0x00, 0x51, 0xE1
	.byte 0xF6, 0xFF, 0xFF, 0x1A, 0x00, 0x10, 0xA0, 0xE3, 0xBA, 0x10, 0xC0, 0xE1, 0x12, 0x00, 0xA0, 0xE3
	.byte 0x00, 0xF0, 0x29, 0xE1, 0x28, 0xD0, 0x9F, 0xE5, 0x1F, 0x00, 0xA0, 0xE3, 0x00, 0xF0, 0x29, 0xE1
	.byte 0x18, 0xD0, 0x9F, 0xE5, 0xEC, 0x10, 0x9F, 0xE5, 0x18, 0x00, 0x8F, 0xE2, 0x00, 0x00, 0x81, 0xE5
	.byte 0xE4, 0x10, 0x9F, 0xE5, 0x0F, 0xE0, 0xA0, 0xE1, 0x11, 0xFF, 0x2F, 0xE1, 0xF2, 0xFF, 0xFF, 0xEA
	.byte 0x00, 0x7F, 0x00, 0x03, 0xA0, 0x7F, 0x00, 0x03, 0x01, 0x33, 0xA0, 0xE3, 0x02, 0x3C, 0x83, 0xE2
	.byte 0x00, 0x20, 0x93, 0xE5, 0x22, 0x18, 0x02, 0xE0, 0x00, 0x20, 0xA0, 0xE3, 0x01, 0x00, 0x11, 0xE2
	.byte 0x25, 0x00, 0x00, 0x1A, 0x04, 0x20, 0x82, 0xE2, 0x02, 0x00, 0x11, 0xE2, 0x22, 0x00, 0x00, 0x1A
	.byte 0x04, 0x20, 0x82, 0xE2, 0x04, 0x00, 0x11, 0xE2, 0x1F, 0x00, 0x00, 0x1A, 0x04, 0x20, 0x82, 0xE2
	.byte 0x08, 0x00, 0x11, 0xE2, 0x1C, 0x00, 0x00, 0x1A, 0x04, 0x20, 0x82, 0xE2, 0x10, 0x00, 0x11, 0xE2
	.byte 0x19, 0x00, 0x00, 0x1A, 0x04, 0x20, 0x82, 0xE2, 0x20, 0x00, 0x11, 0xE2, 0x16, 0x00, 0x00, 0x1A
	.byte 0x04, 0x20, 0x82, 0xE2, 0x40, 0x00, 0x11, 0xE2, 0x13, 0x00, 0x00, 0x1A, 0x04, 0x20, 0x82, 0xE2
	.byte 0x80, 0x00, 0x11, 0xE2, 0x10, 0x00, 0x00, 0x1A, 0x04, 0x20, 0x82, 0xE2, 0x01, 0x0C, 0x11, 0xE2
	.byte 0x0D, 0x00, 0x00, 0x1A, 0x04, 0x20, 0x82, 0xE2, 0x02, 0x0C, 0x11, 0xE2, 0x0A, 0x00, 0x00, 0x1A
	.byte 0x04, 0x20, 0x82, 0xE2, 0x01, 0x0B, 0x11, 0xE2, 0x07, 0x00, 0x00, 0x1A, 0x04, 0x20, 0x82, 0xE2
	.byte 0x02, 0x0B, 0x11, 0xE2, 0x04, 0x00, 0x00, 0x1A, 0x04, 0x20, 0x82, 0xE2, 0x01, 0x0A, 0x11, 0xE2
	.byte 0x01, 0x00, 0x00, 0x1A, 0x04, 0x20, 0x82, 0xE2, 0x02, 0x0A, 0x11, 0xE2, 0xB2, 0x00, 0xC3, 0xE1
	.byte 0x18, 0x10, 0x9F, 0xE5, 0x02, 0x10, 0x81, 0xE0, 0x00, 0x00, 0x91, 0xE5, 0x10, 0xFF, 0x2F, 0xE1
	.byte 0x20, 0x01, 0x00, 0x04, 0xAC, 0x00, 0x00, 0x02, 0xFC, 0x7F, 0x00, 0x03, 0x15, 0x04, 0x00, 0x02
	.byte 0x80, 0x09, 0x00, 0x02, 0x70, 0x47, 0x00, 0x00, 0x01, 0x49, 0x01, 0x20, 0x08, 0x80, 0x70, 0x47
	.byte 0xF8, 0x7F, 0x00, 0x03
